// SPDX-License-Identifier: GPL-2.0+
/*
 * Copyright (C) 2025 Spacemit
 */

#include "k3_ddr.h"

static const phy_init_config training_fw_table = {
	0x00050000, 32768, true,
	{
		{{0x01fc, 0x0000}}, {{0x017c, 0x0000}}, {{0x017c, 0x0000}}, {{0x017c, 0x0000}},
		{{0x017c, 0x0000}}, {{0x017c, 0x0000}}, {{0x017c, 0x0000}}, {{0x017c, 0x0000}},
		{{0x017c, 0x0000}}, {{0x017c, 0x0000}}, {{0x017c, 0x0000}}, {{0x017c, 0x0000}},
		{{0x017c, 0x0000}}, {{0x017c, 0x0000}}, {{0x017c, 0x0000}}, {{0x017c, 0x0000}},
		{{0x0050, 0x0000}}, {{0x0050, 0x0000}}, {{0x0050, 0x0000}}, {{0x0050, 0x0000}},
		{{0x264a, 0x7000}}, {{0x264a, 0x7000}}, {{0x264a, 0x7000}}, {{0x264a, 0x7000}},
		{{0x2069, 0x0040}}, {{0x0000, 0x0000}}, {{0x0000, 0x0000}}, {{0x0000, 0x0000}},
		{{0x0000, 0x0000}}, {{0x0000, 0x0000}}, {{0x0000, 0x0000}}, {{0x0000, 0x0000}},
		{{0x1cf8, 0xb348}}, {{0x1c04, 0x37c0}}, {{0x0a69, 0x02f4}}, {{0x4738, 0x232f}},
		{{0x07c7, 0x244a}}, {{0x7200, 0x4468}}, {{0x20a8, 0x00c0}}, {{0x7c9b, 0x7b85}},
		{{0x244a, 0x7400}}, {{0x4368, 0x2053}}, {{0x807e, 0x20a8}}, {{0x0140, 0x232f}},
		{{0x12c0, 0x0018}}, {{0x0021, 0x4508}}, {{0x1d01, 0x17d2}}, {{0x2553, 0x907e}},
		{{0x07f8, 0xffe2}}, {{0x2242, 0x0042}}, {{0x795d, 0x2305}}, {{0x02c3, 0x793d}},
		{{0x240a, 0x1340}}, {{0x2142, 0x8041}}, {{0x07fc, 0xffe2}}, {{0x1c04, 0x10d0}},
		{{0x226c, 0x0043}}, {{0xbac1, 0x0a15}}, {{0x0031, 0x63bb}}, {{0x0019, 0x0000}},
		{{0x0a15, 0x0030}}, {{0x230a, 0x0000}}, {{0x2242, 0x8042}}, {{0x07fc, 0xffe2}},
		{{0x1b01, 0x07d2}}, {{0x1404, 0x301f}}, {{0x7fe0, 0x1408}}, {{0x340d, 0x78e0}},
		{{0x230a, 0x9080}}, {{0x2005, 0x004a}}, {{0x20e0, 0x07c1}}, {{0x2244, 0x90fe}},
		{{0x230a, 0x0000}}, {{0x0038, 0x0002}}, {{0x222f, 0x1082}}, {{0x222f, 0x1282}},
		{{0x242f, 0x9282}}, {{0x001c, 0x0001}}, {{0x1104, 0x040a}}, {{0x1104, 0x040b}},
		{{0x2442, 0x104c}}, {{0x1b04, 0x0290}}, {{0x1b04, 0x02d0}}, {{0x0ced, 0x9011}},
		{{0x0020, 0x0005}}, {{0x2244, 0x80cb}}, {{0x20e0, 0x07c1}}, {{0x1101, 0x048a}},
		{{0x2342, 0x104b}}, {{0x1b01, 0x0292}}, {{0x0bf5, 0x9011}}, {{0x2020, 0x07c0}},
		{{0x1104, 0x040a}}, {{0x1b04, 0x0290}}, {{0x07dd, 0xffcf}}, {{0x220a, 0x0f80}},
		{{0x8000, 0x0000}}, {{0x230a, 0x0f80}}, {{0x1234, 0xdead}}, {{0x1a00, 0x00c0}},
		{{0x7444, 0x23aa}}, {{0x0010, 0x1a00}}, {{0x00c0, 0x7444}}, {{0x23aa, 0x00d0}},
		{{0x1a00, 0x00c0}}, {{0x7444, 0x1a00}}, {{0x0000, 0x7444}}, {{0x1a00, 0x0040}},
		{{0x7444, 0x1a00}}, {{0x0700, 0x7444}}, {{0x1a00, 0x06c0}}, {{0x7444, 0x230a}},
		{{0x0f80, 0xabcd}}, {{0xdead, 0x1a00}}, {{0x00c0, 0x2069}}, {{0x0040, 0x78e0}},
		{{0x2253, 0x8142}}, {{0x7ce0, 0x224e}}, {{0x8803, 0x0016}}, {{0x000c, 0x2801}},
		{{0x00cc, 0x2900}}, {{0x0081, 0x2800}}, {{0x0080, 0x7fe0}}, {{0x7985, 0x234e}},
		{{0x0003, 0x2800}}, {{0x00c1, 0x7fe0}}, {{0x7802, 0x78e0}}, {{0x700c, 0x702c}},
		{{0x704c, 0x706c}}, {{0x704d, 0x706d}}, {{0x708d, 0x70ad}}, {{0x70cd, 0x70ed}},
		{{0x704f, 0x706f}}, {{0x708f, 0x254a}}, {{0x3000, 0x264a}}, {{0x3000, 0x70ef}},
		{{0x44db, 0x8001}}, {{0x0000, 0x42db}}, {{0x8000, 0x0400}}, {{0x706f, 0x78e0}},
		{{0x2022, 0x0f80}}, {{0x0000, 0x864c}}, {{0x2069, 0x0040}}, {{0x78e0, 0xf1fe}},
		{{0xc2e2, 0x256f}}, {{0x1943, 0x8d80}}, {{0x4348, 0x0837}}, {{0x0324, 0x4220}},
		{{0x15ef, 0x9080}}, {{0x082b, 0x011f}}, {{0x40c3, 0x9018}}, {{0x0064, 0x1800}},
		{{0x0205, 0x0886}}, {{0x06e0, 0x1802}}, {{0x0005, 0x0866}}, {{0x06e0, 0x4040}},
		{{0xeb07, 0x085e}}, {{0x06e0, 0x1302}}, {{0x1500, 0x238c}}, {{0x0f7f, 0xc6c2}},
		{{0xc3e1, 0xc2e1}}, {{0xc1e1, 0xc0e1}}, {{0xc0f1, 0xc1a1}}, {{0x7014, 0x4020}},
		{{0xf205, 0x7487}}, {{0xc0d1, 0x7fe0}}, {{0xc0a4, 0x226f}}, {{0x07c3, 0x41c3}},
		{{0x8000, 0x0b6b}}, {{0x8a63, 0x8920}}, {{0x238c, 0x8fc3}}, {{0xaa20, 0xf20c}},
		{{0xc184, 0xc140}}, {{0x085a, 0x06e0}}, {{0xc184, 0xd91b}}, {{0xd8ff, 0x0ad2}},
		{{0x0220, 0xb910}}, {{0x0fd6, 0x06a0}}, {{0xd8ff, 0x700c}}, {{0x20ab, 0x00c4}},
		{{0x7fff, 0xf000}}, {{0xc2e6, 0x1cfc}}, {{0xb6c8, 0xc1a5}}, {{0xc140, 0x41c3}},
		{{0x8000, 0x0b6a}}, {{0xc243, 0x8940}}, {{0xc100, 0x70cd}}, {{0x6a74, 0x7b16}},
		{{0x1900, 0x0001}}, {{0x2014, 0x0081}}, {{0x2300, 0x0f80}}, {{0x8000, 0x0b48}},
		{{0xc144, 0xc042}}, {{0xf03f, 0xd87f}}, {{0xc041, 0x20ca}}, {{0x0026, 0xc041}},
		{{0xc003, 0x2644}}, {{0x104d, 0x086d}}, {{0x034e, 0x47cb}}, {{0x8000, 0xe7bc}},
		{{0x0dc2, 0x00a0}}, {{0x27f4, 0x1380}}, {{0x7fd4, 0x0dca}}, {{0x00a0, 0x9706}},
		{{0x700c, 0x08ca}}, {{0x00a0, 0x712c}}, {{0xc702, 0x2d40}}, {{0x10db, 0x70ad}},
		{{0x0033, 0x0000}}, {{0x1701, 0x1481}}, {{0x2940, 0x0340}}, {{0x2005, 0x0f80}},
		{{0x9002, 0x011a}}, {{0x9000, 0x0a82}}, {{0x0220, 0x780f}}, {{0xc100, 0xb8c6}},
		{{0x71a5, 0x8140}}, {{0xc101, 0x7827}}, {{0x2800, 0x06c1}}, {{0xc000, 0x7945}},
		{{0xa020, 0xc004}}, {{0x2032, 0x0f80}}, {{0x8000, 0x0b24}}, {{0x0dc9, 0x9004}},
		{{0x71c5, 0x0e87}}, {{0x9134, 0x72d5}}, {{0xc0a5, 0x1404}}, {{0x341b, 0xc6c6}},
		{{0xc2e6, 0x1cfc}}, {{0xb6c8, 0x2494}}, {{0x34a3, 0x710c}}, {{0x218a, 0x0fdf}},
		{{0x0822, 0x0420}}, {{0x704c, 0xda07}}, {{0xc097, 0x702c}}, {{0x0cd6, 0xffef}},
		{{0xba09, 0x704c}}, {{0x1c24, 0x3084}}, {{0xc248, 0xc247}}, {{0x1600, 0x7081}},
		{{0x8000, 0x0001}}, {{0x710c, 0xc246}}, {{0xb923, 0x7826}}, {{0xd925, 0xb913}},
		{{0x0eb2, 0xffef}}, {{0xc254, 0x206f}}, {{0x00c3, 0x881a}}, {{0xb824, 0x1e00}},
		{{0x7002, 0x8000}}, {{0x047c, 0x0819}}, {{0x00df, 0x081f}}, {{0x009f, 0x0825}},
		{{0x005f, 0x1e00}}, {{0x7043, 0x8000}}, {{0x047c, 0xf010}}, {{0x1e00, 0x7203}},
		{{0x8000, 0x047c}}, {{0xf00a, 0x1e00}}, {{0x7103, 0x8000}}, {{0x047c, 0xf006}},
		{{0x1e00, 0x7083}}, {{0x8000, 0x047c}}, {{0xc095, 0x41c3}}, {{0x8000, 0x09a0}},
		{{0x0cf2, 0xffef}}, {{0x764c, 0xc095}}, {{0x712c, 0x0bb6}}, {{0x05a0, 0x714c}},
		{{0x244a, 0x71c0}}, {{0x704c, 0x708d}}, {{0x214a, 0x0000}}, {{0x20a8, 0x0300}},
		{{0x2405, 0x1f80}}, {{0x9006, 0x0120}}, {{0x9000, 0xc386}}, {{0x7285, 0x6078}},
		{{0xa820, 0x7124}}, {{0x1600, 0x7080}}, {{0x8000, 0x0040}}, {{0xe80f, 0x244a}},
		{{0x71c0, 0x702c}}, {{0x20a8, 0x02c0}}, {{0x2205, 0x0f80}}, {{0x9006, 0x2120}},
		{{0x9000, 0x7244}}, {{0x6078, 0xa827}}, {{0x7124, 0x0b2e}}, {{0x03c0, 0x700c}},
		{{0x46cb, 0x8000}}, {{0x0b6a, 0xc042}}, {{0x1c37, 0x3003}}, {{0xc002, 0xc190}},
		{{0x2400, 0x3f82}}, {{0x0000, 0x004f}}, {{0x7810, 0x0eae}}, {{0x0320, 0x2440}},
		{{0x3dc3, 0x0893}}, {{0x0011, 0x1437}}, {{0x308f, 0x40c3}}, {{0x8000, 0x0a80}},
		{{0x1800, 0x0043}}, {{0x0ad6, 0x0260}}, {{0x40e1, 0x8e20}}, {{0xc807, 0xc297}},
		{{0xb90c, 0x7825}}, {{0x781b, 0x2005}}, {{0x0f81, 0x9006}}, {{0x1e02, 0x2005}},
		{{0x0f80, 0x9006}}, {{0x0004, 0x1900}}, {{0x0005, 0x1800}}, {{0x0005, 0x712c}},
		{{0x144f, 0x3080}}, {{0x0d26, 0x05e0}}, {{0x4318, 0x8e40}}, {{0x1440, 0x310d}},
		{{0xc194, 0x2514}}, {{0x1083, 0x6179}}, {{0xa900, 0x740c}}, {{0x41c3, 0x012b}},
		{{0x0002, 0x088e}}, {{0x0220, 0x43a1}}, {{0xc197, 0x0fa6}}, {{0x0220, 0x40e1}},
		{{0xc297, 0x702c}}, {{0x0cf6, 0x05e0}}, {{0x4063, 0x8e40}}, {{0x740c, 0x41c3}},
		{{0x012c, 0x0002}}, {{0x086a, 0x0220}}, {{0x43a1, 0xc197}}, {{0x0f82, 0x0220}},
		{{0x40e1, 0xc002}}, {{0x7104, 0xc042}}, {{0x7810, 0x0855}}, {{0x8114, 0xc807}},
		{{0x244a, 0x71c0}}, {{0x706c, 0xc34a}}, {{0x20a8, 0x0340}}, {{0x2305, 0x0001}},
		{{0x793b, 0x2356}}, {{0x0803, 0x2105}}, {{0x0f82, 0x9007}}, {{0xe002, 0x702c}},
		{{0xb220, 0x781b}}, {{0x2005, 0x0f81}}, {{0x9007, 0xe004}}, {{0x700c, 0x0882}},
		{{0x0320, 0xb100}}, {{0x1437, 0x3080}}, {{0xc04e, 0xc086}}, {{0xc045, 0x700c}},
		{{0x0225, 0x0020}}, {{0xc043, 0x881a}}, {{0x0817, 0x00ff}}, {{0x750c, 0x41c3}},
		{{0x012f, 0x0001}}, {{0x0ffa, 0x01e0}}, {{0xc203, 0xd840}}, {{0xf00a, 0xc203}},
		{{0x750c, 0x41c3}}, {{0x012d, 0x0002}}, {{0x0fe6, 0x01e0}}, {{0x706c, 0x700c}},
		{{0xc044, 0xc004}}, {{0x2000, 0x0f80}}, {{0x0000, 0xff80}}, {{0xc04f, 0xc004}},
		{{0x2055, 0x0800}}, {{0xc04b, 0x700c}}, {{0xc04c, 0xf084}}, {{0x706d, 0x704c}},
		{{0x70cd, 0x264a}}, {{0x3000, 0xf047}}, {{0xc003, 0xc102}}, {{0x209a, 0x001c}},
		{{0xb908, 0x7bb0}}, {{0x238c, 0x8fc3}}, {{0x6098, 0x6038}}, {{0x60e8, 0xf406}},
		{{0xddff, 0x702c}}, {{0xe8aa, 0xf02d}}, {{0xe821, 0x79d0}}, {{0x7850, 0x084b}},
		{{0x0065, 0x4338}}, {{0x278c, 0x9042}}, {{0x003e, 0x0005}}, {{0x1600, 0x7080}},
		{{0x8000, 0x047c}}, {{0x6f49, 0xc240}}, {{0xc202, 0x7063}}, {{0xc041, 0x41c3}},
		{{0x0131, 0x0004}}, {{0x0f6a, 0x01e0}}, {{0x740c, 0x1600}}, {{0x7082, 0x8000}},
		{{0x047c, 0x43a9}}, {{0xddff, 0x7263}}, {{0xf008, 0x1600}}, {{0x7080, 0x8000}},
		{{0x047c, 0x661e}}, {{0xf002, 0xddff}}, {{0x41c1, 0x260a}}, {{0x3340, 0x1600}},
		{{0x7080, 0x8000}}, {{0x047c, 0x250a}}, {{0x1780, 0x4628}}, {{0x60f8, 0x260a}},
		{{0x3000, 0x272f}}, {{0x1788, 0x278c}}, {{0x9fc3, 0x0770}}, {{0xffee, 0xc497}},
		{{0x262f, 0xf088}}, {{0xf40a, 0x202f}}, {{0x8388, 0xf208}}, {{0x1600, 0x7082}},
		{{0x8000, 0x047c}}, {{0x43a9, 0x621a}}, {{0x262f, 0xf088}}, {{0xf212, 0xc00f}},
		{{0x2204, 0x0f81}}, {{0x0000, 0xfffe}}, {{0x7a3d, 0x7061}}, {{0x621a, 0x212f}},
		{{0x8086, 0x0022}}, {{0x0004, 0xc00b}}, {{0x081d, 0x0043}}, {{0xc20b, 0xf00c}},
		{{0x41c3, 0x0135}}, {{0x0000, 0x0eda}}, {{0x01e0, 0xd80a}}, {{0x710c, 0xc04a}},
		{{0xf006, 0x704c}}, {{0xc002, 0xc190}}, {{0x7914, 0xb140}}, {{0xc002, 0x7104}},
		{{0xc042, 0xc002}}, {{0xe087, 0x06f8}}, {{0xffe5, 0xddff}}, {{0xc703, 0xc505}},
		{{0x2454, 0x381b}}, {{0x2f40, 0x130f}}, {{0x1302, 0x3500}}, {{0x1501, 0x148e}},
		{{0x41c3, 0x0136}}, {{0x0003, 0xc042}}, {{0xc202, 0x750c}}, {{0x43c1, 0xc240}},
		{{0x0e8e, 0x01e0}}, {{0xc203, 0xc807}}, {{0x2e40, 0x1202}}, {{0xc10c, 0x7ae5}},
		{{0x7845, 0x7124}}, {{0x781b, 0xc14c}}, {{0xe187, 0x2005}}, {{0x0f81, 0x9006}},
		{{0x0002, 0xc002}}, {{0xb100, 0xf7a2}}, {{0xc003, 0xc694}}, {{0xc203, 0x7e14}},
		{{0x1600, 0x10c1}}, {{0xc004, 0x6038}}, {{0x2048, 0x000d}}, {{0x7bb0, 0x41c3}},
		{{0x0137, 0x0002}}, {{0x0e4a, 0x01e0}}, {{0x750c, 0xc807}}, {{0x43db, 0x9006}},
		{{0x1002, 0x78e5}}, {{0x781b, 0x2005}}, {{0x06c0, 0xb0a0}}, {{0x1601, 0x10c1}},
		{{0xc004, 0xc203}}, {{0xc041, 0x6038}}, {{0x2048, 0x000d}}, {{0x7bb0, 0x750c}},
		{{0x41c3, 0x0138}}, {{0x0004, 0x0e1a}}, {{0x01e0, 0xc240}}, {{0xc105, 0xc807}},
		{{0x234f, 0x325b}}, {{0xe107, 0xc145}}, {{0xc103, 0x7f05}}, {{0x78fb, 0x7124}},
		{{0xc143, 0x2005}}, {{0x06c1, 0xb1a0}}, {{0x2005, 0x0f80}}, {{0x9006, 0x0004}},
		{{0xc104, 0xb020}}, {{0xc103, 0xc00e}}, {{0x7110, 0x05de}}, {{0xffe5, 0x206f}},
		{{0x00c3, 0xc00a}}, {{0x41c3, 0x0139}}, {{0x0000, 0x0aca}}, {{0xffef, 0x2078}},
		{{0x0000, 0x0e2e}}, {{0x02c0, 0x0812}}, {{0x0540, 0x206f}}, {{0x00c3, 0x881a}},
		{{0x0817, 0x003e}}, {{0x70ad, 0xbd8d}}, {{0x266f, 0x1a43}}, {{0x0eb6, 0x03e0}},
		{{0xb6a0, 0x78bd}}, {{0xb600, 0xc095}}, {{0x712c, 0x0ff6}}, {{0x0560, 0x704c}},
		{{0x700c, 0x702c}}, {{0x0bce, 0x03e0}}, {{0x704c, 0x2494}}, {{0x3b9c, 0x1404}},
		{{0x341b, 0xc6c6}}, {{0xc2e6, 0x1cfc}}, {{0xb6c8, 0xc1a4}}, {{0x43c3, 0x8000}},
		{{0x0b6a, 0x8be0}}, {{0x4548, 0x4628}}, {{0x4200, 0x706c}}, {{0x4020, 0x41a1}},
		{{0x0d4a, 0x06e0}}, {{0x4358, 0x40c3}}, {{0x0000, 0x2710}}, {{0x0d7a, 0x0420}},
		{{0x702c, 0x2353}}, {{0x3041, 0x700c}}, {{0x6f54, 0xc040}}, {{0xc043, 0x2178}},
		{{0x0080, 0x7a16}}, {{0x2014, 0x03c1}}, {{0x2200, 0x0f80}}, {{0x8000, 0x0b48}},
		{{0xc041, 0xc701}}, {{0x2100, 0x0f80}}, {{0x8000, 0x0b24}}, {{0xc042, 0xf01a}},
		{{0x1701, 0x1481}}, {{0x2940, 0x0340}}, {{0x2005, 0x0f80}}, {{0x9002, 0x011a}},
		{{0x9000, 0x0d66}}, {{0x01e0, 0x780f}}, {{0x208b, 0x8fc1}}, {{0xc000, 0x780f}},
		{{0xc040, 0xc003}}, {{0x7104, 0xc043}}, {{0xc000, 0x20c5}}, {{0x0062, 0xc040}},
		{{0xc002, 0x8820}}, {{0xc003, 0x08cd}}, {{0x8044, 0xdb7f}}, {{0x40c1, 0x41a1}},
		{{0x0cca, 0x06e0}}, {{0x4263, 0xc002}}, {{0x8800, 0xe81e}}, {{0x254a, 0x1000}},
		{{0xc001, 0x1001}}, {{0x0481, 0xc041}}, {{0x2940, 0x0340}}, {{0x2005, 0x0f80}},
		{{0x9002, 0x011a}}, {{0x9000, 0x0d12}}, {{0x01e0, 0x780f}}, {{0xc102, 0xb8c6}},
		{{0x71a5, 0x20b9}}, {{0x0fc1, 0x8940}}, {{0xc100, 0x792f}}, {{0x7825, 0x0dd5}},
		{{0x90a4, 0xc040}}, {{0xc000, 0x780f}}, {{0xc0a4, 0x1404}}, {{0x341b, 0xc6c6}},
		{{0xc2e2, 0x41c3}}, {{0x8000, 0x0b6a}}, {{0x8940, 0x8921}}, {{0x229f, 0x0b01}},
		{{0x215f, 0x0d81}}, {{0x6058, 0x6119}}, {{0x0a5a, 0x0020}}, {{0x89a2, 0x2079}},
		{{0x0080, 0xbdc3}}, {{0x209f, 0x0e04}}, {{0x255f, 0x1681}}, {{0x6038, 0x2032}},
		{{0x0f80, 0x8000}}, {{0x0728, 0xc6c2}}, {{0xc0e6, 0xd972}}, {{0xb99f, 0x11f0}},
		{{0x8083, 0x1124}}, {{0x008b, 0x89e0}}, {{0x2b41, 0x01c0}}, {{0x236d, 0x018d}},
		{{0x1120, 0x008c}}, {{0x236d, 0x118e}}, {{0x78a5, 0x714c}}, {{0xbf25, 0x236d}},
		{{0x1101, 0x78c5}}, {{0x7ae6, 0x7825}}, {{0x246d, 0x1143}}, {{0x7845, 0x246d}},
		{{0x110c, 0x7865}}, {{0x7c05, 0x788f}}, {{0xc4c6, 0x78e0}}, {{0xc2e6, 0x1cfc}},
		{{0xb6c8, 0xc1a3}}, {{0x4318, 0xd8fa}}, {{0x4548, 0x0d02}}, {{0x03e0, 0x4628}},
		{{0x4708, 0x700c}}, {{0x09ea, 0x0020}}, {{0xd9ff, 0x40c3}}, {{0x8000, 0x0b6a}},
		{{0x8800, 0x235f}}, {{0x3d81, 0xda22}}, {{0x209f, 0x0b01}}, {{0x6038, 0x2000}},
		{{0x0f80, 0x8000}}, {{0x09a8, 0x8870}}, {{0x700c, 0xc042}}, {{0x710c, 0x2800}},
		{{0x06c0, 0xb802}}, {{0x200f, 0x06c0}}, {{0x232f, 0x3007}}, {{0xbb86, 0x700c}},
		{{0x762c, 0x1c04}}, {{0x36c0, 0x0a66}}, {{0x0060, 0x1c00}}, {{0x3401, 0x7ffd}},
		{{0x0d33, 0x103e}}, {{0xe708, 0x78ef}}, {{0xc042, 0x700c}}, {{0xd907, 0x724c}},
		{{0x706c, 0x708d}}, {{0xc041, 0x0a46}}, {{0x0060, 0xc440}}, {{0x700c, 0x762c}},
		{{0xda22, 0x43c1}}, {{0xc042, 0x1c04}}, {{0x36c0, 0x0a32}}, {{0x0060, 0x1c00}},
		{{0x3381, 0x0d33}}, {{0x107e, 0x78ef}}, {{0xc042, 0x700c}}, {{0xd907, 0x724c}},
		{{0x706c, 0x4508}}, {{0xc041, 0x0a16}}, {{0x0060, 0xc040}}, {{0x700c, 0x762c}},
		{{0xda22, 0x43c1}}, {{0xc542, 0x1c04}}, {{0x36c0, 0x0a02}}, {{0x0060, 0x1c00}},
		{{0x33c1, 0x78ef}}, {{0xc042, 0x700c}}, {{0xd907, 0x724c}}, {{0x706c, 0x4508}},
		{{0xc041, 0x09ea}}, {{0x0060, 0xc040}}, {{0xd828, 0xc042}}, {{0x700c, 0xd907}},
		{{0x724c, 0x706c}}, {{0xc540, 0x09d6}}, {{0x0060, 0xc541}}, {{0x700c, 0x096e}},
		{{0x0060, 0x712c}}, {{0xc0a3, 0x1404}}, {{0x341b, 0xc6c6}}, {{0xc2e6, 0x1cfc}},
		{{0xb6c8, 0xc1a5}}, {{0x4548, 0x4628}}, {{0x4200, 0x7f3b}}, {{0x41c3, 0x024b}},
		{{0x0001, 0x0b0e}}, {{0x01e0, 0x750c}}, {{0x706f, 0x0037}}, {{0x0000, 0x2514}},
		{{0x1081, 0xc083}}, {{0x20a8, 0x0180}}, {{0x21b4, 0x03c3}}, {{0x1802, 0x00d4}},
		{{0x448b, 0x9428}}, {{0x9409, 0x9466}}, {{0x9487, 0xc042}}, {{0xc141, 0x750c}},
		{{0x41c3, 0x024c}}, {{0x0005, 0x0ada}}, {{0x01e0, 0xc440}}, {{0x7167, 0x222f}},
		{{0x06c8, 0x0acf}}, {{0x83a4, 0x244a}}, {{0x7100, 0xc0a5}}, {{0x1404, 0x341b}},
		{{0xc6c6, 0x78e0}}, {{0x40c3, 0x8000}}, {{0x0458, 0x7fe0}}, {{0x1800, 0x0005}},
		{{0x700c, 0x1e00}}, {{0x7004, 0x9004}}, {{0x0040, 0x7ee0}}, {{0x4200, 0xe08e}},
		{{0x710c, 0xf707}}, {{0xd941, 0xb98e}}, {{0x2111, 0x8080}}, {{0x7de0, 0xe2a8}},
		{{0x7ce0, 0x7fe0}}, {{0x700c, 0x78e0}}, {{0xc2e4, 0x45cb}}, {{0x8000, 0x0da0}},
		{{0x9511, 0xe804}}, {{0x1d28, 0x1045}}, {{0x0876, 0x0020}}, {{0x40a1, 0x4608}},
		{{0x40c3, 0x8000}}, {{0x0458, 0xb0c0}}, {{0x702c, 0xda20}}, {{0x0d56, 0xffaf}},
		{{0x40a1, 0x700c}}, {{0xb514, 0xb513}}, {{0xb512, 0xb511}}, {{0x40c1, 0xc6c4}},
		{{0x41c3, 0x8000}}, {{0x0458, 0x9103}}, {{0x9120, 0x7110}}, {{0x700c, 0x7ce0}},
		{{0x07b9, 0xffcf}}, {{0x40c3, 0x8000}}, {{0x0458, 0x9000}}, {{0x7fe0, 0xb822}},
		{{0x40c3, 0x8000}}, {{0x046a, 0x7fe0}}, {{0x8800, 0x78e0}}, {{0xc0f1, 0x0d76}},
		{{0x0060, 0x700c}}, {{0x0d7e, 0x0060}}, {{0x700c, 0x0bee}}, {{0x0060, 0x700c}},
		{{0x0f56, 0xffcf}}, {{0xc0d1, 0x7fe0}}, {{0x700c, 0x78e0}}, {{0xc2e6, 0x1cfc}},
		{{0xb6c8, 0xc1ba}}, {{0x1600, 0x7082}}, {{0x8000, 0x0460}}, {{0x214a, 0x0000}},
		{{0xc146, 0xea09}}, {{0x6a29, 0x2204}}, {{0x8042, 0xc106}}, {{0x7124, 0xc146}},
		{{0xf5fa, 0x1600}}, {{0x7101, 0x8000}}, {{0x045e, 0x1600}}, {{0x708b, 0x8000}},
		{{0x045b, 0x1600}}, {{0x708d, 0x8000}}, {{0x0468, 0xc144}}, {{0x9020, 0x904f}},
		{{0xc54b, 0xc152}}, {{0x9034, 0x2379}}, {{0x100d, 0xc550}}, {{0xc153, 0x9032}},
		{{0x226d, 0x030b}}, {{0x6af4, 0xc14a}}, {{0x9028, 0x1012}}, {{0x011e, 0x906a}},
		{{0xc156, 0x9031}}, {{0x1002, 0x011f}}, {{0x1004, 0x011b}}, {{0xc145, 0x9030}},
		{{0x90ce, 0x9086}}, {{0xc158, 0x9025}}, {{0xbec3, 0x7ee5}}, {{0xc159, 0x9024}},
		{{0xbcc3, 0xc654}}, {{0xc148, 0x9023}}, {{0xde7f, 0xbe07}}, {{0xc14e, 0x902d}},
		{{0xc149, 0x902c}}, {{0xc147, 0x902b}}, {{0xc14f, 0x9027}}, {{0x216d, 0x030d}},
		{{0x6954, 0xc10f}}, {{0x7a85, 0xc257}}, {{0xb9c6, 0xc14f}}, {{0x2e40, 0x3141}},
		{{0xc14c, 0x6b37}}, {{0xc155, 0x2f40}}, {{0x3141, 0xc14d}}, {{0x2b40, 0x31c1}},
		{{0xc151, 0xc10b}}, {{0xc305, 0xc418}}, {{0x7034, 0xc110}}, {{0xbb0c, 0x2304}},
		{{0x0f83, 0x0000}}, {{0x7000, 0xb033}}, {{0x1c04, 0x3344}}, {{0xc007, 0x1c0c}},
		{{0x32c4, 0xc113}}, {{0x68f7, 0xc009}}, {{0x2704, 0x139e}}, {{0xb90b, 0xb80e}},
		{{0xc047, 0xc00e}}, {{0xbc08, 0x2484}}, {{0x100c, 0xb8c6}}, {{0xc04e, 0xc008}},
		{{0x1428, 0x301b}}, {{0x68b7, 0xc019}}, {{0x7ea4, 0x2b40}}, {{0x321b, 0xb80e}},
		{{0xc049, 0xc005}}, {{0x2384, 0x300c}}, {{0x2840, 0x01cb}}, {{0xc016, 0x2304}},
		{{0x1f8d, 0x0000}}, {{0x7c00, 0x2104}}, {{0x0f8b, 0x0000}}, {{0x0800, 0x6854}},
		{{0xc012, 0x2244}}, {{0x0402, 0xc248}}, {{0xb804, 0xc20c}}, {{0x2044, 0x041f}},
		{{0xc00d, 0x2284}}, {{0x0801, 0xc24c}}, {{0xc215, 0x2084}}, {{0x0801, 0xc04d}},
		{{0xc011, 0x7a4f}}, {{0xc245, 0xc210}}, {{0x7f0f, 0xc014}}, {{0xba0a, 0xc10f}},
		{{0x1c0a, 0x3004}}, {{0xc017, 0x7a65}}, {{0xc307, 0x1c02}}, {{0x3004, 0x2105}},
		{{0x0781, 0xc00e}}, {{0x7965, 0xc309}}, {{0x78c5, 0x1c08}}, {{0x3044, 0x7b05}},
		{{0xc008, 0xc10c}}, {{0x7ca5, 0x7885}}, {{0x7905, 0xc005}}, {{0x2305, 0x309b}},
		{{0x2305, 0x16cb}}, {{0x7825, 0x4283}}, {{0xb207, 0xc00d}}, {{0x2705, 0x32df}},
		{{0xb260, 0x2705}}, {{0x301f, 0x2705}}, {{0x17cf, 0xb2e3}}, {{0xf20d, 0xc00b}},
		{{0x0897, 0x0051}}, {{0xc106, 0x1600}}, {{0x7000, 0x8000}}, {{0x0464, 0x792f}},
		{{0x6119, 0x096d}}, {{0x0212, 0xc004}}, {{0x244a, 0x7200}}, {{0xc180, 0x781b}},
		{{0xb88d, 0xb893}}, {{0x20a8, 0x0280}}, {{0x1102, 0x0502}}, {{0x2005, 0x0f83}},
		{{0x9000, 0x0000}}, {{0x7204, 0xb340}}, {{0xc004, 0xe008}}, {{0xc044, 0xc00a}},
		{{0x2053, 0x807e}}, {{0xc004, 0x1e00}}, {{0x7004, 0x8000}}, {{0x045e, 0xf209}},
		{{0xc00a, 0x712c}}, {{0x7906, 0x1e00}}, {{0x7042, 0x8000}}, {{0x0469, 0xc00b}},
		{{0x41c3, 0x8000}}, {{0x0dc0, 0x0833}}, {{0x0071, 0x1900}}, {{0x0005, 0xc106}},
		{{0x1600, 0x7000}}, {{0x8000, 0x0464}}, {{0x792f, 0x6119}}, {{0x691a, 0xb83d}},
		{{0x6119, 0xb9c2}}, {{0x4910, 0x1e00}}, {{0x7003, 0x8000}}, {{0x0460, 0x1e00}},
		{{0x7000, 0x8000}}, {{0x0464, 0xc004}}, {{0x7810, 0xc0ba}}, {{0x1404, 0x341b}},
		{{0xc6c6, 0x78e0}}, {{0xc2e6, 0x1cfc}}, {{0xb6c8, 0x4358}}, {{0x4628, 0x4708}},
		{{0x45cb, 0x8000}}, {{0x0da0, 0xf048}}, {{0x0e1d, 0x1114}}, {{0x0b19, 0x3071}},
		{{0x2753, 0x90be}}, {{0xf21d, 0x700c}}, {{0x77c5, 0xa507}}, {{0xa506, 0xa505}},
		{{0xa504, 0xf028}}, {{0x2753, 0x90be}}, {{0x706f, 0xf229}}, {{0x0e79, 0x1050}},
		{{0x1d1c, 0x16c0}}, {{0x1d18, 0x16c0}}, {{0x1d14, 0x16c0}}, {{0x0cde, 0xffef}},
		{{0x1d10, 0x16c0}}, {{0x0e73, 0x10b0}}, {{0x4708, 0x77c5}}, {{0xf024, 0x702c}},
		{{0xda20, 0x0a42}}, {{0xffaf, 0x40a1}}, {{0x268c, 0x9048}}, {{0x0068, 0x0025}},
		{{0x732c, 0xd8ff}}, {{0x2600, 0x1f8e}}, {{0x0000, 0xfe00}}, {{0xb511, 0xb532}},
		{{0x0caa, 0xffcf}}, {{0x4708, 0x716f}}, {{0xf00e, 0x0e5d}}, {{0x1070, 0x702c}},
		{{0xda20, 0x0a12}}, {{0xffaf, 0x40a1}}, {{0x0e49, 0x1090}}, {{0x0c8e, 0xffef}},
		{{0xbe62, 0x4708}}, {{0x262f, 0x9388}}, {{0xf5b8, 0x40c3}}, {{0x8000, 0x0458}},
		{{0x90e0, 0xf023}}, {{0x1d1c, 0x16c0}}, {{0x1d18, 0x16c0}}, {{0x1d14, 0x16c0}},
		{{0x1d10, 0x16c0}}, {{0xf018, 0x700c}}, {{0x74e5, 0xa503}}, {{0xa502, 0xa501}},
		{{0xa500, 0xf013}}, {{0x202f, 0x8382}}, {{0x7704, 0xf793}}, {{0xb532, 0xb511}},
		{{0xe708, 0xf00b}}, {{0x1d0c, 0x16c0}}, {{0x1d08, 0x16c0}}, {{0x1d04, 0x16c0}},
		{{0x1d00, 0x16c0}}, {{0x74e5, 0x78f0}}, {{0x1404, 0x341b}}, {{0xc6c6, 0x262f}},
		{{0xf008, 0x21ca}}, {{0x0021, 0xb511}}, {{0x0c22, 0xffef}}, {{0xb532, 0x702c}},
		{{0x68e4, 0xa523}}, {{0xa522, 0xa521}}, {{0xa520, 0xf1ef}}, {{0xc2e6, 0xc1a3}},
		{{0x4608, 0x0866}}, {{0x0060, 0x208a}}, {{0x080c, 0xd809}}, {{0x70ad, 0xb813}},
		{{0x752c, 0xda0c}}, {{0x238a, 0x0008}}, {{0xc542, 0xc641}}, {{0x0d0e, 0x0020}},
		{{0xc540, 0xdf1a}}, {{0x700c, 0x762c}}, {{0x724c, 0x736c}}, {{0xc542, 0xc641}},
		{{0x0cfa, 0x0020}}, {{0xc740, 0x0b66}}, {{0x0300, 0x700c}}, {{0x762c, 0x724c}},
		{{0x716c, 0xc542}}, {{0xc641, 0x0ce6}}, {{0x0020, 0xc740}}, {{0x0b4e, 0x0300}},
		{{0x700c, 0x762c}}, {{0x724c, 0x706c}}, {{0xc542, 0xc740}}, {{0x0cce, 0x0020}},
		{{0xc641, 0x700c}}, {{0xd922, 0x081a}}, {{0x0060, 0x704c}}, {{0x700c, 0x752c}},
		{{0x744c, 0x238a}}, {{0x000e, 0xc542}}, {{0xc641, 0x0cb2}}, {{0x0020, 0xc540}},
		{{0xd880, 0xb893}}, {{0xd907, 0x744c}}, {{0x706c, 0xc542}}, {{0xc541, 0x0c9e}},
		{{0x0020, 0xc540}}, {{0x0bc2, 0xffcf}}, {{0x7704, 0x7810}}, {{0xc0a3, 0xc6c6}},
		{{0x0813, 0x0072}}, {{0x706c, 0x42c3}}, {{0x9004, 0x0042}}, {{0x9220, 0xe908}},
		{{0x716c, 0xd909}}, {{0xb912, 0x02cd}}, {{0xffaf, 0x4060}}, {{0x08f7, 0x8092}},
		{{0x9220, 0xe9f8}}, {{0x08ef, 0x80f2}}, {{0x682a, 0x9200}}, {{0xe8f2, 0x218c}},
		{{0x0fff, 0xf1f1}}, {{0xc2e2, 0x082f}}, {{0x0052, 0x45cb}}, {{0x8000, 0x0458}},
		{{0x8d42, 0x9560}}, {{0x0913, 0x027f}}, {{0x2804, 0x0080}}, {{0x8d31, 0xe985}},
		{{0x7910, 0x714c}}, {{0xf003, 0x7910}}, {{0x704c, 0x0dee}}, {{0xffef, 0x4060}},
		{{0xb500, 0xc6c2}}, {{0xc2e6, 0x1418}}, {{0x301e, 0x4328}}, {{0x70ad, 0xe2af}},
		{{0xb0a2, 0xb0a1}}, {{0xb0a7, 0xb0a6}}, {{0x02bc, 0x002d}}, {{0xb0a0, 0xc704}},
		{{0x4160, 0xdc7f}}, {{0x21ad, 0x0203}}, {{0x2024, 0x0080}}, {{0x00d7, 0x0000}},
		{{0x00e7, 0x0000}}, {{0x0109, 0x0000}}, {{0x012d, 0x0000}}, {{0x0151, 0x0000}},
		{{0x016b, 0x0000}}, {{0x0175, 0x0000}}, {{0x0225, 0x0000}}, {{0x00a7, 0x0000}},
		{{0x0285, 0x0000}}, {{0x00a5, 0x0000}}, {{0x0169, 0x0000}}, {{0x0171, 0x0000}},
		{{0x0275, 0x0000}}, {{0x016d, 0x0000}}, {{0x0179, 0x0000}}, {{0x017d, 0x0000}},
		{{0x0089, 0x0000}}, {{0x0261, 0x0000}}, {{0x025d, 0x0000}}, {{0x0259, 0x0000}},
		{{0x0255, 0x0000}}, {{0x0251, 0x0000}}, {{0x024d, 0x0000}}, {{0x0249, 0x0000}},
		{{0x0161, 0x0000}}, {{0x016d, 0x0000}}, {{0x005b, 0x0000}}, {{0x0173, 0x0000}},
		{{0x0199, 0x0000}}, {{0x020b, 0x0000}}, {{0x0195, 0x0000}}, {{0x0041, 0x0000}},
		{{0x0133, 0x0000}}, {{0x0157, 0x0000}}, {{0x018f, 0x0000}}, {{0x0197, 0x0000}},
		{{0x019b, 0x0000}}, {{0x0029, 0x0000}}, {{0x01a5, 0x0000}}, {{0x019b, 0x0000}},
		{{0x01a3, 0x0000}}, {{0x01a3, 0x0000}}, {{0x01a3, 0x0000}}, {{0x01a3, 0x0000}},
		{{0x01a3, 0x0000}}, {{0x01a7, 0x0000}}, {{0x01b5, 0x0000}}, {{0xbbc6, 0xb064}},
		{{0xf0a2, 0xd978}}, {{0xbfc3, 0xf004}}, {{0xd938, 0xbfc2}}, {{0xb023, 0xb0e4}},
		{{0xf0ea, 0x264c}}, {{0xb000, 0xf2d7}}, {{0x7c64, 0xbb24}}, {{0x2384, 0x0e01}},
		{{0x2345, 0x00c1}}, {{0xf074, 0x6b93}}, {{0x797d, 0x6fd2}}, {{0xbfc3, 0x2444}},
		{{0x1c03, 0x2144}}, {{0x0701, 0x2444}}, {{0x120c, 0x2684}}, {{0x1001, 0x7be5}},
		{{0x7c25, 0x7e65}}, {{0xbc80, 0xb0c4}}, {{0xb083, 0xf0ce}}, {{0x6b33, 0x7b7d}},
		{{0x6f92, 0xbfc3}}, {{0x2144, 0x0c1f}}, {{0x2344, 0x0603}}, {{0x2144, 0x0201}},
		{{0x2484, 0x1001}}, {{0x2705, 0x33df}}, {{0x7965, 0x2405}}, {{0x17cc, 0x2145}},
		{{0x0141, 0xf04e}}, {{0x6b33, 0x7b7d}}, {{0x6f92, 0xbfc3}}, {{0x2144, 0x0c1f}},
		{{0x2344, 0x0603}}, {{0x2144, 0x0201}}, {{0x2484, 0x1001}}, {{0x2705, 0x33df}},
		{{0x7965, 0x2405}}, {{0x17cc, 0x2145}}, {{0x0181, 0xf03a}}, {{0x7e7d, 0x6b33}},
		{{0x6f92, 0xbfc3}}, {{0x2644, 0x1603}}, {{0x2144, 0x0c01}}, {{0x2484, 0x1001}},
		{{0xbb82, 0x79e5}}, {{0xb063, 0x7985}}, {{0xf031, 0xbb23}}, {{0x2384, 0x0c01}},
		{{0xbfc6, 0x2345}}, {{0x0301, 0xf089}}, {{0x0e1d, 0x3011}}, {{0xb0e4, 0xf088}},
		{{0x6b35, 0xdc68}}, {{0x2184, 0x0801}}, {{0xb083, 0xf021}}, {{0xd928, 0xf082}},
		{{0x0efb, 0x3010}}, {{0x797d, 0x2184}}, {{0x0001, 0x7c64}}, {{0xb983, 0xf010}},
		{{0xb0e4, 0x1806}}, {{0x0605, 0xf078}}, {{0xdb38, 0x2753}}, {{0x1081, 0xf00d}},
		{{0x797d, 0x2184}}, {{0x0001, 0x7c64}}, {{0x2145, 0x0c01}}, {{0xb084, 0xf06b}},
		{{0xdb78, 0x2753}}, {{0x10c1, 0xb063}}, {{0xb986, 0xb024}}, {{0xf064, 0x6b33}},
		{{0x6f92, 0xbfc3}}, {{0x7b7d, 0x2144}}, {{0x0c1f, 0x2484}}, {{0x1001, 0x2344}},
		{{0x0703, 0x2144}}, {{0x0201, 0x2705}}, {{0x33df, 0x7b25}}, {{0x2405, 0x17cc}},
		{{0xbb81, 0xb084}}, {{0xb063, 0xf050}}, {{0xd958, 0xf03b}}, {{0x797d, 0x2184}},
		{{0x0001, 0xb983}}, {{0xf035, 0xbb23}}, {{0x2384, 0x0c01}}, {{0x2345, 0x0301}},
		{{0xf02f, 0xbfc6}}, {{0xb0e4, 0xb0e3}}, {{0xf03e, 0x797d}}, {{0x2184, 0x0001}},
		{{0x2145, 0x0c01}}, {{0xf025, 0x0e6d}}, {{0x3030, 0xd940}}, {{0xb0a4, 0xb0a3}},
		{{0xf032, 0xd960}}, {{0xf02e, 0xd920}}, {{0xf02c, 0xd950}}, {{0xf02a, 0xd938}},
		{{0xf017, 0x2753}}, {{0x1081, 0xb986}}, {{0xf013, 0x7c7d}}, {{0x6b33, 0x2444}},
		{{0x1703, 0x2144}}, {{0x0201, 0x7965}}, {{0xb980, 0xf00b}}, {{0x6b33, 0x6f92}},
		{{0xbfc3, 0x2144}}, {{0x0c01, 0x2484}}, {{0x1001, 0x79e5}}, {{0x7985, 0xb024}},
		{{0xf011, 0x2b41}}, {{0x01c1, 0xbb2b}}, {{0x2184, 0x0c01}}, {{0x2384, 0x0e01}},
		{{0x7f25, 0x2345}}, {{0x01c1, 0xb0e4}}, {{0xf005, 0xb024}}, {{0xd958, 0xf003}},
		{{0xb0a4, 0xb023}}, {{0x0b0f, 0x143f}}, {{0xc305, 0x0a0f}}, {{0x0a11, 0x0e0b}},
		{{0x3010, 0xb0a5}}, {{0xf004, 0x2353}}, {{0x0041, 0xb025}}, {{0x0b33, 0x153f}},
		{{0xd90d, 0x0b37}}, {{0x157f, 0xdcd0}}, {{0x0ba7, 0x15bf}}, {{0xd90d, 0x0ba9}},
		{{0x15ff, 0xd908}}, {{0x0ba7, 0x163f}}, {{0xdc80, 0x0ba7}}, {{0x167f, 0x752c}},
		{{0x0ba7, 0x16bf}}, {{0xd911, 0x0bab}}, {{0x16ff, 0x702c}}, {{0xf003, 0x180e}},
		{{0x0345, 0xb98c}}, {{0xf004, 0xd9d0}}, {{0xb98c, 0xb087}}, {{0x0b07, 0x14de}},
		{{0xb027, 0x0a15}}, {{0x0775, 0xd918}}, {{0xb99c, 0x0937}}, {{0x00af, 0x762c}},
		{{0x090f, 0x008f}}, {{0x2242, 0x0841}}, {{0x0923, 0x00b5}}, {{0x702c, 0x2b41}},
		{{0x1082, 0x722c}}, {{0x2351, 0x9080}}, {{0x2344, 0x130c}}, {{0x7946, 0x0c19}},
		{{0x1330, 0x21cf}}, {{0x0021, 0xb026}}, {{0xf006, 0x0a0d}}, {{0x0a51, 0x742c}},
		{{0x180c, 0x0105}}, {{0x0b0b, 0x149e}}, {{0x2145, 0x00c1}}, {{0xb026, 0x0b0b}},
		{{0x13de, 0x1804}}, {{0x0045, 0x0b0b}}, {{0x133e, 0xb983}}, {{0xb026, 0x0b0d}},
		{{0x119f, 0x0b09}}, {{0x005f, 0xc6c6}}, {{0x1800, 0x0045}}, {{0xc6c6, 0xb908}},
		{{0xb027, 0xf1c1}}, {{0x180e, 0x0205}}, {{0xf1bd, 0xd980}}, {{0xf1be, 0x248a}},
		{{0x1010, 0xb90a}}, {{0xf1bb, 0x248a}}, {{0x1004, 0xb908}}, {{0xf1b7, 0xd909}},
		{{0x248a, 0x1008}}, {{0xb909, 0xf1b3}}, {{0xc2e2, 0x0c9e}}, {{0x0020, 0x4528}},
		{{0x096e, 0x03e0}}, {{0x760c, 0x0f82}}, {{0xff8f, 0x7704}}, {{0x0d16, 0x0020}},
		{{0x7810, 0x0cf6}}, {{0x0000, 0xed09}}, {{0x40c3, 0x0000}}, {{0x61a8, 0x0bb6}},
		{{0xffcf, 0x0ef2}}, {{0xff8f, 0xc6c2}}, {{0xc2e2, 0x0c6e}}, {{0x0020, 0x4528}},
		{{0x093e, 0x03e0}}, {{0x760c, 0x0cd2}}, {{0x0000, 0xed09}}, {{0x40c3, 0x0000}},
		{{0x61a8, 0x0b92}}, {{0xffcf, 0x0ece}}, {{0xff8f, 0xc6c2}}, {{0x40c3, 0x8000}},
		{{0x046b, 0x7fe0}}, {{0x1800, 0x0043}}, {{0xc2e6, 0x1cfc}}, {{0xb6c8, 0xc1ab}},
		{{0xc412, 0x46cb}}, {{0x8000, 0x0458}}, {{0x47cb, 0x8000}}, {{0x0dc0, 0xc44a}},
		{{0xc411, 0x43db}}, {{0x8000, 0x0da0}}, {{0xc346, 0xc448}}, {{0xc410, 0xc244}},
		{{0xc145, 0xc447}}, {{0xc043, 0xf03b}}, {{0x8e10, 0x081d}}, {{0x0051, 0xc005}},
		{{0x0e8e, 0xffaf}}, {{0x8e68, 0x7114}}, {{0xd9f0, 0x21ca}}, {{0x0c22, 0xbb24}},
		{{0x6178, 0xae08}}, {{0xc003, 0x080d}}, {{0x021e, 0x9700}}, {{0xb881, 0xb700}},
		{{0xc003, 0x080d}}, {{0x035e, 0x9700}}, {{0xb880, 0xb700}}, {{0x9620, 0xc00a}},
		{{0x0899, 0x0031}}, {{0x2153, 0x0082}}, {{0x7454, 0x700c}}, {{0xf47f, 0xc203}},
		{{0x0a13, 0x025f}}, {{0x8e44, 0x8e63}}, {{0x0b0b, 0x0081}}, {{0x9742, 0x7054}},
		{{0xf2ba, 0x1b1c}}, {{0x3000, 0x1b18}}, {{0x3000, 0x1b14}}, {{0x3000, 0x1b10}},
		{{0x3000, 0x6904}}, {{0x0e46, 0xffaf}}, {{0xb600, 0x8e13}}, {{0xc049, 0xc005}},
		{{0x0889, 0x8191}}, {{0xc009, 0xe842}}, {{0xc206, 0x40c3}}, {{0x8000, 0x0d74}},
		{{0xc108, 0x232f}}, {{0x1082, 0xc207}}, {{0x96e0, 0xdb58}}, {{0xb044, 0xc206}},
		{{0xdc7f, 0xb9c1}}, {{0x8ea2, 0xb063}}, {{0x7a84, 0xb02d}}, {{0xb025, 0x793d}},
		{{0x2384, 0x1001}}, {{0xb04c, 0xb028}}, {{0xb020, 0x234f}}, {{0x10c2, 0x4f98}},
		{{0xb04b, 0x0e7e}}, {{0xffaf, 0xb620}}, {{0x2753, 0x90be}}, {{0x78bb, 0x25ca}},
		{{0x1001, 0xc004}}, {{0x78a2, 0xf0b2}}, {{0xc009, 0x45cb}}, {{0x8000, 0x0da0}},
		{{0x7014, 0xc004}}, {{0x20c0, 0x0061}}, {{0x0a19, 0x0131}}, {{0xc044, 0x700c}},
		{{0x7424, 0xa507}}, {{0xa506, 0xa505}}, {{0xa504, 0x0dc2}}, {{0xffaf, 0xb620}},
		{{0x8e03, 0x8e24}}, {{0xc205, 0x7014}}, {{0x20ca, 0x0041}}, {{0xae03, 0xc008}},
		{{0xc103, 0xc306}}, {{0xc041, 0xc007}}, {{0x706f, 0x1c08}}, {{0x36c0, 0xc040}},
		{{0x0a96, 0xffef}}, {{0x40a1, 0x0d7a}}, {{0xffaf, 0xc005}}, {{0x7114, 0x4d28}},
		{{0xf488, 0xc108}}, {{0xc205, 0xc306}}, {{0xc141, 0xc107}}, {{0x1c08, 0x3041}},
		{{0xc140, 0x0a76}}, {{0xffef, 0xc103}}, {{0xf084, 0x7054}}, {{0xf4a7, 0x8e23}},
		{{0x8e44, 0xc306}}, {{0x7034, 0x21ca}}, {{0x0081, 0xae23}}, {{0xc042, 0xc008}},
		{{0xc103, 0xc205}}, {{0xc041, 0xc007}}, {{0x45cb, 0x8000}}, {{0x0da0, 0xc040}},
		{{0x0a46, 0xffef}}, {{0x40a1, 0xc009}}, {{0x9640, 0x8e22}}, {{0x7014, 0xc004}},
		{{0x20c0, 0x0061}}, {{0xc044, 0xc003}}, {{0xb8e9, 0x6a04}}, {{0xb600, 0xf205}},
		{{0x9702, 0xb881}}, {{0xb702, 0xc004}}, {{0x4837, 0x0d06}}, {{0xffaf, 0xc005}},
		{{0x082b, 0x0051}}, {{0xc107, 0xc008}}, {{0xc205, 0xc140}}, {{0xc103, 0xc306}},
		{{0xc041, 0x4d28}}, {{0x0a02, 0xffef}}, {{0x1c08, 0x3041}}, {{0x9600, 0x7404}},
		{{0x0d32, 0xffaf}}, {{0xb600, 0x8e02}}, {{0x7f02, 0xc103}}, {{0x09ba, 0xffef}},
		{{0x40e1, 0xf060}}, {{0x0cca, 0xffaf}}, {{0xc005, 0xc107}}, {{0x4508, 0xc008}},
		{{0xc140, 0xc103}}, {{0xc205, 0xc306}}, {{0xc041, 0x2340}}, {{0x3400, 0x09ca}},
		{{0xffef, 0x1c08}}, {{0x3001, 0xc009}}, {{0x9620, 0x7014}}, {{0xc004, 0x20c0}},
		{{0x0061, 0xc044}}, {{0x6904, 0x0d9f}}, {{0x1030, 0xb600}}, {{0x0cae, 0xff8f}},
		{{0xc008, 0x8ea2}}, {{0xc103, 0xc041}}, {{0xc007, 0xc205}}, {{0xc306, 0xc040}},
		{{0x4063, 0x0996}}, {{0xffef, 0x1c08}}, {{0x3041, 0x9640}}, {{0xc004, 0x8e62}},
		{{0x48b1, 0x6a04}}, {{0xb600, 0x4970}}, {{0x094e, 0xffef}}, {{0xc103, 0xf02c}},
		{{0x1d1c, 0x16c0}}, {{0x1d18, 0x16c0}}, {{0x1d14, 0x16c0}}, {{0x1800, 0x06c0}},
		{{0xc00a, 0x8e42}}, {{0x9620, 0xb701}}, {{0xc004, 0xe108}}, {{0x2017, 0x008d}},
		{{0x0d2d, 0x1072}}, {{0xb620, 0x0c56}}, {{0xffaf, 0x1f04}}, {{0x1085, 0x8e42}},
		{{0x6558, 0x6829}}, {{0x2904, 0x0081}}, {{0x9600, 0x704c}}, {{0x0f1a, 0xffaf}},
		{{0x7930, 0xb600}}, {{0xc003, 0xb88b}}, {{0xc043, 0xf004}}, {{0x1f04, 0x10c5}},
		{{0x8e04, 0xae03}}, {{0x0de2, 0x0420}}, {{0xc003, 0xc0ab}}, {{0x1404, 0x341b}},
		{{0xc6c6, 0x8e22}}, {{0xc004, 0x4835}}, {{0x0d11, 0x1052}}, {{0x0c0e, 0xff8f}},
		{{0xc103, 0x08d6}}, {{0xffef, 0x40a1}}, {{0xc003, 0x08dd}}, {{0x82de, 0x9702}},
		{{0xb880, 0xb702}}, {{0xf1e8, 0x78e0}}, {{0xc3e6, 0xc1ab}}, {{0x4548, 0x4628}},
		{{0x4708, 0xc080}}, {{0x702c, 0x095e}}, {{0xff6f, 0xda2a}}, {{0x8f60, 0x8f41}},
		{{0x8f22, 0x8f03}}, {{0x448b, 0xb463}}, {{0xb444, 0xb42b}}, {{0x0d0b, 0x103e}},
		{{0xb40c, 0x1c0a}}, {{0x3384, 0x0d0b}}, {{0x105e, 0x1c1a}}, {{0x3384, 0x0c42}},
		{{0xffaf, 0xc080}}, {{0xc7c6, 0x78e0}}, {{0x40c3, 0x8000}}, {{0x045c, 0x7fe0}},
		{{0x1800, 0x0003}}, {{0x41c3, 0x8000}}, {{0x0458, 0xb100}}, {{0x7fe0, 0xb103}},
		{{0x40c3, 0x8000}}, {{0x045c, 0x7fe0}}, {{0x1800, 0x0043}}, {{0xc2e6, 0x1cfc}},
		{{0xb6c8, 0xc1a4}}, {{0x43db, 0x8000}}, {{0x0458, 0x4548}}, {{0x1300, 0x3102}},
		{{0x4728, 0x4608}}, {{0x2253, 0x0081}}, {{0x700c, 0xc043}}, {{0xc042, 0xc041}},
		{{0x091f, 0x0131}}, {{0xc040, 0x41c3}}, {{0x8000, 0x0d74}}, {{0x7444, 0xa112}},
		{{0xa111, 0xa110}}, {{0xa10f, 0x0b56}}, {{0xffaf, 0x1b00}}, {{0x3084, 0x710c}},
		{{0xed84, 0x1302}}, {{0x3080, 0x781b}}, {{0x780f, 0x70d5}}, {{0x4100, 0x21c8}},
		{{0x03c1, 0x2905}}, {{0x0002, 0x7849}}, {{0x7810, 0x2139}}, {{0x0000, 0x621a}},
		{{0x6a09, 0x252f}}, {{0x1008, 0x258c}}, {{0x9004, 0xf795}}, {{0xd81f, 0xb80a}},
		{{0x4183, 0xb107}}, {{0x2059, 0x0800}}, {{0xb103, 0xc080}}, {{0x0c72, 0x0660}},
		{{0xd908, 0x2500}}, {{0x1f80, 0x0000}}, {{0xff01, 0x7d10}}, {{0x258c, 0x9fc3}},
		{{0xf72e, 0x262f}}, {{0xf008, 0xf213}}, {{0x2d40, 0x1301}}, {{0x2104, 0x0f81}},
		{{0x0000, 0x7000}}, {{0xb988, 0xb989}}, {{0x6d17, 0xb98b}}, {{0x2004, 0x0f80}},
		{{0x0000, 0x7c00}}, {{0x1c06, 0x3044}}, {{0xf004, 0x700c}}, {{0x1c06, 0x3005}},
		{{0x1c0e, 0x3004}}, {{0xc080, 0x0c2a}}, {{0x0660, 0xd908}}, {{0xc0a4, 0x1404}},
		{{0x341b, 0xc6c6}}, {{0x41c3, 0x8000}}, {{0x0458, 0x1902}}, {{0x0043, 0x7fe0}},
		{{0xa912, 0x78e0}}, {{0x1e00, 0x7004}}, {{0x9004, 0x004e}}, {{0x7ee0, 0x78e0}},
		{{0xc3e6, 0xc1a8}}, {{0x4648, 0x4528}}, {{0x4708, 0x2440}}, {{0x3080, 0x702c}},
		{{0x0802, 0xff6f}}, {{0xda1e, 0x6e13}}, {{0xd97f, 0xbfc6}}, {{0x2653, 0x1043}},
		{{0x7abd, 0x2044}}, {{0x0400, 0x7d24}}, {{0x6f37, 0xbb0e}}, {{0x226c, 0x0142}},
		{{0x468b, 0xb60b}}, {{0xb603, 0x7f25}}, {{0x2305, 0x0f81}}, {{0x0000, 0x2c58}},
		{{0x224f, 0x00c0}}, {{0xb620, 0x2305}}, {{0x0001, 0xb807}}, {{0x6d97, 0x7825}},
		{{0x7ca5, 0xb608}}, {{0xc080, 0xd910}}, {{0xb6e4, 0x0ba6}}, {{0x0660, 0xb68c}},
		{{0xc7c6, 0x78e0}}, {{0x710c, 0x1e00}}, {{0x7004, 0x9004}}, {{0x0040, 0x7ee0}},
		{{0x5007, 0x793b}}, {{0x2105, 0x0f81}}, {{0x9004, 0x0044}}, {{0x7fe0, 0xb100}},
		{{0x5007, 0x793b}}, {{0x2105, 0x0f81}}, {{0x9004, 0x0046}}, {{0x7fe0, 0xb100}},
		{{0xc2e6, 0x1cfc}}, {{0xb6c8, 0xc1a3}}, {{0x4708, 0xe921}}, {{0xba05, 0x6909}},
		{{0x2284, 0x0001}}, {{0x7810, 0x224f}}, {{0x068e, 0x224f}}, {{0x06db, 0x68a1}},
		{{0x700c, 0xef0a}}, {{0xc042, 0xc041}}, {{0xd907, 0x704c}}, {{0x706c, 0xc040}},
		{{0x4063, 0xf009}}, {{0xc042, 0xc041}}, {{0xd907, 0x704c}}, {{0x706c, 0xc040}},
		{{0x40c1, 0x0aea}}, {{0xffcf, 0x258c}}, {{0x1bbf, 0xc0a3}}, {{0x1404, 0x341b}},
		{{0xc6c6, 0x78e0}}, {{0xc2e4, 0xc1a1}}, {{0x1600, 0x70c1}}, {{0x8000, 0x000e}},
		{{0x4508, 0x700c}}, {{0x7c3c, 0x7095}}, {{0xf247, 0x1582}}, {{0x10c2, 0xf6d6}},
		{{0x0a57, 0x0032}}, {{0x702c, 0x1583}}, {{0x108b, 0x2514}}, {{0x1081, 0x6a61}},
		{{0x89c1, 0x0e45}}, {{0x12c4, 0x11fe}}, {{0x848e, 0x0b3d}}, {{0x1384, 0x238d}},
		{{0x0ebf, 0x7744}}, {{0x702c, 0xf019}}, {{0xe2bf, 0x702c}}, {{0xf615, 0x1583}},
		{{0x108b, 0x2514}}, {{0x1083, 0x702c}}, {{0x8bc1, 0x0e1d}}, {{0x12c4, 0x1302}},
		{{0x048e, 0x0b15}}, {{0x13a4, 0xe2bf}}, {{0x7144, 0x21ca}}, {{0x0fe1, 0xe2c0}},
		{{0xf6b4, 0xf003}}, {{0x4140, 0x1583}}, {{0x1082, 0x6199}}, {{0x7b2d, 0xe3c0}},
		{{0x1d82, 0x1042}}, {{0xf649, 0x2514}}, {{0x10c1, 0x89a1}}, {{0x0d0b, 0x1084}},
		{{0x8920, 0x0a17}}, {{0x0045, 0xd8c8}}, {{0x41c3, 0x01a0}}, {{0x0003, 0x0ba2}},
		{{0x0160, 0xc440}}, {{0xd807, 0x7487}}, {{0xc6c4, 0x78e0}}, {{0xc2e6, 0x1cfc}},
		{{0xb6c8, 0x1600}}, {{0x70c2, 0x8000}}, {{0x000e, 0x4628}}, {{0x4508, 0x232f}},
		{{0xb081, 0x700c}}, {{0xf23a, 0x0f42}}, {{0xffef, 0x40a1}}, {{0xe8b6, 0x0f3a}},
		{{0xffef, 0x40c1}}, {{0xe8b2, 0x1680}}, {{0x1103, 0x1682}}, {{0x10c0, 0x1580}},
		{{0x110c, 0x1582}}, {{0x10c2, 0x6079}}, {{0x7f30, 0x6298}}, {{0x7a10, 0x0f13}},
		{{0x1085, 0x0b13}}, {{0x3052, 0x7862}}, {{0x1e82, 0x1002}}, {{0xf006, 0x0bfb}},
		{{0xb052, 0x4990}}, {{0x1d82, 0x1002}}, {{0x1582, 0x10c0}}, {{0x1583, 0x1082}},
		{{0x7d14, 0x8d00}}, {{0x7210, 0xd807}}, {{0xf790, 0x8d21}}, {{0x091d, 0x0084}},
		{{0x1682, 0x10c1}}, {{0x1683, 0x1082}}, {{0x7e34, 0x8e20}}, {{0x0a0d, 0x0044}},
		{{0x8e21, 0x0909}}, {{0x0084, 0x700c}}, {{0x1404, 0x341b}}, {{0xc6c6, 0x78e0}},
		{{0xc2e6, 0x1cfc}}, {{0xb6c8, 0xc1a8}}, {{0x0eae, 0x0060}}, {{0xc047, 0xc046}},
		{{0x40c3, 0x8000}}, {{0x0dcc, 0x706f}}, {{0xc043, 0x40c3}}, {{0x8000, 0x370c}},
		{{0xc042, 0xd825}}, {{0xb89f, 0x8820}}, {{0x881b, 0x7825}}, {{0x08ad, 0x06ee}},
		{{0x218a, 0x0a14}}, {{0x1600, 0x7080}}, {{0x8000, 0x0b6c}}, {{0x1a06, 0x36c2}},
		{{0xc041, 0x790a}}, {{0xc002, 0x6038}}, {{0xc044, 0xc003}}, {{0x6038, 0xc045}},
		{{0xf03d, 0x40c3}}, {{0x8000, 0x0b9c}}, {{0x8820, 0xc001}}, {{0x0959, 0x002e}},
		{{0x70ed, 0xc001}}, {{0xc504, 0xc605}}, {{0x1a07, 0x3002}}, {{0xc007, 0x083b}},
		{{0x03ce, 0xc006}}, {{0x1a08, 0x33c2}}, {{0x7314, 0x40c1}}, {{0xf405, 0x0ef2}},
		{{0xffef, 0x41a1}}, {{0xf003, 0x0e42}}, {{0xffcf, 0x1207}}, {{0x3083, 0x1206}},
		{{0x3082, 0x1208}}, {{0x308c, 0x2078}}, {{0x0000, 0x41c3}}, {{0x019f, 0x0003}},
		{{0x0f52, 0xff2f}}, {{0xc440, 0x71e5}}, {{0x2555, 0x184d}}, {{0x0fc1, 0x92b4}},
		{{0x2655, 0x184e}}, {{0xc004, 0x2080}}, {{0x0a14, 0xc044}}, {{0xc005, 0x2080}},
		{{0x0a14, 0xc045}}, {{0xc001, 0x7104}}, {{0xc041, 0x40c3}}, {{0x8000, 0x0b6c}},
		{{0x8821, 0xc001}}, {{0x097f, 0x8005}}, {{0xc102, 0xd8a5}}, {{0xb805, 0x6119}},
		{{0xc142, 0xc103}}, {{0x7167, 0x6119}}, {{0x0b3b, 0xb0b4}}, {{0xc143, 0xc0a8}},
		{{0x1404, 0x341b}}, {{0xc6c6, 0x78e0}}, {{0xc2e6, 0x1cfc}}, {{0xb6c8, 0xc1b5}},
		{{0x0db6, 0x0060}}, {{0xc047, 0xd925}}, {{0xb99f, 0x8940}}, {{0x893b, 0xc045}},
		{{0x1600, 0x7080}}, {{0x8000, 0x0b6c}}, {{0x7945, 0xc040}}, {{0x2178, 0x00c0}},
		{{0x7104, 0xc042}}, {{0xf0f6, 0x40c3}}, {{0x8000, 0x0b9c}}, {{0x8820, 0xc000}},
		{{0x2111, 0x8000}}, {{0xf2eb, 0xc000}}, {{0xb80c, 0xc046}}, {{0x700c, 0xc041}},
		{{0xc101, 0xc007}}, {{0x2011, 0x8040}}, {{0xf2db, 0xc201}}, {{0xc106, 0xc807}},
		{{0xba08, 0x7945}}, {{0x7825, 0xc043}}, {{0xc703, 0x70cd}}, {{0x274f, 0x140f}},
		{{0xc000, 0xc589}}, {{0x7dd5, 0x205a}}, {{0x0a01, 0x205a}}, {{0x0502, 0x2605}},
		{{0x13c0, 0x781b}}, {{0xc048, 0x2005}}, {{0x0f83, 0x9000}}, {{0x0024, 0xc001}},
		{{0x7915, 0x7a14}}, {{0x2114, 0x0380}}, {{0x62da, 0x2034}}, {{0x0f81, 0x8000}},
		{{0x609c, 0x2034}}, {{0x0f8c, 0x8000}}, {{0x613c, 0x2232}}, {{0x0f80, 0x8000}},
		{{0x61dc, 0xb520}}, {{0xb584, 0xad02}}, {{0x2232, 0x0f8c}}, {{0x8000, 0x627c}},
		{{0x2232, 0x0f81}}, {{0x8000, 0x622c}}, {{0x2232, 0x0f80}}, {{0x8000, 0x62cc}},
		{{0xad83, 0xad2a}}, {{0xad0b, 0x0b4e}}, {{0x00a0, 0x9300}}, {{0xb508, 0x78cf}},
		{{0xc044, 0xc204}}, {{0x700c, 0x0882}}, {{0x00a0, 0x702c}}, {{0x78e5, 0x41c3}},
		{{0x9000, 0x0024}}, {{0x2142, 0x091b}}, {{0x781b, 0x2005}}, {{0x06c0, 0x9000}},
		{{0x712c, 0xad12}}, {{0x0862, 0x00a0}}, {{0x700c, 0x78e5}}, {{0x781b, 0x2005}},
		{{0x06c0, 0x9020}}, {{0x40c3, 0x9000}}, {{0x0024, 0x684c}}, {{0xc008, 0xad33}},
		{{0x7845, 0x0b02}}, {{0x00a0, 0x9000}}, {{0xc204, 0xb50c}}, {{0x710c, 0x083a}},
		{{0x00a0, 0x702c}}, {{0x78e5, 0x781b}}, {{0x2005, 0x06c0}}, {{0x9000, 0x712c}},
		{{0xad1a, 0x0826}}, {{0x00a0, 0x710c}}, {{0x78e5, 0x781b}}, {{0x2005, 0x06c0}},
		{{0x9020, 0xc002}}, {{0x71c5, 0x0e1d}}, {{0x9024, 0xad3b}}, {{0xc005, 0xc102}},
		{{0xc289, 0x083e}}, {{0x0420, 0x70ad}}, {{0xf04e, 0xc103}}, {{0x2615, 0x335e}},
		{{0x79a5, 0x1620}}, {{0x3103, 0x40c3}}, {{0x9002, 0x0024}}, {{0x793b, 0x2105}},
		{{0x0002, 0xb260}}, {{0xb864, 0x1628}}, {{0x3102, 0x7825}}, {{0xb040, 0x1600}},
		{{0x7080, 0x8000}}, {{0x00ce, 0xe8b7}}, {{0x1622, 0x308e}}, {{0x7aaf, 0x700c}},
		{{0x0fc6, 0x0060}}, {{0x702c, 0x78e5}}, {{0x781b, 0x2005}}, {{0x06c0, 0xb0c0}},
		{{0x162a, 0x308e}}, {{0x710c, 0x0fb2}}, {{0x0060, 0x702c}}, {{0x78e5, 0x781b}},
		{{0x2005, 0x06c0}}, {{0x0c02, 0x0060}}, {{0xb0c0, 0x083b}}, {{0x00f1, 0x2440}},
		{{0x391e, 0x2615}}, {{0x335e, 0x1623}}, {{0x308e, 0x700c}}, {{0x0f8a, 0x0060}},
		{{0x712c, 0x78e5}}, {{0x781b, 0x2005}}, {{0x06c0, 0xb0c0}}, {{0x162b, 0x308e}},
		{{0x710c, 0x0f76}}, {{0x0060, 0x712c}}, {{0x78e5, 0x781b}}, {{0x2005, 0x06c0}},
		{{0xb0c0, 0x71a5}}, {{0xc002, 0x0d67}}, {{0x9024, 0x2440}}, {{0x391e, 0xc001}},
		{{0x7104, 0xe089}}, {{0x063c, 0xffe5}}, {{0xc041, 0xc000}}, {{0x7104, 0xc040}},
		{{0x40c3, 0x8000}}, {{0x0b6c, 0x8821}}, {{0xc000, 0x7030}}, {{0x060a, 0xffce}},
		{{0xc0b5, 0x1404}}, {{0x341b, 0xc6c6}}, {{0xc0e2, 0x70ad}}, {{0x706d, 0xdb6c}},
		{{0x7bac, 0x235f}}, {{0x1d8c, 0x7175}}, {{0x716d, 0x631b}}, {{0x639b, 0x633b}},
		{{0x8b80, 0x7c44}}, {{0xab80, 0xf5f5}}, {{0x71a5, 0x0de5}}, {{0x9094, 0xc4c2}},
		{{0xc2e6, 0x1cfc}}, {{0xb6c8, 0x2482}}, {{0x3a02, 0x14bc}}, {{0x300c, 0x4728}},
		{{0x248a, 0x7001}}, {{0xc189, 0xc143}}, {{0xd97f, 0xc248}}, {{0xb908, 0xc289}},
		{{0xc446, 0xc341}}, {{0x20a8, 0x0100}}, {{0x1a02, 0x0054}}, {{0x702c, 0xc142}},
		{{0xc101, 0x248a}}, {{0x1a14, 0x201f}}, {{0x0f83, 0x0000}}, {{0x14a0, 0x2148}},
		{{0x0041, 0x7cea}}, {{0xc147, 0xc101}}, {{0x639b, 0x1a00}}, {{0x0005, 0x42c3}},
		{{0x0000, 0x3f1f}}, {{0x2178, 0x0001}}, {{0x780f, 0x2300}}, {{0x0f8e, 0x8000}},
		{{0x0dcc, 0xc144}}, {{0xc045, 0x1ca6}}, {{0x3084, 0xf033}}, {{0xc006, 0x081d}},
		{{0x00b0, 0x79ef}}, {{0xc006, 0x0829}}, {{0x0071, 0x79ef}}, {{0x0cba, 0x02a0}},
		{{0xc005, 0x2078}}, {{0x0001, 0xf007}}, {{0x0cae, 0x02a0}}, {{0xc005, 0x2079}},
		{{0x0001, 0xc004}}, {{0x2105, 0x803e}}, {{0xf204, 0xf017}}, {{0xc001, 0xe815}},
		{{0x141c, 0x301b}}, {{0x45c9, 0x1582}}, {{0x10c1, 0x14a6}}, {{0x30c0, 0xc289}},
		{{0x1c00, 0x3001}}, {{0x4913, 0xc089}}, {{0x0baa, 0x0060}}, {{0x41a1, 0x238d}},
		{{0x3d7f, 0x2555}}, {{0x184d, 0x2680}}, {{0x1a14, 0x2740}}, {{0x104f, 0xc008}},
		{{0x089d, 0x83e5}}, {{0x248a, 0x7001}}, {{0x20a8, 0x0400}}, {{0xc003, 0x8820}},
		{{0x8801, 0x210e}}, {{0x8001, 0x000e}}, {{0x0004, 0xc002}}, {{0x6038, 0x7104}},
		{{0xc042, 0xc003}}, {{0x7204, 0xc043}}, {{0xc002, 0x7810}}, {{0x2480, 0x3a02}},
		{{0x1404, 0x341b}}, {{0xc6c6, 0x78e0}}, {{0x7ee0, 0x78e0}}, {{0xc0e6, 0xc406}},
		{{0x7230, 0x2415}}, {{0x1002, 0xf7d2}}, {{0xc004, 0xc105}}, {{0x92a1, 0x92c5}},
		{{0x8861, 0x88e0}}, {{0x8900, 0x8981}}, {{0x6f37, 0xb807}}, {{0x6179, 0x6098}},
		{{0xb2b1, 0xb2d5}}, {{0xb230, 0xf010}}, {{0xc403, 0x8b00}}, {{0x8b21, 0x9269}},
		{{0xb807, 0x6119}}, {{0x8c00, 0x92ad}}, {{0x8cc1, 0xb807}}, {{0xb271, 0xb2b5}},
		{{0xb230, 0x60d8}}, {{0xb214, 0xc4c6}}, {{0xc2e6, 0x1cfc}}, {{0xb6c8, 0xc1ac}},
		{{0x7114, 0xf47d}}, {{0x71cd, 0xf075}}, {{0x0813, 0x0090}}, {{0x081b, 0x0051}},
		{{0x1600, 0x7081}}, {{0x8000, 0x0025}}, {{0xf005, 0x1600}}, {{0x7081, 0x8000}},
		{{0x0040, 0x09cd}}, {{0x00d1, 0x0826}}, {{0x0180, 0x0cb2}}, {{0x0400, 0x70ad}},
		{{0xf05b, 0xd8e4}}, {{0x7839, 0x1600}}, {{0x708f, 0x8000}}, {{0x0b6c, 0xb8c1}},
		{{0xe02a, 0xc045}}, {{0xf049, 0x2940}}, {{0x0303, 0xc344}}, {{0xc404, 0xc305}},
		{{0xc807, 0xc288}}, {{0x7b85, 0x7865}}, {{0x781b, 0xb891}}, {{0xb89c, 0xc347}},
		{{0xb89f, 0x9060}}, {{0x2216, 0x0340}}, {{0x7834, 0x0d6d}}, {{0x1071, 0xb060}},
		{{0x2214, 0x0043}}, {{0x700c, 0x724c}}, {{0xe308, 0x13f8}}, {{0x850c, 0x228d}},
		{{0x0fff, 0x6098}}, {{0xc140, 0x7910}}, {{0x2941, 0x01c0}}, {{0xc046, 0xc042}},
		{{0x783d, 0xc041}}, {{0x2053, 0x015b}}, {{0x740c, 0x41c3}}, {{0x02c0, 0x0006}},
		{{0x716c, 0x42c1}}, {{0x0daa, 0x0120}}, {{0x1c0c, 0x36c0}}, {{0xc106, 0xc807}},
		{{0xc204, 0xb906}}, {{0x2305, 0x3043}}, {{0xc107, 0x7a05}}, {{0x7825, 0x781b}},
		{{0xb891, 0x795b}}, {{0xb89c, 0x2105}}, {{0x0f81, 0x9002}}, {{0x0054, 0xb89f}},
		{{0xb160, 0xb060}}, {{0x71e5, 0x40c3}}, {{0x8000, 0x0b6c}}, {{0x8801, 0x79f0}},
		{{0x0867, 0x8045}}, {{0x71a5, 0x0d4f}}, {{0x90b4, 0x79bb}}, {{0x71c5, 0x0e1d}},
		{{0x90f4, 0x78cf}}, {{0x0f56, 0x0160}}, {{0x730c, 0xc0ac}}, {{0x1404, 0x341b}},
		{{0xc6c6, 0x78e0}}, {{0xc2e6, 0x1cfc}}, {{0xb6c8, 0xc1a4}}, {{0xd959, 0x740c}},
		{{0x0d3e, 0x0120}}, {{0xb912, 0x1600}}, {{0x7080, 0x8000}}, {{0x0b6c, 0xf086}},
		{{0x43db, 0x8000}}, {{0xe79c, 0x2316}}, {{0x33c0, 0x90a0}}, {{0x700c, 0xc041}},
		{{0x46a9, 0xf018}}, {{0x78f6, 0x2034}}, {{0x06c2, 0xc043}}, {{0x740c, 0x41c3}},
		{{0x0165, 0x0003}}, {{0xc240, 0x0d0a}}, {{0x0120, 0x42e1}}, {{0xc003, 0x2034}},
		{{0x06c1, 0xc001}}, {{0x2508, 0x104d}}, {{0x7104, 0xc041}}, {{0x2609, 0x104e}},
		{{0xc101, 0xcc14}}, {{0x7b2f, 0x0bd1}}, {{0x8024, 0x787b}}, {{0x740c, 0x42c1}},
		{{0x41c3, 0x0166}}, {{0x0002, 0x0cda}}, {{0x0120, 0x43a1}}, {{0x65dd, 0x7dbd}},
		{{0x254e, 0x131b}}, {{0x262f, 0x16c8}}, {{0x41c3, 0x0166}}, {{0x0002, 0xb990}},
		{{0x740c, 0x42a1}}, {{0x0cba, 0x0120}}, {{0x43c1, 0xc807}}, {{0x6d34, 0x6e54}},
		{{0x2f40, 0x130c}}, {{0x706c, 0x2305}}, {{0x305b, 0x2205}}, {{0x035e, 0x7c05}},
		{{0x270a, 0x1f80}}, {{0x9002, 0x0000}}, {{0x1c04, 0x36c0}}, {{0x232f, 0x90c7}},
		{{0xd95e, 0xdd62}}, {{0xda60, 0xde64}}, {{0x753c, 0x7075}}, {{0x765c, 0x2505}},
		{{0x1001, 0x2605}}, {{0x1002, 0x793b}}, {{0x7a5b, 0x79e5}}, {{0x7ae5, 0x1100}},
		{{0x010b, 0x9220}}, {{0xc201, 0x2384}}, {{0x100c, 0x2184}}, {{0x000c, 0x70ef}},
		{{0x2305, 0x178b}}, {{0x7945, 0x2700}}, {{0x335b, 0x2700}}, {{0x3382, 0x2305}},
		{{0x331b, 0x7a85}}, {{0x232f, 0x36c0}}, {{0x7a5b, 0x71f7}}, {{0x71ef, 0x2305}},
		{{0x33db, 0x7ae5}}, {{0x1b00, 0x32c4}}, {{0xb220, 0xf5ef}}, {{0x7164, 0x796f}},
		{{0x099d, 0x8094}}, {{0xc002, 0x7104}}, {{0xc042, 0x40c3}}, {{0x8000, 0x0b6c}},
		{{0xc102, 0x8801}}, {{0x7f2f, 0x7710}}, {{0x06e8, 0xffce}}, {{0xc0a4, 0x1404}},
		{{0x341b, 0xc6c6}}, {{0xc2e4, 0xc1a3}}, {{0x4308, 0x730c}}, {{0x4668, 0x4548}},
		{{0x0dfa, 0x0160}}, {{0x260a, 0x3040}}, {{0x40c3, 0x8000}}, {{0x0a80, 0x8820}},
		{{0xc006, 0xe914}}, {{0x1600, 0x7081}}, {{0x8000, 0x0001}}, {{0x091d, 0x00ff}},
		{{0x4161, 0xc042}}, {{0xd80f, 0x220a}}, {{0x0780, 0x43a1}}, {{0xc640, 0x084e}},
		{{0x0620, 0x1c04}}, {{0x3001, 0xf00b}}, {{0xc041, 0xd80f}}, {{0x4161, 0x220a}},
		{{0x0780, 0x43a1}}, {{0x0eb2, 0x05e0}}, {{0xc640, 0xc0a3}}, {{0xc6c4, 0x78e0}},
		{{0xc2e2, 0x0816}}, {{0x0240, 0x087e}}, {{0x0260, 0x4508}}, {{0x0c7a, 0x0220}},
		{{0x651d, 0x60b8}}, {{0x2044, 0x0041}}, {{0x6038, 0x780f}}, {{0x2089, 0x0701}},
		{{0x1a00, 0x3002}}, {{0xc6c2, 0x78e0}}, {{0xc0e6, 0x43c3}}, {{0x8000, 0x0b6b}},
		{{0x0815, 0x0071}}, {{0x1303, 0x048d}}, {{0x1600, 0x7082}}, {{0x8000, 0x0040}},
		{{0x0a8d, 0x0010}}, {{0x6b83, 0x6b41}}, {{0x7014, 0x729d}}, {{0x6b82, 0x739d}},
		{{0x8a40, 0x8b80}}, {{0x776c, 0x2408}}, {{0x9082, 0xf61b}}, {{0x2178, 0x0001}},
		{{0x1207, 0x360f}}, {{0xb902, 0x6ac1}}, {{0xe120, 0x2c40}}, {{0x1302, 0x4e94}},
		{{0x61be, 0x7ee5}}, {{0x2605, 0x1081}}, {{0x793b, 0xb991}}, {{0xb99c, 0xb99f}},
		{{0x9120, 0x2296}}, {{0x0008, 0x248d}}, {{0x1e3f, 0x2108}}, {{0x00c3, 0x216f}},
		{{0x0443, 0x2156}}, {{0x084b, 0x8920}}, {{0xdeff, 0x228a}}, {{0x0fc7, 0x781b}},
		{{0x7234, 0x78b5}}, {{0x22ca, 0x0381}}, {{0x2000, 0x0f8c}}, {{0x8000, 0x043c}},
		{{0x783d, 0x2204}}, {{0x00c1, 0x1300}}, {{0x10c2, 0xe007}}, {{0x7b1a, 0x2179}},
		{{0x0001, 0x6278}}, {{0x6038, 0x7204}}, {{0xb400, 0xc4c6}}, {{0x40c3, 0x8000}},
		{{0x043c, 0x78b5}}, {{0x9020, 0xb021}}, {{0xc4c6, 0x78e0}}, {{0xc2e6, 0x1cfc}},
		{{0xb6c8, 0x2482}}, {{0x3106, 0x256f}}, {{0x1243, 0x1582}}, {{0x1482, 0x740c}},
		{{0x41c3, 0x025e}}, {{0x0001, 0x0aba}}, {{0x0120, 0xbac3}}, {{0x8d00, 0x702c}},
		{{0xda80, 0xc044}}, {{0x8d08, 0x2400}}, {{0x3f8f, 0x0000}}, {{0x0104, 0xc055}},
		{{0x8d10, 0x70ad}}, {{0xc55d, 0xc054}}, {{0x2400, 0x3f80}}, {{0x0000, 0x0104}},
		{{0xc55c, 0xc55b}}, {{0x0d7e, 0xfeef}}, {{0xc55a, 0x2455}}, {{0x3840, 0x702c}},
		{{0xda80, 0x1c80}}, {{0x3340, 0x0d6e}}, {{0xfeef, 0x2455}}, {{0x385b, 0xc559}},
		{{0xc558, 0xc557}}, {{0xc556, 0xc55f}}, {{0xc015, 0x1207}}, {{0x360e, 0xc749}},
		{{0x2053, 0x807e}}, {{0x1c34, 0x36c0}}, {{0xf213, 0x4d48}}, {{0xc19a, 0x78c5}},
		{{0x79b6, 0x09ae}}, {{0x0420, 0x714c}}, {{0x40c3, 0x8000}}, {{0x0b6a, 0x88e3}},
		{{0x40c3, 0x8000}}, {{0x0b6a, 0x8882}}, {{0x1207, 0x360e}}, {{0xf02a, 0x40c3}},
		{{0x8000, 0x0b6a}}, {{0x8882, 0x40c3}}, {{0x8000, 0x0b6a}}, {{0xc309, 0x88e3}},
		{{0x2540, 0x191e}}, {{0x6c14, 0x2605}}, {{0x339e, 0x4181}}, {{0x631b, 0xf016}},
		{{0x2940, 0x0302}}, {{0x2205, 0x0782}}, {{0x234a, 0x1000}}, {{0x20a8, 0x0340}},
		{{0x2205, 0x02c0}}, {{0x781b, 0xb891}}, {{0xb89c, 0xb89f}}, {{0x9000, 0x2356}},
		{{0x180b, 0x1b02}}, {{0x0014, 0x7124}}, {{0x0fd9, 0x9065}}, {{0x244a, 0x7200}},
		{{0xc00d, 0x6c34}}, {{0x2540, 0x1982}}, {{0x603b, 0x7ac5}}, {{0xf014, 0x2c40}},
		{{0x1300, 0x2205}}, {{0x000b, 0x700c}}, {{0x20a8, 0x0340}}, {{0x2305, 0x1001}},
		{{0x793b, 0xb991}}, {{0xb99c, 0xb99f}}, {{0x9120, 0x2056}}, {{0x0800, 0x1b02}},
		{{0x0054, 0x7185}}, {{0x0fdb, 0x9325}}, {{0x244a, 0x7200}}, {{0xc014, 0x0815}},
		{{0x013e, 0x4d58}}, {{0xc196, 0x78c5}}, {{0x79b6, 0x08f6}}, {{0x0420, 0x714c}},
		{{0xc00d, 0x71a5}}, {{0x2054, 0x081b}}, {{0xc009, 0x0d21}}, {{0x90b4, 0x2054}},
		{{0x080f, 0xc004}}, {{0xd930, 0xb99f}}, {{0x2044, 0x0400}}, {{0xc05e, 0xc00d}},
		{{0x1600, 0x7082}}, {{0x8000, 0x0b6a}}, {{0x716f, 0xc053}}, {{0xc009, 0x7054}},
		{{0xc052, 0x493b}}, {{0xc04a, 0xb86a}}, {{0xc045, 0xc00a}}, {{0x20ca, 0x0041}},
		{{0xc04a, 0x2142}}, {{0x0280, 0xc105}}, {{0x21ca, 0x0001}}, {{0xc145, 0xc00d}},
		{{0x71ad, 0xc046}}, {{0xc009, 0xc047}}, {{0xc09f, 0x2014}}, {{0x06c0, 0xc04c}},
		{{0x2455, 0x3800}}, {{0x2014, 0x06c0}}, {{0xc048, 0x7573}}, {{0xf2a9, 0xc01e}},
		{{0x706c, 0xe884}}, {{0x700c, 0xf08c}}, {{0x40c3, 0x8000}}, {{0x0b6a, 0x8822}},
		{{0x40c3, 0x8000}}, {{0x0b6a, 0x8803}}, {{0x69d4, 0x141c}}, {{0x301f, 0xc050}},
		{{0xc09f, 0x78b4}}, {{0xc04b, 0x2455}}, {{0x3800, 0x78b4}}, {{0xc04f, 0x700c}},
		{{0xc044, 0xc006}}, {{0x2700, 0x339f}}, {{0x60d8, 0xc04e}}, {{0xc013, 0x60d8}},
		{{0xc051, 0xc012}}, {{0x661e, 0xf060}}, {{0xc015, 0x2053}}, {{0x807e, 0xf217}},
		{{0xc09a, 0x2016}}, {{0x06c2, 0x78b6}}, {{0x22f4, 0x0042}}, {{0x20f4, 0x004c}},
		{{0xc008, 0xba26}}, {{0xbc26, 0xb040}}, {{0x7a6e, 0xc00f}}, {{0xb080, 0xc008}},
		{{0x9000, 0x7882}}, {{0x2208, 0x0003}}, {{0xf018, 0x244a}}, {{0x7200, 0x260a}},
		{{0x37c0, 0x43c9}}, {{0x20a8, 0x0480}}, {{0x1302, 0x1502}}, {{0xc008, 0x1602}},
		{{0x350c, 0xba26}}, {{0xb040, 0xbc26}}, {{0xc00f, 0x7a6e}}, {{0xb080, 0xc008}},
		{{0x9000, 0x7882}}, {{0x2208, 0x0003}}, {{0x244a, 0x7200}}, {{0xc40e, 0xc711}},
		{{0x20a8, 0x0800}}, {{0x1402, 0x1500}}, {{0x1702, 0x150b}}, {{0x206c, 0x0142}},
		{{0xb8c5, 0x621a}}, {{0xc00c, 0x236c}}, {{0x115e, 0x2353}}, {{0x114b, 0x2300}},
		{{0x178b, 0x1800}}, {{0x02c4, 0xc00b}}, {{0xb040, 0xc00c}}, {{0x1000, 0x010b}},
		{{0xc004, 0x262f}}, {{0x3006, 0x2302}}, {{0x1080, 0x2608}}, {{0x3000, 0xc044}},
		{{0xc00e, 0x2740}}, {{0x341f, 0xe610}}, {{0xe010, 0xc04e}}, {{0xc011, 0x7124}},
		{{0xe010, 0xc051}}, {{0xc010, 0x0845}}, {{0x8065, 0x6b16}}, {{0x0aa6, 0x0020}},
		{{0x780e, 0x4300}}, {{0xc004, 0x0a9e}}, {{0x0020, 0x780e}}, {{0xc105, 0x4263}},
		{{0xa960, 0xc10a}}, {{0xa900, 0x780e}}, {{0xc043, 0x786e}}, {{0xc040, 0x740c}},
		{{0x41c3, 0x0270}}, {{0x0006, 0x43a1}}, {{0xc542, 0x0fe6}}, {{0x00e0, 0x1c04}},
		{{0x36c0, 0xc005}}, {{0x7104, 0xc045}}, {{0xc00a, 0x7104}}, {{0xc04a, 0xc006}},
		{{0x70b5, 0x77a5}}, {{0x2080, 0x003f}}, {{0xc046, 0xc007}}, {{0x2080, 0x003f}},
		{{0xc047, 0xf54d}}, {{0xc013, 0x7077}}, {{0x7767, 0x2080}}, {{0x003f, 0xc053}},
		{{0xc012, 0x2080}}, {{0x003f, 0xc052}}, {{0xf533, 0xc01e}}, {{0xd92c, 0xb99f}},
		{{0x2079, 0x0000}}, {{0xc04a, 0xc00d}}, {{0x1600, 0x7082}}, {{0x8000, 0x0b6a}},
		{{0x71ad, 0xc045}}, {{0x493b, 0xc047}}, {{0xb864, 0xc046}}, {{0xc007, 0x7054}},
		{{0x20ca, 0x0041}}, {{0xc047, 0x690c}}, {{0xc106, 0x21ca}}, {{0x0001, 0xc146}},
		{{0xc00d, 0x2455}}, {{0x3801, 0x71cd}}, {{0xc050, 0xc09f}}, {{0x78b4, 0x79b4}},
		{{0xc04c, 0xc14e}}, {{0xc00a, 0x2639}}, {{0x1341, 0x704c}}, {{0x7906, 0xb9e0}},
		{{0xf4c2, 0x40c3}}, {{0x8000, 0x0b6a}}, {{0x8882, 0x40c3}}, {{0x8000, 0x0b6a}},
		{{0x8803, 0x6c34}}, {{0x1440, 0x301b}}, {{0xc051, 0xc09f}}, {{0x78d4, 0xc04b}},
		{{0x700c, 0xc044}}, {{0xc005, 0x2300}}, {{0x305b, 0x6038}}, {{0xc048, 0xc009}},
		{{0x6038, 0xc04f}}, {{0xf09b, 0xc015}}, {{0x2053, 0x807e}}, {{0xf22f, 0xc09a}},
		{{0x78b6, 0x20f4}}, {{0x0300, 0x244a}}, {{0x7200, 0x206c}}, {{0x0141, 0xb8c5}},
		{{0x6119, 0xc00e}}, {{0xb020, 0x4063}}, {{0x20a8, 0x0300}}, {{0x1002, 0x0503}},
		{{0x7a4e, 0x236c}}, {{0x014f, 0xbbc5}}, {{0x63fb, 0x4977}}, {{0x2208, 0x03c2}},
		{{0xc014, 0xb8e4}}, {{0xc00b, 0xb060}}, {{0xf22e, 0xc096}}, {{0x78d6, 0x20f4}},
		{{0x0300, 0x7a4e}}, {{0x206c, 0x0143}}, {{0xb8c5, 0x6078}}, {{0xc30b, 0xb300}},
		{{0x4910, 0x2208}}, {{0x0002, 0x0041}}, {{0x0000, 0x244a}}, {{0x7200, 0xc30f}},
		{{0x230a, 0x16c0}}, {{0x20a8, 0x0500}}, {{0x1302, 0x150f}}, {{0x1302, 0x0501}},
		{{0x262f, 0x3086}}, {{0x276c, 0x115f}}, {{0xbfc5, 0x216c}}, {{0x0142, 0xb9c5}},
		{{0x77e3, 0x6159}}, {{0x49f2, 0x40e1}}, {{0x2608, 0x3082}}, {{0xc30b, 0xb300}},
		{{0xc00e, 0xb020}}, {{0x0e85, 0x1360}}, {{0x244a, 0x7200}}, {{0x1420, 0x300b}},
		{{0x260a, 0x36c0}}, {{0x20a8, 0x0680}}, {{0x1602, 0x3500}}, {{0x1302, 0x1501}},
		{{0x206c, 0x0143}}, {{0xb8c5, 0x631b}}, {{0xc00c, 0x216c}}, {{0x014f, 0xb9c5}},
		{{0x61f9, 0xb020}}, {{0xc00b, 0xb060}}, {{0xc00c, 0x9020}}, {{0xc004, 0x7962}},
		{{0x780e, 0x2008}}, {{0x0040, 0xc044}}, {{0xc014, 0x0841}}, {{0x013e, 0xc096}},
		{{0x2016, 0x0341}}, {{0x78d6, 0x20f4}}, {{0x0300, 0x21f4}}, {{0x0303, 0x206c}},
		{{0x014f, 0xb8c5}}, {{0x671f, 0xc00c}}, {{0x236c, 0x0141}}, {{0xbbc5, 0x6179}},
		{{0xb020, 0xc104}}, {{0xc00b, 0x7bee}}, {{0x792e, 0xb0e0}}, {{0xc00c, 0x9800}},
		{{0x7862, 0x2108}}, {{0x0000, 0xc044}}, {{0xc008, 0x2340}}, {{0x341b, 0x7185}},
		{{0xe010, 0xc048}}, {{0xc00f, 0xe010}}, {{0xc04f, 0xc011}}, {{0x7410, 0x06ca}},
		{{0xffee, 0x784e}}, {{0x086e, 0x0000}}, {{0x4200, 0xc004}}, {{0x0866, 0x0020}},
		{{0x780e, 0xf003}}, {{0x700c, 0xc106}}, {{0x43c1, 0x1901}}, {{0x0092, 0xc146}},
		{{0xc107, 0x1901}}, {{0x0012, 0x780e}}, {{0xc043, 0x784e}}, {{0xc147, 0xc040}},
		{{0x740c, 0x41c3}}, {{0x0273, 0x0006}}, {{0x42a1, 0xc642}}, {{0x0da2, 0x00e0}},
		{{0xc541, 0xc010}}, {{0x70d5, 0x77c5}}, {{0x2080, 0x003f}}, {{0xc050, 0xf51c}},
		{{0xc005, 0x70b5}}, {{0x77a5, 0x2080}}, {{0x003f, 0xc045}}, {{0xc009, 0x2080}},
		{{0x003f, 0xc049}}, {{0xf506, 0x2480}}, {{0x3106, 0x1404}}, {{0x341b, 0xc6c6}},
		{{0x1600, 0x7081}}, {{0x8000, 0x0008}}, {{0x0811, 0x0072}}, {{0xb907, 0x6038}},
		{{0x7704, 0x7fe0}}, {{0x2804, 0x0040}}, {{0x7813, 0x2804}}, {{0x0040, 0x7fe0}},
		{{0x7813, 0x78e0}}, {{0xc2e6, 0x1cfc}}, {{0xb6c8, 0xc1a4}}, {{0x1600, 0x708f}},
		{{0x8000, 0x0b6c}}, {{0xe02a, 0xc242}}, {{0xc141, 0xc043}}, {{0xf05d, 0x140c}},
		{{0x301b, 0xc807}}, {{0x2305, 0x305b}}, {{0x2005, 0x06c0}}, {{0x781b, 0xb891}},
		{{0xb89c, 0xb89f}}, {{0x90c0, 0x740c}}, {{0x41c3, 0x0295}}, {{0x0003, 0x43c1}},
		{{0x2653, 0x114c}}, {{0x23ad, 0x0182}}, {{0x0d06, 0x00e0}}, {{0xc440, 0xc002}},
		{{0xe80f, 0x41c3}}, {{0x0296, 0x0000}}, {{0x0cf6, 0x00e0}}, {{0x740c, 0x1600}},
		{{0x7080, 0x8000}}, {{0x0008, 0xb806}}, {{0x2e09, 0x100d}}, {{0xf00d, 0xc001}},
		{{0xe804, 0x2640}}, {{0x180d, 0xf009}}, {{0x0e0f, 0x1834}}, {{0x70ad, 0x2600}},
		{{0x1f8d, 0x0000}}, {{0xffe0, 0xc002}}, {{0x2553, 0x114e}}, {{0x25ad, 0x1182}},
		{{0xe808, 0x740c}}, {{0x41c3, 0x0297}}, {{0x0002, 0x42a1}}, {{0x43c1, 0xf010}},
		{{0xc001, 0xe807}}, {{0x740c, 0x41c3}}, {{0x0298, 0x0003}}, {{0xf005, 0x740c}},
		{{0x41c3, 0x0299}}, {{0x0003, 0xda20}}, {{0x43a1, 0xc640}}, {{0x0c92, 0x00c0}},
		{{0xc807, 0x6d36}}, {{0x79c5, 0x2005}}, {{0x06c0, 0x781b}}, {{0xb891, 0xb89c}},
		{{0xb89f, 0x71e5}}, {{0xb020, 0x40c3}}, {{0x8000, 0x0b6c}}, {{0x8801, 0x7af0}},
		{{0x083f, 0x80a5}}, {{0x2a40, 0x0301}}, {{0x0af2, 0x03c0}}, {{0xc0a4, 0x1404}},
		{{0x341b, 0xc6c6}}, {{0x1600, 0x7080}}, {{0x8000, 0x008a}}, {{0xb8c1, 0x7fe0}},
		{{0x2078, 0x0040}}, {{0xc807, 0x781b}}, {{0x2005, 0x0f80}}, {{0x9002, 0x0012}},
		{{0x9020, 0x2153}}, {{0x8080, 0xf206}}, {{0x080d, 0x0071}}, {{0x710c, 0x7ee0}},
		{{0x7fe0, 0x700c}}, {{0x2144, 0x0181}}, {{0x2179, 0x0100}}, {{0x7234, 0x7304}},
		{{0x7fe0, 0x20ca}}, {{0x00a1, 0x78e0}}, {{0x1600, 0x7080}}, {{0x8000, 0x008e}},
		{{0xb8c1, 0x7fe0}}, {{0x2078, 0x0000}}, {{0x1600, 0x7080}}, {{0x8000, 0x0096}},
		{{0x7fe0, 0x206d}}, {{0x0100, 0x78e0}}, {{0x090d, 0x03f0}}, {{0x228a, 0x0fc7}},
		{{0x714c, 0x7a38}}, {{0xb80d, 0x224f}}, {{0x0241, 0x2005}}, {{0x0f80, 0x9002}},
		{{0x0176, 0x1800}}, {{0x0005, 0xb040}}, {{0xb020, 0xb040}}, {{0x7fe0, 0x1800}},
		{{0x0005, 0x78e0}}, {{0xc2e6, 0x1cfc}}, {{0xb6c8, 0xc1a2}}, {{0x4648, 0x4728}},
		{{0x264a, 0x3000}}, {{0xc041, 0x2e40}}, {{0x309b, 0x70ad}}, {{0xd8f2, 0xb89f}},
		{{0x9020, 0xe988}}, {{0x10f6, 0x8101}}, {{0xe984, 0x10f8}}, {{0x8100, 0xe81b}},
		{{0x9660, 0xc101}}, {{0x9700, 0x2314}}, {{0x3342, 0xbb02}}, {{0x7954, 0x7bb4}},
		{{0x9141, 0x9120}}, {{0x2300, 0x0f83}}, {{0x0004, 0x1000}}, {{0xb802, 0x7b7d}},
		{{0xbbd2, 0x7810}}, {{0x0c92, 0x05e0}}, {{0x1c00, 0x30c1}}, {{0x9700, 0x7104}},
		{{0xb700, 0x71b5}}, {{0x71ad, 0xf5dc}}, {{0x9600, 0x2640}}, {{0x305e, 0x7104}},
		{{0x0ea7, 0xb0b4}}, {{0xb600, 0xc0a2}}, {{0x1404, 0x341b}}, {{0xc6c6, 0x78e0}},
		{{0xc2e6, 0x1cfc}}, {{0xb6c8, 0x2482}}, {{0x3302, 0x1600}}, {{0x710c, 0x8000}},
		{{0x000a, 0x14a0}}, {{0x301b, 0x4568}}, {{0x4648, 0xc140}}, {{0x0c17, 0x107e}},
		{{0xc041, 0xd8c8}}, {{0x41c3, 0x0198}}, {{0x0002, 0x42a1}}, {{0x0b22, 0x00e0}},
		{{0x4363, 0xc000}}, {{0xc101, 0x43c9}}, {{0x7610, 0xc082}}, {{0x23ca, 0x1001}},
		{{0x7630, 0x70ed}}, {{0x268a, 0x3fc3}}, {{0x23ca, 0x1001}}, {{0xf032, 0xe0bf}},
		{{0x0054, 0x000d}}, {{0xc301, 0x7bf4}}, {{0x8b41, 0xea26}}, {{0xc100, 0x78ae}},
		{{0x7914, 0x8901}}, {{0xe820, 0x2002}}, {{0x06c0, 0x8b80}}, {{0x8960, 0x780e}},
		{{0x2089, 0x0fc1}}, {{0x7210, 0x22ca}}, {{0x0009, 0x2302}}, {{0x06c0, 0x780e}},
		{{0x2048, 0x0000}}, {{0x7410, 0x2314}}, {{0x13c1, 0x24ca}}, {{0x100b, 0xa941}},
		{{0x7a4f, 0x788f}}, {{0x0819, 0x00a4}}, {{0xa980, 0x1901}}, {{0x0003, 0x1900}},
		{{0x0fc3, 0xf006}}, {{0x2314, 0x13c0}}, {{0x1800, 0x0784}}, {{0x71e5, 0x71a5}},
		{{0xe7bf, 0x079e}}, {{0xffee, 0x78b0}}, {{0x230c, 0x9380}}, {{0x248a, 0x7001}},
		{{0x20e8, 0x02a2}}, {{0x1301, 0x1480}}, {{0x1e01, 0x1012}}, {{0x1301, 0x1480}},
		{{0x1e01, 0x1012}}, {{0x700c, 0x2480}}, {{0x3302, 0x1404}}, {{0x341b, 0xc6c6}},
		{{0x0005, 0x0000}}, {{0xc2e6, 0x1cfc}}, {{0xb6c8, 0x2482}}, {{0x3d02, 0xc241}},
		{{0xc042, 0x1600}}, {{0x7100, 0x8000}}, {{0x000a, 0xc143}}, {{0xc101, 0x2044}},
		{{0x8080, 0x1ca8}}, {{0x3000, 0x1ca0}}, {{0x3040, 0xc103}}, {{0xc002, 0x1ca4}},
		{{0x30c0, 0x1c9c}}, {{0x3040, 0x1c98}}, {{0x3000, 0xf208}}, {{0x41c3, 0x0195}},
		{{0x0000, 0x0a2e}}, {{0x00e0, 0x740c}}, {{0xc102, 0xc003}}, {{0x70ed, 0x2039}},
		{{0x0042, 0xc101}}, {{0xc002, 0x2139}}, {{0x0001, 0x2455}}, {{0x3a00, 0xc044}},
		{{0x6a01, 0x1cac}}, {{0x3000, 0x6901}}, {{0x2048, 0x004e}}, {{0x1cb0, 0x3000}},
		{{0xf00f, 0x1a06}}, {{0x33c2, 0x45c9}}, {{0x2015, 0x005b}}, {{0x0fb2, 0x0560}},
		{{0x1308, 0x3400}}, {{0x7014, 0xf49a}}, {{0x258c, 0x1ebf}}, {{0x71e5, 0x14ac}},
		{{0x3000, 0x79ef}}, {{0x09df, 0x8024}}, {{0x2455, 0x3980}}, {{0x14a8, 0x3000}},
		{{0xe806, 0xd9cb}}, {{0x740c, 0x09ca}}, {{0x00e0, 0xb911}}, {{0xc602, 0xc703}},
		{{0x71ad, 0x1c94}}, {{0x3005, 0xf016}}, {{0x1497, 0x3080}}, {{0x1e83, 0x1002}},
		{{0x14b0, 0x3000}}, {{0x1497, 0x3081}}, {{0x0d55, 0x1025}}, {{0x1f83, 0x1042}},
		{{0xc004, 0x71a5}}, {{0x1004, 0x040e}}, {{0xc044, 0x1004}}, {{0x040f, 0xc044}},
		{{0x1782, 0x10c1}}, {{0x1682, 0x10c0}}, {{0xc285, 0x1a06}}, {{0x30c3, 0x4913}},
		{{0x40c1, 0x41e1}}, {{0x0e2e, 0xffef}}, {{0x1c00, 0x3001}}, {{0x1600, 0x7080}},
		{{0x8000, 0x000b}}, {{0x080f, 0x00bf}}, {{0xc085, 0x0f66}}, {{0x0220, 0x702c}},
		{{0xf004, 0x0f1e}}, {{0x0560, 0xc085}}, {{0xe850, 0xf050}}, {{0x14a8, 0x3000}},
		{{0xe807, 0x41c3}}, {{0x0197, 0x0000}}, {{0x0946, 0x00e0}}, {{0x740c, 0xc101}},
		{{0xc002, 0x0973}}, {{0x0020, 0x72ad}}, {{0x70cd, 0xf02d}}, {{0x78f5, 0x80a0}},
		{{0x8022, 0x1583}}, {{0x108c, 0x1183}}, {{0x0080, 0x1180}}, {{0x0102, 0x1580}},
		{{0x1103, 0x7882}}, {{0xc040, 0x2302}}, {{0x009b, 0xc285}}, {{0x232f, 0x06c5}},
		{{0x0dc2, 0xffef}}, {{0x40a1, 0x1583}}, {{0x1081, 0x0d76}}, {{0x01a0, 0xc085}},
		{{0xe8a4, 0x700c}}, {{0x2455, 0x3982}}, {{0x1496, 0x3081}}, {{0x7a16, 0x4ae2}},
		{{0x7114, 0x21c0}}, {{0x06c1, 0x7114}}, {{0x710c, 0x1a82}}, {{0x0042, 0xf5f4}},
		{{0x71c5, 0x14ac}}, {{0x3000, 0x7fcf}}, {{0x0fa5, 0x9024}}, {{0x2455, 0x3980}},
		{{0xf00b, 0xc001}}, {{0x0d3a, 0x01a0}}, {{0x1083, 0x0081}}, {{0xe886, 0xc003}},
		{{0x258d, 0x1e7f}}, {{0xc041, 0x700c}}, {{0x2480, 0x3d02}}, {{0x1404, 0x341b}},
		{{0xc6c6, 0x78e0}}, {{0xc0f1, 0x4328}}, {{0x0c5e, 0xffef}}, {{0x4300, 0x0817}},
		{{0x0090, 0x0819}}, {{0x0070, 0x7074}}, {{0xe88a, 0x7074}}, {{0xd94f, 0xd84e}},
		{{0xf010, 0xeb0b}}, {{0x7054, 0xf006}}, {{0xd951, 0xf005}}, {{0xeb07, 0x7075}},
		{{0xd94e, 0xd850}}, {{0xf006, 0x7054}}, {{0xf002, 0x7075}}, {{0xd94f, 0xd851}},
		{{0xc0d1, 0x7fe0}}, {{0x20ca, 0x0041}}, {{0xc2e6, 0x1cfc}}, {{0xb6c8, 0xc1a6}},
		{{0x7b14, 0xc342}}, {{0x4308, 0xc002}}, {{0x4648, 0x4728}}, {{0x8861, 0x8800}},
		{{0x7070, 0x20cc}}, {{0x83c5, 0x012a}}, {{0x0026, 0x70ad}}, {{0x73f1, 0x0122}},
		{{0x002e, 0x2f40}}, {{0x1201, 0xd8ff}}, {{0xc043, 0x776f}}, {{0xc041, 0x2105}},
		{{0x02c0, 0xc044}}, {{0x9e81, 0x9e00}}, {{0x0c35, 0x1022}}, {{0x260a, 0x36c0}},
		{{0x7a0f, 0xc004}}, {{0x2440, 0x35de}}, {{0x79af, 0x7b8f}}, {{0x0c8a, 0x00e0}},
		{{0x1c00, 0x3780}}, {{0x260a, 0x3000}}, {{0x1417, 0x3081}}, {{0x230c, 0xb000}},
		{{0xc001, 0x26ca}}, {{0x36c5, 0x2009}}, {{0x0040, 0xc041}}, {{0x9e83, 0x9e02}},
		{{0x0c33, 0x1022}}, {{0x230a, 0x3780}}, {{0x7a0f, 0xc004}}, {{0x2440, 0x35df}},
		{{0x79af, 0x1c00}}, {{0x37c0, 0x0c52}}, {{0x00e0, 0x7b8f}}, {{0x4318, 0x1417}},
		{{0x3081, 0x260c}}, {{0xb000, 0xc001}}, {{0x23ca, 0x3785}}, {{0x2009, 0x0040}},
		{{0xc041, 0x71a5}}, {{0xe5c0, 0x0790}}, {{0xffe5, 0xe608}}, {{0xc002, 0x8820}},
		{{0x0917, 0x03c5}}, {{0xc002, 0x8801}}, {{0x0f0f, 0x1025}}, {{0x48f2, 0x4f30}},
		{{0x2009, 0x0080}}, {{0xc043, 0xc301}}, {{0x2340, 0x1041}}, {{0xdd40, 0x2309}},
		{{0x02de, 0x211f}}, {{0x0043, 0x1211}}, {{0x370c, 0x2502}}, {{0x12cd, 0xda80}},
		{{0x251a, 0x1341}}, {{0x7ae2, 0x7a4c}}, {{0x7b8c, 0xcc10}}, {{0x798c, 0x1600}},
		{{0x708e, 0x8000}}, {{0x000e, 0x7a0c}}, {{0x230c, 0xb0c0}}, {{0x23ca, 0x06c5}},
		{{0x7330, 0x21ca}}, {{0x00c5, 0x234e}}, {{0x1fcb, 0x7150}}, {{0x22ca, 0x0045}},
		{{0x2609, 0x32c3}}, {{0x0e13, 0x103f}}, {{0x4140, 0x6f21}}, {{0x792a, 0x790c}},
		{{0x7230, 0x21ca}}, {{0x0085, 0xc003}}, {{0x7d6f, 0x7a0f}}, {{0x40c3, 0x00ff}},
		{{0xffff, 0x7110}}, {{0x20ca, 0x0045}}, {{0x655d, 0xb808}}, {{0x7d05, 0x40a1}},
		{{0xc0a6, 0x1404}}, {{0x341b, 0xc6c6}}, {{0xc2e6, 0x40c3}}, {{0x8000, 0x042c}},
		{{0x88e0, 0x264a}}, {{0x3000, 0x706c}}, {{0x45cb, 0x8000}}, {{0x0a82, 0x71ef}},
		{{0xf027, 0x235a}}, {{0x048c, 0x704c}}, {{0x64b9, 0x1900}}, {{0x0784, 0xf01e}},
		{{0x2205, 0x02c0}}, {{0x781b, 0x2005}}, {{0x0f80, 0x9002}}, {{0x0100, 0x9000}},
		{{0x7e0f, 0x0a15}}, {{0x03a1, 0x2f00}}, {{0x338e, 0x8900}}, {{0x200f, 0x0080}},
		{{0xa900, 0xf00b}}, {{0x8901, 0x7104}}, {{0xa901, 0x780f}}, {{0x2414, 0x1000}},
		{{0x60b8, 0xa841}}, {{0xa8c0, 0x7144}}, {{0x0ac9, 0x8214}}, {{0x7164, 0x0bb7}},
		{{0x83e4, 0x2b40}}, {{0x030b, 0xc6c6}}, {{0xc3e6, 0xc1a1}}, {{0x1600, 0x7103}},
		{{0x8000, 0x000a}}, {{0x4528, 0x236d}}, {{0x0983, 0x0b13}}, {{0x0070, 0x4608}},
		{{0x0b11, 0x00d0}}, {{0x1a00, 0x0083}}, {{0xf006, 0x1a00}}, {{0x0043, 0xf004}},
		{{0x1a00, 0x00c3}}, {{0x2440, 0x30c0}}, {{0x2440, 0x3081}}, {{0x0e46, 0x01a0}},
		{{0x42c1, 0xe803}}, {{0xc7c6, 0x1402}}, {{0x3083, 0x1403}}, {{0x308c, 0x6479}},
		{{0x7a3d, 0x216c}}, {{0x0001, 0xad40}}, {{0x2600, 0x104b}}, {{0x645c, 0x799d}},
		{{0x246c, 0x100f}}, {{0x1300, 0x108c}}, {{0x1301, 0x108b}}, {{0xad22, 0x67df}},
		{{0x2300, 0x1301}}, {{0x793d, 0xad21}}, {{0x8f81, 0x8f20}}, {{0x635b, 0x7a7d}},
		{{0x6199, 0x236c}}, {{0x0003, 0x793d}}, {{0x63db, 0xad44}}, {{0xad23, 0x8b40}},
		{{0x8b21, 0x6159}}, {{0x793d, 0xad25}}, {{0xc7c6, 0x78e0}}, {{0x791b, 0xd8e4}},
		{{0x2144, 0x0181}}, {{0x7839, 0x7fe0}}, {{0xb8c1, 0x78e0}}, {{0x2053, 0x0143}},
		{{0x206d, 0x0182}}, {{0x20ad, 0x01c1}}, {{0x6058, 0xa961}}, {{0x7fe0, 0xa900}},
		{{0xd940, 0x7b1d}}, {{0x2053, 0x0142}}, {{0x7824, 0x2384}}, {{0x0007, 0x6058}},
		{{0x7fe0, 0x6078}}, {{0xc2e6, 0x1cfc}}, {{0xb6c8, 0x2482}}, {{0x3406, 0xc34b}},
		{{0xc14e, 0xc10b}}, {{0x1c49, 0x3018}}, {{0x700c, 0x1cb4}}, {{0x3000, 0x1c59}},
		{{0x3018, 0x1c58}}, {{0x3018, 0x1c57}}, {{0x3018, 0x1c56}}, {{0x3018, 0x226d}},
		{{0x0200, 0x0a62}}, {{0x00e0, 0xc055}}, {{0x095e, 0xffef}}, {{0x1c50, 0x3018}},
		{{0x1600, 0x7082}}, {{0x8000, 0x000d}}, {{0x4318, 0x710c}}, {{0x2a41, 0x0101}},
		{{0x1c48, 0x3018}}, {{0x7826, 0x1cb8}}, {{0x3000, 0x0b6a}}, {{0x0220, 0xc00e}},
		{{0xe808, 0x2244}}, {{0x0200, 0xb823}}, {{0x2052, 0x0000}}, {{0x1cb4, 0x3000}},
		{{0x1469, 0x3600}}, {{0xc058, 0x14b4}}, {{0x3000, 0x2079}}, {{0x0002, 0x0b46}},
		{{0x0220, 0xc00e}}, {{0x7014, 0x14b8}}, {{0x3000, 0x78c0}}, {{0x0b15, 0x30f1}},
		{{0x1cb8, 0x3000}}, {{0xc00b, 0x2079}}, {{0x0080, 0x7104}}, {{0x1c48, 0x3018}},
		{{0xd840, 0xb89f}}, {{0x88a0, 0x10e5}}, {{0x808e, 0x6a01}}, {{0x1ca4, 0x3000}},
		{{0xc018, 0xc20e}}, {{0xc30b, 0xc042}}, {{0xc015, 0xc240}}, {{0x1449, 0x3602}},
		{{0xc041, 0x41c3}}, {{0x01aa, 0x0005}}, {{0x0d16, 0x00a0}}, {{0x740c, 0xc00e}},
		{{0x2078, 0x0041}}, {{0xb863, 0x1c47}}, {{0x3018, 0xc015}}, {{0x7014, 0x1447}},
		{{0x3600, 0x780f}}, {{0x207c, 0x0140}}, {{0x7825, 0x1cd8}}, {{0x3000, 0xf205}},
		{{0x14d8, 0x3000}}, {{0xe889, 0x1600}}, {{0x7080, 0x8000}}, {{0x00e7, 0xb8e0}},
		{{0x700c, 0xc054}}, {{0xf205, 0x0e7e}}, {{0x0380, 0x710c}}, {{0xc054, 0x146a}},
		{{0x3600, 0x2378}}, {{0x3001, 0xdc4f}}, {{0x1c4c, 0x3018}}, {{0xc00b, 0xdb50}},
		{{0x7dc5, 0x2078}}, {{0x0040, 0x1c94}}, {{0x3000, 0xc00b}}, {{0x1c4e, 0x3358}},
		{{0xdd4e, 0x2305}}, {{0xb03e, 0xc018}}, {{0x1494, 0x300f}}, {{0x2378, 0x308e}},
		{{0x2078, 0x0002}}, {{0xd84e, 0xc051}}, {{0xd84f, 0xc04a}}, {{0xd850, 0x1cbc}},
		{{0x3000, 0xd851}}, {{0x1cc0, 0x3000}}, {{0x1494, 0x3000}}, {{0x7904, 0x6a12}},
		{{0x22c5, 0x0061}}, {{0x1c88, 0x3000}}, {{0x7054, 0xd84e}}, {{0x741c, 0xc00b}},
		{{0x2105, 0x808b}}, {{0x2378, 0x3041}}, {{0x2078, 0x0000}}, {{0x1c45, 0x3018}},
		{{0x7824, 0x739d}}, {{0x2005, 0x82cc}}, {{0x14c0, 0x3000}}, {{0x707c, 0x1cc0}},
		{{0x3000, 0x2378}}, {{0x30c0, 0x1c46}}, {{0x3018, 0x14a4}}, {{0x3000, 0x7054}},
		{{0xdb51, 0x7704}}, {{0x1c54, 0x3018}}, {{0x40c3, 0x8000}}, {{0x0dcc, 0x1cc8}},
		{{0x3000, 0x700c}}, {{0xc04c, 0x1494}}, {{0x3000, 0x7824}}, {{0x7885, 0x1445}},
		{{0x3601, 0x1c44}}, {{0x3018, 0xd84f}}, {{0x751c, 0x1444}}, {{0x3600, 0x79c4}},
		{{0x7ee4, 0x7825}}, {{0x1c4d, 0x3018}}, {{0x78c5, 0x1c4f}}, {{0x3018, 0x14bc}},
		{{0x3000, 0x7075}}, {{0x73bd, 0x7095}}, {{0x707c, 0x1cbc}}, {{0x3000, 0x1488}},
		{{0x3000, 0x7054}}, {{0x47cb, 0x8000}}, {{0x0dcc, 0x20ca}}, {{0x0061, 0x7075}},
		{{0x1c88, 0x3000}}, {{0x20ca, 0x00a1}}, {{0x7095, 0x71e5}}, {{0x1c88, 0x3000}},
		{{0x20ca, 0x00e1}}, {{0x1cc4, 0x33c0}}, {{0x1c88, 0x3000}}, {{0xc00c, 0x712c}},
		{{0x7918, 0xc00c}}, {{0xb902, 0x210f}}, {{0x000d, 0x144e}}, {{0x3600, 0x7d0b}},
		{{0xc00c, 0x2079}}, {{0x0000, 0x1cd4}}, {{0x3000, 0xf407}}, {{0x14d4, 0x3000}},
		{{0x7014, 0x01a6}}, {{0x0042, 0xc00c}}, {{0x1e00, 0x7002}}, {{0x8000, 0x0b6b}},
		{{0x0d8a, 0x00e0}}, {{0x730c, 0x14b4}}, {{0x3000, 0xc10b}}, {{0x2456, 0x3ac2}},
		{{0xc042, 0x14b8}}, {{0x3000, 0x2456}}, {{0x3b03, 0x780f}}, {{0xc041, 0xc00c}},
		{{0x780f, 0x1ce4}}, {{0x3000, 0x144c}}, {{0x3600, 0xc040}}, {{0x0d86, 0x0120}},
		{{0x14e4, 0x3000}}, {{0x40c3, 0x8000}}, {{0x0b9c, 0x8021}}, {{0x14e4, 0x3000}},
		{{0xc215, 0x0b66}}, {{0x0260, 0xc315}}, {{0xc00b, 0x7214}}, {{0xd87f, 0xf753}},
		{{0x1600, 0x7101}}, {{0x8000, 0x0006}}, {{0x1cb3, 0x3002}}, {{0x700c, 0x1ca8}},
		{{0x3000, 0xd880}}, {{0x1c42, 0x3018}}, {{0x213c, 0x0f80}}, {{0x0000, 0x0c80}},
		{{0xf018, 0xf413}}, {{0x1600, 0x7081}}, {{0x8000, 0x0096}}, {{0x1cb3, 0x3002}},
		{{0x710c, 0x1c98}}, {{0x3000, 0xd8d4}}, {{0x1c42, 0x3018}}, {{0x216d, 0x0100}},
		{{0x1ca8, 0x3000}}, {{0xf008, 0x1cb3}}, {{0x3002, 0x700c}}, {{0x1ca8, 0x3000}},
		{{0x1c98, 0x3000}}, {{0xc014, 0xc115}}, {{0xc20b, 0xc042}}, {{0x2456, 0x3ac0}},
		{{0xc040, 0x78af}}, {{0x1c90, 0x3000}}, {{0xc141, 0xc10e}}, {{0x1490, 0x3003}},
		{{0x0962, 0x0060}}, {{0xc099, 0x14a4}}, {{0x3000, 0xdc4f}}, {{0xda51, 0xc05b}},
		{{0x700c, 0xc04f}}, {{0xc00c, 0x1c64}}, {{0x3001, 0x1c68}}, {{0x3041, 0x7014}},
		{{0x14d4, 0x3000}}, {{0x22ca, 0x0301}}, {{0xdc4e, 0x791b}}, {{0x7b1b, 0xd829}},
		{{0x1ce8, 0x3000}}, {{0x1442, 0x3600}}, {{0x1cd0, 0x3080}}, {{0x7704, 0x1c4a}},
		{{0x3018, 0x14c8}}, {{0x3000, 0x1cdc}}, {{0x3000, 0x14c4}}, {{0x3000, 0x1ce0}},
		{{0x3000, 0xd850}}, {{0x1c8c, 0x3000}}, {{0x20ca, 0x0301}}, {{0x1c8c, 0x3000}},
		{{0x1444, 0x3600}}, {{0x2044, 0x804c}}, {{0x6b01, 0x1ccc}}, {{0x3000, 0x148c}},
		{{0x3003, 0x14c0}}, {{0x3000, 0x731c}}, {{0x144d, 0x3600}}, {{0x2044, 0x804b}},
		{{0x14d0, 0x3000}}, {{0x707c, 0x1cd0}}, {{0x3000, 0x14bc}}, {{0x3000, 0x7095}},
		{{0x721c, 0x148c}}, {{0x3000, 0x7075}}, {{0x705c, 0x1c8c}}, {{0x3000, 0x1488}},
		{{0x3000, 0x7095}}, {{0x711c, 0x14cc}}, {{0x3000, 0x7075}}, {{0x703c, 0x1ccc}},
		{{0x3000, 0x2544}}, {{0x9140, 0x1c51}}, {{0x3018, 0x14e8}}, {{0x3000, 0x20ca}},
		{{0x0a22, 0x1ce8}}, {{0x3000, 0xc10f}}, {{0x1448, 0x3600}}, {{0x7110, 0x0004}},
		{{0x0066, 0xc099}}, {{0x144f, 0x3600}}, {{0x14cc, 0x300d}}, {{0xb8e0, 0x148c}},
		{{0x3000, 0xc050}}, {{0x14d0, 0x3000}}, {{0xc04d, 0xf449}}, {{0x1445, 0x3601}},
		{{0x1446, 0x3600}}, {{0x790b, 0xf216}}, {{0xc00f, 0x7014}}, {{0xd850, 0xc04d}},
		{{0xc10d, 0xd84e}}, {{0x21ca, 0x0001}}, {{0xc14d, 0xd84f}}, {{0xd951, 0xc150}},
		{{0x21ca, 0x0001}}, {{0xc00f, 0xc150}}, {{0x2079, 0x0000}}, {{0x7d1b, 0xf02f}},
		{{0x1494, 0x3001}}, {{0x1446, 0x3600}}, {{0x790b, 0xf217}}, {{0xc00f, 0xd951}},
		{{0xc14d, 0x7014}}, {{0xd84f, 0x21ca}}, {{0x0001, 0xd850}}, {{0xc050, 0xc14d}},
		{{0xc110, 0xd84e}}, {{0x21ca, 0x0001}}, {{0xc00f, 0xc150}}, {{0x2079, 0x0000}},
		{{0x781b, 0x68a1}}, {{0xf013, 0xc00b}}, {{0x080f, 0x00b1}}, {{0x74ad, 0xc00a}},
		{{0xc050, 0xd84e}}, {{0xf00a, 0x41c3}}, {{0x01ab, 0x0000}}, {{0x0e56, 0xfe6f}},
		{{0x700c, 0xc00a}}, {{0xc050, 0xc011}}, {{0xc04d, 0x700c}}, {{0xc053, 0xc018}},
		{{0x2400, 0x3f82}}, {{0x0000, 0x010c}}, {{0x7014, 0x700c}}, {{0xaa03, 0x1a4b}},
		{{0x0002, 0xf21b}}, {{0xc018, 0x14d8}}, {{0x300c, 0x2400}}, {{0x3f82, 0x0000}},
		{{0x010c, 0xaa03}}, {{0x7baf, 0x2400}}, {{0x3f80, 0x0000}}, {{0x0157, 0x2400}},
		{{0x3f81, 0x0000}}, {{0x00b3, 0x2400}}, {{0x3f82, 0x0000}}, {{0x010f, 0x0e46}},
		{{0x01a0, 0xc440}}, {{0xf00a, 0x700c}}, {{0x1cb3, 0x3002}}, {{0x2400, 0x3f80}},
		{{0x0000, 0x010c}}, {{0x1803, 0x0043}}, {{0x1447, 0x3600}}, {{0x7514, 0x06e8}},
		{{0x0006, 0x0dea}}, {{0x0080, 0x2079}}, {{0x0000, 0xc053}}, {{0x14d8, 0x3001}},
		{{0x78af, 0x0bd6}}, {{0x0420, 0xc056}}, {{0xc051, 0x14b3}}, {{0x3080, 0xc057}},
		{{0x2432, 0x3f80}}, {{0x0000, 0x0157}}, {{0xc04a, 0xc011}}, {{0x2079, 0x0001}},
		{{0x14d4, 0x3000}}, {{0x7906, 0x09ab}}, {{0x003e, 0xda7f}}, {{0x40c3, 0x8000}},
		{{0x0b6b, 0x88c1}}, {{0x40c3, 0x8000}}, {{0x0b6b, 0x1002}}, {{0x009b, 0xc016}},
		{{0x265f, 0x128d}}, {{0x1428, 0x301f}}, {{0x7214, 0xc017}}, {{0x43cb, 0x8000}},
		{{0x011a, 0x2456}}, {{0x3b41, 0x4a10}}, {{0x23c0, 0x106e}}, {{0x2700, 0x301f}},
		{{0x653d, 0xf035}}, {{0x1600, 0x7080}}, {{0x8000, 0x0b9c}}, {{0x085b, 0x03ae}},
		{{0x2e40, 0x1300}}, {{0xc70d, 0x244a}}, {{0x7280, 0x7f05}}, {{0xc807, 0x264a}},
		{{0x3000, 0x42a1}}, {{0x20a8, 0x0840}}, {{0x2705, 0x1781}}, {{0x7905, 0x793b}},
		{{0xb991, 0xb99c}}, {{0xb99f, 0x9120}}, {{0xc417, 0x7b2f}}, {{0x647c, 0x248c}},
		{{0x9002, 0xaa20}}, {{0xf784, 0x1a00}}, {{0x07c2, 0xf00c}}, {{0x1300, 0x10cc}},
		{{0x0b0d, 0x0323}}, {{0x7b8f, 0x1a00}}, {{0x0003, 0xf004}}, {{0x7962, 0xaa20}},
		{{0x2656, 0x381e}}, {{0x7144, 0xe50a}}, {{0x71c5, 0x0b9d}}, {{0xb385, 0x42c3}},
		{{0x0000, 0x8480}}, {{0x40c3, 0x8000}}, {{0x631c, 0x0afa}}, {{0xfe6f, 0x702c}},
		{{0x2432, 0x3f80}}, {{0x0000, 0x010f}}, {{0x1cac, 0x3000}}, {{0xf0d5, 0xc018}},
		{{0x08e1, 0x0010}}, {{0xc00b, 0x0817}}, {{0x00b1, 0x734c}}, {{0xc00a, 0x790f}},
		{{0x0bbe, 0xfeaf}}, {{0x14e4, 0x3000}}, {{0xf064, 0x40c3}}, {{0x8000, 0x0b6b}},
		{{0x88e1, 0x40c3}}, {{0x8000, 0x0b6b}}, {{0x8802, 0x275f}}, {{0x1281, 0x1600}},
		{{0x709b, 0x8000}}, {{0x0b9c, 0x1207}}, {{0x361f, 0x1c41}}, {{0x3018, 0x2456}},
		{{0x3b40, 0x6038}}, {{0xf044, 0x0b85}}, {{0x33ee, 0x2f40}}, {{0x130b, 0xc111}},
		{{0xe926, 0x244a}}, {{0x7280, 0x264a}}, {{0x3000, 0x4508}}, {{0x20a8, 0x07c0}},
		{{0xc113, 0xc20d}}, {{0x2605, 0x32c3}}, {{0x8d80, 0x7034}}, {{0x2305, 0x07c3}},
		{{0xc10a, 0x7a65}}, {{0x46cb, 0x9002}}, {{0x0000, 0x7a5b}}, {{0x6199, 0x7ac5}},
		{{0xb220, 0xf20a}}, {{0xc110, 0x8d40}}, {{0x7965, 0x793b}}, {{0x7e25, 0xc10a}},
		{{0x623a, 0xb640}}, {{0x2656, 0x381e}}, {{0x71a5, 0xf018}}, {{0xc113, 0x2305}},
		{{0x17cb, 0x43c3}}, {{0x9002, 0x1e00}}, {{0x7034, 0xc10d}}, {{0x2105, 0x02c1}},
		{{0x7a3b, 0xc10a}}, {{0x7a65, 0xb220}}, {{0xf208, 0xc110}}, {{0x2105, 0x02c1}},
		{{0x7a3b, 0xc10a}}, {{0x7a65, 0xb220}}, {{0xe00a, 0x71e5}}, {{0x1441, 0x3601}},
		{{0x0977, 0x83e5}}, {{0x702c, 0x40c3}}, {{0x0004, 0x93e0}}, {{0x0f2a, 0x0280}},
		{{0xc807, 0x70ed}}, {{0x2454, 0x3c9b}}, {{0x781b, 0x2005}}, {{0x0f80, 0x9003}},
		{{0xe002, 0xb0e0}}, {{0xc10e, 0xc00a}}, {{0xc20b, 0xc316}}, {{0xc059, 0xc014}},
		{{0x2456, 0x3ace}}, {{0x1c18, 0x36c0}}, {{0xc045, 0xc015}}, {{0xc643, 0xc740}},
		{{0xc044, 0x1498}}, {{0x3000, 0xc042}}, {{0x1449, 0x3600}}, {{0x7d0f, 0x40c3}},
		{{0x8000, 0x631c}}, {{0x09f2, 0x0060}}, {{0xc541, 0x14a8}}, {{0x3000, 0xe838}},
		{{0x14e8, 0x3000}}, {{0x1490, 0x3001}}, {{0xc05c, 0x091a}}, {{0x00e0, 0x710c}},
		{{0xc00e, 0x1490}}, {{0x3001, 0xc314}}, {{0x081a, 0x0060}}, {{0x704c, 0xc014}},
		{{0xc10e, 0xc316}}, {{0xc045, 0x1498}}, {{0x3000, 0x734c}}, {{0x1c18, 0x36c0}},
		{{0xc042, 0x40c3}}, {{0x8000, 0x631c}}, {{0xc744, 0xc643}}, {{0xc541, 0x09aa}},
		{{0x0060, 0xc740}}, {{0xc00e, 0x1490}}, {{0x3001, 0x1450}}, {{0x3602, 0x0fe6}},
		{{0x0020, 0xc314}}, {{0x1490, 0x3001}}, {{0x08ca, 0x00e0}}, {{0x700c, 0x1451}},
		{{0x3600, 0xe804}}, {{0xd826, 0xf003}}, {{0xd827, 0xc05c}}, {{0xc10a, 0x14ac}},
		{{0x3000, 0x6119}}, {{0xc14a, 0xc10a}}, {{0xc017, 0x7110}}, {{0x0652, 0xffee}},
		{{0x228a, 0x0a14}}, {{0x40c3, 0x8000}}, {{0x0b6b, 0x8801}}, {{0xc10a, 0xc052}},
		{{0x1600, 0x7080}}, {{0x8000, 0x0b9c}}, {{0xc712, 0x1c52}}, {{0x3018, 0xc012}},
		{{0x7a0a, 0x40c3}}, {{0x8000, 0x0b6b}}, {{0x8802, 0x1cf8}}, {{0x3000, 0x14ac}},
		{{0x3000, 0x4910}}, {{0xc057, 0xc012}}, {{0x205f, 0x0280}}, {{0x1cf4, 0x3000}},
		{{0x14dc, 0x3000}}, {{0x6058, 0x1c9c}}, {{0x3000, 0x14e0}}, {{0x3000, 0x6058}},
		{{0x1ca0, 0x3000}}, {{0xc017, 0x780f}}, {{0x1c41, 0x3018}}, {{0x149c, 0x3000}},
		{{0x1cec, 0x3000}}, {{0x14a0, 0x3000}}, {{0x0211, 0x0020}}, {{0x1cf0, 0x3000}},
		{{0x1452, 0x3600}}, {{0x2011, 0x83c0}}, {{0xf2ee, 0x275a}}, {{0x1280, 0xd940}},
		{{0x14f4, 0x301b}}, {{0x70ef, 0x1c4b}}, {{0x3018, 0x14a4}}, {{0x3000, 0x2905}},
		{{0x0001, 0x14ec}}, {{0x3000, 0x1cfc}}, {{0x3000, 0x14f0}}, {{0x3000, 0x1c53}},
		{{0x3058, 0x1c40}}, {{0x3018, 0x144b}}, {{0x3600, 0xc056}}, {{0x232f, 0x16c7}},
		{{0x239f, 0x140d}}, {{0xc016, 0x77ad}}, {{0x706c, 0x780f}}, {{0x702c, 0x70cd}},
		{{0x704c, 0x2300}}, {{0x1f8b, 0x8000}}, {{0x6598, 0xc04a}}, {{0xf015, 0x1301}},
		{{0x1481, 0xeb0d}}, {{0xe990, 0x4ad1}}, {{0x4c13, 0x793b}}, {{0x0917, 0x00e3}},
		{{0x706c, 0x702c}}, {{0x4608, 0x4281}}, {{0xf007, 0xe905}}, {{0x716c, 0x41a1}},
		{{0xf003, 0x706c}}, {{0x4100, 0x1442}}, {{0x3600, 0x44a9}}, {{0x71a5, 0x7510}},
		{{0x4020, 0xf7a7}}, {{0x4ad1, 0xeb0c}}, {{0x144a, 0x3603}}, {{0x7c3b, 0x7b02}},
		{{0x0c0d, 0x10c3}}, {{0x144a, 0x3602}}, {{0x4160, 0x4608}}, {{0x1453, 0x3600}},
		{{0xdda5, 0xbd05}}, {{0x7a02, 0x7110}}, {{0x144b, 0x3600}}, {{0x26ca, 0x1089}},
		{{0x2456, 0x3b42}}, {{0xc10c, 0x6058}}, {{0xc053, 0xc00f}}, {{0x79ac, 0x7dbb}},
		{{0x43e1, 0x78ac}}, {{0xdc84, 0x239a}}, {{0x0a14, 0x271a}}, {{0x330c, 0x6119}},
		{{0x248a, 0x7001}}, {{0x633b, 0x6398}}, {{0x14fc, 0x300d}}, {{0x1440, 0x360c}},
		{{0x2000, 0x0f80}}, {{0x8000, 0x0e4c}}, {{0x264a, 0x3000}}, {{0xb0c0, 0x20a8}},
		{{0x0701, 0xc20a}}, {{0x1454, 0x3600}}, {{0x41c3, 0x8000}}, {{0x6598, 0x229f}},
		{{0x040d, 0x2e01}}, {{0x3000, 0x60d8}}, {{0x780f, 0x621b}}, {{0x6329, 0xc318}},
		{{0xeb22, 0xe929}}, {{0x205f, 0x00c0}}, {{0x6058, 0x42c3}}, {{0x8000, 0x631c}},
		{{0x0949, 0x0070}}, {{0x604a, 0x2000}}, {{0x0f80, 0x8000}}, {{0x631c, 0x0921}},
		{{0x00f1, 0x8861}}, {{0x8822, 0x14ac}}, {{0x3000, 0x6058}}, {{0x2302, 0x000b}},
		{{0x1441, 0x3600}}, {{0x7822, 0x7071}}, {{0xc017, 0xf612}}, {{0x14ac, 0x3000}},
		{{0x4b10, 0xf00d}}, {{0xb981, 0x7334}}, {{0xd97f, 0xf427}}, {{0xd87f, 0x702c}},
		{{0xf010, 0xd97f}}, {{0x700c, 0xf004}}, {{0xc017, 0x4140}}, {{0x7b2d, 0x7a0d}},
		{{0x7a62, 0x238a}}, {{0x1fc1, 0x7554}}, {{0x21ca, 0x02cb}}, {{0x20ca, 0x002b}},
		{{0xc211, 0xad20}}, {{0xac00, 0xea0c}}, {{0x7a0f, 0x0a15}}, {{0x0044, 0xc213}},
		{{0x2232, 0x07c2}}, {{0x6058, 0x6159}}, {{0xac00, 0xad20}}, {{0x72a5, 0x7285}},
		{{0x2640, 0x305e}}, {{0xf003, 0x700c}}, {{0xf1ec, 0x14fc}}, {{0x3000, 0x71e7}},
		{{0x7167, 0x2055}}, {{0x0840, 0x1cfc}}, {{0x3000, 0x1440}}, {{0x3600, 0x274c}},
		{{0xb280, 0x2055}}, {{0x0840, 0x1c40}}, {{0x3018, 0xc016}}, {{0x7104, 0x0660}},
		{{0xffe5, 0xc056}}, {{0x14ec, 0x3000}}, {{0x71e5, 0x2080}}, {{0x0a14, 0x1cec}},
		{{0x3000, 0x14f0}}, {{0x3000, 0x2080}}, {{0x0a14, 0x1cf0}}, {{0x3000, 0x14f4}},
		{{0x3000, 0xe00a}}, {{0x1cf4, 0x3000}}, {{0x14f8, 0x3000}}, {{0x7710, 0x05f4}},
		{{0xffce, 0xf0bf}}, {{0x1600, 0x7081}}, {{0x8000, 0x0b9c}}, {{0xc012, 0x2111}},
		{{0x8000, 0xf2a2}}, {{0x149c, 0x3000}}, {{0x706f, 0xc053}}, {{0x14a0, 0x3000}},
		{{0xc051, 0xc015}}, {{0x2378, 0x3201}}, {{0x2078, 0x0000}}, {{0x782b, 0xf487}},
		{{0x14a8, 0x3000}}, {{0x2378, 0x3241}}, {{0x2078, 0x0000}}, {{0x782b, 0xf47f}},
		{{0xc013, 0x248a}}, {{0x7001, 0x1444}}, {{0x300b, 0xc04a}}, {{0x70ef, 0x70cd}},
		{{0x70ed, 0x706c}}, {{0x700c, 0x264a}}, {{0x3000, 0x20a8}}, {{0x0900, 0xc10a}},
		{{0x1102, 0x0482}}, {{0xc14a, 0x1302}}, {{0x1481, 0x0929}}, {{0x00a5, 0x264c}},
		{{0xb000, 0x264a}}, {{0x3000, 0xf215}}, {{0x7aed, 0x79cd}}, {{0x7d0d, 0x7c6d}},
		{{0x7942, 0x4cb2}}, {{0x7230, 0x27ca}}, {{0x1009, 0x26ca}}, {{0x10c9, 0xf009}},
		{{0x264c, 0xb000}}, {{0x264a, 0x3040}}, {{0x43e3, 0x20ca}}, {{0x07c1, 0x71e7}},
		{{0x7aed, 0x79cd}}, {{0x7d0d, 0x7c6d}}, {{0x7942, 0x4cb2}}, {{0x7230, 0x20ca}},
		{{0x03cb, 0x23ca}}, {{0x038b, 0x790d}}, {{0x7a6d, 0x623f}}, {{0x1600, 0x708b}},
		{{0x8000, 0x0015}}, {{0x0b35, 0x10bf}}, {{0x2f44, 0x108f}}, {{0x1600, 0x7080}},
		{{0x8000, 0x00ce}}, {{0xe812, 0xc00b}}, {{0xc312, 0x7a22}}, {{0xc043, 0xc00f}},
		{{0x41c3, 0x01b1}}, {{0x0006, 0x1c00}}, {{0x36c0, 0xc042}}, {{0xc00c, 0xc041}},
		{{0x0fc2, 0xfe2f}}, {{0x227f, 0x0140}}, {{0xc00a, 0xc112}}, {{0xc50c, 0x446b}},
		{{0x90c0, 0x2456}}, {{0x3b00, 0x20f4}}, {{0x0043, 0xd8a5}}, {{0xb805, 0x7d0c}},
		{{0x7a1b, 0x14a4}}, {{0x3000, 0x219a}}, {{0x0a14, 0x249a}}, {{0x1102, 0x7e0a}},
		{{0xc00f, 0x63db}}, {{0x784c, 0x651d}}, {{0xc00a, 0x61b9}}, {{0x643c, 0xb060}},
		{{0x2400, 0x1f80}}, {{0x8000, 0x0e4e}}, {{0xa8e0, 0xc013}}, {{0x7167, 0x234c}},
		{{0xb280, 0x2055}}, {{0x0840, 0xc053}}, {{0xc011, 0x2055}}, {{0x0840, 0x06d6}},
		{{0xffe5, 0xc051}}, {{0x40c3, 0x8000}}, {{0x0b6b, 0x8802}}, {{0x1cf8, 0x3000}},
		{{0x149c, 0x3000}}, {{0x2080, 0x0a14}}, {{0x1c9c, 0x3000}}, {{0x14a0, 0x3000}},
		{{0x2080, 0x0a14}}, {{0x1ca0, 0x3000}}, {{0xc012, 0x7104}}, {{0xc052, 0xc112}},
		{{0x14f8, 0x3000}}, {{0x7110, 0x0680}}, {{0xffee, 0xd8a5}}, {{0xc10f, 0xb806}},
		{{0x7124, 0xc14f}}, {{0xc110, 0xc14a}}, {{0xc10d, 0xc151}}, {{0x14dc, 0x3001}},
		{{0x6119, 0x1cdc}}, {{0x3040, 0x14e0}}, {{0x3001, 0x6119}}, {{0x000b, 0xffef}},
		{{0x1ce0, 0x3040}}, {{0xc00e, 0x7114}}, {{0x011a, 0xffc1}}, {{0x0121, 0xffcf}},
		{{0x0842, 0x0020}}, {{0x702c, 0xc10c}}, {{0xd8a5, 0xb805}}, {{0x7124, 0xc14c}},
		{{0x14c8, 0x3001}}, {{0x6119, 0x1cc8}}, {{0x3040, 0xc10c}}, {{0x7234, 0x14c4}},
		{{0x3001, 0x6119}}, {{0x0618, 0xffa5}}, {{0x1cc4, 0x3040}}, {{0xc014, 0x7014}},
		{{0x0948, 0x03c2}}, {{0x2480, 0x3406}}, {{0x1404, 0x341b}}, {{0xc6c6, 0x78e0}},
		{{0xc0f1, 0x706c}}, {{0x41c3, 0x9003}}, {{0xff6a, 0x42c3}}, {{0x9003, 0xe160}},
		{{0xb160, 0xb260}}, {{0xb261, 0x1e00}}, {{0x70c4, 0x9004}}, {{0x0180, 0x19c4}},
		{{0x00dc, 0x8006}}, {{0x2259, 0x0b01}}, {{0x781b, 0x7825}}, {{0xb060, 0x1600}},
		{{0x7100, 0x900e}}, {{0x0022, 0xb8a4}}, {{0x1e00, 0x7004}}, {{0x900f, 0xe022}},
		{{0x09de, 0x0140}}, {{0xca03, 0x7114}}, {{0x0800, 0x034e}}, {{0xc0d1, 0x7ee0}},
		{{0xc2e6, 0x1cfc}}, {{0xb6c8, 0xc1a6}}, {{0xc243, 0x4338}}, {{0x4708, 0xc00c}},
		{{0xc103, 0x0e12}}, {{0x0060, 0x4668}}, {{0x1203, 0x3081}}, {{0xc045, 0x7134}},
		{{0xd956, 0xf705}}, {{0xc807, 0x2045}}, {{0x0501, 0xc00d}}, {{0x70ad, 0x1f08}},
		{{0x1041, 0xc044}}, {{0xc003, 0xa726}}, {{0xa7a1, 0x0831}}, {{0x00f0, 0xa7a0}},
		{{0xc003, 0x0833}}, {{0x0070, 0x264b}}, {{0x9140, 0xc003}}, {{0x0833, 0x00b0}},
		{{0x264b, 0x9140}}, {{0xc003, 0xe898}}, {{0x264b, 0x9140}}, {{0xf21d, 0x1f10}},
		{{0x1481, 0x1f0c}}, {{0x1401, 0xf027}}, {{0x264b, 0x9140}}, {{0xf21a, 0xd828}},
		{{0xf020, 0xf21a}}, {{0x1f10, 0x1401}}, {{0x1f0c, 0x1481}}, {{0xf01b, 0xf219}},
		{{0xd826, 0xf018}}, {{0xc203, 0x41c3}}, {{0x01a8, 0x0001}}, {{0x0dd6, 0xfe2f}},
		{{0x700c, 0x8726}}, {{0xf00f, 0x1f10}}, {{0x14c1, 0x1f0c}}, {{0x1441, 0xf00b}},
		{{0xd829, 0xf008}}, {{0x1f10, 0x1441}}, {{0x1f0c, 0x14c1}}, {{0xf003, 0xd827}},
		{{0xa703, 0x783b}}, {{0x41c3, 0x9003}}, {{0xe000, 0xda40}}, {{0x7825, 0x1e00}},
		{{0x7084, 0x9004}}, {{0x00f2, 0x1800}}, {{0x0045, 0x19a7}}, {{0x035c, 0xc205}},
		{{0xc304, 0x4063}}, {{0x0a0e, 0x0020}}, {{0x41c1, 0x1600}}, {{0x708d, 0x8000}},
		{{0x0008, 0x0a66}}, {{0xfeef, 0x208a}}, {{0x080c, 0x2578}}, {{0x1080, 0x781b}},
		{{0x7204, 0x0bb7}}, {{0x3275, 0xc044}}, {{0x208a, 0x0144}}, {{0x08ab, 0x06ee}},
		{{0x706c, 0x40c3}}, {{0x0000, 0x8000}}, {{0xd907, 0xda18}}, {{0x4568, 0xc342}},
		{{0xc341, 0xc340}}, {{0x0ef6, 0xfeaf}}, {{0x4318, 0x0a3a}}, {{0xfeef, 0xd8ff}},
		{{0x700c, 0xd907}}, {{0x704c, 0x706c}}, {{0xc542, 0xc641}}, {{0x0ede, 0xfeaf}},
		{{0xc540, 0x2b40}}, {{0x3140, 0x752c}}, {{0x704c, 0xdb80}}, {{0xc542, 0xc641}},
		{{0x0eca, 0xfeaf}}, {{0xc540, 0xc204}}, {{0x2b40, 0x3200}}, {{0xd929, 0x706c}},
		{{0x1c08, 0x31c1}}, {{0xc641, 0x0eb6}}, {{0xfeaf, 0xc540}}, {{0x1200, 0x3082}},
		{{0x700c, 0xd907}}, {{0x706c, 0xc542}}, {{0xc641, 0x0ea2}}, {{0xfeaf, 0xc540}},
		{{0x700c, 0xd907}}, {{0x704c, 0x706c}}, {{0xc542, 0xc641}}, {{0x0e8e, 0xfeaf}},
		{{0xc540, 0x2b40}}, {{0x3180, 0x752c}}, {{0x704c, 0x238a}}, {{0x0004, 0xc542}},
		{{0xc641, 0x0e7a}}, {{0xfeaf, 0xc540}}, {{0xd841, 0x1c08}}, {{0x31c1, 0xc641}},
		{{0xb812, 0xd92a}}, {{0xf034, 0x706c}}, {{0x40c3, 0x0000}}, {{0x8000, 0xd907}},
		{{0xda28, 0x4568}}, {{0xc342, 0xc341}}, {{0xc340, 0x0e52}}, {{0xfeaf, 0x4318}},
		{{0x0992, 0xfeef}}, {{0xd8ff, 0x700c}}, {{0xd907, 0xda08}}, {{0x706c, 0xc542}},
		{{0xc641, 0x0e3a}}, {{0xfeaf, 0xc540}}, {{0x700c, 0xd907}}, {{0x704c, 0x706c}},
		{{0xc542, 0xc641}}, {{0x0e26, 0xfeaf}}, {{0xc540, 0x2b40}}, {{0x3180, 0x752c}},
		{{0x704c, 0x238a}}, {{0x0004, 0xc542}}, {{0xc641, 0x0e12}}, {{0xfeaf, 0xc540}},
		{{0xd841, 0xb812}}, {{0xd92b, 0x1c08}}, {{0x31c1, 0xc641}}, {{0xc204, 0x706c}},
		{{0x0dfa, 0xfeaf}}, {{0xc540, 0x700c}}, {{0xd907, 0x744c}}, {{0x706c, 0x1c08}},
		{{0x3281, 0xc641}}, {{0x0de6, 0xfeaf}}, {{0xc540, 0x0912}}, {{0xfeef, 0xd8ff}},
		{{0x700c, 0xd907}}, {{0x704c, 0x706c}}, {{0xc542, 0xc541}}, {{0x0dce, 0xfeaf}},
		{{0xc540, 0x700c}}, {{0xd907, 0x704c}}, {{0x706c, 0xc542}}, {{0xc541, 0x0dbe}},
		{{0xfeaf, 0xc540}}, {{0x0ce2, 0xfe4f}}, {{0x716c, 0x41c3}}, {{0x9003, 0xe166}},
		{{0xb160, 0xb161}}, {{0x1600, 0x7082}}, {{0x8000, 0x0008}}, {{0x68a9, 0x44cb}},
		{{0x8000, 0x0b6c}}, {{0x2278, 0x0100}}, {{0xb802, 0xe030}}, {{0x19fa, 0x8004}},
		{{0xa7a5, 0x19fc}}, {{0x80c4, 0x8c61}}, {{0x8c20, 0x0b4f}}, {{0x0044, 0x40c3}},
		{{0x8000, 0x0b9c}}, {{0xc40b, 0x88a0}}, {{0xc603, 0x0d39}}, {{0x106e, 0x2714}},
		{{0x1042, 0xc003}}, {{0x0813, 0x0070}}, {{0xd80a, 0xc003}}, {{0xe888, 0x1a1c}},
		{{0x0285, 0x750c}}, {{0xf007, 0x1a1c}}, {{0x0145, 0xf005}}, {{0xd80f, 0x1a1c}},
		{{0x0005, 0x0e11}}, {{0x1095, 0x24f4}}, {{0x104b, 0x0b09}}, {{0x11de, 0xb20e}},
		{{0x7170, 0x7124}}, {{0xf7a3, 0xc0a6}}, {{0x1404, 0x341b}}, {{0xc6c6, 0x78e0}},
		{{0xc2e6, 0x1cfc}}, {{0xb6c8, 0xc1a6}}, {{0x1600, 0x708d}}, {{0x8000, 0x0008}},
		{{0x4358, 0xc041}}, {{0xc344, 0x0831}}, {{0x0275, 0xc142}}, {{0xc001, 0x71ed}},
		{{0x46cb, 0x0000}}, {{0x5a3c, 0x2025}}, {{0x0000, 0xf033}}, {{0xf008, 0xf01c}},
		{{0xf014, 0xf019}}, {{0xf01c, 0xf021}}, {{0xf024, 0xf02b}}, {{0xdeff, 0x70ed}},
		{{0xbe08, 0xf027}}, {{0xc201, 0x41c3}}, {{0x01a4, 0x0001}}, {{0x0b36, 0xfe2f}},
		{{0x700c, 0x70cd}}, {{0x70ed, 0xf01d}}, {{0x70ed, 0x46cb}}, {{0x0000, 0xaaaa}},
		{{0xf017, 0x70ed}}, {{0x46cb, 0x0000}}, {{0xa536, 0xf013}}, {{0x70ed, 0x46cb}},
		{{0x0000, 0xb2b2}}, {{0xf00d, 0x70ed}}, {{0x46cb, 0x0000}}, {{0x8241, 0xf009}},
		{{0xd8e4, 0xb89f}}, {{0x88c1, 0x8800}}, {{0x70ed, 0xbe08}}, {{0x7e05, 0x700c}},
		{{0x0b1d, 0x3030}}, {{0xc043, 0x1600}}, {{0x7080, 0x8000}}, {{0x00e6, 0x218a}},
		{{0x0abe, 0x7014}}, {{0x20ca, 0x0041}}, {{0x780f, 0xc043}}, {{0xc001, 0x2578}},
		{{0x110d, 0xb863}}, {{0x08b7, 0x0175}}, {{0xc045, 0xc202}}, {{0xc303, 0x78cf}},
		{{0xc240, 0xc203}}, {{0x0b72, 0x03e0}}, {{0x2e41, 0x1201}}, {{0x6d17, 0xc042}},
		{{0x40c3, 0x0000}}, {{0xffff, 0x45cb}}, {{0x900f, 0xe0ca}}, {{0x4100, 0x4200}},
		{{0x4300, 0x0aa6}}, {{0x01a0, 0x1d00}}, {{0x1005, 0xd80f}}, {{0x41c1, 0x42c1}},
		{{0x43c1, 0x0a32}}, {{0x01a0, 0xc640}}, {{0x0b53, 0x3010}}, {{0xc001, 0xe83b}},
		{{0xc004, 0x41c3}}, {{0x01a5, 0x0000}}, {{0x2079, 0x0000}}, {{0x0a76, 0xfe2f}},
		{{0x78e5, 0x70ed}}, {{0x1d58, 0x9405}}, {{0xc003, 0x772c}}, {{0x2011, 0x83c0}},
		{{0x40c1, 0x20c7}}, {{0x0042, 0x7910}}, {{0x78ef, 0x4220}}, {{0x4320, 0x09f6}},
		{{0x01a0, 0xc140}}, {{0x71e5, 0x0fe5}}, {{0x9214, 0xd808}}, {{0x41c1, 0x42c1}},
		{{0x43c1, 0x09e2}}, {{0x01a0, 0xc640}}, {{0xf003, 0x1d58}}, {{0x9405, 0xc005}},
		{{0x7514, 0xc002}}, {{0x7404, 0xc042}}, {{0xf750, 0x40c3}}, {{0x900f, 0xe1ae}},
		{{0x1800, 0x0005}}, {{0x18fe, 0x8005}}, {{0xf013, 0xc001}}, {{0x084f, 0x8050}},
		{{0xf1ae, 0x1d58}}, {{0x9585, 0xf005}}, {{0xc001, 0x08e3}}, {{0x8050, 0x218a}},
		{{0x0004, 0x40c3}}, {{0x900f, 0xe1ae}}, {{0xb020, 0x18fe}}, {{0x8044, 0xc001}},
		{{0x41c3, 0x900f}}, {{0xe0c0, 0xe807}}, {{0xc002, 0x2045}}, {{0x0140, 0xb100}},
		{{0xf006, 0xc002}}, {{0xb883, 0xb100}}, {{0x1d00, 0x1005}}, {{0xc0a6, 0x1404}},
		{{0x341b, 0xc6c6}}, {{0xc2e6, 0x1cfc}}, {{0xb6c8, 0x2482}}, {{0x3802, 0xc241}},
		{{0x4528, 0xc04f}}, {{0x702c, 0xc094}}, {{0xda50, 0x4378}}, {{0xc152, 0x0fb6}},
		{{0xfdef, 0xc151}}, {{0x14c4, 0x3000}}, {{0x6d4b, 0x2079}}, {{0x0000, 0xe008}},
		{{0xc044, 0x14cc}}, {{0x3000, 0x0862}}, {{0xff6f, 0xc040}}, {{0x0a37, 0x0175}},
		{{0xc045, 0x099a}}, {{0x0040, 0x70ad}}, {{0xe818, 0x40c3}}, {{0x8000, 0x0b6c}},
		{{0x8821, 0x8840}}, {{0x71ad, 0x2208}}, {{0x8043, 0xf610}}, {{0xc000, 0x224e}},
		{{0x0041, 0x6179}}, {{0x7854, 0xe01c}}, {{0x7a3b, 0x0f6a}}, {{0xfdef, 0x702c}},
		{{0xf004, 0x71b5}}, {{0x70ad, 0xf3e7}}, {{0xc000, 0x1600}}, {{0x7081, 0x8000}},
		{{0x001d, 0x8004}}, {{0xc046, 0xc000}}, {{0x8003, 0xc04c}}, {{0xc000, 0x8002}},
		{{0xc049, 0xc001}}, {{0x7314, 0xc004}}, {{0x20ca, 0x02a1}}, {{0xc044, 0x700c}},
		{{0xc04b, 0x20ca}}, {{0x0261, 0xc04b}}, {{0x700c, 0x0917}}, {{0x003f, 0xc047}},
		{{0xc001, 0x207c}}, {{0x0080, 0x2005}}, {{0x837e, 0xf40a}}, {{0xf037, 0xc001}},
		{{0x2552, 0x1001}}, {{0x2079, 0x0040}}, {{0x782b, 0xf431}}, {{0x41c3, 0x8000}},
		{{0x0b6c, 0x8960}}, {{0xc807, 0x42c3}}, {{0x8000, 0x0b9c}}, {{0x235f, 0x050c}},
		{{0xc706, 0x8a40}}, {{0x89c1, 0xc594}}, {{0x7f05, 0x659d}}, {{0xf01b, 0x0a33}},
		{{0x00ee, 0x2b40}}, {{0x0300, 0x2705}}, {{0x100b, 0xc004}}, {{0x702c, 0x240a}},
		{{0x7000, 0x40a1}}, {{0x20a8, 0x0340}}, {{0x2305, 0x104c}}, {{0x7c9b, 0xbc91}},
		{{0xbc9c, 0xbc9f}}, {{0x9480, 0x2156}}, {{0x0801, 0x1802}}, {{0x0314, 0xe514}},
		{{0x7164, 0x0ecf}}, {{0x90e5, 0x710c}}, {{0xc047, 0x14c8}}, {{0x3000, 0xc101}},
		{{0x1600, 0x708b}}, {{0x8000, 0x0b9c}}, {{0xc050, 0x14c0}}, {{0x3000, 0xb980}},
		{{0xc142, 0xc043}}, {{0x14bc, 0x3000}}, {{0xc101, 0x1600}}, {{0x708c, 0x8000}},
		{{0x0b6c, 0xc04e}}, {{0x14b8, 0x3000}}, {{0x7334, 0x41c3}}, {{0x8000, 0x0b6c}},
		{{0xc04d, 0xc000}}, {{0x8941, 0xdb0f}}, {{0xbb08, 0x8001}}, {{0x23ca, 0x0021}},
		{{0x45cb, 0x9002}}, {{0x0000, 0xc04a}}, {{0xc807, 0xf01c}}, {{0x0b33, 0x132e}},
		{{0x2c40, 0x130f}}, {{0xc103, 0x7f65}}, {{0x7f05, 0x21f4}}, {{0x030e, 0xc107}},
		{{0x7034, 0xc10c}}, {{0x79e5, 0x793b}}, {{0x79a5, 0xb1c0}}, {{0xf209, 0xc103}},
		{{0x21f4, 0x030e}}, {{0xc106, 0x79e5}}, {{0x793b, 0x79a5}}, {{0xb1c0, 0x7185}},
		{{0x0acd, 0x8325}}, {{0xc193, 0xc00a}}, {{0x7014, 0xc000}}, {{0xc048, 0x20ca}},
		{{0x0041, 0x0d66}}, {{0x0360, 0xc048}}, {{0x0b4f, 0x3135}}, {{0x712c, 0xc005}},
		{{0xdafe, 0x7844}}, {{0x0843, 0x0091}}, {{0xc807, 0x781b}}, {{0x2005, 0x0f80}},
		{{0x9003, 0xe012}}, {{0x0b0b, 0x30b5}}, {{0x704c, 0xb040}}, {{0xf002, 0xb020}},
		{{0xc005, 0x0827}}, {{0x00f1, 0x700c}}, {{0x712c, 0x42c3}}, {{0x9004, 0x0180}},
		{{0xb98e, 0x1a00}}, {{0x0205, 0x0b0f}}, {{0x30b5, 0xb202}}, {{0x700c, 0xb201}},
		{{0xf003, 0x1a02}}, {{0x0205, 0x40c3}}, {{0x8000, 0x0b6c}}, {{0x1001, 0x0083}},
		{{0x1600, 0x708c}}, {{0x8000, 0x0b6c}}, {{0x0b2f, 0x0304}}, {{0xc000, 0x2c40}},
		{{0x1342, 0x2205}}, {{0x0f82, 0x9002}}, {{0x1f6a, 0x7894}}, {{0x900e, 0xc591}},
		{{0x7470, 0xb80a}}, {{0x7825, 0xb200}}, {{0xc003, 0x7d94}}, {{0x20f4, 0x0302}},
		{{0x7185, 0xb540}}, {{0xf7ac, 0x0dde}}, {{0xfeaf, 0xd8c8}}, {{0xc000, 0x0de6}},
		{{0xfeaf, 0x900a}}, {{0xd980, 0xc002}}, {{0xc142, 0xc101}}, {{0x7314, 0xd8d4}},
		{{0xb9a0, 0xc143}}, {{0xc102, 0x706f}}, {{0x21ca, 0x0001}}, {{0xc142, 0xf0d9}},
		{{0xc00d, 0x08ca}}, {{0xfeaf, 0x712c}}, {{0xc00a, 0x1600}}, {{0x708e, 0x8000}},
		{{0x0b6c, 0x230a}}, {{0x16c0, 0x7014}}, {{0x23ca, 0x1021}}, {{0xf0b9, 0x1600}},
		{{0x7080, 0x8000}}, {{0x0b9c, 0x2011}}, {{0x8380, 0xf2b2}}, {{0xc001, 0x0867}},
		{{0x00b5, 0xc191}}, {{0x79d4, 0x9140}}, {{0xc009, 0xdc7f}}, {{0x7c44, 0xc309}},
		{{0x6098, 0xe0ff}}, {{0xc00e, 0x23d5}}, {{0x082d, 0x7014}}, {{0x6358, 0xb100}},
		{{0xf22b, 0x0857}}, {{0x01be, 0x2054}}, {{0x0802, 0xc300}}, {{0x2e40, 0x134c}},
		{{0x7bd4, 0xb140}}, {{0x2405, 0x1f80}}, {{0x9002, 0x016a}}, {{0x9040, 0x930e}},
		{{0x2405, 0x1f81}}, {{0x9002, 0x1f6a}}, {{0x2204, 0x0f82}}, {{0x0000, 0xc3ff}},
		{{0x7812, 0xb30e}}, {{0xb80a, 0x2004}}, {{0x0f80, 0x0000}}, {{0x3c00, 0x7845}},
		{{0xf00a, 0xc003}}, {{0x0813, 0x00b1}}, {{0xc191, 0x21f4}}, {{0x0382, 0xc009}},
		{{0x79d4, 0x6058}}, {{0xb100, 0xc807}}, {{0x2e40, 0x130f}}, {{0xc107, 0x2005}},
		{{0x03c3, 0xc00c}}, {{0x2454, 0x389e}}, {{0x7034, 0x7865}}, {{0x26f4, 0x3381}},
		{{0x42c3, 0x9002}}, {{0x1e00, 0x781b}}, {{0x7845, 0xb020}}, {{0xf208, 0xc006}},
		{{0x26f4, 0x3381}}, {{0x7865, 0x781b}}, {{0x7845, 0xb020}}, {{0x265e, 0x129f}},
		{{0xc50b, 0xf051}}, {{0xc110, 0xe90c}}, {{0x0815, 0x0235}}, {{0x4300, 0x2016}},
		{{0x0381, 0x2100}}, {{0x0f81, 0x8000}}, {{0x0b9c, 0x8968}}, {{0xc101, 0x73e3}},
		{{0xb808, 0x7334}}, {{0x702c, 0xb98b}}, {{0x239f, 0x040d}}, {{0x20ca, 0x0041}},
		{{0xc10f, 0x78e5}}, {{0x781b, 0x633b}}, {{0x2300, 0x02cc}}, {{0x2480, 0x1f09}},
		{{0x8c20, 0x2005}}, {{0x0f80, 0x9002}}, {{0x016e, 0x090d}}, {{0x0071, 0x9000}},
		{{0xe89e, 0xf028}}, {{0xe818, 0x094d}}, {{0x00f1, 0x2314}}, {{0x12c1, 0xc008}},
		{{0x633b, 0x8b40}}, {{0x8000, 0x1301}}, {{0x009e, 0x8b22}}, {{0x220e, 0x0782}},
		{{0x7822, 0x0a0f}}, {{0x0005, 0xc008}}, {{0xab20, 0x8000}}, {{0xab01, 0x1c00}},
		{{0x1083, 0xf010}}, {{0x214f, 0x0040}}, {{0x0819, 0x0091}}, {{0xc008, 0x8040}},
		{{0x2314, 0x12c0}}, {{0x6078, 0x6038}}, {{0xa840, 0x8c00}}, {{0x7104, 0xac00}},
		{{0x71a5, 0xc104}}, {{0x78b0, 0x0861}}, {{0x8064, 0x4300}}, {{0x71c5, 0x40c3}},
		{{0x8000, 0x0b6c}}, {{0x8801, 0x7610}}, {{0x0686, 0xffee}}, {{0x208a, 0x0fcf}},
		{{0x41c3, 0x9003}}, {{0xe176, 0xb100}}, {{0x700c, 0x7167}}, {{0xb100, 0xc002}},
		{{0x230c, 0xb000}}, {{0x064c, 0xffe5}}, {{0x1c4c, 0x36c0}}, {{0xc007, 0xe831}},
		{{0x1600, 0x708c}}, {{0x8000, 0x0b6c}}, {{0x41c3, 0x8000}}, {{0x0b6c, 0xc807}},
		{{0x245f, 0x1503}}, {{0x89a1, 0xc106}}, {{0x1600, 0x709e}}, {{0x8000, 0x0b9c}},
		{{0xc294, 0x7905}}, {{0x627a, 0xf01b}}, {{0x0e2f, 0x332e}}, {{0x2c40, 0x1303}},
		{{0xc004, 0x7b25}}, {{0x240a, 0x7000}}, {{0x706d, 0x4758}}, {{0x20a8, 0x0340}},
		{{0x2305, 0x02c0}}, {{0x781b, 0x1702}}, {{0x350e, 0xb891}}, {{0xb89c, 0x2356}},
		{{0x180b, 0xb89f}}, {{0xb0c0, 0xe214}}, {{0x7185, 0x0dd1}}, {{0x9305, 0xc005}},
		{{0x081d, 0x0090}}, {{0xc005, 0x0829}}, {{0x00d1, 0xc807}}, {{0x781b, 0x2005}},
		{{0x0f80, 0x9003}}, {{0xe012, 0x1800}}, {{0x0105, 0xf00a}}, {{0xc807, 0x781b}},
		{{0x2005, 0x0f80}}, {{0x9003, 0xe012}}, {{0x1800, 0x0085}}, {{0x2480, 0x3802}},
		{{0x1404, 0x341b}}, {{0xc6c6, 0x78e0}}, {{0x7ee0, 0x78e0}}, {{0xc3e1, 0xc2e1}},
		{{0xc1e1, 0xc0e1}}, {{0xc0f1, 0xc1a1}}, {{0x1600, 0x7082}}, {{0x8000, 0x0012}},
		{{0x4320, 0xc184}}, {{0x080f, 0x00a4}}, {{0xc140, 0xc100}}, {{0x0d62, 0x04a0}},
		{{0x4060, 0x7487}}, {{0xc0d1, 0x7fe0}}, {{0xc0a4, 0x78e0}}, {{0x8820, 0x8841}},
		{{0x6917, 0x7fe0}}, {{0x6058, 0x78e0}}, {{0x8820, 0x8841}}, {{0x6916, 0x7fe0}},
		{{0x6058, 0x78e0}}, {{0xc0e4, 0x215f}}, {{0x0482, 0x41c3}}, {{0x8000, 0x0a82}},
		{{0x69c2, 0x708d}}, {{0x615b, 0x6229}}, {{0x8ba1, 0x62db}}, {{0x7904, 0xf00b}},
		{{0x8b40, 0x7a0b}}, {{0xf205, 0x8b41}}, {{0x792f, 0x210f}}, {{0x0081, 0x7264}},
		{{0x7185, 0x0cf1}}, {{0x9344, 0x782f}}, {{0xc4c4, 0x78e0}}, {{0xc2e6, 0x1cfc}},
		{{0xb6c8, 0xc1a4}}, {{0x70ad, 0x41a1}}, {{0xc043, 0x740c}}, {{0x0f72, 0xffef}},
		{{0xb999, 0x47cb}}, {{0x8000, 0x09a8}}, {{0x0dee, 0x0160}}, {{0x40e1, 0xd90b}},
		{{0x0972, 0x03a0}}, {{0x40e1, 0xd911}}, {{0x096a, 0x03a0}}, {{0x40e1, 0xd912}},
		{{0xdaef, 0x0f7a}}, {{0xfeaf, 0x40e1}}, {{0xd912, 0x095a}}, {{0x03a0, 0x40e1}},
		{{0xd929, 0x0952}}, {{0x03a0, 0x40e1}}, {{0x70cd, 0xd86c}}, {{0x265f, 0x1d81}},
		{{0x78ac, 0x6038}}, {{0x0e32, 0x0360}}, {{0x60f8, 0x71d5}}, {{0x71cd, 0xf5f7}},
		{{0x71a5, 0x0de9}}, {{0x9094, 0x8f0d}}, {{0x1703, 0x10cb}}, {{0x702c, 0x44cb}},
		{{0x8000, 0x0b9a}}, {{0x43c3, 0x8000}}, {{0x0ba0, 0x714c}}, {{0xac20, 0x1e00}},
		{{0x7044, 0x8000}}, {{0x0b6a, 0x0817}}, {{0x017e, 0xa3e0}}, {{0x0b0f, 0x1032}},
		{{0x714c, 0x8f16}}, {{0x2044, 0x0402}}, {{0xba24, 0x0b11}}, {{0x119f, 0x8f16}},
		{{0x2084, 0x0001}}, {{0x2841, 0x018e}}, {{0xee97, 0x2252}}, {{0x803e, 0xf415}},
		{{0x706c, 0xd86c}}, {{0x235f, 0x0d82}}, {{0x782c, 0x7174}}, {{0x716c, 0x6058}},
		{{0x671a, 0x8a03}}, {{0xb886, 0xaa03}}, {{0xf5f5, 0x7124}}, {{0x09e5, 0x8094}},
		{{0x09ea, 0x04a0}}, {{0x710c, 0x0b72}}, {{0x0100, 0x0b7a}}, {{0x0120, 0x4508}},
		{{0x4100, 0x09ae}}, {{0x03a0, 0x40a1}}, {{0xc807, 0x43c3}}, {{0x9004, 0x0082}},
		{{0x266f, 0x10c3}}, {{0x791b, 0x7965}}, {{0x1900, 0x0005}}, {{0x1bd2, 0x8045}},
		{{0x8e00, 0x8e38}}, {{0x42c3, 0x001e}}, {{0x8480, 0x43c3}}, {{0x7735, 0x9400}},
		{{0x4548, 0x2044}}, {{0x8080, 0x25ca}}, {{0x10c1, 0xe909}}, {{0x41c3, 0x0201}},
		{{0x0000, 0x0e5e}}, {{0xffef, 0xd80a}}, {{0xf01c, 0x7014}}, {{0x41c3, 0x0beb}},
		{{0xc200, 0x22ca}}, {{0x0041, 0x702c}}, {{0x0e5e, 0x0220}}, {{0x4040, 0x1600}},
		{{0x7080, 0x8000}}, {{0x000d, 0x080d}}, {{0x00be, 0xd840}}, {{0x0b3e, 0x0480}},
		{{0x702c, 0x1e00}}, {{0x70c5, 0x9004}}, {{0x00c0, 0x0e3e}}, {{0x0220, 0x40a1}},
		{{0x1600, 0x7080}}, {{0x8000, 0x000d}}, {{0x080d, 0x001e}}, {{0x1e00, 0x7045}},
		{{0x9004, 0x00c0}}, {{0x700c, 0x0bea}}, {{0xfe2f, 0xd9ff}}, {{0x40c3, 0x0000}},
		{{0x0bb8, 0x0e76}}, {{0x0220, 0x702c}}, {{0x252f, 0x9007}}, {{0x706f, 0xf210}},
		{{0x700c, 0xd907}}, {{0x704c, 0x706c}}, {{0x1c08, 0x36c0}}, {{0x1c04, 0x30c1}},
		{{0x0c7a, 0xfe6f}}, {{0x1c00, 0x36c0}}, {{0x258c, 0x1d3f}}, {{0xd880, 0xd907}},
		{{0x704c, 0x706c}}, {{0x1c08, 0x36c0}}, {{0x1c00, 0x36c0}}, {{0x0c5e, 0xfe6f}},
		{{0x1c04, 0x30c1}}, {{0x700c, 0x0bf6}}, {{0xfe6f, 0x712c}}, {{0x45cb, 0x8000}},
		{{0x0a80, 0x8d00}}, {{0xe811, 0x8e00}}, {{0x081f, 0x00df}}, {{0x0e0e, 0x0040}},
		{{0x700c, 0x0b7e}}, {{0xfe2f, 0xd9ff}}, {{0x8d00, 0xe80e}}, {{0x8e00, 0x714c}},
		{{0xb823, 0x7a06}}, {{0xf009, 0x40c3}}, {{0x001e, 0x8480}}, {{0x0d9a, 0x0220}},
		{{0x702c, 0xf042}}, {{0x704c, 0x700c}}, {{0x0f66, 0xfe6f}}, {{0xd908, 0x8d01}},
		{{0x081d, 0x0094}}, {{0x8d00, 0xe807}}, {{0x8e00, 0x714c}}, {{0xb823, 0x7a06}},
		{{0xf002, 0x704c}}, {{0x700c, 0x0f4a}}, {{0xfe6f, 0x702c}}, {{0x8d00, 0x706f}},
		{{0x704c, 0xe806}}, {{0x8e00, 0x714c}}, {{0xb823, 0x7a06}}, {{0x700c, 0x0f32}},
		{{0xfe6f, 0xd90a}}, {{0x8d00, 0xe807}}, {{0x8e00, 0x716f}}, {{0xb823, 0x2306}},
		{{0x301b, 0xd808}}, {{0x702c, 0x0f1a}}, {{0xfe6f, 0x4263}}, {{0x8d00, 0xe807}},
		{{0x8e00, 0x714c}}, {{0xb823, 0x7a06}}, {{0xf002, 0x704c}}, {{0x700c, 0x0f02}},
		{{0xfe6f, 0xd996}}, {{0x0b5e, 0x0380}}, {{0x700c, 0x0b42}}, {{0xfe6f, 0x712c}},
		{{0x0c02, 0x0080}}, {{0xc003, 0x0899}}, {{0x0031, 0x70ad}}, {{0xdeff, 0x702c}},
		{{0x42c3, 0xefff}}, {{0xffff, 0x776c}}, {{0x40e1, 0xc541}}, {{0x0bf2, 0x04e0}},
		{{0xc640, 0x0a72}}, {{0x0000, 0x712c}}, {{0x42c3, 0xfffe}}, {{0xfffd, 0x776c}},
		{{0x40e1, 0xc541}}, {{0x0bda, 0x04e0}}, {{0xc640, 0xd90b}}, {{0x08fe, 0x0320}},
		{{0x40e1, 0xd911}}, {{0x08f6, 0x0320}}, {{0x40e1, 0xd912}}, {{0x08ee, 0x0320}},
		{{0x40e1, 0xd929}}, {{0x08e6, 0x0320}}, {{0x40e1, 0x1209}}, {{0x309e, 0xf01d}},
		{{0x2532, 0x1f80}}, {{0x8000, 0x046c}}, {{0x60f8, 0x706c}}, {{0xdc6c, 0x215a}},
		{{0x0d82, 0x7c6a}}, {{0x7e7b, 0x7eb5}}, {{0x629a, 0x604a}}, {{0x663c, 0x7174}},
		{{0x716c, 0x2400}}, {{0x1f8c, 0x8000}}, {{0x0b6a, 0xac48}}, {{0xf5f0, 0x7124}},
		{{0x09db, 0x8094}}, {{0x71a5, 0x0dcd}}, {{0x97a4, 0x702c}}, {{0x08b6, 0xfecf}},
		{{0xd96e, 0xb99f}}, {{0x11c5, 0x8480}}, {{0x1901, 0x0012}}, {{0x2140, 0x0ecc}},
		{{0x1401, 0x1480}}, {{0x2140, 0x068d}}, {{0xa900, 0x1401}}, {{0x1483, 0x1405}},
		{{0x1482, 0x1401}}, {{0x1480, 0x1d01}}, {{0x10d2, 0xad40}}, {{0xa901, 0x1401}},
		{{0x1483, 0x1401}}, {{0x1482, 0x1401}}, {{0x148e, 0x1456}}, {{0x1480, 0xa962}},
		{{0xad41, 0x1cab}}, {{0x9012, 0x1401}}, {{0x1480, 0x4381}}, {{0xadc2, 0x1b59}},
		{{0x000a, 0x1401}}, {{0x1481, 0x141d}}, {{0x1482, 0x1401}}, {{0x1480, 0x6ba5}},
		{{0xad20, 0x1c36}}, {{0x1002, 0x1401}}, {{0x1480, 0x6dc5}}, {{0xae40, 0xab01}},
		{{0x1401, 0x1482}}, {{0x1411, 0x1481}}, {{0x1401, 0x1480}}, {{0xad41, 0xae21}},
		{{0x1c23, 0x1002}}, {{0x8c40, 0x8c21}}, {{0x8c02, 0xab42}}, {{0xad22, 0xae02}},
		{{0xc0a4, 0x1404}}, {{0x341b, 0xc6c6}}, {{0xc0e4, 0x40c3}}, {{0x8000, 0x0b6c}},
		{{0x41c3, 0x8000}}, {{0x042c, 0x8881}}, {{0x88c0, 0x8960}}, {{0x70ad, 0x702c}},
		{{0x700c, 0xf00e}}, {{0x0809, 0x0384}}, {{0x0c0f, 0x1005}}, {{0x2105, 0x0f82}},
		{{0x9002, 0x1f6a}}, {{0xb2a0, 0x2196}}, {{0x0010, 0x7104}}, {{0x08e9, 0x80c4}},
		{{0xc4c4, 0x78e0}}, {{0xc0e4, 0xc502}}, {{0x4468, 0x7b0f}}, {{0x20ad, 0x0a03}},
		{{0xde3f, 0x7b22}}, {{0x080b, 0x00a5}}, {{0xadc0, 0x4851}}, {{0xf008, 0x0c0b}},
		{{0x1025, 0x4891}}, {{0xf004, 0x7871}}, {{0x702c, 0xad00}}, {{0x7b6c, 0x211a}},
		{{0x0042, 0xcc11}}, {{0x1210, 0x370c}}, {{0x7b0c, 0x7a8c}}, {{0x6278, 0xc4c4}},
		{{0xdae7, 0xba9f}}, {{0x8a60, 0x4408}}, {{0x710c, 0xbbe0}}, {{0x7de0, 0xbbe1}},
		{{0x700c, 0x7de0}}, {{0x127b, 0x80c2}}, {{0xb9a0, 0x0913}}, {{0x00b1, 0x2479}},
		{{0x1000, 0x227a}}, {{0x0001, 0x7fe0}}, {{0x7824, 0x2284}}, {{0x0001, 0xba26}},
		{{0x7fe0, 0x7844}}, {{0x1600, 0x7100}}, {{0x8000, 0x0006}}, {{0x203c, 0x0f80}},
		{{0x0000, 0x0c80}}, {{0x7ee0, 0x78e0}}, {{0x216f, 0x06c3}}, {{0x1107, 0x0480}},
		{{0xb8e6, 0x700c}}, {{0x7ce0, 0x9100}}, {{0x7fe0, 0x206d}}, {{0x00c0, 0x78e0}},
		{{0xc2e6, 0xc1a3}}, {{0x4728, 0x4508}}, {{0x700c, 0x08c6}}, {{0xfe2f, 0x702c}},
		{{0x70cd, 0xed21}}, {{0x700c, 0x752c}}, {{0x0cc6, 0xfe6f}}, {{0x714c, 0x700c}},
		{{0xd925, 0x704c}}, {{0xdb86, 0xc642}}, {{0xc741, 0x0962}}, {{0xfe6f, 0xc640}},
		{{0x700c, 0xd926}}, {{0x704c, 0xdb86}}, {{0xc642, 0xc641}}, {{0x094e, 0xfe6f}},
		{{0xc640, 0x700c}}, {{0xd910, 0x0c9a}}, {{0xfe6f, 0x714c}}, {{0x08f6, 0x0380}},
		{{0xf00b, 0xbfc1}}, {{0xd880, 0xd919}}, {{0x744c, 0xdb86}}, {{0xc642, 0xc741}},
		{{0x092a, 0xfe6f}}, {{0xc640, 0x700c}}, {{0x08c2, 0xfe6f}}, {{0x712c, 0xed88}},
		{{0x40c3, 0x0000}}, {{0x7530, 0x0a92}}, {{0x0220, 0xd91e}}, {{0xc0a3, 0xc6c6}},
		{{0xc0f1, 0x0c6a}}, {{0x0020, 0x730c}}, {{0x40c3, 0x8000}}, {{0x0a80, 0x8800}},
		{{0xe80b, 0x1600}}, {{0x7080, 0x8000}}, {{0x0001, 0x080f}}, {{0x00df, 0x0abe}},
		{{0x0040, 0x710c}}, {{0xf002, 0x700c}}, {{0x0f5a, 0xffef}}, {{0xd90f, 0xc0d1}},
		{{0x7ee0, 0x78e0}}, {{0xc2e6, 0x1cfc}}, {{0xb6c8, 0xc1a4}}, {{0x4728, 0x1600}},
		{{0x7001, 0x8000}}, {{0x0ba0, 0x1600}}, {{0x708d, 0x8000}}, {{0x0062, 0x4608}},
		{{0xb8c1, 0x2078}}, {{0x0080, 0x704c}}, {{0x706c, 0x0a2e}}, {{0x01a0, 0xc043}},
		{{0x706f, 0x1e00}}, {{0x76c4, 0x9003}}, {{0xe014, 0x0c4e}}, {{0x0300, 0x700c}},
		{{0x0fde, 0xfdef}}, {{0xd9ff, 0x700c}}, {{0xb895, 0x752c}}, {{0x714c, 0x238a}},
		{{0x0004, 0x1c08}}, {{0x36c0, 0xc641}}, {{0x0882, 0xfe6f}}, {{0x1c00, 0x36c0}},
		{{0xd880, 0xb892}}, {{0xd90f, 0xda20}}, {{0x706c, 0x1c08}}, {{0x36c0, 0xc641}},
		{{0x086a, 0xfe6f}}, {{0xc740, 0x700c}}, {{0x0802, 0xfe6f}}, {{0x712c, 0x2d41}},
		{{0x11c3, 0x256d}}, {{0x1182, 0x2205}}, {{0x80fe, 0x1e00}}, {{0x7045, 0x9003}},
		{{0xe014, 0xf209}}, {{0x1600, 0x7001}}, {{0x8000, 0x0ba0}}, {{0x09ba, 0x01a0}},
		{{0xc003, 0xc0a4}}, {{0x1404, 0x341b}}, {{0xc6c6, 0x78e0}}, {{0xc0f1, 0xc1a2}},
		{{0xc807, 0xc180}}, {{0x714c, 0x1c04}}, {{0x3001, 0x08e6}}, {{0x02e0, 0x1c00}},
		{{0x3001, 0x41c3}}, {{0x0255, 0x0000}}, {{0x0976, 0xffef}}, {{0x750c, 0xc280}},
		{{0x700c, 0x0e4e}}, {{0xfdef, 0x712c}}, {{0xc0a2, 0xc0d1}}, {{0x7ee0, 0x78e0}},
		{{0xc3e2, 0x0817}}, {{0x00f0, 0xc1af}}, {{0x0815, 0x00b0}}, {{0xda5c, 0x080f}},
		{{0x0071, 0xda5b}}, {{0xf004, 0xda5d}}, {{0xf002, 0xda5a}}, {{0x244a, 0x7740}},
		{{0xba9f, 0x702c}}, {{0x20a8, 0x0240}}, {{0x2215, 0x0043}}, {{0x8b80, 0xc580}},
		{{0x7d34, 0x7124}}, {{0xb580, 0x0823}}, {{0x00f0, 0xc280}}, {{0x0825, 0x0070}},
		{{0xc280, 0x082b}}, {{0x00b0, 0xc280}}, {{0xe898, 0xc280}}, {{0xd80a, 0x41c3}},
		{{0x01d7, 0x001d}}, {{0xf00f, 0xd80a}}, {{0x41c3, 0x01dd}}, {{0x001d, 0xf00b}},
		{{0xd80a, 0x41c3}}, {{0x01d9, 0x001d}}, {{0xf005, 0xd80a}}, {{0x41c3, 0x01db}},
		{{0x001d, 0x0da2}}, {{0xfdaf, 0xdb1d}}, {{0xc7c2, 0x78e0}}, {{0xc2e6, 0x1cfc}},
		{{0xb6c8, 0xc1a1}}, {{0x4338, 0x4508}}, {{0x70cd, 0xf075}}, {{0x0d71, 0x103e}},
		{{0x740c, 0x41c3}}, {{0x00b0, 0x0001}}, {{0x08c6, 0xffef}}, {{0x42c1, 0x70ed}},
		{{0x40c3, 0x8000}}, {{0x0b6a, 0x8800}}, {{0x41c3, 0x8000}}, {{0x047c, 0x8920}},
		{{0x209f, 0x001c}}, {{0x244a, 0x7200}}, {{0xc140, 0xd907}}, {{0x7063, 0x60fb}},
		{{0x204a, 0x0000}}, {{0x20a8, 0x0280}}, {{0xc200, 0x23b2}}, {{0x008c, 0x7a0f}},
		{{0x2c00, 0x1040}}, {{0x7724, 0x7845}}, {{0x7a0f, 0x41c3}}, {{0x00b1, 0x0001}},
		{{0x087e, 0xffef}}, {{0x740c, 0xc000}}, {{0x7f16, 0x278c}}, {{0x9004, 0x07b4}},
		{{0xffcb, 0xd959}}, {{0x740c, 0x086a}}, {{0xffef, 0xb911}}, {{0x0d71, 0x107e}},
		{{0x740c, 0x41c3}}, {{0x00b3, 0x0001}}, {{0x0856, 0xffef}}, {{0x42c1, 0x70ed}},
		{{0x40c3, 0x8000}}, {{0x0b6a, 0x8800}}, {{0x41c3, 0x8000}}, {{0x047c, 0x8920}},
		{{0x209f, 0x001c}}, {{0x244a, 0x7200}}, {{0xc140, 0xd907}}, {{0x7063, 0x60fb}},
		{{0x204a, 0x0000}}, {{0x20a8, 0x0280}}, {{0xc200, 0x23b2}}, {{0x008c, 0x7a0f}},
		{{0x2c00, 0x1040}}, {{0x7724, 0x7845}}, {{0x7a0f, 0x41c3}}, {{0x00b4, 0x0001}},
		{{0x080e, 0xffef}}, {{0x740c, 0xc000}}, {{0x7f16, 0x278c}}, {{0x9004, 0x07b4}},
		{{0xffcb, 0xd9b5}}, {{0x740c, 0x0ffa}}, {{0xffaf, 0xb910}}, {{0x2356, 0x381b}},
		{{0x71c5, 0x0e1d}}, {{0x91d4, 0x7487}}, {{0x1404, 0x341b}}, {{0xc6c6, 0x78e0}},
		{{0xc2e6, 0x1cfc}}, {{0xb6c8, 0x2482}}, {{0x3302, 0x4748}}, {{0x4608, 0xc08f}},
		{{0x702c, 0xda50}}, {{0x0abe, 0xfdaf}}, {{0x4568, 0x0e2b}}, {{0x10b1, 0x750c}},
		{{0x41c3, 0x024f}}, {{0x0001, 0x0fba}}, {{0xffaf, 0x42a1}}, {{0xc08f, 0x702c}},
		{{0x08ca, 0x02e0}}, {{0x704c, 0xc28f}}, {{0x700c, 0x0c86}}, {{0xfdef, 0xd909}},
		{{0xf060, 0xc080}}, {{0x702c, 0x0a8e}}, {{0xfdaf, 0xda1c}}, {{0xc087, 0x702c}},
		{{0x0a82, 0xfdaf}}, {{0xda1c, 0x750c}}, {{0xee14, 0x41c3}}, {{0x0252, 0x0001}},
		{{0x0f7e, 0xffaf}}, {{0x42a1, 0x4fda}}, {{0x2700, 0x1f8d}}, {{0x0100, 0x0020}},
		{{0x2740, 0x1a02}}, {{0x2740, 0x198e}}, {{0x74ed, 0x710c}}, {{0xc140, 0xf01c}},
		{{0x41c3, 0x0250}}, {{0x0001, 0x0f5a}}, {{0xffaf, 0x42a1}}, {{0xd94f, 0x2740}},
		{{0x180b, 0xd809}}, {{0xdb50, 0xdc51}}, {{0x2740, 0x148d}}, {{0x2740, 0x140e}},
		{{0xdf07, 0xda4e}}, {{0xc144, 0x1c00}}, {{0x32c0, 0xc04b}}, {{0xc345, 0xc04c}},
		{{0xc446, 0xc04d}}, {{0xc641, 0xc542}}, {{0x706f, 0xc587}}, {{0xc680, 0x1c1c}},
		{{0x3041, 0x1c20}}, {{0x3241, 0xc049}}, {{0xc243, 0xc04a}}, {{0xc08f, 0x702c}},
		{{0x0a02, 0xfdaf}}, {{0xda50, 0x1604}}, {{0x1402, 0xc807}}, {{0x1504, 0x1401}},
		{{0x7845, 0xc14e}}, {{0x7a30, 0x0e5a}}, {{0x02a0, 0xc18f}}, {{0xc10e, 0x202f}},
		{{0x06c7, 0xc28f}}, {{0x0bca, 0xfdef}}, {{0x792f, 0x7167}}, {{0x0bd1, 0xb3c4}},
		{{0x2480, 0x3302}}, {{0x1404, 0x341b}}, {{0xc6c6, 0x78e0}}, {{0xc2e6, 0x45cb}},
		{{0x8000, 0x0b6c}}, {{0x8d40, 0x8d21}}, {{0x0955, 0x00a4}}, {{0xc1a2, 0x781b}},
		{{0xd9e4, 0x2044}}, {{0x0180, 0x2901}}, {{0x0000, 0xb8c1}}, {{0x260a, 0x1080}},
		{{0x2040, 0x0a8f}}, {{0xc807, 0x2a40}}, {{0x0301, 0x79e5}}, {{0x7825, 0x781b}},
		{{0xb891, 0xb89c}}, {{0xb89f, 0x9060}}, {{0x41c3, 0x029a}}, {{0x0004, 0x2353}},
		{{0x0140, 0x4468}}, {{0xc041, 0x24ad}}, {{0x1182, 0x750c}}, {{0x0e82, 0xffaf}},
		{{0xc440, 0x8d01}}, {{0x71c5, 0x7acf}}, {{0x08cd, 0x8085}}, {{0xc0a2, 0xc6c6}},
		{{0xc0f1, 0xc1b4}}, {{0xc080, 0x702c}}, {{0x095a, 0xfdaf}}, {{0xda50, 0x41c3}},
		{{0x0256, 0x0000}}, {{0x0e5a, 0xffaf}}, {{0x750c, 0xc180}}, {{0xd84e, 0x0db2}},
		{{0x02a0, 0xda09}}, {{0xc280, 0x700c}}, {{0x0b26, 0xfdef}}, {{0xd909, 0xc0b4}},
		{{0xc0d1, 0x7ee0}}, {{0x7ee0, 0x78e0}}, {{0x43c3, 0x9004}}, {{0x00e4, 0x0817}},
		{{0x0070, 0xda25}}, {{0xba9f, 0x8a20}}, {{0xe88c, 0xb320}}, {{0x7fe0, 0x1b02}},
		{{0x0005, 0x1b00}}, {{0x0005, 0x1600}}, {{0x7080, 0x8000}}, {{0x0040, 0xf004}},
		{{0xb320, 0x8a1b}}, {{0x7fe0, 0xb301}}, {{0xc2e4, 0x41c3}}, {{0x9004, 0x00e4}},
		{{0x708d, 0x43c3}}, {{0x8000, 0x0b6c}}, {{0x0821, 0x00b0}}, {{0x6942, 0xde25}},
		{{0xbe9f, 0x0831}}, {{0x0071, 0x8ea0}}, {{0xb1a0, 0xb280}}, {{0xb28b, 0x9381}},
		{{0xd9f0, 0xb380}}, {{0xb227, 0xf01b}}, {{0xb180, 0x1600}}, {{0x7081, 0x8000}},
		{{0x0040, 0xb220}}, {{0xb28b, 0x9322}}, {{0xb320, 0x1a0e}}, {{0x03c5, 0xf00f}},
		{{0xb1a0, 0x8e3b}}, {{0xb220, 0xb28b}}, {{0x9227, 0x2146}}, {{0x0441, 0xb227}},
		{{0x8ba2, 0x8b25}}, {{0xaba0, 0xab21}}, {{0xb287, 0x093e}}, {{0x0340, 0xc6c4}},
		{{0xc2e6, 0xc1a3}}, {{0x4728, 0x4508}}, {{0x700c, 0x0b76}}, {{0xfdef, 0x702c}},
		{{0x70b5, 0x70ad}}, {{0xdc2e, 0x46cb}}, {{0x9003, 0xe002}}, {{0xf210, 0xc807}},
		{{0x762c, 0xda22}}, {{0x781b, 0x7e05}}, {{0x700c, 0x746c}}, {{0x1e00, 0x1045}},
		{{0xc542, 0xc741}}, {{0x0c06, 0xfe2f}}, {{0xc440, 0xf00f}}, {{0x700c, 0x762c}},
		{{0xda22, 0x706c}}, {{0xc542, 0xc741}}, {{0x0bf2, 0xfe2f}}, {{0xc440, 0xc807}},
		{{0x781b, 0x78c5}}, {{0xb0a0, 0x700c}}, {{0x0b82, 0xfe2f}}, {{0x712c, 0xc0a3}},
		{{0xc6c6, 0x78e0}}, {{0xc2e6, 0x1cfc}}, {{0xb6c8, 0xc1aa}}, {{0x2053, 0x0042}},
		{{0x2278, 0x0082}}, {{0xc246, 0x1600}}, {{0x7082, 0x8000}}, {{0x0b6a, 0x1207}},
		{{0x360c, 0xdb6c}}, {{0xc245, 0xc206}}, {{0x7e9b, 0xdd32}}, {{0x225f, 0x0d82}},
		{{0x4338, 0x4100}}, {{0xbd9f, 0xc247}}, {{0xc205, 0x40c3}}, {{0x9004, 0x0082}},
		{{0x2042, 0x0b8f}}, {{0x7054, 0x221f}}, {{0x00cc, 0x2a40}}, {{0x011e, 0xc305}},
		{{0xc206, 0x78c5}}, {{0x25c0, 0x16e2}}, {{0x7a74, 0x2200}}, {{0x0f82, 0x8000}},
		{{0x0b24, 0xc243}}, {{0xc207, 0x8d60}}, {{0x47db, 0x0000}}, {{0x19ff, 0x645c}},
		{{0x2400, 0x1f82}}, {{0x8000, 0x09a8}}, {{0x8a4c, 0x706d}}, {{0xc248, 0x714c}},
		{{0xb040, 0x1fba}}, {{0x9055, 0x7ee5}}, {{0x9640, 0xc006}}, {{0xba88, 0x2616}},
		{{0x3000, 0x2000}}, {{0x0f80, 0x8000}}, {{0x0b48, 0xc044}}, {{0xb640, 0xc404}},
		{{0xf01e, 0x1401}}, {{0x1482, 0xca03}}, {{0x46cb, 0x9002}}, {{0x0116, 0x6ee2}},
		{{0xba0d, 0x2205}}, {{0x0f8d, 0x9002}}, {{0x0112, 0x7e45}}, {{0x7ae5, 0xe808}},
		{{0x208a, 0x0fc7}}, {{0xb500, 0xb600}}, {{0x700c, 0xf008}}, {{0x700c, 0x1d00}},
		{{0x17c4, 0x1e00}}, {{0x17c4, 0xb88c}}, {{0xb200, 0x7165}}, {{0xc003, 0x8800}},
		{{0x0bc3, 0x9024}}, {{0x69b2, 0x2344}}, {{0x0040, 0x7077}}, {{0x7d25, 0xc049}},
		{{0xf2a7, 0x71cd}}, {{0xd910, 0x40c3}}, {{0x8000, 0x09a8}}, {{0x0e56, 0x0320}},
		{{0x7e66, 0xd910}}, {{0x40c3, 0x8000}}, {{0x09a8, 0x0f76}}, {{0x01a0, 0xda41}},
		{{0xd910, 0x40c3}}, {{0x8000, 0x09a8}}, {{0x0c52, 0xfe6f}}, {{0xdaf3, 0x40c3}},
		{{0x8000, 0x09a8}}, {{0x0e2e, 0x0320}}, {{0xd90b, 0xd90b}}, {{0x40c3, 0x8000}},
		{{0x09a8, 0x0c3a}}, {{0xfe6f, 0xdaf0}}, {{0x40c3, 0x8000}}, {{0x09a8, 0x0e16}},
		{{0x0320, 0xd912}}, {{0xd912, 0x40c3}}, {{0x8000, 0x09a8}}, {{0x0f32, 0x01a0}},
		{{0xda08, 0xd912}}, {{0x40c3, 0x8000}}, {{0x09a8, 0x0c12}}, {{0xfe6f, 0xdaf8}},
		{{0x0db6, 0xfe2f}}, {{0x208a, 0x0c12}}, {{0x08fa, 0x0120}}, {{0x700c, 0x099a}},
		{{0xfdcf, 0x1203}}, {{0x3082, 0x6829}}, {{0x40c3, 0x8000}}, {{0x047e, 0xb020}},
		{{0xea0b, 0x0a42}}, {{0x0340, 0x40c3}}, {{0x0000, 0x1388}}, {{0x0bca, 0x01e0}},
		{{0xd90c, 0x0a6a}}, {{0x0340, 0xd90d}}, {{0x40c3, 0x8000}}, {{0x09a8, 0x0ee2}},
		{{0x01a0, 0xda40}}, {{0xc006, 0x08c7}}, {{0x03a1, 0xd911}}, {{0x40c3, 0x8000}},
		{{0x09a8, 0x0da2}}, {{0x0300, 0xd911}}, {{0x40c3, 0x8000}}, {{0x09a8, 0x0ec2}},
		{{0x01a0, 0xda08}}, {{0xd911, 0x40c3}}, {{0x8000, 0x09a8}}, {{0x0b9e, 0xfe6f}},
		{{0xdaef, 0xd911}}, {{0x40c3, 0x8000}}, {{0x09a8, 0x0ea6}}, {{0x01a0, 0xda20}},
		{{0x700c, 0x1600}}, {{0x7082, 0x8000}}, {{0x0b6a, 0xc042}}, {{0xc041, 0xc006}},
		{{0x712c, 0x229f}}, {{0x0b01, 0x7918}}, {{0xc006, 0xb902}}, {{0x43c3, 0xfffd}},
		{{0xffff, 0x210f}}, {{0x0000, 0xc107}}, {{0x780f, 0x77cd}}, {{0x6159, 0x2100}},
		{{0x0f81, 0x8000}}, {{0x09a8, 0x704c}}, {{0x0fa2, 0x0460}}, {{0x1c00, 0x3fc1}},
		{{0x208a, 0x041f}}, {{0x0b32, 0x01e0}}, {{0x702c, 0x40c3}}, {{0x8000, 0x09a8}},
		{{0x0f4a, 0x02a0}}, {{0xd911, 0x43c3}}, {{0xfffb, 0xdff7}}, {{0xf01b, 0xd910}},
		{{0x40c3, 0x8000}}, {{0x09a8, 0x0b26}}, {{0xfe6f, 0xdaf3}}, {{0xd910, 0x40c3}},
		{{0x8000, 0x09a8}}, {{0x0e2a, 0x01a0}}, {{0xda61, 0xd910}}, {{0x40c3, 0x8000}},
		{{0x09a8, 0x0e1e}}, {{0x01a0, 0xda80}}, {{0xf02b, 0x77cd}}, {{0x43c3, 0xfff9}},
		{{0xd7f7, 0xc005}}, {{0xc107, 0x704c}}, {{0x209f, 0x0b01}}, {{0x708d, 0xc241}},
		{{0xc640, 0x6119}}, {{0x2100, 0x0f81}}, {{0x8000, 0x09a8}}, {{0x78af, 0x0f2e}},
		{{0x0460, 0xc442}}, {{0xd910, 0x40c3}}, {{0x8000, 0x09a8}}, {{0x0ace, 0xfe6f}},
		{{0xdaf3, 0xd910}}, {{0x40c3, 0x8000}}, {{0x09a8, 0x0dd6}}, {{0x01a0, 0xda61}},
		{{0xd910, 0x40c3}}, {{0x8000, 0x09a8}}, {{0x0ab2, 0xfe6f}}, {{0xda7f, 0x1e00}},
		{{0x7045, 0x9004}}, {{0x0062, 0xc109}}, {{0xc006, 0x092b}}, {{0x0021, 0x7eaf}},
		{{0xc005, 0xda10}}, {{0x716c, 0x209f}}, {{0x0b01, 0xc045}}, {{0xc105, 0xc007}},
		{{0x6038, 0x2000}}, {{0x0f81, 0x8000}}, {{0x09a8, 0x086a}}, {{0x04a0, 0x40c1}},
		{{0xf047, 0x1600}}, {{0x7083, 0x8000}}, {{0x0b6a, 0xbdc1}}, {{0x2578, 0x1080}},
		{{0x205f, 0x0d82}}, {{0x239f, 0x0b01}}, {{0xc109, 0x710c}}, {{0x2800, 0x0041}},
		{{0x6358, 0x2000}}, {{0x0f80, 0x8000}}, {{0x09a8, 0x88b0}}, {{0xc009, 0xb902}},
		{{0x210f, 0x000f}}, {{0x700c, 0x0ffa}}, {{0xfdaf, 0xd9ff}}, {{0x0a7e, 0x0000}},
		{{0x0886, 0x0340}}, {{0xd810, 0x41a1}}, {{0x0cea, 0xfe2f}}, {{0x42c1, 0x700c}},
		{{0x742c, 0x0bee}}, {{0xfe2f, 0x714c}}, {{0x2584, 0x1282}}, {{0x2585, 0x1141}},
		{{0x7aef, 0xd810}}, {{0x0cce, 0xfe2f}}, {{0x41a1, 0x700c}}, {{0xd920, 0x0bd2}},
		{{0xfe2f, 0x714c}}, {{0x0efe, 0x00e0}}, {{0x700c, 0x082a}}, {{0x0340, 0x700c}},
		{{0x080a, 0xfe2f}}, {{0x702c, 0x700c}}, {{0x09de, 0x01e0}}, {{0xd932, 0xc103}},
		{{0xca03, 0x8920}}, {{0xe81e, 0xe915}}, {{0xc504, 0x70cd}}, {{0x1501, 0x148f}},
		{{0xd880, 0x09be}}, {{0x0360, 0x41e1}}, {{0xbf0d, 0x2705}}, {{0x1f81, 0x9002}},
		{{0x0118, 0xb100}}, {{0xc003, 0x71c5}}, {{0x8800, 0x0ee5}}, {{0x9004, 0x40c3}},
		{{0x0000, 0x1388}}, {{0x09a2, 0x01e0}}, {{0xd90c, 0x088a}}, {{0x0040, 0xf073}},
		{{0x244a, 0x7500}}, {{0x200a, 0x0040}}, {{0x20a8, 0x06c0}}, {{0x7014, 0x700c}},
		{{0xf216, 0xc304}}, {{0x224a, 0x0000}}, {{0x1301, 0x0480}}, {{0x702c, 0xb98b}},
		{{0xb80d, 0x7c3b}}, {{0x2005, 0x0f80}}, {{0x9002, 0x0118}}, {{0xb020, 0xb080}},
		{{0x7144, 0xc003}}, {{0x8820, 0x0ae5}}, {{0x8064, 0x4020}}, {{0x78e0, 0xde28}},
		{{0x4020, 0x7014}}, {{0x700c, 0xf220}}, {{0xc704, 0x706f}}, {{0x1701, 0x148d}},
		{{0xd880, 0x093e}}, {{0x0360, 0x41a1}}, {{0x2d40, 0x1341}}, {{0xb88b, 0x2105}},
		{{0x0f81, 0x9002}}, {{0x0118, 0xc145}}, {{0xb100, 0xd880}}, {{0x0922, 0x0360}},
		{{0x41a1, 0xc105}}, {{0xb88c, 0x7167}}, {{0xb100, 0xc003}}, {{0x8820, 0x0bd1}},
		{{0xb064, 0x4020}}, {{0x268c, 0x17ff}}, {{0xe921, 0x1410}}, {{0x301b, 0x70ed}},
		{{0x260a, 0x1f80}}, {{0x9002, 0x0116}}, {{0x1301, 0x3481}}, {{0x208a, 0x0fc7}},
		{{0x2940, 0x034d}}, {{0x2505, 0x1f83}}, {{0x9002, 0x0112}}, {{0x2505, 0x1382}},
		{{0xb300, 0xb200}}, {{0x08da, 0x0360}}, {{0xd880, 0x6e22}}, {{0x7d25, 0xb500}},
		{{0xc003, 0x71e5}}, {{0x8800, 0x0fd5}}, {{0x9004, 0x0f72}}, {{0x0300, 0x0fb6}},
		{{0x0000, 0x0f32}}, {{0x0300, 0x40c3}}, {{0x0000, 0x1388}}, {{0x08ba, 0x01e0}},
		{{0xd90c, 0x0f5a}}, {{0x0300, 0x40c3}}, {{0x0003, 0xd090}}, {{0x08aa, 0x01e0}},
		{{0x702c, 0x0f12}}, {{0x0300, 0xc003}}, {{0x8800, 0xe819}}, {{0xc708, 0x1410}},
		{{0x301b, 0x70cd}}, {{0x2785, 0x103e}}, {{0x1301, 0x348d}}, {{0x78ef, 0x0882}},
		{{0x0360, 0x41a1}}, {{0xbd0d, 0x2505}}, {{0x1f81, 0x9002}}, {{0x0118, 0xb100}},
		{{0xc003, 0x71c5}}, {{0x8800, 0x0ee5}}, {{0x9004, 0x40c3}}, {{0x0000, 0x1388}},
		{{0xd90c, 0x0866}}, {{0x01e0, 0x4318}}, {{0xc003, 0x8800}}, {{0xe81b, 0xc008}},
		{{0xc704, 0x264a}}, {{0x1000, 0x2085}}, {{0x003e, 0xc048}}, {{0x1701, 0x148d}},
		{{0xc008, 0x41a1}}, {{0x083a, 0x0360}}, {{0x780f, 0xbd0d}}, {{0xb888, 0x2505}},
		{{0x1f81, 0x9002}}, {{0x0118, 0xb100}}, {{0xc003, 0x71c5}}, {{0x8800, 0x0ee1}},
		{{0x9004, 0xd90c}}, {{0x0822, 0x01e0}}, {{0x4063, 0xc003}}, {{0x8800, 0xe823}},
		{{0x274a, 0x1000}}, {{0xc004, 0x1001}}, {{0x048d, 0xc044}}, {{0xd880, 0x0802}},
		{{0x0360, 0x41a1}}, {{0x2d40, 0x134e}}, {{0xb888, 0x2605}}, {{0x1f81, 0x9002}},
		{{0x0112, 0xb100}}, {{0xd880, 0x0fea}}, {{0x0320, 0x41a1}}, {{0x2605, 0x1f81}},
		{{0x9002, 0x0116}}, {{0xb888, 0xb100}}, {{0xc003, 0x71e5}}, {{0x8800, 0x0fc9}},
		{{0x9004, 0x40c3}}, {{0x0003, 0xd090}}, {{0x0fce, 0x01a0}}, {{0x702c, 0x40c3}},
		{{0x8000, 0x09a8}}, {{0x0be6, 0x02a0}}, {{0xd910, 0x0e62}}, {{0x0300, 0xc0aa}},
		{{0x1404, 0x341b}}, {{0xc6c6, 0x78e0}}, {{0xc2e6, 0x1cfc}}, {{0xb6c8, 0xc1a8}},
		{{0x46cb, 0x9004}}, {{0x00f4, 0x9600}}, {{0xd9ff, 0x47cb}}, {{0x8000, 0x0b68}},
		{{0xc046, 0x9604}}, {{0xc047, 0x1e08}}, {{0x1005, 0xb620}}, {{0x8f40, 0x40c3}},
		{{0x8000, 0x0b9b}}, {{0x224f, 0x0201}}, {{0x1e90, 0x9044}}, {{0x8800, 0x1600}},
		{{0x7081, 0x8000}}, {{0x00f4, 0x6058}}, {{0x0993, 0x0030}}, {{0x2042, 0x009e}},
		{{0xddfa, 0xbd9f}}, {{0x2542, 0x109b}}, {{0x9522, 0x13fe}}, {{0xb080, 0x9560}},
		{{0x9581, 0x1300}}, {{0x3102, 0x13ff}}, {{0xb09f, 0x13fd}}, {{0xb08b, 0xc044}},
		{{0xc141, 0x750c}}, {{0x41c3, 0x0031}}, {{0x0007, 0x1c0c}}, {{0x32c0, 0x1c08}},
		{{0x37c0, 0x0f1e}}, {{0xff6f, 0xc440}}, {{0xc807, 0x1300}}, {{0x3102, 0x43c3}},
		{{0x9007, 0xe084}}, {{0x791b, 0x2105}}, {{0x00c0, 0xb040}}, {{0x9540, 0x6b02}},
		{{0x7825, 0xb040}}, {{0x6b8c, 0x9501}}, {{0x2105, 0x0302}}, {{0xb200, 0x6b0a}},
		{{0x9542, 0x7825}}, {{0xb040, 0x13ff}}, {{0xb083, 0x2442}}, {{0x1900, 0x2105}},
		{{0x0002, 0xb260}}, {{0xe00a, 0x13fd}}, {{0xb082, 0x2105}}, {{0x0003, 0x7204}},
		{{0xb340, 0x13fe}}, {{0xb082, 0x7905}}, {{0xb140, 0x0e17}}, {{0x3013, 0x1600}},
		{{0x7081, 0x8000}}, {{0x0008, 0x8f00}}, {{0x782a, 0x2600}}, {{0x301e, 0x40c3}},
		{{0x0000, 0x2af8}}, {{0x1e00, 0x7784}}, {{0x9004, 0x0088}}, {{0x0eba, 0x01a0}},
		{{0x702c, 0xc006}}, {{0xb600, 0xc007}}, {{0xb604, 0x8f20}}, {{0x40c3, 0x8000}},
		{{0x0a80, 0x793d}}, {{0xb9a0, 0x7724}}, {{0xa821, 0xc0a8}}, {{0x1404, 0x341b}},
		{{0xc6c6, 0x78e0}}, {{0xc2e6, 0x1cfc}}, {{0xb6c8, 0x0bea}}, {{0x0420, 0xc1a1}},
		{{0xc040, 0x700c}}, {{0x0e82, 0x01a0}}, {{0xd940, 0x71cd}}, {{0x45cb, 0x9005}},
		{{0xe1f0, 0x43db}}, {{0x9004, 0x0092}}, {{0x1e00, 0x7384}}, {{0x9005, 0xe620}},
		{{0xb5c0, 0x130a}}, {{0x350f, 0xc000}}, {{0xe804, 0x1d96}}, {{0x9384, 0xf024}},
		{{0x2784, 0x1c07}}, {{0x274f, 0x1280}}, {{0x1d51, 0x901c}}, {{0x208a, 0x0a0f}},
		{{0x0e46, 0x01a0}}, {{0x702c, 0x40c3}}, {{0x000f, 0x4240}}, {{0x702c, 0x0e3a}},
		{{0x01a0, 0x1dd0}}, {{0x9384, 0xbf89}}, {{0x1381, 0x3701}}, {{0x1d96, 0x9384}},
		{{0x1dd0, 0x9005}}, {{0x1d51, 0x93dc}}, {{0xc807, 0xb9c4}}, {{0x781b, 0x2005}},
		{{0x06c2, 0xb220}}, {{0xca03, 0x41c3}}, {{0x9013, 0xe050}}, {{0x7014, 0x21c0}},
		{{0x02a2, 0x1900}}, {{0x0045, 0x7487}}, {{0x1404, 0x341b}}, {{0xc6c6, 0x78e0}},
		{{0xc2e6, 0x1cfc}}, {{0xb6c8, 0xc1ab}}, {{0xc040, 0x690a}}, {{0xc245, 0x4220}},
		{{0x47cb, 0x8000}}, {{0x0b6c, 0x0853}}, {{0x00b4, 0xc341}}, {{0x0ab9, 0x00b5}},
		{{0x700c, 0x1600}}, {{0x7100, 0x8000}}, {{0x0006, 0x208c}}, {{0x8fd8, 0x00b4}},
		{{0x002d, 0xdb41}}, {{0xca03, 0x8fc0}}, {{0xdcc1, 0x7214}}, {{0x1600, 0x708b}},
		{{0x8000, 0x0b9c}}, {{0x8f21, 0x24ca}}, {{0x10c5, 0xc301}}, {{0x42c1, 0xf008}},
		{{0x0b0b, 0x102e}}, {{0x2314, 0x0000}}, {{0xb080, 0x7144}}, {{0x7850, 0x09f5}},
		{{0x8005, 0x020b}}, {{0x0000, 0xc000}}, {{0xc188, 0x714c}}, {{0x1c24, 0x3001}},
		{{0x0e8a, 0x0060}}, {{0x1c20, 0x3001}}, {{0xc100, 0xc807}}, {{0x1701, 0x108b}},
		{{0x8fc0, 0xe12a}}, {{0x2005, 0x004f}}, {{0xf020, 0x78e5}}, {{0x781b, 0xb891}},
		{{0xb89c, 0xb89f}}, {{0xc288, 0xc501}}, {{0x9020, 0x22f4}}, {{0x0300, 0x7d94}},
		{{0xb9c5, 0x6119}}, {{0x4948, 0x2004}}, {{0x0f82, 0x0000}}, {{0xfffe, 0x706c}},
		{{0xe2ea, 0xb500}}, {{0xf785, 0x2100}}, {{0x0f83, 0x0000}}, {{0xffb6, 0xc005}},
		{{0xb560, 0x71c5}}, {{0x7894, 0xb060}}, {{0x7cd0, 0x0bc3}}, {{0x9325, 0x2c40}},
		{{0x1300, 0xf007}}, {{0x41c3, 0x027f}}, {{0x0001, 0x09fa}}, {{0xfd4f, 0xf0f8}},
		{{0xc011, 0xc312}}, {{0xd940, 0xc047}}, {{0xd880, 0xc043}}, {{0x40c3, 0x9002}},
		{{0x0020, 0xc044}}, {{0xc003, 0x7074}}, {{0x20ca, 0x0041}}, {{0xc043, 0xc004}},
		{{0x7054, 0x20c0}}, {{0x0122, 0x0876}}, {{0xfdaf, 0xc044}}, {{0x8f20, 0x2079}},
		{{0x0000, 0xe008}}, {{0xc142, 0xc046}}, {{0xc002, 0x8f21}}, {{0x7e10, 0x7630}},
		{{0x0148, 0x000d}}, {{0x1600, 0x7080}}, {{0x8000, 0x0b9c}}, {{0x2011, 0x8380}},
		{{0xf28c, 0xc007}}, {{0xe833, 0xc100}}, {{0xc807, 0x2e40}}, {{0x1302, 0x7945}},
		{{0x7905, 0xc006}}, {{0x706d, 0x42c3}}, {{0x0000, 0xffff}}, {{0x240a, 0x7000}},
		{{0x244a, 0x1000}}, {{0x20a8, 0x06c0}}, {{0x2105, 0x02c3}}, {{0x7d7b, 0xc304}},
		{{0xd840, 0x7a50}}, {{0x7ba5, 0x93a0}}, {{0x7b90, 0x2356}}, {{0x180b, 0x2504}},
		{{0x101e, 0x2553}}, {{0x114c, 0x78bd}}, {{0x2400, 0x178c}}, {{0x206c, 0x0140}},
		{{0x6098, 0x2009}}, {{0x0082, 0x2008}}, {{0x00cc, 0xc301}}, {{0x7990, 0x7850}},
		{{0x6038, 0x7bd4}}, {{0x781d, 0xb300}}, {{0xf008, 0xc002}}, {{0xc501, 0x780f}},
		{{0x0936, 0x0020}}, {{0x7dd4, 0xb500}}, {{0xc100, 0x0925}}, {{0x0070, 0x70d5}},
		{{0xc100, 0xe99a}}, {{0x0e9d, 0x1010}}, {{0x0ea1, 0x1050}}, {{0x0ea5, 0x1090}},
		{{0x0e25, 0x10d1}}, {{0x41c3, 0x8000}}, {{0x012a, 0xf011}}, {{0x43c3, 0x8000}},
		{{0x012b, 0x6b41}}, {{0x6a21, 0x22ca}}, {{0x00c1, 0x72d5}}, {{0x0e0f, 0x10f4}},
		{{0x21ca, 0x0085}}, {{0x41c3, 0x8000}}, {{0x012e, 0x1600}}, {{0x7082, 0x8000}},
		{{0x000d, 0x8920}}, {{0x140c, 0x301b}}, {{0x0a3d, 0x017e}}, {{0x2300, 0x305b}},
		{{0x0c32, 0x0060}}, {{0xc18a, 0xc100}}, {{0x2615, 0x104d}}, {{0x2500, 0x1f8d}},
		{{0x8000, 0x0474}}, {{0x0eae, 0x02e0}}, {{0x1429, 0x3080}}, {{0x0811, 0x0874}},
		{{0xc12a, 0x0911}}, {{0x001e, 0x1d00}}, {{0x1043, 0xf006}}, {{0x09fb, 0x801e}},
		{{0x1d00, 0x1003}}, {{0xc301, 0x212f}}, {{0x06c7, 0x7bd4}}, {{0x9340, 0x0a0b}},
		{{0x0064, 0x700c}}, {{0x4a30, 0xb300}}, {{0xc002, 0x7104}}, {{0xc042, 0xf166}},
		{{0x41c3, 0x8000}}, {{0x0127, 0xf1cb}}, {{0x41c3, 0x8000}}, {{0x0128, 0xf1c7}},
		{{0x41c3, 0x8000}}, {{0x0129, 0xf1c3}}, {{0x8fc0, 0x1440}}, {{0x301b, 0xf02d}},
		{{0x1600, 0x7080}}, {{0x8000, 0x0b9c}}, {{0x084d, 0x034e}}, {{0xc001, 0xc18a}},
		{{0x0bb2, 0x0060}}, {{0x20f4, 0x0340}}, {{0xca01, 0xe806}}, {{0xc08a, 0x0c1e}},
		{{0x0160, 0x4163}}, {{0x1600, 0x7080}}, {{0x8000, 0x000d}}, {{0x0819, 0x015e}},
		{{0xc000, 0x2515}}, {{0x1000, 0x2032}}, {{0x0f81, 0x8000}}, {{0x0474, 0x0bfe}},
		{{0x0160, 0xc08a}}, {{0xc005, 0x2014}}, {{0x034d, 0x0b56}}, {{0xff6f, 0xc08a}},
		{{0x8f21, 0xb500}}, {{0x71c5, 0x7dd0}}, {{0x09a9, 0x8345}}, {{0xc0ab, 0x1404}},
		{{0x341b, 0xc6c6}}, {{0xc2e6, 0xc1a4}}, {{0x2840, 0x0343}}, {{0x46cb, 0x9002}},
		{{0x0158, 0x2305}}, {{0x0381, 0x4200}}, {{0x9100, 0x2a40}}, {{0x030f, 0x204f}},
		{{0x000c, 0xb8a0}}, {{0xb180, 0xb100}}, {{0xc807, 0x6e22}}, {{0x7f05, 0x78fb}},
		{{0x7825, 0x9080}}, {{0x0c17, 0x1175}}, {{0x70ad, 0x2455}}, {{0x1d00, 0x78e5}},
		{{0x2659, 0x1acd}}, {{0x781b, 0x78a5}}, {{0x90a0, 0x2154}}, {{0x0a00, 0x7865}},
		{{0x9060, 0xca03}}, {{0xc543, 0x231f}}, {{0x0301, 0x7214}}, {{0x208a, 0x0804}},
		{{0xc442, 0x79a2}}, {{0xb906, 0x2904}}, {{0x00c3, 0x7970}}, {{0xc141, 0xd9a0}},
		{{0x20ca, 0x0045}}, {{0x4875, 0x2553}}, {{0x1140, 0x43a1}}, {{0xc040, 0x23ad}},
		{{0x0984, 0x41c3}}, {{0x027a, 0x0006}}, {{0x0a86, 0xff6f}}, {{0x740c, 0x78b0}},
		{{0xc0a4, 0xc6c6}}, {{0xc2e6, 0x1cfc}}, {{0xb6c8, 0xc1a6}}, {{0x41c3, 0x8000}},
		{{0x0b6a, 0x89e0}}, {{0xc045, 0xd832}}, {{0xb89f, 0x70f5}}, {{0x20c0, 0x06e2}},
		{{0x8820, 0xc005}}, {{0xb8c1, 0x2078}}, {{0x009b, 0x2144}}, {{0x0040, 0x0b0d}},
		{{0x3020, 0x712c}}, {{0x092a, 0x0300}}, {{0xca03, 0xe80a}}, {{0x0aae, 0xffcf}},
		{{0x40c3, 0x0000}}, {{0xc350, 0x0a52}}, {{0x01a0, 0x732c}}, {{0x46cb, 0x8000}},
		{{0x09a8, 0xd90b}}, {{0x0e66, 0x0260}}, {{0x40c1, 0xd911}}, {{0x0e5e, 0x0260}},
		{{0x40c1, 0xd912}}, {{0x0e56, 0x0260}}, {{0x40c1, 0x6f14}}, {{0x2314, 0x33c1}},
		{{0x2016, 0x06c2}}, {{0x2100, 0x0f80}}, {{0x8000, 0x0b24}}, {{0xc044, 0x2200}},
		{{0x0f80, 0x8000}}, {{0x0b48, 0x087e}}, {{0x0320, 0xc043}}, {{0xc203, 0x702c}},
		{{0x238a, 0x0004}}, {{0x0017, 0x0000}}, {{0x1201, 0x0480}}, {{0x7124, 0xb80d}},
		{{0x2005, 0x0f80}}, {{0x9002, 0x0118}}, {{0xb060, 0xc004}}, {{0x8800, 0x09ed}},
		{{0x8004, 0x40c3}}, {{0x0000, 0x1388}}, {{0x09de, 0x01a0}}, {{0xd90c, 0x087e}},
		{{0x0300, 0xc807}}, {{0x70ad, 0x781b}}, {{0x2005, 0x0f80}}, {{0x9004, 0x0082}},
		{{0xb0a0, 0x40c3}}, {{0x0000, 0x1388}}, {{0x09be, 0x01a0}}, {{0x702c, 0xd910}},
		{{0x0bb2, 0x02e0}}, {{0x40c1, 0xd910}}, {{0xdacf, 0x09c2}}, {{0xfe2f, 0x40c1}},
		{{0xd910, 0xdaff}}, {{0x09b6, 0xfe2f}}, {{0x40c1, 0x279f}}, {{0x1b01, 0x235f}},
		{{0x3d81, 0xc005}}, {{0x704c, 0x43c3}}, {{0xfffe, 0xffff}}, {{0x61f9, 0x61d9}},
		{{0xc542, 0x1c04}}, {{0x3041, 0x0de6}}, {{0x0420, 0x1c00}}, {{0x3fc1, 0x40c3}},
		{{0x0000, 0x36b0}}, {{0x0972, 0x01a0}}, {{0xd90a, 0xc004}}, {{0x8800, 0xe813}},
		{{0x704c, 0xba8c}}, {{0xc003, 0x71a5}}, {{0x1001, 0x0481}}, {{0xc043, 0xb90d}},
		{{0x2105, 0x0f80}}, {{0x9002, 0x0118}}, {{0xb040, 0xc004}}, {{0x8800, 0x0de9}},
		{{0x9004, 0xd910}}, {{0x0d66, 0x0260}}, {{0x40c1, 0xc807}}, {{0x781b, 0x2005}},
		{{0x0f80, 0x9004}}, {{0x000e, 0x9020}}, {{0x2104, 0x0f81}}, {{0x0000, 0xfeff}},
		{{0xb020, 0x08be}}, {{0x01a0, 0xd814}}, {{0xc0a6, 0x1404}}, {{0x341b, 0xc6c6}},
		{{0xc2e6, 0x1cfc}}, {{0xb6c8, 0xc1a2}}, {{0x45cb, 0x9004}}, {{0x00f4, 0x9500}},
		{{0xd9cc, 0xc040}}, {{0x9504, 0xc041}}, {{0x2004, 0x0f82}}, {{0x0000, 0xff33}},
		{{0xc000, 0xb544}}, {{0x7825, 0xb500}}, {{0x1600, 0x7080}}, {{0x8000, 0x00f4}},
		{{0x088b, 0x0030}}, {{0xd933, 0x750c}}, {{0x08c6, 0xff6f}}, {{0xb910, 0x1207}},
		{{0x360b, 0x43db}}, {{0x9006, 0x0084}}, {{0x224a, 0x0000}}, {{0x2342, 0x311f}},
		{{0x41c3, 0x8000}}, {{0x0444, 0x2a40}}, {{0x0303, 0x2305}}, {{0x02c3, 0x21f4}},
		{{0x008c, 0x7e7b}}, {{0x2605, 0x16c3}}, {{0xb380, 0x21f4}}, {{0x008c, 0x2340}},
		{{0x308f, 0x7fc5}}, {{0x2140, 0x031e}}, {{0xb780, 0x26f4}}, {{0x308c, 0x2605}},
		{{0x17cf, 0x2140}}, {{0x0403, 0xb780}}, {{0x7154, 0x6159}}, {{0x23f4, 0x0082}},
		{{0x2342, 0x3080}}, {{0x78c5, 0xb040}}, {{0x8944, 0x2742}}, {{0x3903, 0x2605}},
		{{0x10cc, 0xb440}}, {{0x4b1a, 0x8966}}, {{0x2605, 0x100c}}, {{0x6842, 0xb460}},
		{{0x8908, 0x7e45}}, {{0x714c, 0xb600}}, {{0xf5cc, 0x40c3}}, {{0x9004, 0x0084}},
		{{0x1800, 0x0005}}, {{0x1804, 0x0005}}, {{0x40c3, 0x0000}}, {{0x2af8, 0x084a}},
		{{0x01a0, 0x702c}}, {{0xc000, 0xb500}}, {{0xc001, 0xb504}}, {{0xc0a2, 0x1404}},
		{{0x341b, 0xc6c6}}, {{0xc2e6, 0x1cfc}}, {{0xb6c8, 0xc1b5}}, {{0x4628, 0xd935}},
		{{0xc051, 0xd8c8}}, {{0xb911, 0xc352}}, {{0x0806, 0xff6f}}, {{0x4748, 0x0da6}},
		{{0x0060, 0x40c1}}, {{0x0bb2, 0xfe6f}}, {{0xc048, 0x4508}}, {{0xd8c8, 0xef05}},
		{{0xd91b, 0xb912}}, {{0xf003, 0xd96b}}, {{0xb910, 0x0fe6}}, {{0xff0f, 0xc194}},
		{{0x2400, 0x3f82}}, {{0x0000, 0x004f}}, {{0x2454, 0x39c3}}, {{0x0dd6, 0x0060}},
		{{0x40e1, 0xd8c8}}, {{0xee06, 0xd973}}, {{0x0fc6, 0xff2f}}, {{0xb910, 0xf02b}},
		{{0xd96d, 0x0fbe}}, {{0xff2f, 0xb910}}, {{0x0d1d, 0x10f0}}, {{0xd971, 0x0d25}},
		{{0x1070, 0xd96f}}, {{0x0d23, 0x10b0}}, {{0xd907, 0xed96}}, {{0xd937, 0xd8c8}},
		{{0xb911, 0xf00d}}, {{0xd8c8, 0x0f9a}}, {{0xff2f, 0xb910}}, {{0x720c, 0xf00a}},
		{{0xd8c8, 0xb910}}, {{0xf003, 0xd8c8}}, {{0xb914, 0x0f86}}, {{0xff0f, 0x710c}},
		{{0xc048, 0xf009}}, {{0x700c, 0x41c3}}, {{0x0072, 0x0001}}, {{0x0c66, 0xfd2f}},
		{{0x42a1, 0xc014}}, {{0x0b22, 0xfe6f}}, {{0xc04b, 0x144f}}, {{0x3081, 0x4300}},
		{{0xc012, 0xc149}}, {{0x144e, 0x3081}}, {{0xc209, 0xc042}}, {{0xc14d, 0xc00d}},
		{{0xc240, 0xc20b}}, {{0xc041, 0x41c3}}, {{0x0074, 0x0005}}, {{0x0f42, 0xff2f}},
		{{0xd8c8, 0xd821}}, {{0xb89f, 0x10ff}}, {{0x8483, 0x8840}}, {{0x10f7, 0x808d}},
		{{0x10f8, 0x808c}}, {{0x8825, 0x1020}}, {{0x0080, 0x1c14}}, {{0x3101, 0xc142}},
		{{0xc043, 0xd8c8}}, {{0x41c3, 0x0075}}, {{0x0008, 0xc441}}, {{0xc540, 0x0f12}},
		{{0xff2f, 0x1c10}}, {{0x3281, 0xc008}}, {{0x7014, 0x00f6}}, {{0x002c, 0x218a}},
		{{0x0a14, 0xc009}}, {{0x706f, 0x790a}}, {{0xc011, 0x6038}}, {{0xc04a, 0xc00b}},
		{{0x08cb, 0x0072}}, {{0x70cd, 0xc00a}}, {{0xc04c, 0xc109}}, {{0xc00d, 0x08ad}},
		{{0x0044, 0xc00c}}, {{0xc709, 0xc04e}}, {{0x70ad, 0xc012}}, {{0x0885, 0x036e}},
		{{0xd8c8, 0x41c3}}, {{0x0076, 0x0004}}, {{0x4263, 0x43c1}}, {{0xc541, 0x0ec2}},
		{{0xff2f, 0xc740}}, {{0xc00e, 0xc04f}}, {{0x700c, 0xc050}}, {{0xc00f, 0xc410}},
		{{0x41c3, 0x0077}}, {{0x0003, 0x8861}}, {{0x1002, 0x0482}}, {{0xc04f, 0xd8c8}},
		{{0x0e9e, 0xff2f}}, {{0xc440, 0xc010}}, {{0x7104, 0xe0c0}}, {{0xc050, 0xf7b0}},
		{{0xc00f, 0x231a}}, {{0x3f81, 0x0000}}, {{0x2940, 0x9040}}, {{0xc011, 0x6038}},
		{{0x261a, 0x1f81}}, {{0x0000, 0x14a0}}, {{0x6119, 0x40e1}}, {{0x209a, 0x0a14}},
		{{0x6119, 0x40a1}}, {{0x209a, 0x0102}}, {{0x6038, 0x1083}}, {{0x008c, 0x1082}},
		{{0x00c3, 0xd8c8}}, {{0x41c3, 0x0078}}, {{0x0003, 0x0e56}}, {{0xff2f, 0xc440}},
		{{0xc00e, 0x71a5}}, {{0x2055, 0x0840}}, {{0x0d73, 0x92b4}}, {{0xc04e, 0xc00d}},
		{{0x7710, 0x0768}}, {{0xffe5, 0x71e5}}, {{0xc00b, 0x71c5}}, {{0x7610, 0xc00c}},
		{{0x2096, 0x050a}}, {{0x0746, 0xffeb}}, {{0xc04c, 0xc008}}, {{0x7167, 0x230c}},
		{{0xb000, 0xc00a}}, {{0x2096, 0x0a14}}, {{0x0726, 0xffeb}}, {{0xc04a, 0xd979}},
		{{0xd8c8, 0x0e0e}}, {{0xff2f, 0xb910}}, {{0xc0b5, 0x1404}}, {{0x341b, 0xc6c6}},
		{{0xc2e6, 0x1cfc}}, {{0xb6c8, 0x2482}}, {{0x3803, 0xc147}}, {{0xc045, 0xc007}},
		{{0x0b92, 0x0060}}, {{0xc24d, 0x41c3}}, {{0x8000, 0x0b6f}}, {{0x8920, 0x1600}},
		{{0x708b, 0x8000}}, {{0x0025, 0xc050}}, {{0x1c55, 0x3042}}, {{0xc196, 0x2400}},
		{{0x3f82, 0x0000}}, {{0x0055, 0x2400}}, {{0x3f83, 0x0000}}, {{0x0055, 0x0bc6}},
		{{0x0060, 0x710c}}, {{0xc010, 0x7014}}, {{0x01f2, 0x000c}}, {{0xc105, 0xc016}},
		{{0x7524, 0xc149}}, {{0xc105, 0xc052}}, {{0x2378, 0x10c0}}, {{0x7124, 0x7104}},
		{{0xc14a, 0x702c}}, {{0xc053, 0xc148}}, {{0xc113, 0xc012}}, {{0x2108, 0x0000}},
		{{0xc051, 0xc011}}, {{0x7014, 0x01a6}}, {{0x000c, 0xc009}}, {{0xc04b, 0xc00a}},
		{{0xc04c, 0x700c}}, {{0xc043, 0xc007}}, {{0xdaff, 0x7014}}, {{0x740c, 0xf206}},
		{{0x41c3, 0x0084}}, {{0x0003, 0xf005}}, {{0x41c3, 0x0083}}, {{0x0003, 0xc240}},
		{{0xc203, 0x0d5e}}, {{0xff2f, 0xc303}}, {{0x706f, 0xc103}}, {{0xc013, 0x213c}},
		{{0x0001, 0x2379}}, {{0x3000, 0x7825}}, {{0x7114, 0xf49d}}, {{0xc103, 0xc012}},
		{{0x213a, 0x0001}}, {{0x2379, 0x3040}}, {{0x2105, 0x803e}}, {{0xf293, 0xc197}},
		{{0x2400, 0x3f82}}, {{0x0000, 0x0057}}, {{0x2454, 0x3ac3}}, {{0x0b26, 0x0060}},
		{{0x4063, 0x1456}}, {{0x3080, 0xc054}}, {{0x1457, 0x3080}}, {{0xc044, 0xc104}},
		{{0xc014, 0x7110}}, {{0x00fe, 0x002d}}, {{0x208a, 0x0a14}}, {{0xc104, 0x790a}},
		{{0xc00b, 0x6038}}, {{0xc04e, 0xc00c}}, {{0x6038, 0xc04f}}, {{0x700c, 0xc046}},
		{{0xc106, 0xc00d}}, {{0x08b3, 0x006e}}, {{0xdba5, 0xc008}}, {{0xbb05, 0x797b}},
		{{0x790c, 0xc005}}, {{0xda84, 0x6119}}, {{0xc003, 0x786c}}, {{0x611b, 0xc104}},
		{{0x208a, 0x0a14}}, {{0x782c, 0x6319}}, {{0xc006, 0xc306}}, {{0x784c, 0x6038}},
		{{0x1080, 0x0102}}, {{0x1082, 0x00c1}}, {{0x1083, 0x0080}}, {{0xc240, 0xc204}},
		{{0xc042, 0xc141}}, {{0x41c3, 0x0082}}, {{0x0005, 0x0ca6}}, {{0xff2f, 0x740c}},
		{{0xc70e, 0xc60f}}, {{0x71ad, 0x1600}}, {{0x7080, 0x8000}}, {{0x000b, 0x082b}},
		{{0x007f, 0x244a}}, {{0x77c0, 0xc198}}, {{0x200a, 0x03c0}}, {{0x20a8, 0x0180}},
		{{0x1004, 0x0482}}, {{0x1902, 0x0094}}, {{0xc298, 0x740c}}, {{0x41c3, 0x007e}},
		{{0x001f, 0xdb1f}}, {{0xf012, 0x248a}}, {{0x7001, 0x210a}}, {{0x0380, 0xc098}},
		{{0x20a8, 0x0180}}, {{0x1102, 0x0482}}, {{0x1802, 0x0094}}, {{0xc298, 0x740c}},
		{{0x41c3, 0x007a}}, {{0x0040, 0xdb40}}, {{0x08fa, 0xfd0f}}, {{0x77e5, 0x77c5}},
		{{0x70b5, 0x77a5}}, {{0xf5d1, 0xc00e}}, {{0x2055, 0x0840}}, {{0xc04e, 0xc006}},
		{{0x7104, 0xc046}}, {{0xe08a, 0xc00f}}, {{0x2055, 0x0840}}, {{0x0734, 0xffe5}},
		{{0xc04f, 0xc104}}, {{0xc014, 0x7110}}, {{0xc004, 0x7104}}, {{0x0720, 0xffe5}},
		{{0xc044, 0x7167}}, {{0x7277, 0x06b6}}, {{0xffc5, 0xc003}}, {{0xdaa5, 0xba05}},
		{{0x7104, 0xc043}}, {{0xc00b, 0xc103}}, {{0x6058, 0xc04b}}, {{0xc011, 0x7110}},
		{{0xc00c, 0x6058}}, {{0x0672, 0xffeb}}, {{0xc04c, 0xc008}}, {{0xdaa5, 0xba06}},
		{{0x7104, 0xc048}}, {{0xc009, 0xc108}}, {{0x6058, 0xc049}}, {{0xc010, 0x7110}},
		{{0xc00a, 0x6058}}, {{0x063e, 0xffeb}}, {{0xc04a, 0x1600}}, {{0x7080, 0x8000}},
		{{0x000a, 0x081f}}, {{0x003e, 0x704c}}, {{0xc005, 0xc107}}, {{0x0b9a, 0xffef}},
		{{0xc30d, 0xc005}}, {{0xc107, 0xc30d}}, {{0x0b8e, 0xffef}}, {{0x714c, 0x700c}},
		{{0x2480, 0x3803}}, {{0x1404, 0x341b}}, {{0xc6c6, 0x78e0}}, {{0xc2e6, 0x1cfc}},
		{{0xb6c8, 0x2482}}, {{0x3a08, 0x4338}}, {{0xc187, 0x2440}}, {{0x39c2, 0x0cde}},
		{{0xfe6f, 0x4508}}, {{0x08cf, 0x0031}}, {{0xc042, 0xc08a}}, {{0x08d6, 0x0020}},
		{{0x41a1, 0xc027}}, {{0xc28a, 0x4163}}, {{0x43a1, 0x0b02}}, {{0xfe6f, 0xc043}},
		{{0xc045, 0x700c}}, {{0xc040, 0xc003}}, {{0x46a9, 0x70ed}}, {{0xc041, 0xf015}},
		{{0x8e00, 0x0823}}, {{0x06c5, 0x8e01}}, {{0x0b1b, 0x3025}}, {{0x78ef, 0xc28a}},
		{{0x4163, 0x0ada}}, {{0xfe6f, 0x43a1}}, {{0xc100, 0x090b}}, {{0x0005, 0xc040}},
		{{0xc741, 0xe610}}, {{0xe708, 0xe7bf}}, {{0xf7ec, 0x74cd}}, {{0xc642, 0xf028}},
		{{0xc001, 0x7f0f}}, {{0x66f8, 0x208b}}, {{0x8003, 0xc044}}, {{0xf410, 0xc004}},
		{{0xc28a, 0x4163}}, {{0x780f, 0x43a1}}, {{0x0aa2, 0xfe6f}}, {{0xc046, 0xc100}},
		{{0x090d, 0x0005}}, {{0xc706, 0xc040}}, {{0xc004, 0xc041}}, {{0x7fc2, 0x278b}},
		{{0x9003, 0xf40d}}, {{0x78ef, 0xc28a}}, {{0x4163, 0x0a82}}, {{0xfe6f, 0x43a1}},
		{{0xc100, 0x090b}}, {{0x0005, 0xc040}}, {{0xc741, 0x7edd}}, {{0x0eb5, 0x9095}},
		{{0xc000, 0xe811}}, {{0xc100, 0xc005}}, {{0x1d83, 0x16c2}}, {{0x7110, 0x700c}},
		{{0xc042, 0xc101}}, {{0xc003, 0x21ca}}, {{0x0001, 0xc141}}, {{0xc001, 0x1d82}},
		{{0x1002, 0xc002}}, {{0x2480, 0x3a08}}, {{0x1404, 0x341b}}, {{0xc6c6, 0x78e0}},
		{{0xc0e6, 0x248a}}, {{0x7001, 0x70ad}}, {{0x704c, 0xdc7f}}, {{0x20a8, 0x0240}},
		{{0x2016, 0x0083}}, {{0x7144, 0xb3a3}}, {{0xb382, 0xb3a1}}, {{0xb380, 0x71ad}},
		{{0x2114, 0x034e}}, {{0x8e40, 0x8e81}}, {{0x2540, 0x104b}}, {{0x0c2f, 0x10a5}},
		{{0x2114, 0x02cf}}, {{0x8f40, 0x8f81}}, {{0x0c0f, 0x10a4}}, {{0x2016, 0x034c}},
		{{0xb440, 0x8f41}}, {{0xb441, 0x16fe}}, {{0x9082, 0x16ff}}, {{0x908c, 0x0c59}},
		{{0x10a5, 0x2016}}, {{0x034c, 0x4569}}, {{0xf02b, 0x2016}}, {{0x034c, 0x7744}},
		{{0xb441, 0x16fe}}, {{0x9082, 0x8fa0}}, {{0x2240, 0x005e}}, {{0x6d41, 0x2209}},
		{{0x0782, 0xb440}}, {{0x8ea0, 0x2209}}, {{0x0342, 0x7744}}, {{0xb440, 0x8e41}},
		{{0x7144, 0xb442}}, {{0x8f41, 0x16ff}}, {{0x908f, 0x6aa9}}, {{0x6f49, 0x2208}},
		{{0x0342, 0xb443}}, {{0x8ec1, 0x7a4e}}, {{0x4569, 0x2208}}, {{0x0382, 0x7144}},
		{{0xb443, 0xf007}}, {{0xb440, 0x16ff}}, {{0x9082, 0x4569}}, {{0xb441, 0x0d75}},
		{{0x9fd4, 0x8940}}, {{0x8981, 0x0c19}}, {{0x10a5, 0x7744}}, {{0x8942, 0x8983}},
		{{0x0c37, 0x1084}}, {{0xb040, 0x8943}}, {{0xb041, 0xf017}}, {{0xb041, 0x8942}},
		{{0x7144, 0xb040}}, {{0x8980, 0x2409}}, {{0x1082, 0x7744}}, {{0xb040, 0x8941}},
		{{0x7144, 0xb042}}, {{0x8943, 0x7744}}, {{0xb043, 0x8981}}, {{0x7a4e, 0x2208}},
		{{0x0302, 0x7144}}, {{0xb043, 0x117e}}, {{0x0082, 0x117f}}, {{0x008c, 0x0c1f}},
		{{0x10a5, 0x7744}}, {{0x117c, 0x0082}}, {{0x117d, 0x008c}}, {{0x0c43, 0x1084}},
		{{0xb340, 0x117d}}, {{0x0081, 0xb321}}, {{0xf01b, 0xb341}}, {{0x117c, 0x0082}},
		{{0x7144, 0xb340}}, {{0x117e, 0x008c}}, {{0x2409, 0x1082}}, {{0x7744, 0xb340}},
		{{0x117f, 0x0082}}, {{0x7144, 0xb342}}, {{0x117d, 0x0082}}, {{0x7744, 0xb343}},
		{{0x117f, 0x008c}}, {{0x794e, 0x2108}}, {{0x0301, 0x7124}}, {{0xb323, 0x244a}},
		{{0x7f80, 0xe008}}, {{0x20a8, 0x0300}}, {{0x9020, 0x0913}}, {{0x0f81, 0x0000}},
		{{0xffff, 0xd97f}}, {{0x1802, 0x0005}}, {{0xb020, 0xe008}}, {{0xc4c6, 0x78e0}},
		{{0xc2e6, 0x1cfc}}, {{0xb6c8, 0xc1a6}}, {{0xc145, 0x1600}}, {{0x7081, 0x8000}},
		{{0x0015, 0x4318}}, {{0x208a, 0x003e}}, {{0x238a, 0x153f}}, {{0xb9e0, 0x23ca}},
		{{0x1001, 0x40c3}}, {{0x8000, 0x0b9c}}, {{0x8800, 0x41c3}}, {{0x8000, 0x0b6c}},
		{{0xc341, 0xc042}}, {{0x8901, 0xc240}}, {{0xc043, 0x8900}}, {{0xd9d4, 0x2104}},
		{{0x02c1, 0xc144}}, {{0xf055, 0xc102}}, {{0x09a5, 0x036e}}, {{0x244a, 0x7280}},
		{{0x255f, 0x128f}}, {{0x20a8, 0x0301}}, {{0x7ef0, 0x238a}}, {{0x040d, 0x7bca}},
		{{0x708d, 0x704c}}, {{0x2332, 0x0f81}}, {{0x8000, 0x6598}}, {{0xe914, 0x42c3}},
		{{0x8000, 0x631c}}, {{0x091f, 0x0070}}, {{0x634c, 0x635b}}, {{0x0919, 0x00f1}},
		{{0x8b41, 0x8b22}}, {{0xc304, 0x2202}}, {{0x031e, 0x7b22}}, {{0x0e09, 0x30c3}},
		{{0x4428, 0x4261}}, {{0x1400, 0x301f}}, {{0x1404, 0x301e}}, {{0xc300, 0xc101}},
		{{0x2714, 0x339f}}, {{0x2614, 0x339e}}, {{0x7a4f, 0x7bf4}}, {{0x79f4, 0x1f00}},
		{{0x3304, 0x1e00}}, {{0x3084, 0x9b40}}, {{0x9980, 0x645e}}, {{0x2e44, 0x109e}},
		{{0x23f4, 0x334c}}, {{0xc205, 0x7af4}}, {{0x2400, 0x178c}}, {{0xb280, 0xc201}},
		{{0x22f4, 0x03cc}}, {{0x23f4, 0x3342}}, {{0x629a, 0xb140}}, {{0xc100, 0x21f4}},
		{{0x03c2, 0x23f4}}, {{0x3341, 0x71e5}}, {{0x6159, 0xb320}}, {{0x7104, 0xc103}},
		{{0x7d10, 0x0957}}, {{0x8345, 0xc0a6}}, {{0x1404, 0x341b}}, {{0xc6c6, 0x78e0}},
		{{0xc2e2, 0xc1a1}}, {{0xdd3f, 0x1800}}, {{0x0003, 0xa9a0}}, {{0x8a61, 0x7074}},
		{{0x706c, 0xf412}}, {{0x8a63, 0x7074}}, {{0x716c, 0xf40e}}, {{0x244a, 0x7f80}},
		{{0x6a85, 0x726c}}, {{0x20a8, 0x01c0}}, {{0x1402, 0x148b}}, {{0x0b09, 0x1011}},
		{{0x7164, 0xf003}}, {{0xa860, 0x127f}}, {{0x0083, 0xeb92}}, {{0x127d, 0x0083}},
		{{0xdd3e, 0xeb8e}}, {{0x244a, 0x7f80}}, {{0xe27b, 0xdd3d}}, {{0x20a8, 0x0180}},
		{{0x12fe, 0x8483}}, {{0xeb84, 0x77a5}}, {{0x89a0, 0xf003}}, {{0xa9a0, 0x8840}},
		{{0x7baf, 0x4b54}}, {{0x0c17, 0x1333}}, {{0x700c, 0xd8c9}}, {{0x41c3, 0x019e}},
		{{0x0003, 0x0fbe}}, {{0xfeef, 0xc440}}, {{0x760c, 0x7487}}, {{0xc6c2, 0x78e0}},
		{{0x2053, 0x0142}}, {{0xb826, 0xa941}}, {{0x7fe0, 0xa900}}, {{0xc2e2, 0x45cb}},
		{{0x9004, 0x0146}}, {{0xd820, 0x0f4a}}, {{0x0120, 0x1d00}}, {{0x1045, 0x1d00}},
		{{0x1005, 0xc6c2}}, {{0xc2e6, 0x1cfc}}, {{0xb6c8, 0x45cb}}, {{0x9004, 0x01c6}},
		{{0x95c0, 0x1504}}, {{0x110b, 0x260a}}, {{0x3040, 0x4318}}, {{0x236c, 0x1101}},
		{{0x264f, 0x12cf}}, {{0x2605, 0x1f80}}, {{0x0000, 0x0c00}}, {{0xb522, 0xb5e0}},
		{{0xb500, 0x0f0e}}, {{0x0120, 0xd80a}}, {{0xb5e0, 0x1600}}, {{0x7100, 0x9006}},
		{{0x017e, 0xb8c8}}, {{0x1e00, 0x3004}}, {{0x1600, 0x7100}}, {{0x9002, 0x01c0}},
		{{0xb8c8, 0x1b00}}, {{0x3004, 0xb5c0}}, {{0x1d04, 0x12c4}}, {{0x1404, 0x341b}},
		{{0xc6c6, 0x78e0}}, {{0x40c3, 0x8000}}, {{0x0b6a, 0x8840}}, {{0x8801, 0x41c3}},
		{{0x8000, 0x0ba0}}, {{0x229f, 0x0b01}}, {{0x205f, 0x0d83}}, {{0x8100, 0x1600}},
		{{0x7081, 0x8000}}, {{0x0008, 0x6058}}, {{0x6078, 0x8803}}, {{0x7234, 0x2044}},
		{{0x0400, 0xb883}}, {{0x2078, 0x0200}}, {{0x6832, 0x781b}}, {{0x7424, 0x7204}},
		{{0x7fe0, 0x20ca}}, {{0x0041, 0x78e0}}, {{0xc2e6, 0x1cfc}}, {{0xb6c8, 0xc1aa}},
		{{0xc145, 0xc043}}, {{0x71ad, 0x700c}}, {{0xd9ff, 0xc247}}, {{0x4608, 0x1e00}},
		{{0x7344, 0x9000}}, {{0x0148, 0xc049}}, {{0x0ca6, 0xfd2f}}, {{0xc048, 0xc003}},
		{{0xd90b, 0x704c}}, {{0x7d18, 0x2553}}, {{0x1040, 0xc046}}, {{0xc041, 0x700c}},
		{{0x706c, 0xc642}}, {{0x0d46, 0xfd6f}}, {{0xc640, 0x700c}}, {{0xd9ff, 0x0892}},
		{{0xfdaf, 0x704c}}, {{0xc003, 0x6d32}}, {{0xda25, 0x210f}}, {{0x0000, 0x780f}},
		{{0xc044, 0xc404}}, {{0xc240, 0x700c}}, {{0x762c, 0xda22}}, {{0xdb40, 0xc642}},
		{{0x0d1a, 0xfd6f}}, {{0xc441, 0xc006}}, {{0xd919, 0x744c}}, {{0xc041, 0xd880}},
		{{0xdb81, 0xc642}}, {{0x0d06, 0xfd6f}}, {{0xc640, 0x700c}}, {{0x0c9e, 0xfd6f}},
		{{0x712c, 0x700c}}, {{0x0e0a, 0x0120}}, {{0xb88b, 0x40c3}}, {{0x0000, 0x9c40}},
		{{0x0e66, 0x0120}}, {{0xd908, 0xc004}}, {{0x0c0e, 0xff2f}}, {{0xd923, 0x47cb}},
		{{0x8000, 0x0b6c}}, {{0x8fa0, 0xc605}}, {{0x7eb4, 0xf010}}, {{0xc003, 0x79af}},
		{{0x0bde, 0x0060}}, {{0x4338, 0xe808}}, {{0xc203, 0x742c}}, {{0x0e5e, 0x01e0}},
		{{0x4063, 0xb600}}, {{0x72c5, 0x71a5}}, {{0x8f01, 0x08e5}}, {{0x8365, 0xd924}},
		{{0x0bd6, 0xff2f}}, {{0xc004, 0x8fc0}}, {{0xc505, 0x7dd4}}, {{0xf02a, 0xc003}},
		{{0x79cf, 0x0bae}}, {{0x0060, 0x4338}}, {{0xe822, 0xc203}}, {{0x742c, 0x0e2e}},
		{{0x01e0, 0x4063}}, {{0x9520, 0xb808}}, {{0x7825, 0xb500}}, {{0x1600, 0x7101}},
		{{0x8000, 0x0006}}, {{0x218c, 0x81c3}}, {{0xf704, 0x1d00}}, {{0x1045, 0xf005}},
		{{0x7910, 0x090d}}, {{0x0095, 0x1d00}}, {{0x1fc5, 0xf00a}}, {{0x1600, 0x7080}},
		{{0x8000, 0x0008}}, {{0xb811, 0x2805}}, {{0x0040, 0xb500}}, {{0x72a5, 0x71c5}},
		{{0x8f01, 0x08af}}, {{0x83a5, 0x700c}}, {{0x0b86, 0xfd2f}}, {{0xd9ff, 0x700c}},
		{{0xd9ff, 0x0f8e}}, {{0xfd6f, 0x704c}}, {{0xc404, 0xd828}}, {{0x70ad, 0xc040}},
		{{0x700c, 0x762c}}, {{0xda22, 0xdb40}}, {{0xc542, 0x0c22}}, {{0xfd6f, 0xc441}},
		{{0xc406, 0xd880}}, {{0xd919, 0x744c}}, {{0xdb83, 0xc542}}, {{0xc540, 0x0c0e}},
		{{0xfd6f, 0xc441}}, {{0x700c, 0x0ba6}}, {{0xfd6f, 0x712c}}, {{0x700c, 0x0d12}},
		{{0x0120, 0xb88b}}, {{0x40c3, 0x0000}}, {{0x9c40, 0x0d6e}}, {{0x0120, 0xd908}},
		{{0xc004, 0x0b16}}, {{0xff2f, 0xd926}}, {{0x8fa0, 0xc688}}, {{0x7eb4, 0xf010}},
		{{0xc003, 0x79af}}, {{0x0aea, 0x0060}}, {{0x4338, 0xe808}}, {{0xc203, 0x742c}},
		{{0x0d6a, 0x01e0}}, {{0x4063, 0xb600}}, {{0x72c5, 0x71a5}}, {{0x8f01, 0x08e5}},
		{{0x8365, 0xd927}}, {{0x0ae2, 0xff2f}}, {{0xc004, 0x8fa0}}, {{0x7ebb, 0xf038}},
		{{0xc003, 0x0abe}}, {{0x0060, 0x4338}}, {{0xe830, 0xc203}}, {{0x742c, 0x0d3e}},
		{{0x01e0, 0x4063}}, {{0xc188, 0x61d9}}, {{0x1600, 0x7103}}, {{0x8000, 0x0006}},
		{{0x9140, 0xb808}}, {{0x238c, 0x81c3}}, {{0x7845, 0xb100}}, {{0xf704, 0x1900}},
		{{0x0045, 0xf005}}, {{0x7810, 0x080f}}, {{0x0095, 0x40c3}}, {{0x0000, 0xffff}},
		{{0xf008, 0x1600}}, {{0x7082, 0x8000}}, {{0x0008, 0xba11}}, {{0x2a05, 0x0000}},
		{{0xc205, 0x62d3}}, {{0x7a10, 0xb100}}, {{0x740c, 0x41c3}}, {{0x0246, 0x0003}},
		{{0xc240, 0x0cae}}, {{0xfeef, 0x42a1}}, {{0x72c5, 0x71a5}}, {{0x8f61, 0x0b95}},
		{{0x8365, 0x79af}}, {{0x8fa0, 0xf018}}, {{0xc003, 0x0a46}}, {{0x0060, 0x79af}},
		{{0xe890, 0xc305}}, {{0xc088, 0x7bb4}}, {{0x0d0d, 0x103f}}, {{0x78b4, 0x9341}},
		{{0x9021, 0xf006}}, {{0x13fe, 0x8102}}, {{0x10fe, 0x8101}}, {{0xb340, 0xb020}},
		{{0x8f61, 0x71a5}}, {{0x0bd5, 0x8345}}, {{0xc007, 0xe82a}}, {{0x8f80, 0x0b51}},
		{{0x0324, 0xda16}}, {{0xc103, 0xba90}}, {{0xc807, 0x6aa9}}, {{0x7034, 0x2542}},
		{{0x120b, 0x755c}}, {{0x23c2, 0x1061}}, {{0x220a, 0x0f80}}, {{0x9000, 0x0000}},
		{{0xc105, 0x2440}}, {{0x381e, 0x7470}}, {{0x21f4, 0x030e}}, {{0x2c40, 0x1301}},
		{{0x7905, 0x2105}}, {{0x02cf, 0x7ffb}}, {{0x7f45, 0xb7c0}}, {{0x79a5, 0x26f4}},
		{{0x330e, 0x793b}}, {{0x7945, 0x7185}}, {{0xb1c0, 0xf7ac}}, {{0x700c, 0x09f2}},
		{{0xfd2f, 0xd9ff}}, {{0xc006, 0x706c}}, {{0xd90c, 0xc041}}, {{0x700c, 0x744c}},
		{{0x4568, 0xc342}}, {{0x0a96, 0xfd6f}}, {{0xc340, 0xdeff}}, {{0x700c, 0xd907}},
		{{0x764c, 0x706c}}, {{0xc642, 0xc541}}, {{0x0a82, 0xfd6f}}, {{0xc540, 0xc006}},
		{{0xd910, 0x744c}}, {{0xc041, 0x700c}}, {{0x706c, 0xc542}}, {{0x0a6e, 0xfd6f}},
		{{0xc540, 0xd880}}, {{0xd907, 0x764c}}, {{0x706c, 0xc642}}, {{0xc541, 0x0a5e}},
		{{0xfd6f, 0xc540}}, {{0x700c, 0x09f6}}, {{0xfd6f, 0x712c}}, {{0x0dfa, 0x0200}},
		{{0xc0aa, 0x1404}}, {{0x341b, 0xc6c6}}, {{0x1600, 0x7100}}, {{0x9004, 0x0148}},
		{{0x7ee0, 0x78e0}}, {{0xc2e2, 0x0f42}}, {{0xfdcf, 0x0f92}}, {{0xfdef, 0x4508}},
		{{0x1600, 0x7081}}, {{0x8000, 0x001c}}, {{0xe906, 0xe80c}}, {{0xed8b, 0xd87d}},
		{{0xb807, 0xf019}}, {{0xe80b, 0xed8c}}, {{0x40c3, 0x0000}}, {{0x4650, 0xf013}},
		{{0xed0a, 0x40c3}}, {{0x0000, 0x4a38}}, {{0xf00d, 0xed0a}}, {{0x40c3, 0x0000}},
		{{0x5208, 0xf009}}, {{0x40c3, 0x0000}}, {{0x2ee0, 0xf005}}, {{0x40c3, 0x0000}},
		{{0x36b0, 0x0bda}}, {{0x0120, 0x702c}}, {{0x4100, 0x7414}}, {{0x21ca, 0x012e}},
		{{0x782f, 0xc6c2}}, {{0x40c3, 0x8000}}, {{0x0ba0, 0x0699}}, {{0xfcef, 0x8000}},
		{{0xc2e6, 0x45cb}}, {{0x8000, 0x0b6a}}, {{0x8d20, 0x8d01}}, {{0x46cb, 0x8000}},
		{{0x0ba0, 0x219f}}, {{0x0b01, 0x205f}}, {{0x0d82, 0x8600}}, {{0x6038, 0x6058}},
		{{0x08e2, 0xfd2f}}, {{0x88e1, 0x8d20}}, {{0x8d81, 0x8640}}, {{0x219f, 0x0b01}},
		{{0x245f, 0x1d8d}}, {{0x2079, 0x0083}}, {{0xbf24, 0x6238}}, {{0x60b8, 0x239f}},
		{{0x0204, 0x275f}}, {{0x158c, 0x8843}}, {{0x752c, 0xbae5}}, {{0x6398, 0x21ca}},
		{{0x0121, 0x7834}}, {{0x2032, 0x0f80}}, {{0x8000, 0x0510}}, {{0xc6c6, 0x78e0}},
		{{0xc2e4, 0xc1a2}}, {{0x4628, 0xc105}}, {{0x4508, 0x0b19}}, {{0x0130, 0x740c}},
		{{0x2350, 0x000c}}, {{0x2178, 0x0000}}, {{0x7295, 0x781b}}, {{0x20c0, 0x0061}},
		{{0x780f, 0x2000}}, {{0x0f80, 0x8000}}, {{0x0118, 0x888a}}, {{0xec07, 0x8880}},
		{{0xad80, 0x8885}}, {{0xae80, 0x880a}}, {{0xaa00, 0x0d8e}}, {{0x0260, 0x4060}},
		{{0x8d80, 0xe80a}}, {{0x8e00, 0x6098}}, {{0x708d, 0x2089}}, {{0x0fc1, 0xae00}},
		{{0x1d00, 0x1003}}, {{0x8ea0, 0x8a40}}, {{0xc341, 0x740c}}, {{0x41c3, 0x01ba}},
		{{0x0004, 0xc240}}, {{0x4281, 0x0a6a}}, {{0xfeef, 0x43a1}}, {{0xc0a2, 0xc6c4}},
		{{0xc2e2, 0x71ad}}, {{0xe886, 0x0e12}}, {{0xfdcf, 0x0809}}, {{0x00d1, 0x72ad}},
		{{0x40a1, 0xc6c2}}, {{0xc0e6, 0x0819}}, {{0x00b5, 0x716d}}, {{0xdc32, 0xbc9f}},
		{{0x2079, 0x000f}}, {{0x8c00, 0x70ad}}, {{0x71cd, 0xf009}}, {{0xdc4d, 0xbc9f}},
		{{0x2079, 0x008f}}, {{0x8c00, 0x72cd}}, {{0x71ad, 0x14f3}}, {{0x908c, 0xb8c0}},
		{{0x78e7, 0xb100}}, {{0x2b00, 0x1001}}, {{0x0c13, 0x102e}}, {{0xaa20, 0x41c3}},
		{{0x8000, 0x0b6a}}, {{0x706d, 0xabc0}}, {{0xa9a0, 0x4061}}, {{0xc4c6, 0x78e0}},
		{{0xc0e2, 0x0827}}, {{0x0050, 0xe8a8}}, {{0x1600, 0x7080}}, {{0x8000, 0x0025}},
		{{0x44cb, 0x8000}}, {{0x0b6e, 0x8ca0}}, {{0x2078, 0x00c0}}, {{0x7104, 0xa100}},
		{{0xaaa0, 0x8c01}}, {{0xf017, 0x1600}}, {{0x7080, 0x8000}}, {{0x0040, 0x0811}},
		{{0x0050, 0x0813}}, {{0x00d1, 0x1900}}, {{0x0081, 0xf007}}, {{0x1900, 0x0041}},
		{{0xf003, 0x1900}}, {{0x0001, 0x40c3}}, {{0x8000, 0x0b70}}, {{0x8820, 0xaa20}},
		{{0x8801, 0xab00}}, {{0xc4c2, 0x78e0}}, {{0xc0f1, 0x7704}}, {{0x086f, 0x01f5}},
		{{0xc1a1, 0x1208}}, {{0x308c, 0x1206}}, {{0x3082, 0x1207}}, {{0x3083, 0x2025}},
		{{0x0000, 0xf008}}, {{0xf00b, 0xf010}}, {{0xf013, 0xf018}}, {{0xf01b, 0xf020}},
		{{0x700c, 0x41c3}}, {{0x009d, 0x0003}}, {{0xf01e, 0x700c}}, {{0x41c3, 0x009e}},
		{{0x0003, 0xf01a}}, {{0x700c, 0x41c3}}, {{0x009f, 0x0003}}, {{0xf014, 0x700c}},
		{{0x41c3, 0x00a0}}, {{0x0003, 0xf010}}, {{0x700c, 0x41c3}}, {{0x00a1, 0x0003}},
		{{0xf00a, 0x700c}}, {{0x41c3, 0x00a2}}, {{0x0003, 0xf006}}, {{0x700c, 0x41c3}},
		{{0x00a3, 0x0003}}, {{0x0e2e, 0xfcaf}}, {{0xc440, 0x7487}}, {{0xc0d1, 0x7ee0}},
		{{0xc2e6, 0x1cfc}}, {{0xb6c8, 0xc1b4}}, {{0x1600, 0x710c}}, {{0x8000, 0x000a}},
		{{0xc04f, 0x4528}}, {{0xc450, 0xc010}}, {{0xc34c, 0xc24d}}, {{0x781d, 0x2044}},
		{{0x8780, 0xc04b}}, {{0x700c, 0xc053}}, {{0xf206, 0xc00b}}, {{0x080d, 0x00b1}},
		{{0x710c, 0xc053}}, {{0xd810, 0xc04b}}, {{0xc010, 0xd940}}, {{0xda20, 0xb8e1}},
		{{0xc00f, 0xa821}}, {{0xa840, 0xf20f}}, {{0xcc10, 0x8d61}}, {{0x8d40, 0x1211}},
		{{0x370c, 0xc041}}, {{0xd8c8, 0x41c3}}, {{0x019b, 0x0004}}, {{0x08d2, 0xfeef}},
		{{0xc440, 0x8d01}}, {{0xc20c, 0xc30d}}, {{0xc044, 0x8d00}}, {{0xc104, 0x085e}},
		{{0xfe2f, 0xc046}}, {{0xc110, 0x091d}}, {{0x007e, 0xc045}}, {{0xc405, 0x8d61}},
		{{0x8d40, 0xd8c8}}, {{0x41c3, 0x019c}}, {{0x0003, 0x08a6}}, {{0xfeef, 0xc440}},
		{{0xc005, 0x7214}}, {{0x019e, 0x0005}}, {{0x8d00, 0xc049}}, {{0x8d01, 0xc04a}},
		{{0xc00b, 0xb822}}, {{0xc052, 0x740c}}, {{0xc047, 0x700c}}, {{0xc051, 0xc012}},
		{{0xc048, 0xc005}}, {{0xc607, 0xc106}}, {{0xc04e, 0xc006}}, {{0x661e, 0xc007}},
		{{0xbec5, 0x4915}}, {{0xc009, 0xbdc5}}, {{0x0d0f, 0x1021}}, {{0x70ed, 0xc104}},
		{{0xc00a, 0x081d}}, {{0x0040, 0xc104}}, {{0xc20c, 0xc30d}}, {{0x0fee, 0xfdef}},
		{{0x40a1, 0xc204}}, {{0xc10a, 0x090f}}, {{0x00a1, 0x4708}}, {{0xc009, 0x0e27}},
		{{0x1000, 0xc104}}, {{0xc20c, 0xc30d}}, {{0x0fd2, 0xfdef}}, {{0x40c1, 0x0f17}},
		{{0x1005, 0xc10e}}, {{0x0815, 0x0064}}, {{0x4708, 0xc106}}, {{0xc646, 0xc149}},
		{{0xf009, 0xc00e}}, {{0x0f09, 0x1005}}, {{0xc70e, 0xf005}}, {{0xc006, 0xc546}},
		{{0xc049, 0xc004}}, {{0xc607, 0xc104}}, {{0x661e, 0xc007}}, {{0xbec6, 0x4915}},
		{{0xc00a, 0xbdc6}}, {{0x0d13, 0x1021}}, {{0x706f, 0xc106}}, {{0xc009, 0x7030}},
		{{0x700c, 0xc045}}, {{0xf208, 0xc006}}, {{0xc20c, 0xc30d}}, {{0x0f7e, 0xfdef}},
		{{0x41a1, 0xc045}}, {{0xc00a, 0x0e0f}}, {{0x1001, 0xc106}}, {{0xc009, 0x0815}},
		{{0x0040, 0xc006}}, {{0xc20c, 0xc30d}}, {{0x0f62, 0xfdef}}, {{0x41c1, 0x4318}},
		{{0xc005, 0x0815}}, {{0x06c5, 0x0b17}}, {{0x33c4, 0xc004}}, {{0xc644, 0x1c14}},
		{{0x36c0, 0xf009}}, {{0xc005, 0x080b}}, {{0x03c5, 0xc745}}, {{0xf004, 0xc004}},
		{{0xc544, 0xc04a}}, {{0xc105, 0xc00e}}, {{0x0917, 0x0021}}, {{0xc512, 0xc008}},
		{{0x262f, 0xf007}}, {{0xf204, 0xc008}}, {{0x68a9, 0xf003}}, {{0x70ad, 0xc010}},
		{{0x0825, 0x007e}}, {{0x78af, 0xc043}}, {{0xc007, 0xc204}}, {{0xc306, 0xc042}},
		{{0xc005, 0xc240}}, {{0xc211, 0xc041}}, {{0x41c3, 0x019d}}, {{0x0006, 0x0f62}},
		{{0xfeaf, 0xd8c8}}, {{0xc00f, 0x8820}}, {{0xc006, 0x0919}}, {{0x0021, 0x262f}},
		{{0xf347, 0xf20b}}, {{0xc00f, 0x8821}}, {{0xc004, 0x092d}}, {{0x0001, 0xf005}},
		{{0x262f, 0xf347}}, {{0xf410, 0xc007}}, {{0x202f, 0x8001}}, {{0xc047, 0xc012}},
		{{0x751c, 0xc007}}, {{0x20ca, 0x0061}}, {{0xc047, 0xf406}}, {{0xc013, 0xc548}},
		{{0xe803, 0xf011}}, {{0xc548, 0xc104}}, {{0xc00f, 0xa821}}, {{0xc011, 0x7104}},
		{{0xc051, 0xc111}}, {{0xc00b, 0x7110}}, {{0xc106, 0xc00f}}, {{0x0686, 0xffe5}},
		{{0xa820, 0xc005}}, {{0xc0b4, 0x1404}}, {{0x341b, 0xc6c6}}, {{0xc0e2, 0x40c3}},
		{{0x8000, 0x0b6c}}, {{0x8840, 0x88a1}}, {{0x2a40, 0x0341}}, {{0xf012, 0x2105}},
		{{0x0f8c, 0x9002}}, {{0x0154, 0x9460}}, {{0x4b48, 0x208b}}, {{0x800f, 0xf206}},
		{{0x2342, 0x0800}}, {{0x2080, 0x0010}}, {{0xb400, 0x2196}}, {{0x0010, 0x7144}},
		{{0x0ddf, 0x9085}}, {{0xc4c2, 0x78e0}}, {{0xd808, 0x704c}}, {{0x204f, 0x04c0}},
		{{0x2615, 0x7081}}, {{0x8000, 0x043c}}, {{0x7154, 0x714c}}, {{0xa100, 0xf5fa}},
		{{0x7ee0, 0x78e0}}, {{0x716c, 0x4100}}, {{0x228a, 0x0fc3}}, {{0x7274, 0xa95f}},
		{{0xa95b, 0xa944}}, {{0xa940, 0x6079}}, {{0x726c, 0xf7ba}}, {{0x7ee0, 0x78e0}},
		{{0xc2e6, 0x1cfc}}, {{0xb6c8, 0xc1ab}}, {{0xc043, 0xc703}}, {{0xc144, 0x208a}},
		{{0x0008, 0x671f}}, {{0xc004, 0x702c}}, {{0x4668, 0x0856}}, {{0xfe2f, 0x4548}},
		{{0xc045, 0xc003}}, {{0x702c, 0x094e}}, {{0xfcaf, 0x228a}}, {{0x0388, 0xc003}},
		{{0x2579, 0x101b}}, {{0xe691, 0xe010}}, {{0x70ad, 0x71cd}}, {{0x2340, 0x321b}},
		{{0xc046, 0xf4f9}}, {{0x1600, 0x7080}}, {{0x8000, 0x0102}}, {{0xd962, 0xafac}},
		{{0xc048, 0xd864}}, {{0xb7a4, 0xb7c3}}, {{0x1f0a, 0x16c2}}, {{0xb721, 0x0fc6}},
		{{0x01a0, 0xb702}}, {{0x9723, 0xc004}}, {{0xc203, 0xc306}}, {{0xafcd, 0xc542}},
		{{0xc641, 0x0832}}, {{0xff6f, 0xc540}}, {{0xc203, 0xc303}}, {{0x9724, 0xc004}},
		{{0xe208, 0xe318}}, {{0xc542, 0xc641}}, {{0x081a, 0xff6f}}, {{0xc540, 0x1600}},
		{{0x708d, 0x8000}}, {{0x0b6c, 0xf025}}, {{0xc603, 0x7e34}}, {{0x9600, 0x0fe2}},
		{{0xfdef, 0xc189}}, {{0x9604, 0x0fda}}, {{0xfdef, 0xc18a}}, {{0xc02a, 0xc229}},
		{{0x7210, 0xf7cc}}, {{0x712c, 0x7906}}, {{0x0e92, 0x00a0}}, {{0xc089, 0x0df2}},
		{{0xfeaf, 0xc089}}, {{0xb600, 0xf00c}}, {{0xf74a, 0x712c}}, {{0x7946, 0x0e7e}},
		{{0x00a0, 0xc08a}}, {{0x0dda, 0xfeaf}}, {{0xc08a, 0xb604}}, {{0x71a5, 0x40c3}},
		{{0x8000, 0x0b6c}}, {{0x8801, 0x79b0}}, {{0x08b1, 0x8045}}, {{0x1600, 0x7080}},
		{{0x8000, 0x00e4}}, {{0xe888, 0x1600}}, {{0x7080, 0x8000}}, {{0x00e6, 0x7014}},
		{{0x0202, 0x0001}}, {{0xc003, 0x2080}}, {{0x02c8, 0x1800}}, {{0x01c3, 0xc008}},
		{{0x0825, 0x005e}}, {{0xc503, 0x0922}}, {{0xfdef, 0x2580}}, {{0x1008, 0x0819}},
		{{0x00f1, 0xad00}}, {{0xc807, 0x781b}}, {{0x2005, 0x0f80}}, {{0x9003, 0xe012}},
		{{0x1800, 0x0005}}, {{0x1600, 0x7080}}, {{0x8000, 0x0b6c}}, {{0xc047, 0xc005}},
		{{0xe010, 0xc046}}, {{0xc005, 0xe012}}, {{0xc045, 0xf06a}}, {{0x70cd, 0xc044}},
		{{0xf061, 0xc204}}, {{0x255f, 0x1503}}, {{0x2e40, 0x120c}}, {{0x7a85, 0xc403}},
		{{0xc807, 0x41c3}}, {{0x9002, 0x0000}}, {{0x647c, 0xc305}}, {{0x7845, 0xc206}},
		{{0x7b05, 0x7b7b}}, {{0x7b25, 0x9360}}, {{0x7a05, 0x7cd4}}, {{0x7a5b, 0x7945}},
		{{0xb470, 0x9140}}, {{0xc108, 0x0979}}, {{0x007e, 0x1c70}}, {{0x1084, 0x8f20}},
		{{0x096d, 0x00f1}}, {{0x43a9, 0x791b}}, {{0x40c3, 0x9002}}, {{0x009c, 0x239f}},
		{{0x1401, 0x2105}}, {{0x0003, 0x2040}}, {{0x009b, 0x9340}}, {{0xc003, 0x2105}},
		{{0x06de, 0x7267}}, {{0x7061, 0x2016}}, {{0x038b, 0x1bc0}}, {{0x1084, 0x1600}},
		{{0x3100, 0x2105}}, {{0x06df, 0x1bc2}}, {{0x1004, 0x1700}}, {{0x311f, 0x2340}},
		{{0x3080, 0x7825}}, {{0x1bc4, 0x17c4}}, {{0x9020, 0x2700}}, {{0x3080, 0x781d}},
		{{0x1bc6, 0x1044}}, {{0xb300, 0x13c2}}, {{0x1101, 0x13c6}}, {{0x1100, 0x6038}},
		{{0x781d, 0x1e00}}, {{0x3004, 0x9470}}, {{0x1470, 0x1102}}, {{0xc341, 0x740c}},
		{{0x41c3, 0x015e}}, {{0x0004, 0xc240}}, {{0x42a1, 0x0c76}}, {{0xfeaf, 0x43c1}},
		{{0x71c5, 0x0e43}}, {{0x9254, 0xc007}}, {{0x7104, 0xc047}}, {{0x40c3, 0x8000}},
		{{0x0b6c, 0x8821}}, {{0xc007, 0x7d10}}, {{0x0925, 0x8365}}, {{0x2d40, 0x1300}},
		{{0xf065, 0xda5e}}, {{0xd960, 0xd8ff}}, {{0x1f0b, 0x1083}}, {{0x1f06, 0x1085}},
		{{0xb741, 0xb722}}, {{0x0836, 0xfdef}}, {{0xb704, 0x7014}}, {{0x23ca, 0x32a2}},
		{{0x9723, 0x1f0a}}, {{0x16c2, 0xaf0c}}, {{0xc004, 0xc203}}, {{0xc306, 0xc542}},
		{{0xc641, 0x0e42}}, {{0xff2f, 0xc540}}, {{0xc005, 0x1600}}, {{0x709b, 0x8000}},
		{{0x0b6c, 0xe028}}, {{0xc047, 0xc005}}, {{0xe026, 0xc046}}, {{0xf035, 0x265f}},
		{{0x1501, 0xc045}}, {{0xc703, 0xc205}}, {{0xc006, 0x673f}}, {{0x70ad, 0x7845}},
		{{0xe720, 0xc544}}, {{0xc048, 0xc204}}, {{0xc108, 0xc807}}, {{0x43a1, 0x7945}},
		{{0x7825, 0x781b}}, {{0xb891, 0xb89c}}, {{0xb89f, 0x9040}}, {{0x740c, 0x41c3}},
		{{0x015f, 0x0003}}, {{0x1f02, 0x1094}}, {{0xc240, 0x0bc6}}, {{0xfeaf, 0x42c1}},
		{{0xc004, 0x71a5}}, {{0x2056, 0x0800}}, {{0x0dcf, 0x9274}}, {{0xc044, 0xc205}},
		{{0xc107, 0xc807}}, {{0x7167, 0x7945}}, {{0x7825, 0x781b}}, {{0xb891, 0xb89c}},
		{{0xb89f, 0x9000}}, {{0xb700, 0x40c3}}, {{0x8000, 0x0b6c}}, {{0x8801, 0x262f}},
		{{0x16c8, 0x088f}}, {{0x83a5, 0x2e40}}, {{0x1300, 0xc0ab}}, {{0x1404, 0x341b}},
		{{0xc6c6, 0xc003}}, {{0x2080, 0x02c8}}, {{0x1800, 0x0103}}, {{0xf101, 0x78e0}},
		{{0xc0e6, 0x2840}}, {{0x024e, 0x44cb}}, {{0x900e, 0x0048}}, {{0x2605, 0x130f}},
		{{0x7285, 0xb720}}, {{0x2605, 0x130f}}, {{0x7285, 0xb740}}, {{0x2605, 0x130f}},
		{{0x7285, 0xc503}}, {{0xb720, 0x2605}}, {{0x130f, 0x6c22}}, {{0xb740, 0x2605}},
		{{0x1042, 0x7224}}, {{0xb260, 0x2605}}, {{0x1042, 0x7224}}, {{0xb2a0, 0x6942}},
		{{0x2605, 0x104c}}, {{0x7e45, 0xb460}}, {{0x080d, 0x03f1}}, {{0xb6a0, 0x208a}},
		{{0x0fc7, 0xf006}}, {{0x1274, 0x0101}}, {{0x210f, 0x0000}}, {{0x1a74, 0x0004}},
		{{0xc4c6, 0x78e0}}, {{0x44cb, 0x900e}}, {{0x00c2, 0x1c02}}, {{0x1014, 0xb420}},
		{{0xb441, 0x7fe0}}, {{0xb462, 0x78e0}}, {{0xc0f1, 0x0be2}}, {{0x00a0, 0x208a}},
		{{0x041f, 0x7910}}, {{0x700c, 0x0cda}}, {{0xfd2f, 0x704c}}, {{0xc0d1, 0x7ee0}},
		{{0xc2e4, 0xc1a3}}, {{0x4608, 0xd841}}, {{0x706c, 0xb813}}, {{0xd907, 0x744c}},
		{{0x4568, 0xc342}}, {{0xc341, 0x0966}}, {{0xfd2f, 0xc340}}, {{0x0ca6, 0xfd2f}},
		{{0xd8ff, 0xd907}}, {{0x744c, 0x706c}}, {{0x40c1, 0xc542}}, {{0xc541, 0x094e}},
		{{0xfd2f, 0xc540}}, {{0x0c76, 0xfd2f}}, {{0xd8ff, 0xd907}}, {{0x744c, 0x706c}},
		{{0x40c1, 0xc542}}, {{0xc541, 0x0936}}, {{0xfd2f, 0xc540}}, {{0xd880, 0xb893}},
		{{0xd907, 0x744c}}, {{0x706c, 0xc542}}, {{0xc541, 0x0922}}, {{0xfd2f, 0xc540}},
		{{0xc0a3, 0xc6c4}}, {{0x42c3, 0x8000}}, {{0x0b6f, 0x8a40}}, {{0x1600, 0x708c}},
		{{0x8000, 0x0101}}, {{0x2144, 0x0043}}, {{0x223c, 0x0041}}, {{0x7834, 0x2411}},
		{{0x9000, 0x23d2}}, {{0x0021, 0x7fe0}}, {{0x4060, 0x78e0}}, {{0xc2e4, 0x4528}},
		{{0x0fd6, 0xffef}}, {{0x4608, 0x712c}}, {{0xe892, 0x40c1}}, {{0x0fca, 0xffef}},
		{{0x41a1, 0x702c}}, {{0xe88c, 0x40c3}}, {{0x8000, 0x0b6f}}, {{0x8800, 0x41c1}},
		{{0x0a4a, 0x0060}}, {{0x203c, 0x0340}}, {{0x2079, 0x0001}}, {{0x4020, 0xc6c4}},
		{{0x682b, 0x0917}}, {{0x0175, 0x7114}}, {{0x1600, 0x7100}}, {{0x8000, 0x0014}},
		{{0x206d, 0x00c0}}, {{0x7ee0, 0x700c}}, {{0xf3f8, 0xf1fe}}, {{0xc2e6, 0x1cfc}},
		{{0xb6c8, 0x2482}}, {{0x3608, 0x4100}}, {{0xc086, 0x0f5a}}, {{0xff6f, 0x4338}},
		{{0xc183, 0x2440}}, {{0x32c2, 0x0b46}}, {{0xfdef, 0x4063}}, {{0xe8af, 0x140b}},
		{{0x3080, 0x0813}}, {{0x00b0, 0x722c}}, {{0x7314, 0x700c}}, {{0xf204, 0x702c}},
		{{0xf002, 0x710c}}, {{0x2109, 0x0002}}, {{0x7852, 0xc783}}, {{0x6038, 0x70cd}},
		{{0x7f34, 0x68a2}}, {{0xc082, 0xc386}}, {{0x41e1, 0x088a}}, {{0xffef, 0x4263}},
		{{0x0811, 0x0384}}, {{0x1409, 0x3081}}, {{0x4608, 0xc141}}, {{0xc122, 0xc140}},
		{{0x258d, 0x1cbf}}, {{0xbf62, 0xee0a}}, {{0xc001, 0x1b83}}, {{0x3002, 0xc000}},
		{{0x1b82, 0x3002}}, {{0x700c, 0xf003}}, {{0x750c, 0x2480}}, {{0x3608, 0x1404}},
		{{0x341b, 0xc6c6}}, {{0xc2e6, 0x1cfc}}, {{0xb6c8, 0xc1b5}}, {{0x702c, 0xda36}},
		{{0x4508, 0x0c62}}, {{0xfc6f, 0x2055}}, {{0x080e, 0xda5a}}, {{0xba9f, 0x1204}},
		{{0x0480, 0x706f}}, {{0xad01, 0x1204}}, {{0x0480, 0xad02}}, {{0x1204, 0x0480}},
		{{0xad03, 0x1204}}, {{0x0480, 0xad0a}}, {{0x1204, 0x0480}}, {{0xad0b, 0x1204}},
		{{0x0480, 0xad0c}}, {{0x1204, 0x0480}}, {{0xad0d, 0x1204}}, {{0x0480, 0xad0e}},
		{{0x1204, 0x0480}}, {{0xad0f, 0x1204}}, {{0x0480, 0xad10}}, {{0x1204, 0x0480}},
		{{0xad11, 0x1204}}, {{0x0480, 0xad12}}, {{0x1204, 0x0480}}, {{0xad13, 0x1204}},
		{{0x0480, 0xad14}}, {{0x1204, 0x0480}}, {{0xad15, 0x1204}}, {{0x0480, 0xad16}},
		{{0x1204, 0x0480}}, {{0xad18, 0x1204}}, {{0x0480, 0xad19}}, {{0x1204, 0x0480}},
		{{0xad1a, 0x1204}}, {{0x0480, 0xad1b}}, {{0x1204, 0x0480}}, {{0xad1c, 0x1204}},
		{{0x0480, 0xad1e}}, {{0x1204, 0x0480}}, {{0xad1f, 0x1204}}, {{0x0480, 0x1d20}},
		{{0x1002, 0x1204}}, {{0x0480, 0x1d21}}, {{0x1002, 0x1204}}, {{0x0480, 0x1d22}},
		{{0x1002, 0x1204}}, {{0x0480, 0x1d25}}, {{0x1002, 0x1204}}, {{0x0480, 0x1d28}},
		{{0x1002, 0x1201}}, {{0x0481, 0x700c}}, {{0x1d2e, 0x1002}}, {{0x2257, 0x0e0b}},
		{{0x1d29, 0x1042}}, {{0x1300, 0x1080}}, {{0x2257, 0x0d9e}}, {{0x2257, 0x0d1f}},
		{{0x1d37, 0x1002}}, {{0x1600, 0x3080}}, {{0x2242, 0x0403}}, {{0x2242, 0x030c}},
		{{0x1d38, 0x1002}}, {{0x1700, 0x3081}}, {{0x2257, 0x0c80}}, {{0xc040, 0x1d39}},
		{{0x1042, 0x8820}}, {{0x2257, 0x0c00}}, {{0xc041, 0x1d40}}, {{0x1042, 0x8820}},
		{{0x2257, 0x0b80}}, {{0xc042, 0x1d41}}, {{0x1042, 0x8820}}, {{0x2257, 0x0b00}},
		{{0xc043, 0x1d42}}, {{0x1042, 0x8820}}, {{0x2257, 0x0a80}}, {{0xc044, 0x1d43}},
		{{0x1042, 0x8820}}, {{0x2257, 0x0a00}}, {{0xc045, 0x1d44}}, {{0x1042, 0x8820}},
		{{0x2257, 0x0980}}, {{0xc046, 0x1d45}}, {{0x1042, 0x8800}}, {{0x2242, 0x020f}},
		{{0x6a2c, 0x1d46}}, {{0x1002, 0x2257}}, {{0x0900, 0xc047}}, {{0x8800, 0x1d47}},
		{{0x1002, 0x2257}}, {{0x0880, 0xc048}}, {{0x8800, 0x1d48}}, {{0x1002, 0x2257}},
		{{0x0800, 0xc049}}, {{0x8800, 0x1d49}}, {{0x1002, 0x2242}}, {{0x0f00, 0xc04a}},
		{{0x8800, 0x1d4a}}, {{0x1002, 0x2242}}, {{0x0e00, 0xc04b}}, {{0x8800, 0x1d4b}},
		{{0x1002, 0x2242}}, {{0x0d00, 0xc04c}}, {{0x8800, 0x1d4c}}, {{0x1002, 0x2242}},
		{{0x0c00, 0xc04d}}, {{0x8800, 0x1d4e}}, {{0x1002, 0x2242}}, {{0x0b00, 0xc04e}},
		{{0x8800, 0x1d4f}}, {{0x1002, 0x2242}}, {{0x0a00, 0xc04f}}, {{0x8800, 0x1d50}},
		{{0x1002, 0x2242}}, {{0x0900, 0xc050}}, {{0x8800, 0x1d51}}, {{0x1002, 0x2242}},
		{{0x0800, 0xc051}}, {{0x8800, 0x1d52}}, {{0x1002, 0x2242}}, {{0x0700, 0xc052}},
		{{0x8800, 0x1d54}}, {{0x1002, 0x2242}}, {{0x0600, 0xc053}}, {{0x8800, 0x1d55}},
		{{0x1002, 0x2242}}, {{0x0500, 0xc054}}, {{0x8800, 0x1d56}}, {{0x1002, 0x8b00}},
		{{0x1d57, 0x1002}}, {{0x8c00, 0x1d58}}, {{0x1002, 0x8f00}}, {{0x1d5b, 0x1002}},
		{{0x8900, 0x1d5e}}, {{0x1002, 0x8a00}}, {{0x1d64, 0x16c2}}, {{0x1d5f, 0x1002}},
		{{0x1301, 0x1080}}, {{0x1d6d, 0x1002}}, {{0x1601, 0x3080}}, {{0x1d6e, 0x1002}},
		{{0x1701, 0x3080}}, {{0x1d6f, 0x1002}}, {{0xc000, 0x8801}}, {{0x1d76, 0x1002}},
		{{0xc001, 0x8801}}, {{0x1d77, 0x1002}}, {{0xc002, 0x8801}}, {{0x1d78, 0x1002}},
		{{0xc003, 0x8801}}, {{0x1d79, 0x1002}}, {{0xc004, 0x8801}}, {{0x1d7a, 0x1002}},
		{{0xc005, 0x8801}}, {{0x1d7b, 0x1002}}, {{0xc006, 0x8801}}, {{0x1d7c, 0x1002}},
		{{0xc007, 0x8801}}, {{0x1d7d, 0x1002}}, {{0xc008, 0x8801}}, {{0x1d7e, 0x1002}},
		{{0xc009, 0x8801}}, {{0x1d7f, 0x1002}}, {{0xc00a, 0x8801}}, {{0xae00, 0xc00b}},
		{{0x8801, 0x1d81}}, {{0x1002, 0xc00c}}, {{0x8801, 0x1d82}}, {{0x1002, 0xc00d}},
		{{0x8801, 0xae04}}, {{0xc00e, 0x8801}}, {{0x1d85, 0x1002}}, {{0xc00f, 0x8801}},
		{{0x1d86, 0x1002}}, {{0xc010, 0x8801}}, {{0x1d87, 0x1002}}, {{0xc011, 0x8801}},
		{{0xae08, 0xc012}}, {{0x8801, 0x1d8a}}, {{0x1002, 0xc013}}, {{0x8801, 0x1d8b}},
		{{0x1002, 0xc014}}, {{0x8801, 0xae0c}}, {{0x8b01, 0x1d8d}}, {{0x1002, 0x8c01}},
		{{0x1d8e, 0x1002}}, {{0x8f01, 0x1d91}}, {{0x1002, 0x8901}}, {{0xae14, 0x8a01}},
		{{0x1d9a, 0x16c2}}, {{0x1d95, 0x1002}}, {{0x1302, 0x1080}}, {{0x1da3, 0x1002}},
		{{0x1602, 0x3080}}, {{0x1e24, 0x1002}}, {{0x1702, 0x3080}}, {{0x1da5, 0x1002}},
		{{0xc000, 0x8802}}, {{0x1e2c, 0x1002}}, {{0xc001, 0x8802}}, {{0x1dad, 0x1002}},
		{{0xc002, 0x8802}}, {{0x1dae, 0x1002}}, {{0xc003, 0x8802}}, {{0x1daf, 0x1002}},
		{{0xc004, 0x8802}}, {{0x1e30, 0x1002}}, {{0xc005, 0x8802}}, {{0x1db1, 0x1002}},
		{{0xc006, 0x8802}}, {{0x1db2, 0x1002}}, {{0xc007, 0x8802}}, {{0x1db3, 0x1002}},
		{{0xc008, 0x8802}}, {{0x1e34, 0x1002}}, {{0xc009, 0x8802}}, {{0x1db5, 0x1002}},
		{{0xc00a, 0x8802}}, {{0x1db6, 0x1002}}, {{0xc00b, 0x8802}}, {{0x1db7, 0x1002}},
		{{0xc00c, 0x8802}}, {{0x1e38, 0x1002}}, {{0xc00d, 0x8802}}, {{0x1dba, 0x1002}},
		{{0xc00e, 0x8802}}, {{0x1dbb, 0x1002}}, {{0xc00f, 0x8802}}, {{0x1e3c, 0x1002}},
		{{0xc010, 0x8802}}, {{0x1dbd, 0x1002}}, {{0xc011, 0x8802}}, {{0x1dbe, 0x1002}},
		{{0xc012, 0x8802}}, {{0x1e40, 0x1002}}, {{0xc013, 0x8802}}, {{0x1dc1, 0x1002}},
		{{0xc014, 0x8802}}, {{0x1dc2, 0x1002}}, {{0x8b02, 0x1dc3}}, {{0x1002, 0x8c02}},
		{{0x1e44, 0x1002}}, {{0x8f02, 0x1dc7}}, {{0x1002, 0x8902}}, {{0x1dca, 0x1002}},
		{{0x8a22, 0x700c}}, {{0x1e50, 0x1002}}, {{0x1dcb, 0x1042}}, {{0xc0b5, 0x1404}},
		{{0x341b, 0xc6c6}}, {{0xc2e6, 0x1cfc}}, {{0xb6c8, 0x256f}}, {{0x1243, 0x8d00}},
		{{0x084d, 0x017e}}, {{0xc1bc, 0x42c3}}, {{0x9004, 0x0110}}, {{0x1202, 0x0500}},
		{{0x41c3, 0x8000}}, {{0x0130, 0x1902}}, {{0x0014, 0x1202}}, {{0x0500, 0x1902}},
		{{0x0014, 0x1204}}, {{0x0500, 0x1902}}, {{0x0014, 0x1280}}, {{0x8500, 0xb100}},
		{{0xc807, 0x7b1b}}, {{0x2305, 0x0080}}, {{0x9080, 0x6a0c}}, {{0x7865, 0xb183}},
		{{0x9080, 0x6a0a}}, {{0x7865, 0xb181}}, {{0x9000, 0xb102}}, {{0xc097, 0x41c3}},
		{{0x8000, 0x04cc}}, {{0x08ae, 0xfc6f}}, {{0xda12, 0xc097}}, {{0x0d3a, 0x0360}},
		{{0xd912, 0x8d20}}, {{0x090b, 0x01ff}}, {{0x700c, 0x2144}}, {{0x0040, 0x42c3}},
		{{0x9004, 0x0116}}, {{0xd925, 0xb99f}}, {{0xb200, 0x8900}}, {{0x1ace, 0x8004}},
		{{0x891b, 0x1ad0}}, {{0x8004, 0x11f4}}, {{0x8080, 0xe893}}, {{0x0e1a, 0x01c0}},
		{{0xc803, 0xe80f}}, {{0x702c, 0x2105}}, {{0x0f83, 0x9002}}, {{0x0146, 0x9340}},
		{{0x2196, 0x0010}}, {{0x2244, 0x0302}}, {{0x208d, 0x0dff}}, {{0xb340, 0x0a62}},
		{{0x0400, 0x0b86}}, {{0x0000, 0x1600}}, {{0x7100, 0x8000}}, {{0x0006, 0x208c}},
		{{0x8019, 0x0366}}, {{0x0005, 0x08a6}}, {{0xfd8f, 0x7014}}, {{0x035a, 0x0002}},
		{{0xca03, 0x0811}}, {{0x00b5, 0x1207}}, {{0x3603, 0x2345}}, {{0x0502, 0xf005}},
		{{0x080b, 0x0135}}, {{0xda56, 0x722c}}, {{0xf005, 0x4260}}, {{0x712c, 0x2285}},
		{{0x05c1, 0xc149}}, {{0x700c, 0xb88c}}, {{0x44cb, 0x9003}}, {{0xe1b2, 0x7b7b}},
		{{0x224f, 0x0401}}, {{0x7d5b, 0xc153}}, {{0xb400, 0x2305}}, {{0x0f82, 0x9003}},
		{{0xe01e, 0x2305}}, {{0x0f83, 0x9002}}, {{0x001e, 0x93c0}}, {{0x793b, 0xb99c}},
		{{0xb99f, 0xc14f}}, {{0x266c, 0x1081}}, {{0x2145, 0x0181}}, {{0xb220, 0xc10f}},
		{{0xb88d, 0x91c0}}, {{0x41c3, 0x9003}}, {{0xe01e, 0xb97e}}, {{0x7d25, 0xc109}},
		{{0xc54d, 0x7e26}}, {{0xc10d, 0xb1c0}}, {{0x1600, 0x7101}}, {{0x9002, 0x0158}},
		{{0xb9a0, 0x1ca6}}, {{0x9044, 0x93a0}}, {{0x2545, 0x1141}}, {{0x0bd2, 0x00a0}},
		{{0xb220, 0xc109}}, {{0xc807, 0xc486}}, {{0x7932, 0xc150}}, {{0x6c2a, 0x2546}},
		{{0x1142, 0xc152}}, {{0x791b, 0xba82}}, {{0x2105, 0x0f81}}, {{0x9003, 0xe01e}},
		{{0x47cb, 0x8000}}, {{0x0b6c, 0xb140}}, {{0x8f42, 0x8f23}}, {{0x706c, 0xaf40}},
		{{0x1704, 0x109e}}, {{0x218c, 0x8fc3}}, {{0xc348, 0x26ca}}, {{0x3022, 0xc347}},
		{{0xc346, 0xaf21}}, {{0xf00c, 0xc10a}}, {{0x7170, 0x0222}}, {{0x0005, 0x8f45}},
		{{0xc10a, 0x7150}}, {{0x0216, 0x0006}}, {{0x2640, 0x305e}}, {{0x212f, 0x0787}},
		{{0xc14a, 0xb90c}}, {{0x7825, 0x43c3}}, {{0x9002, 0x01a0}}, {{0x7c1b, 0xc14c}},
		{{0x6ba2, 0x7b85}}, {{0x9320, 0xc00a}}, {{0x228a, 0x0fcf}}, {{0x1c18, 0x3044}},
		{{0xb80d, 0xc04e}}, {{0x2405, 0x1340}}, {{0x9060, 0x6d02}}, {{0x2405, 0x1001}},
		{{0x1c1a, 0x30c4}}, {{0x9160, 0x7204}}, {{0x2405, 0x1001}}, {{0x1c1c, 0x30c4}},
		{{0x9160, 0x6822}}, {{0x7c25, 0x1c1e}}, {{0x30c4, 0x9460}}, {{0xc00e, 0x1c22}},
		{{0x3084, 0x1c20}}, {{0x30c4, 0x2005}}, {{0x0f80, 0x9002}}, {{0x0158, 0xc051}},
		{{0x9040, 0xc00e}}, {{0x6962, 0x224f}}, {{0x0001, 0x7b05}}, {{0xc011, 0xbaa0}},
		{{0xb020, 0xb040}}, {{0x93a0, 0x141c}}, {{0x3102, 0x1418}}, {{0x310e, 0x141e}},
		{{0x3101, 0x1420}}, {{0x3100, 0x141a}}, {{0x311b, 0xc241}}, {{0xc20a, 0xc043}},
		{{0xc142, 0x740c}}, {{0x41c3, 0x0042}}, {{0x0007, 0x43c1}}, {{0xc544, 0x0b22}},
		{{0xfe6f, 0x1c00}}, {{0x36c0, 0x255f}}, {{0x1380, 0x2302}}, {{0x3381, 0x7adb}},
		{{0x79a2, 0x201c}}, {{0x0f80, 0x51eb}}, {{0x851f, 0x223c}}, {{0x0342, 0xc612}},
		{{0xc255, 0xb825}}, {{0xc04b, 0x213f}}, {{0x0002, 0x7813}}, {{0xc054, 0x213a}},
		{{0x0000, 0x706f}}, {{0x7845, 0xc056}}, {{0x1600, 0x7100}}, {{0x8000, 0x0006}},
		{{0x0819, 0x0f85}}, {{0x0000, 0x0c80}}, {{0x9601, 0x781b}}, {{0x0d51, 0x1024}},
		{{0x2379, 0x3100}}, {{0xd943, 0xf014}}, {{0x0b35, 0x3010}}, {{0x9601, 0x791b}},
		{{0x0917, 0x0344}}, {{0x9620, 0x7822}}, {{0xc10b, 0x78a2}}, {{0x090b, 0x0002}},
		{{0xc114, 0x082d}}, {{0x0043, 0x2379}}, {{0x3100, 0xd947}}, {{0x0f96, 0xfc2f}},
		{{0xb910, 0x7167}}, {{0x0bb5, 0xb174}}, {{0x72c5, 0xf009}}, {{0xc116, 0xc015}},
		{{0x2005, 0x807e}}, {{0xf5f7, 0x706f}}, {{0xf002, 0x756f}}, {{0xc30c, 0xc213}},
		{{0xc807, 0x43cb}}, {{0x9002, 0x015a}}, {{0x7b45, 0xc20c}}, {{0x7d7b, 0x212f}},
		{{0x06c7, 0x2205}}, {{0x0f82, 0x0001}}, {{0x000f, 0xc24b}}, {{0xc20c, 0xc30b}},
		{{0xbd9c, 0x7a05}}, {{0x7a5b, 0x7865}}, {{0x2205, 0x02c3}}, {{0xbd9f, 0xb320}},
		{{0x1500, 0x111b}}, {{0x791b, 0xc009}}, {{0xb99c, 0xb99f}}, {{0x2005, 0x06c0}},
		{{0xb500, 0x91c0}}, {{0x2205, 0x0f82}}, {{0x9002, 0x0028}}, {{0x266c, 0x1040}},
		{{0xb880, 0xb100}}, {{0x9200, 0x791b}}, {{0x2184, 0x0f87}}, {{0x219f, 0x0802}},
		{{0x09ce, 0x00a0}}, {{0x2155, 0x0a00}}, {{0xc010, 0xbea0}}, {{0x7465, 0x2304}},
		{{0x3001, 0xb520}}, {{0xc807, 0xc10b}}, {{0x2354, 0x19c3}}, {{0x7905, 0x793b}},
		{{0xb99c, 0xb99f}}, {{0xb1c0, 0xc111}}, {{0x9140, 0xc40e}}, {{0xc50c, 0x7c65}},
		{{0x224f, 0x0003}}, {{0xbaa0, 0xb160}}, {{0xb140, 0x7d05}}, {{0x9440, 0x79bb}},
		{{0x2105, 0x02c3}}, {{0xb340, 0x8f43}}, {{0xc10a, 0x090d}}, {{0x00a5, 0x228c}},
		{{0x8fc3, 0xf504}}, {{0xc10a, 0x7150}}, {{0x05ee, 0xffe2}}, {{0x8f64, 0x8f25}},
		{{0x7330, 0x05fc}}, {{0xffee, 0x260a}}, {{0x30c0, 0xc10f}}, {{0x7a1b, 0x2205}},
		{{0x0f83, 0x9002}}, {{0x001e, 0x91a0}}, {{0xc109, 0xc00d}}, {{0x79a5, 0xb020}},
		{{0x93c0, 0x2205}}, {{0x0f81, 0x9003}}, {{0xe01e, 0x2205}}, {{0x0f82, 0x9002}},
		{{0x0028, 0x266c}}, {{0x1040, 0xb880}}, {{0xb100, 0x9200}}, {{0x791b, 0x2184}},
		{{0x0f87, 0x219f}}, {{0x0802, 0x092a}}, {{0x00a0, 0x2155}}, {{0x0a00, 0xc010}},
		{{0xbea0, 0x7d04}}, {{0xc00d, 0xb0a0}}, {{0xc807, 0x781b}}, {{0x2005, 0x0f80}},
		{{0x9003, 0xe01e}}, {{0xb0c0, 0x091e}}, {{0x01c0, 0xc0bc}}, {{0x1404, 0x341b}},
		{{0xc6c6, 0x78e0}}, {{0xc2e6, 0x1cfc}}, {{0xb6c8, 0xc807}}, {{0x264a, 0x3040}},
		{{0x47cb, 0x9004}}, {{0x00c2, 0x791b}}, {{0x2105, 0x0f80}}, {{0x9002, 0x001e}},
		{{0x9000, 0x2105}}, {{0x0f81, 0x9003}}, {{0xe01e, 0x70cd}}, {{0x2004, 0x0f80}},
		{{0x0000, 0xff78}}, {{0x2045, 0x0180}}, {{0xb100, 0x1f00}}, {{0x1784, 0x1600}},
		{{0x7080, 0x8000}}, {{0x0005, 0x726d}}, {{0x2756, 0x181b}}, {{0xe838, 0x700c}},
		{{0x0916, 0x00a0}}, {{0x742c, 0x40c3}}, {{0x0098, 0x9680}}, {{0x702c, 0xb7c0}},
		{{0x1b00, 0x3784}}, {{0x1bfe, 0xb784}}, {{0x1e00, 0x7384}}, {{0x9004, 0x0620}},
		{{0x08f6, 0x00a0}}, {{0x1bc4, 0xb384}}, {{0xd833, 0x47cb}}, {{0x9004, 0x0400}},
		{{0x45cb, 0x9004}}, {{0x0144, 0xb700}}, {{0xd820, 0x0876}}, {{0x00a0, 0xb5c0}},
		{{0x208a, 0x0010}}, {{0x1dac, 0x9784}}, {{0x1d00, 0x12c4}}, {{0x0862, 0x00a0}},
		{{0x1dac, 0x9384}}, {{0x700c, 0xd920}}, {{0xb5c0, 0x08be}}, {{0x00a0, 0xb7c0}},
		{{0x2555, 0x1ac0}}, {{0xb0c0, 0x1d00}}, {{0x12c4, 0xf050}}, {{0x0842, 0x00a0}},
		{{0x740c, 0x208a}}, {{0x0c07, 0x45cb}}, {{0x9004, 0x0092}}, {{0xb500, 0xb7c0}},
		{{0x47cb, 0x000f}}, {{0x4240, 0x702c}}, {{0x40e1, 0x1b00}}, {{0x3384, 0x1e00}},
		{{0x7384, 0x9004}}, {{0x0620, 0x1bfe}}, {{0xb384, 0x1bc4}}, {{0xb384, 0x087a}},
		{{0x00a0, 0x1d99}}, {{0x10dd, 0x78fd}}, {{0x702c, 0x086e}}, {{0x00a0, 0x1d99}},
		{{0x12dc, 0x40c3}}, {{0x0098, 0x9680}}, {{0x702c, 0x085e}}, {{0x00a0, 0x1d99}},
		{{0x139c, 0xd833}}, {{0x47cb, 0x9004}}, {{0x0400, 0x1d5e}}, {{0x1784, 0xb700}},
		{{0x760c, 0x0fde}}, {{0x0060, 0x1db2}}, {{0x1384, 0x700c}}, {{0x41c3, 0x0000}},
		{{0x2710, 0x1d5e}}, {{0x12c4, 0x0832}}, {{0x00a0, 0x1db2}}, {{0x12c4, 0x700c}},
		{{0xd920, 0x1d5e}}, {{0x1384, 0x1db2}}, {{0x1384, 0x081e}}, {{0x00a0, 0xb7c0}},
		{{0x1daf, 0x139c}}, {{0x1db2, 0x12c4}}, {{0x1404, 0x341b}}, {{0xc6c6, 0x78e0}},
		{{0x7ee0, 0x78e0}}, {{0x7ee0, 0x78e0}}, {{0x1600, 0x7082}}, {{0x8000, 0x001c}},
		{{0x781b, 0x7a19}}, {{0x784f, 0x7839}}, {{0x7fe0, 0xb8c0}}, {{0xc2e6, 0x1cfc}},
		{{0xb6c8, 0xc1a4}}, {{0x2079, 0x0040}}, {{0xc140, 0xc041}}, {{0xc101, 0xc000}},
		{{0xc242, 0x7914}}, {{0x2100, 0x0f80}}, {{0x8000, 0x0b24}}, {{0x0e36, 0x01e0}},
		{{0xc043, 0x70ad}}, {{0x70cd, 0xf016}}, {{0xc000, 0x6834}}, {{0xc001, 0x7916}},
		{{0x6159, 0x40c3}}, {{0x8000, 0x0b48}}, {{0x610f, 0xd880}}, {{0x0fa2, 0x01e0}},
		{{0x41e1, 0xbf0d}}, {{0x2705, 0x1f81}}, {{0x9002, 0x0118}}, {{0x71c5, 0xb100}},
		{{0xc003, 0x7ad0}}, {{0x8800, 0x0ad5}}, {{0x8004, 0x40c3}}, {{0x0000, 0x4e20}},
		{{0x0f86, 0x0060}}, {{0x702c, 0xc002}}, {{0x2085, 0x003e}}, {{0xc042, 0xf021}},
		{{0xc000, 0x6834}}, {{0xc001, 0x7916}}, {{0x6159, 0x40c3}}, {{0x8000, 0x0b48}},
		{{0x610e, 0xc002}}, {{0x41c1, 0x0f5a}}, {{0x01e0, 0x780f}}, {{0x2e40, 0x1343}},
		{{0x42c3, 0x9002}}, {{0x0118, 0x2305}}, {{0x0081, 0xb100}}, {{0x6a2e, 0x6a0a}},
		{{0x248a, 0x1fc7}}, {{0x7965, 0x7865}}, {{0x71a5, 0xb180}}, {{0xb080, 0xc003}},
		{{0x7ab0, 0x8800}}, {{0x0abd, 0x8004}}, {{0x47cb, 0x0000}}, {{0x1388, 0xd90c}},
		{{0x0f26, 0x0060}}, {{0x40e1, 0x706f}}, {{0x70cd, 0xf018}}, {{0xc000, 0x6834}},
		{{0xc001, 0x7916}}, {{0x6159, 0x40c3}}, {{0x8000, 0x0b48}}, {{0x610d, 0xc002}},
		{{0x41a1, 0x0efe}}, {{0x01e0, 0x780f}}, {{0xbd0d, 0xb888}}, {{0x2505, 0x1f81}},
		{{0x9002, 0x0118}}, {{0x71c5, 0xb100}}, {{0xc003, 0x7ad0}}, {{0x8800, 0x0ad1}},
		{{0x8004, 0xd90c}}, {{0x0ee2, 0x0060}}, {{0x40e1, 0x46cb}}, {{0x9002, 0x0112}},
		{{0x003d, 0x0000}}, {{0xc000, 0x6834}}, {{0xc001, 0x7916}}, {{0x6159, 0x40c3}},
		{{0x8000, 0x0b48}}, {{0x610d, 0xd880}}, {{0x0eb6, 0x01e0}}, {{0x41a1, 0x2d40}},
		{{0x134f, 0xb888}}, {{0x2705, 0x1381}}, {{0xb100, 0xd880}}, {{0x0ea2, 0x01e0}},
		{{0x41a1, 0x6e24}}, {{0xb888, 0x7f25}}, {{0x7167, 0xb700}}, {{0xc003, 0x222f}},
		{{0x06c8, 0x8800}}, {{0x0ac1, 0x8004}}, {{0x40c3, 0x0003}}, {{0xd090, 0x0e8a}},
		{{0x0060, 0x702c}}, {{0x0d26, 0x01c0}}, {{0xc0a4, 0x1404}}, {{0x341b, 0xc6c6}},
		{{0xc2e6, 0x1cfc}}, {{0xb6c8, 0xc1a2}}, {{0x46cb, 0x8000}}, {{0x0b6a, 0x7014}},
		{{0x8e01, 0x712c}}, {{0x45cb, 0x8000}}, {{0x09a8, 0x7918}}, {{0x205f, 0x0d9b}},
		{{0x6912, 0x7825}}, {{0x7f0f, 0xd912}}, {{0x40a1, 0xf20a}}, {{0x0846, 0x01c0}},
		{{0xd912, 0xda80}}, {{0x096a, 0x0060}}, {{0x40a1, 0xf004}}, {{0x0a5e, 0x0140}},
		{{0x8e00, 0x704c}}, {{0x43c3, 0xfffb}}, {{0xffff, 0x209f}}, {{0x0b01, 0x1c04}},
		{{0x3001, 0x1c00}}, {{0x3fc1, 0x7063}}, {{0x60b9, 0x08fe}}, {{0x0320, 0x40e1}},
		{{0x40c3, 0x0000}}, {{0x4e20, 0x0e12}}, {{0x0060, 0x702c}}, {{0xc0a2, 0x1404}},
		{{0x341b, 0xc6c6}}, {{0xc2e2, 0xc1a2}}, {{0x45cb, 0x8000}}, {{0x09a8, 0xd910}},
		{{0x0ff2, 0x01a0}}, {{0x40a1, 0xd910}}, {{0xda41, 0x0916}}, {{0x0060, 0x40a1}},
		{{0xd910, 0xdaf3}}, {{0x0df6, 0xfcef}}, {{0x40a1, 0xd929}}, {{0x0fd6, 0x01a0}},
		{{0x40a1, 0xd929}}, {{0xda1f, 0x0de6}}, {{0xfcef, 0x40a1}}, {{0xd8ff, 0x702c}},
		{{0x42c3, 0xfffe}}, {{0xffff, 0x238a}}, {{0x0ff7, 0xc040}}, {{0x40a1, 0x0cb2}},
		{{0x0320, 0x1c04}}, {{0x3001, 0x40c3}}, {{0x0000, 0x4e20}}, {{0x0daa, 0x0060}},
		{{0x702c, 0xd929}}, {{0x09c6, 0x0160}}, {{0x40a1, 0xc0a2}}, {{0xc6c2, 0x78e0}},
		{{0xc2e6, 0x1cfc}}, {{0xb6c8, 0xc1a6}}, {{0x47cb, 0x8000}}, {{0xe7bc, 0x4528}},
		{{0x4608, 0xd964}}, {{0x700c, 0x2740}}, {{0x131b, 0xc043}}, {{0xb720, 0xc045}},
		{{0xc044, 0xf078}}, {{0xed0f, 0xc003}}, {{0x0839, 0x00d0}}, {{0xc003, 0x082f}},
		{{0x0050, 0xc003}}, {{0x0835, 0x0090}}, {{0xc003, 0xe89c}}, {{0xd87f, 0xb808}},
		{{0xf021, 0xc003}}, {{0x0835, 0x00d0}}, {{0xc003, 0x0839}}, {{0x0070, 0xd87f}},
		{{0xc003, 0x0811}}, {{0x0090, 0xc003}}, {{0xe897, 0xd87f}}, {{0xb810, 0xf013}},
		{{0x40c3, 0x7f00}}, {{0x7f7f, 0xf00f}}, {{0x40c3, 0x7f7f}}, {{0x007f, 0xf00b}},
		{{0xd96b, 0x700c}}, {{0xb911, 0xf00c}}, {{0x40c3, 0x007f}}, {{0x7f7f, 0xf003}},
		{{0xb818, 0xc044}}, {{0xf006, 0xd9dd}}, {{0x700c, 0xb910}}, {{0x09e6, 0xfc0f}},
		{{0x1702, 0x1500}}, {{0xb802, 0x0ec2}}, {{0xfcaf, 0x7810}}, {{0xd841, 0x706c}},
		{{0xb813, 0xd907}}, {{0xda08, 0x708d}}, {{0xc342, 0xc341}}, {{0x0b6e, 0xfcaf}},
		{{0xc440, 0x700c}}, {{0x742c, 0x0eba}}, {{0xfcaf, 0x714c}}, {{0xc084, 0x724c}},
		{{0x0e4a, 0xfcaf}}, {{0x41c1, 0x700c}}, {{0xd914, 0x0ea6}}, {{0xfcaf, 0x714c}},
		{{0x700c, 0x706c}}, {{0xc042, 0xc041}}, {{0x4060, 0xb892}}, {{0xd907, 0x744c}},
		{{0x708d, 0x0b3a}}, {{0xfcaf, 0xc440}}, {{0xd880, 0x706c}}, {{0xb893, 0xd907}},
		{{0xda08, 0x708d}}, {{0xc342, 0xc341}}, {{0x0b22, 0xfcaf}}, {{0xc440, 0x0a4a}},
		{{0xfc4f, 0xb700}}, {{0x6829, 0xc003}}, {{0x1b02, 0x3054}}, {{0x7104, 0xc043}},
		{{0xc003, 0x0815}}, {{0x8114, 0xc0a6}}, {{0x1404, 0x341b}}, {{0xc6c6, 0x78e0}},
		{{0xc2e6, 0x1cfc}}, {{0xb6c8, 0xc1aa}}, {{0x1600, 0x710f}}, {{0x9004, 0x0084}},
		{{0xc143, 0xc045}}, {{0x2784, 0x9fc1}}, {{0xf408, 0x41c3}}, {{0x028f, 0x0000}},
		{{0x0c3e, 0xfe2f}}, {{0x740c, 0x71ed}}, {{0x275f, 0x10cd}}, {{0x6f12, 0xc047}},
		{{0x2507, 0x1f81}}, {{0x0000, 0xffff}}, {{0x6038, 0x262f}}, {{0xf006, 0x001e}},
		{{0x0023, 0xc044}}, {{0x7ab2, 0x712c}}, {{0xc007, 0x7124}}, {{0x782a, 0x6058}},
		{{0x262f, 0xf006}}, {{0x07f4, 0xffe4}}, {{0xc044, 0x700c}}, {{0x09e2, 0xfc6f}},
		{{0xd9ff, 0x740c}}, {{0x41c3, 0x0290}}, {{0x0001, 0x0bf6}}, {{0xfe2f, 0x42e1}},
		{{0x0dd2, 0xfcaf}}, {{0xd8ff, 0x275f}}, {{0x1280, 0x70cd}}, {{0xd907, 0x704c}},
		{{0x7704, 0x780f}}, {{0xc046, 0xc042}}, {{0x700c, 0x706c}}, {{0xc641, 0x0a6e}},
		{{0xfcaf, 0xc640}}, {{0x6d01, 0xc049}}, {{0x7b0f, 0xd807}}, {{0x702c, 0x09be}},
		{{0x0020, 0x704c}}, {{0xc203, 0x45cb}}, {{0x0000, 0x12c8}}, {{0x7bfb, 0xd81d}},
		{{0x41a1, 0x09aa}}, {{0x0020, 0x4378}}, {{0xc203, 0xd81e}}, {{0x41a1, 0x099e}},
		{{0x0020, 0x4363}}, {{0xc203, 0xd81f}}, {{0x41a1, 0x0992}}, {{0x0020, 0x4363}},
		{{0xd820, 0x704c}}, {{0x41a1, 0x0986}}, {{0x0020, 0x4363}}, {{0xc004, 0x702c}},
		{{0x704c, 0x780f}}, {{0xc048, 0xc308}}, {{0x0972, 0x0020}}, {{0xd807, 0xc006}},
		{{0xd907, 0x704c}}, {{0xc042, 0x700c}}, {{0x706c, 0xc641}}, {{0x09fe, 0xfcaf}},
		{{0xc640, 0x2342}}, {{0x3040, 0x780f}}, {{0xc042, 0x700c}}, {{0xd907, 0x744c}},
		{{0x706c, 0xc641}}, {{0x09e6, 0xfcaf}}, {{0xc640, 0xdd08}}, {{0xc203, 0x710c}},
		{{0x0eb2, 0xfcaf}}, {{0x41e1, 0xc203}}, {{0x700c, 0x0eaa}}, {{0xfcaf, 0x41e1}},
		{{0x258c, 0x1dbf}}, {{0x710c, 0xc044}}, {{0x700c, 0xd907}}, {{0xda5c, 0x706c}},
		{{0xc642, 0xc641}}, {{0x09b6, 0xfcaf}}, {{0xc640, 0x74ed}}, {{0x70ad, 0xc205}},
		{{0xbf92, 0xbd8c}}, {{0xd92e, 0x40e1}}, {{0x43a1, 0xc642}}, {{0xc641, 0x099e}},
		{{0xfcaf, 0xc640}}, {{0xc205, 0xd92f}}, {{0x40e1, 0x43a1}}, {{0xc642, 0xc641}},
		{{0x098a, 0xfcaf}}, {{0xc640, 0x6d13}}, {{0xd907, 0x744c}}, {{0x706c, 0x1c08}},
		{{0x3041, 0xc641}}, {{0x0976, 0xfcaf}}, {{0xc640, 0xc005}}, {{0x781b, 0x2054}},
		{{0x0c8d, 0xc007}}, {{0x2002, 0x834e}}, {{0x0028, 0x0003}}, {{0xc004, 0x41c3}},
		{{0x0291, 0x0003}}, {{0x43a1, 0x7104}}, {{0xc044, 0x7a10}}, {{0xc007, 0x784a}},
		{{0x78a2, 0x7e0e}}, {{0x740c, 0x0aaa}}, {{0xfe2f, 0xc640}}, {{0x0ee1, 0x9012}},
		{{0x7bdb, 0x740c}}, {{0x41c3, 0x0292}}, {{0x0002, 0x0a96}}, {{0xfe2f, 0x42c1}},
		{{0xc006, 0xd907}}, {{0x704c, 0xc042}}, {{0x700c, 0x706c}}, {{0x4508, 0xc041}},
		{{0x091a, 0xfcaf}}, {{0xc040, 0xc009}}, {{0x702c, 0x704c}}, {{0x661e, 0x7bcf}},
		{{0x086a, 0x0020}}, {{0xd807, 0xde25}}, {{0xc203, 0xbe07}}, {{0xd81d, 0x4363}},
		{{0x085a, 0x0020}}, {{0x41c1, 0xc203}}, {{0xd81e, 0x41c1}}, {{0x084e, 0x0020}},
		{{0x4363, 0xc203}}, {{0xd81f, 0x41c1}}, {{0x0842, 0x0020}}, {{0x4363, 0xd820}},
		{{0x704c, 0x41c1}}, {{0x0836, 0x0020}}, {{0x4363, 0xc308}}, {{0xd807, 0x702c}},
		{{0x082a, 0x0020}}, {{0x704c, 0xc006}}, {{0xd907, 0x704c}}, {{0xc042, 0x700c}},
		{{0x706c, 0xc540}}, {{0x08b6, 0xfcaf}}, {{0xc541, 0x0be2}}, {{0xfcaf, 0xd8ff}},
		{{0xc0aa, 0x1404}}, {{0x341b, 0xc6c6}}, {{0xc2e6, 0x1cfc}}, {{0xb6c8, 0xc1a3}},
		{{0x4568, 0x4358}}, {{0x4628, 0x4708}}, {{0xeb0f, 0x700c}}, {{0x704c, 0x41e1}},
		{{0x43c1, 0x1c08}}, {{0x3001, 0x1c04}}, {{0x36c0, 0x0882}}, {{0xfcaf, 0x1c00}},
		{{0x3001, 0x258c}}, {{0x1d7f, 0xc0a3}}, {{0x1404, 0x341b}}, {{0xc6c6, 0x78e0}},
		{{0xc2e6, 0x1cfc}}, {{0xb6c8, 0x4358}}, {{0x46cb, 0x9003}}, {{0xe014, 0x70ad}},
		{{0xe810, 0x2656}}, {{0x180f, 0xb720}}, {{0x1ffe, 0x9044}}, {{0xb7a1, 0x0b43}},
		{{0x3030, 0xb6a0}}, {{0x0b4b, 0x3071}}, {{0x700c, 0x1f16}}, {{0x1285, 0xf026}},
		{{0xc807, 0x6e22}}, {{0x2642, 0x1282}}, {{0x781b, 0x7905}}, {{0x7845, 0xb1a0}},
		{{0xb0a0, 0xd814}}, {{0x093a, 0x0060}}, {{0x1e8a, 0x135c}}, {{0x1e00, 0x1045}},
		{{0x1e80, 0x135c}}, {{0x1efe, 0x1344}}, {{0x1e82, 0x135c}}, {{0xf016, 0xc807}},
		{{0x2642, 0x1281}}, {{0x781b, 0x7825}}, {{0x1800, 0x0045}}, {{0xf006, 0x41c3}},
		{{0x0235, 0x0000}}, {{0x0e4e, 0xfbcf}}, {{0x1f14, 0x16c4}}, {{0xc807, 0x6e22}},
		{{0x781b, 0x7905}}, {{0x1900, 0x0085}}, {{0x1404, 0x341b}}, {{0xc6c6, 0x78e0}},
		{{0xc2e6, 0x1cfc}}, {{0xb6c8, 0xc1a7}}, {{0xd825, 0xb89f}}, {{0x43c3, 0x8000}},
		{{0x0b6e, 0x8840}}, {{0x883b, 0x8b00}}, {{0x1c1a, 0x3082}}, {{0x1c1b, 0x3042}},
		{{0xc066, 0x8b42}}, {{0x8b21, 0x8b03}}, {{0x1c19, 0x3082}}, {{0x1c16, 0x3042}},
		{{0x0d6a, 0xff2f}}, {{0x1c17, 0x3002}}, {{0x206d, 0x099b}}, {{0x700c, 0xf053}},
		{{0xc100, 0x70ad}}, {{0x7838, 0xc042}}, {{0xf048, 0x2440}}, {{0x3680, 0x60a9}},
		{{0xc002, 0x782b}}, {{0xf241, 0x2440}}, {{0x3580, 0xc200}}, {{0x60a8, 0xc186}},
		{{0x61af, 0x7ab4}}, {{0xc044, 0x710c}}, {{0x70cd, 0x7858}}, {{0xc043, 0xf02e}},
		{{0xc100, 0x08ea}}, {{0xffef, 0x792f}}, {{0x4200, 0x7054}}, {{0xc200, 0x6d94}},
		{{0xc101, 0x78d0}}, {{0x7c56, 0x43c3}}, {{0x8000, 0x0b48}}, {{0x6098, 0x7124}},
		{{0x607a, 0xf209}}, {{0x71c5, 0x78d0}}, {{0x6098, 0x6078}}, {{0xaae0, 0xa820}},
		{{0xf011, 0x1600}}, {{0x708c, 0x8000}}, {{0x0101, 0xc303}}, {{0x2000, 0x0f80}},
		{{0x8000, 0x0b28}}, {{0x7b8b, 0xf205}}, {{0xaa20, 0xa8e0}}, {{0xf003, 0xa820}},
		{{0xaae0, 0xc001}}, {{0x71c5, 0x68e2}}, {{0x78f0, 0xc041}}, {{0xc101, 0xc004}},
		{{0x08a1, 0x8065}}, {{0x78af, 0x71a5}}, {{0xc804, 0x0d73}}, {{0x9004, 0xc000}},
		{{0x7104, 0xc040}}, {{0xc000, 0x085d}}, {{0x86e4, 0x710c}}, {{0xc0a7, 0x1404}},
		{{0x341b, 0xc6c6}}, {{0xc0e6, 0xda24}}, {{0xba9f, 0x8a00}}, {{0x8a3c, 0x43c3}},
		{{0x8000, 0x0b6e}}, {{0xe007, 0xb823}}, {{0x6889, 0x4508}}, {{0x1b00, 0x0003}},
		{{0xab81, 0xe90e}}, {{0xc803, 0x1600}}, {{0x7081, 0x8000}}, {{0x003f, 0x7d1d}},
		{{0x6907, 0xb823}}, {{0x60b8, 0xaba2}}, {{0x68e9, 0xf004}}, {{0x4789, 0xaba2}},
		{{0x788f, 0x46cb}}, {{0x8000, 0x0b9c}}, {{0x7104, 0x8e20}}, {{0x240a, 0x7000}},
		{{0x770c, 0xabe3}}, {{0x20a8, 0x0180}}, {{0x7104, 0x792f}}, {{0x210f, 0x0001}},
		{{0x7bef, 0x78af}}, {{0x0b17, 0x0024}}, {{0xae20, 0x7704}}, {{0x7104, 0x792f}},
		{{0x08fd, 0x80e4}}, {{0x210f, 0x0001}}, {{0xae20, 0x702c}}, {{0x716d, 0x2b00}},
		{{0x1040, 0x706c}}, {{0x7c0f, 0xeb07}}, {{0x1600, 0x7080}}, {{0x8000, 0x003f}},
		{{0xf002, 0x8a00}}, {{0x1600, 0x708e}}, {{0x8000, 0x001c}}, {{0x7d7b, 0x7eb9}},
		{{0x7ccb, 0xf205}}, {{0x68c7, 0xbe23}}, {{0xf004, 0xe00f}}, {{0x2841, 0x010e}},
		{{0x6538, 0x7174}}, {{0x716c, 0x2000}}, {{0x0f80, 0x8000}}, {{0x0b24, 0xa8c0}},
		{{0xf5e3, 0x7124}}, {{0x09bb, 0x8094}}, {{0xc4c6, 0x78e0}}, {{0xc0f1, 0x41c3}},
		{{0x8000, 0x0b6a}}, {{0x8940, 0x712c}}, {{0x0a1d, 0x0070}}, {{0x7918, 0x730c}},
		{{0xea91, 0x1600}}, {{0x7080, 0x8000}}, {{0x0025, 0x790b}}, {{0x710c, 0xf40b}},
		{{0x700c, 0xf00c}}, {{0x1600, 0x7080}}, {{0x8000, 0x0040}}, {{0x790b, 0x720c}},
		{{0xf3f8, 0x094a}}, {{0xfe4f, 0x710c}}, {{0xc0d1, 0x7ee0}}, {{0xc0f1, 0x09f2}},
		{{0x0040, 0xc0d1}}, {{0x7fe0, 0x700c}}, {{0x8840, 0xe905}}, {{0x0a0f, 0x001f}},
		{{0xf00b, 0x7054}}, {{0x7ce0, 0xbae0}}, {{0x7de0, 0x8861}}, {{0x6a29, 0xa820}},
		{{0x2354, 0x0801}}, {{0xa821, 0x7ee0}}, {{0x216f, 0x0443}}, {{0x8940, 0x11fe}},
		{{0x8101, 0x229f}}, {{0x041f, 0x790c}}, {{0x2905, 0x0080}}, {{0x7fe0, 0x7104}},
		{{0xc2e6, 0x1cfc}}, {{0xb6c8, 0x2482}}, {{0x3902, 0x700c}}, {{0x41c3, 0x8000}},
		{{0x0b6a, 0xb105}}, {{0x41c3, 0x8000}}, {{0x0b6a, 0xc043}}, {{0xb104, 0x41c3}},
		{{0x0101, 0x0000}}, {{0x0eda, 0xfdef}}, {{0xd80a, 0x08ee}}, {{0xffcf, 0xc003}},
		{{0xc187, 0x2440}}, {{0x36c2, 0x7810}}, {{0x0c7e, 0xff2f}}, {{0x2440, 0x37c3}},
		{{0x7014, 0xf4ec}}, {{0x141f, 0x3080}}, {{0x71ad, 0x1e00}}, {{0x7342, 0x8000}},
		{{0x0a80, 0x08aa}}, {{0xfe4f, 0x141b}}, {{0x3080, 0x712c}}, {{0x096a, 0xfe6f}},
		{{0xc044, 0xc004}}, {{0x1e00, 0x7003}}, {{0x8000, 0x0a80}}, {{0x0916, 0xffef}},
		{{0x712c, 0x141c}}, {{0x311b, 0xc188}}, {{0x724c, 0x272f}}, {{0x16c7, 0x0bca}},
		{{0xfbef, 0x40e1}}, {{0xc089, 0x702c}}, {{0x096a, 0xfbef}}, {{0xda80, 0x71cd}},
		{{0x1600, 0x7081}}, {{0x8000, 0x0b6a}}, {{0xc004, 0x7acf}}, {{0x0e92, 0xffaf}},
		{{0x1c14, 0x3001}}, {{0xc185, 0x724c}}, {{0x0b9e, 0xfbef}}, {{0x40e1, 0xc005}},
		{{0x2004, 0x8f80}}, {{0x0000, 0x3f00}}, {{0xc045, 0xf206}}, {{0xc089, 0x60b8}},
		{{0x1800, 0x0043}}, {{0x71a5, 0x258c}}, {{0x9002, 0x71c5}}, {{0xf7a2, 0x1600}},
		{{0x7083, 0x8000}}, {{0x0b6a, 0x740c}}, {{0x41c3, 0x0103}}, {{0x0002, 0x0e22}},
		{{0xfdef, 0x4263}}, {{0x254a, 0x1000}}, {{0xc689, 0x66aa}}, {{0x41c3, 0x0104}},
		{{0x0001, 0x0e0e}}, {{0xfdef, 0x740c}}, {{0x71a5, 0x258c}}, {{0x9002, 0xf7b6}},
		{{0x41c3, 0x0105}}, {{0x0000, 0x0dfa}}, {{0xfdef, 0x740c}}, {{0x770c, 0x4308}},
		{{0x4508, 0x4708}}, {{0x4100, 0xf003}}, {{0x772c, 0x4200}}, {{0x7104, 0xe0ff}},
		{{0xf712, 0x1601}}, {{0x1483, 0x7734}}, {{0xf20c, 0xe0ff}}, {{0xf202, 0xeb77}},
		{{0x4fb4, 0x4a33}}, {{0x7391, 0x27ca}}, {{0x1089, 0x25ca}}, {{0x1049, 0xf1ee}},
		{{0xebec, 0xf1ea}}, {{0x2139, 0x02c3}}, {{0x2538, 0x12c2}}, {{0x7a6b, 0xd87f}},
		{{0x753c, 0x771c}}, {{0x77b5, 0xf206}}, {{0x4fb0, 0x207f}}, {{0x0100, 0xf003}},
		{{0x700c, 0x1600}}, {{0x7083, 0x8000}}, {{0x0b6a, 0x41c3}}, {{0x0107, 0x0002}},
		{{0x0a82, 0xfbef}}, {{0x4263, 0x67be}}, {{0x2e44, 0x108e}}, {{0x740c, 0x41c3}},
		{{0x0108, 0x0003}}, {{0x42a1, 0x43e1}}, {{0x0d76, 0xfdef}}, {{0xc640, 0x7ccf}},
		{{0x1600, 0x7081}}, {{0x8000, 0x0b6a}}, {{0x245f, 0x1142}}, {{0x2314, 0x3040}},
		{{0x2000, 0x0f80}}, {{0x8000, 0x0b6a}}, {{0x2254, 0x0c83}}, {{0x0b1b, 0x3030}},
		{{0xa8c8, 0x0b39}}, {{0x3051, 0xe916}}, {{0x0931, 0x0051}}, {{0x1e00, 0x7382}},
		{{0x8000, 0x004f}}, {{0xf012, 0xe909}}, {{0x0921, 0x0051}}, {{0x1e00, 0x7382}},
		{{0x8000, 0x004e}}, {{0xf00a, 0x1e00}}, {{0x7382, 0x8000}}, {{0x0033, 0xf006}},
		{{0x1e00, 0x7382}}, {{0x8000, 0x0034}}, {{0x2b45, 0x0282}}, {{0x208a, 0x0dbf}},
		{{0xc142, 0x41c3}}, {{0x0109, 0x0005}}, {{0xc440, 0x7849}}, {{0x1c04, 0x36c0}},
		{{0x6078, 0x7b10}}, {{0x0cfa, 0xfdef}}, {{0x750c, 0xc004}}, {{0x1e00, 0x7043}},
		{{0x8000, 0x0a80}}, {{0x0a72, 0xfe8f}}, {{0xc003, 0x7104}}, {{0xc043, 0x7810}},
		{{0x7414, 0x060e}}, {{0xffc5, 0x40c3}}, {{0x8000, 0x0b9a}}, {{0x1800, 0x0043}},
		{{0x2480, 0x3902}}, {{0x1404, 0x341b}}, {{0xc6c6, 0x78e0}}, {{0xc0e2, 0x70ad}},
		{{0x706d, 0xdb6c}}, {{0x7bac, 0x235f}}, {{0x1d8c, 0x7175}}, {{0x716d, 0x631b}},
		{{0x639b, 0x633b}}, {{0x8b80, 0x7c45}}, {{0xab80, 0xf5f5}}, {{0x71a5, 0x0de5}},
		{{0x9094, 0xc4c2}}, {{0xc3e6, 0x2482}}, {{0x3903, 0x0b1e}}, {{0xff6f, 0xc083}},
		{{0x41c3, 0x8000}}, {{0x09a8, 0x8903}}, {{0x716c, 0x080f}}, {{0x01bf, 0x714c}},
		{{0x8916, 0x206d}}, {{0x0182, 0x140f}}, {{0x3080, 0x080f}}, {{0x019f, 0x1422}},
		{{0x3080, 0x206d}}, {{0x0183, 0x0a0d}}, {{0x00e0, 0x700c}}, {{0x0f9e, 0x0240}},
		{{0xc083, 0xd913}}, {{0x0c86, 0xfcaf}}, {{0xdaf3, 0xc083}}, {{0xd910, 0x0f92}},
		{{0xffef, 0xda45}}, {{0xca09, 0x70ad}}, {{0x704c, 0xf020}}, {{0x2232, 0x0f83}},
		{{0x8000, 0x046c}}, {{0x70cd, 0xdf6c}}, {{0x79db, 0x7fca}}, {{0x7955, 0x2440}},
		{{0x330b, 0x6199}}, {{0x2300, 0x13cb}}, {{0x2132, 0x0f8f}}, {{0x8000, 0x0b72}},
		{{0x245a, 0x1d81}}, {{0x71d5, 0x71cd}}, {{0x7161, 0x6179}}, {{0xa9e0, 0xf5ed}},
		{{0x7185, 0x0cd5}}, {{0x9094, 0x7144}}, {{0x0ac5, 0x8024}}, {{0x708d, 0x706c}},
		{{0x4260, 0xdeff}}, {{0xc083, 0x712c}}, {{0xba8b, 0xc541}}, {{0xc783, 0x0b02}},
		{{0x02e0, 0xc640}}, {{0xc083, 0xd910}}, {{0x0c12, 0xfcaf}}, {{0xdabc, 0xc02a}},
		{{0x080f, 0x017f}}, {{0xc083, 0xd91c}}, {{0x0f16, 0xffef}}, {{0x724c, 0x70ad}},
		{{0xc083, 0x712c}}, {{0x42c3, 0xfffe}}, {{0xffff, 0x776c}}, {{0xc640, 0x0ad2}},
		{{0x02e0, 0xc541}}, {{0x0be2, 0x0000}}, {{0x0bb2, 0xfdcf}}, {{0x700c, 0x0992}},
		{{0xfc2f, 0xd9ff}}, {{0x46cb, 0x8000}}, {{0x0b6a, 0x8e00}}, {{0x209f, 0x0b01}},
		{{0x60f8, 0x887c}}, {{0x0b1b, 0x017f}}, {{0xbb81, 0x700c}}, {{0x762c, 0xda22}},
		{{0xc542, 0x1c04}}, {{0x33c1, 0x0a26}}, {{0xfc6f, 0x1c00}}, {{0x3701, 0x700c}},
		{{0xd928, 0x724c}}, {{0x706c, 0xc542}}, {{0x1c04, 0x30c1}}, {{0x0a0e, 0xfc6f}},
		{{0xc540, 0x700c}}, {{0xd907, 0xda1e}}, {{0x706c, 0xc542}}, {{0xc541, 0x09fe}},
		{{0xfc6f, 0xc540}}, {{0x700c, 0x0996}}, {{0xfc6f, 0x712c}}, {{0x1600, 0x7080}},
		{{0x8000, 0x0096}}, {{0x0815, 0x011e}}, {{0xc807, 0x781b}}, {{0x2005, 0x0f80}},
		{{0x9003, 0xe002}}, {{0x1800, 0x0045}}, {{0x0c2e, 0x0040}}, {{0x70ed, 0x256f}},
		{{0x1cc3, 0x1e00}}, {{0x73c4, 0x9004}}, {{0x00dc, 0x8d00}}, {{0xe89e, 0x702c}},
		{{0xf018, 0xe809}}, {{0x1600, 0x7080}}, {{0x8000, 0x0040}}, {{0xe88a, 0x710c}},
		{{0xf00f, 0x1600}}, {{0x7080, 0x8000}}, {{0x0025, 0x7014}}, {{0x700c, 0xf209}},
		{{0x6901, 0x0cfa}}, {{0xfe2f, 0x780f}}, {{0x0826, 0xfccf}}, {{0x8e00, 0x6821}},
		{{0x782f, 0x08d3}}, {{0x80b4, 0xae20}}, {{0x0ce2, 0xfe2f}}, {{0x730c, 0xb6e0}},
		{{0x8d00, 0xe885}}, {{0x0ffe, 0x0140}}, {{0x8d00, 0x41c3}}, {{0x9003, 0xe166}},
		{{0x1900, 0x0005}}, {{0x1902, 0x0005}}, {{0x1600, 0x7101}}, {{0x8000, 0x0010}},
		{{0x2178, 0x0041}}, {{0x2105, 0x803e}}, {{0x0ed0, 0x0141}}, {{0x0ac6, 0xff8f}},
		{{0x0c36, 0xfe4f}}, {{0xc7c6, 0x78e0}}, {{0xc2e6, 0x1cfc}}, {{0xb6c8, 0xc1ac}},
		{{0xdc20, 0xbc9f}}, {{0x8ca0, 0xc04b}}, {{0x8c01, 0x4358}}, {{0xc148, 0x14f7}},
		{{0x9082, 0x14f8}}, {{0x9081, 0x2053}}, {{0x010e, 0x78a5}}, {{0xc342, 0x2553}},
		{{0x110f, 0x2253}}, {{0x010b, 0x2153}}, {{0x0103, 0x2053}}, {{0x813e, 0xace0}},
		{{0xacc1, 0x1cf7}}, {{0x92c2, 0x1cf8}}, {{0x90c2, 0xf406}}, {{0x1c01, 0x1043}},
		{{0x1c00, 0x1043}}, {{0x7945, 0x2153}}, {{0x813e, 0xf406}}, {{0x1cf8, 0x9043}},
		{{0x1cf7, 0x9043}}, {{0xc002, 0x71ed}}, {{0x7114, 0x700c}}, {{0xc043, 0xf406}},
		{{0x70ed, 0xc744}}, {{0x710c, 0xf014}}, {{0xc002, 0xe809}}, {{0xc002, 0x0819}},
		{{0x00b1, 0x710c}}, {{0xc044, 0x700c}}, {{0xf00a, 0x710c}}, {{0xc044, 0xc045}},
		{{0x70ed, 0xf007}}, {{0x710c, 0x70ed}}, {{0xc044, 0x40e1}}, {{0xc045, 0xc108}},
		{{0xca01, 0x1600}}, {{0x7082, 0x8000}}, {{0x00ce, 0x2179}}, {{0x0001, 0xc14a}},
		{{0x2079, 0x0001}}, {{0xd8ce, 0xb89f}}, {{0x1032, 0x0080}}, {{0x7054, 0xc047}},
		{{0x6901, 0xc049}}, {{0xc007, 0x78c0}}, {{0xc047, 0xf0c0}}, {{0xc002, 0x080f}},
		{{0x0071, 0xd943}}, {{0x740c, 0xb911}}, {{0xf00d, 0xc002}}, {{0x0813, 0x00b0}},
		{{0xd911, 0xc002}}, {{0xe889, 0xd987}}, {{0x740c, 0xb910}}, {{0xf003, 0x740c}},
		{{0xb913, 0x09be}}, {{0xfdcf, 0xc209}}, {{0x41c3, 0x0089}}, {{0x0001, 0x09b2}},
		{{0xfdef, 0x740c}}, {{0xc003, 0xc108}}, {{0xc302, 0x780f}}, {{0xc046, 0xc041}},
		{{0xc007, 0x4263}}, {{0xc040, 0x0bc2}}, {{0xfd2f, 0xc00b}}, {{0x1600, 0x7080}},
		{{0x8000, 0x000b}}, {{0x46cb, 0x8000}}, {{0x0dcc, 0x081b}}, {{0x003e, 0xd945}},
		{{0x740c, 0x097e}}, {{0xfdef, 0xb911}}, {{0x40c1, 0x41e1}}, {{0x0b76, 0xfeaf}},
		{{0x4263, 0x1600}}, {{0x7080, 0x8000}}, {{0x00ce, 0xe8a1}}, {{0xd98b, 0x740c}},
		{{0x095e, 0xfdef}}, {{0xb910, 0x702c}}, {{0x40e1, 0x0b32}}, {{0x00a0, 0x4263}},
		{{0x4508, 0xe888}}, {{0x712c, 0x40e1}}, {{0x0b22, 0x00a0}}, {{0x4263, 0x4508}},
		{{0xd923, 0x740c}}, {{0x093a, 0xfdef}}, {{0xb912, 0x40c1}}, {{0x41e1, 0x0b36}},
		{{0xfeaf, 0x4263}}, {{0x0f86, 0xfeef}}, {{0x40a1, 0xc008}}, {{0x7014, 0x0e24}},
		{{0xfc62, 0x4063}}, {{0xc005, 0x08a1}}, {{0x0030, 0xd947}}, {{0x740c, 0x0912}},
		{{0xfdef, 0xb911}}, {{0xc004, 0xc106}}, {{0xc30a, 0x0922}}, {{0x0360, 0x4263}},
		{{0xca01, 0x0893}}, {{0x0030, 0xd825}}, {{0xb89f, 0x8840}}, {{0x883b, 0xc003}},
		{{0x7945, 0xc146}}, {{0xe896, 0x70ad}}, {{0xc006, 0x0823}}, {{0x036e, 0x712c}},
		{{0x1600, 0x708e}}, {{0x8000, 0x0004}}, {{0x0ac6, 0xfd2f}}, {{0x40a1, 0x4200}},
		{{0x700c, 0x41c1}}, {{0x08ee, 0xfe2f}}, {{0x43a1, 0x71b5}}, {{0x71ad, 0xf5ee}},
		{{0xc004, 0xe829}}, {{0xc003, 0xe827}}, {{0x70ad, 0xc006}}, {{0x0821, 0x036e}},
		{{0x712c, 0x1600}}, {{0x708e, 0x8000}}, {{0x0004, 0x0a96}}, {{0xfd2f, 0x40a1}},
		{{0x4200, 0x700c}}, {{0x41c1, 0x08be}}, {{0xfe2f, 0x43a1}}, {{0x71b5, 0x71ad}},
		{{0xf5ed, 0xd98f}}, {{0x740c, 0x088a}}, {{0xfdef, 0xb910}}, {{0x0e7e, 0xfc6f}},
		{{0x4063, 0xf009}}, {{0xd98d, 0x740c}}, {{0x0876, 0xfdef}}, {{0xb910, 0x0c12}},
		{{0x0340, 0xc003}}, {{0x7104, 0xc043}}, {{0xc103, 0xc009}}, {{0x7110, 0x0680}},
		{{0xffc5, 0xc0ac}}, {{0x1404, 0x341b}}, {{0xc6c6, 0x78e0}}, {{0x4100, 0xe806}},
		{{0xca04, 0x6961}}, {{0x7b19, 0xf003}}, {{0x706c, 0x20aa}}, {{0x00c4, 0x0813}},
		{{0x003f, 0x722c}}, {{0x710c, 0x21ab}}, {{0x00c4, 0x20ab}}, {{0x00c4, 0x0b11}},
		{{0x0415, 0x1600}}, {{0x7100, 0x9004}}, {{0x0048, 0x7ee0}}, {{0x21aa, 0x0104}},
		{{0x222f, 0x004a}}, {{0x0a19, 0x00e5}}, {{0x24aa, 0x1144}}, {{0x20aa, 0x0104}},
		{{0x09fd, 0x8004}}, {{0x24aa, 0x1144}}, {{0x4b51, 0xf003}}, {{0x6179, 0x20aa}},
		{{0x0104, 0x7030}}, {{0x20e1, 0x07c6}}, {{0x20aa, 0x0144}}, {{0x0cf3, 0x9000}},
		{{0x7ee0, 0x78e0}}, {{0xc0f1, 0x0876}}, {{0x0000, 0x0f96}}, {{0xffcf, 0xc0d1}},
		{{0x7ee0, 0x78e0}}, {{0xc2e4, 0xc1a3}}, {{0xd949, 0x740c}}, {{0x0fd2, 0xfdaf}},
		{{0xb913, 0xd840}}, {{0xb89f, 0x88c0}}, {{0x10e5, 0x808d}}, {{0x700c, 0x0da2}},
		{{0xfbef, 0xd9ff}}, {{0x2605, 0x1340}}, {{0xb8c1, 0xc041}}, {{0xd880, 0xd90b}},
		{{0xda20, 0x706c}}, {{0x1c08, 0x3001}}, {{0x0e42, 0xfc2f}}, {{0x1c00, 0x3001}},
		{{0x700c, 0x0dda}}, {{0xfc2f, 0x712c}}, {{0x0f46, 0xffef}}, {{0xd814, 0xc0a3}},
		{{0xc6c4, 0x78e0}}, {{0xc0f1, 0x4328}}, {{0x0812, 0x0020}}, {{0x702c, 0x7071}},
		{{0xc0d1, 0x7fe0}}, {{0x20ca, 0x02c5}}, {{0x236f, 0x0343}}, {{0x9340, 0x081f}},
		{{0x0f84, 0x0003}}, {{0x0d41, 0xb825}}, {{0x201c, 0x0f80}}, {{0x0a7c, 0x5ac5}},
		{{0xb827, 0x784c}}, {{0x2845, 0x0500}}, {{0xf007, 0x784c}}, {{0x201c, 0x0f80}},
		{{0x431b, 0xde83}}, {{0xb833, 0x8b42}}, {{0x44cb, 0x8000}}, {{0x0a80, 0x6058}},
		{{0x7104, 0x2805}}, {{0x0080, 0x8c40}}, {{0x6981, 0xea0e}}, {{0x13fb, 0x8082}},
		{{0x0a15, 0x00df}}, {{0x43c3, 0x8000}}, {{0x0b68, 0x8b40}}, {{0xea04, 0x7a2c}},
		{{0x8b81, 0x7c4c}}, {{0x7410, 0x7fe0}}, {{0x20ca, 0x030d}}, {{0xc2e6, 0x1cfc}},
		{{0xb6c8, 0x0b6a}}, {{0xfeef, 0xc1ae}}, {{0xdf40, 0x206d}}, {{0x0902, 0xb8c3}},
		{{0xbf9f, 0x221f}}, {{0x0001, 0x8f00}}, {{0x1a04, 0x3098}}, {{0x1a03, 0x3058}},
		{{0xe80a, 0x1600}}, {{0x7080, 0x8000}}, {{0x003f, 0x6992}}, {{0x2484, 0x1e03}},
		{{0x641c, 0xf00a}}, {{0x1600, 0x708c}}, {{0x8000, 0x0024}}, {{0x0a09, 0x00b1}},
		{{0x783d, 0x5013}}, {{0x7b8f, 0x2453}}, {{0x90be, 0x2b41}}, {{0x00c2, 0x41c3}},
		{{0x8000, 0x042c}}, {{0xbb22, 0x22c0}}, {{0x0062, 0x2453}}, {{0x907e, 0xa940}},
		{{0x23c0, 0x0062}}, {{0x41c3, 0x01de}}, {{0x0002, 0x0ea6}}, {{0xfdaf, 0xd80a}},
		{{0xdd25, 0xbd9f}}, {{0x2542, 0x155b}}, {{0x2342, 0x33ce}}, {{0x1605, 0x1481}},
		{{0x1500, 0x108b}}, {{0x1302, 0x3082}}, {{0x9600, 0x8f60}}, {{0x1300, 0x310c}},
		{{0xc043, 0xc142}}, {{0xc241, 0xd80a}}, {{0x41c3, 0x01e0}}, {{0x0006, 0x4261}},
		{{0x0e6e, 0xfdaf}}, {{0xc440, 0x16fe}}, {{0x9082, 0xd80a}}, {{0x41c3, 0x01e9}},
		{{0x0001, 0x0e5e}}, {{0xfdaf, 0xbac3}}, {{0x8d00, 0x080f}}, {{0x001e, 0x0cf6}},
		{{0xfdef, 0x700c}}, {{0x8d00, 0x080d}}, {{0x007e, 0x710c}}, {{0x0ce6, 0xfdcf}},
		{{0x8f00, 0x080f}}, {{0x001e, 0x0cde}}, {{0xfdef, 0x720c}}, {{0x8f00, 0x080d}},
		{{0x007e, 0x730c}}, {{0x0cce, 0xfdcf}}, {{0xc807, 0x47cb}}, {{0x9004, 0x0094}},
		{{0x6f62, 0x6b82}}, {{0x791b, 0x2454}}, {{0x1f00, 0x2105}}, {{0x03c2, 0x7b25}},
		{{0x7c25, 0x9240}}, {{0x9320, 0x94a0}}, {{0x1002, 0x051e}}, {{0x9060, 0x9081}},
		{{0x9003, 0xc346}}, {{0xdb7f, 0xc048}}, {{0x4020, 0x20ad}}, {{0x0203, 0xc043}},
		{{0x2104, 0x00c0}}, {{0xc042, 0x4040}}, {{0x20ad, 0x0203}}, {{0xc141, 0xc040}},
		{{0x7b44, 0x740c}}, {{0x41c3, 0x01ea}}, {{0x000b, 0xc447}}, {{0x1c14, 0x3780}},
		{{0x0dce, 0xfdaf}}, {{0xc544, 0x1600}}, {{0x7100, 0x9018}}, {{0x0100, 0x71ad}},
		{{0xb822, 0x2506}}, {{0x1000, 0x0f06}}, {{0xfeef, 0x1a04}}, {{0x3002, 0x40c3}},
		{{0x9005, 0xe14a}}, {{0x1fbc, 0x9344}}, {{0x276f, 0x1443}}, {{0xb0a0, 0x18a4}},
		{{0x8005, 0x8f40}}, {{0x41c3, 0x01ed}}, {{0x0001, 0x0d96}}, {{0xfdaf, 0x740c}},
		{{0x0856, 0xfc6f}}, {{0x8f00, 0xd9f7}}, {{0x750c, 0x0d86}}, {{0xfdaf, 0xb911}},
		{{0x1300, 0x3100}}, {{0x0813, 0x0050}}, {{0x16fe, 0x9080}}, {{0x206c, 0x00c0}},
		{{0xe0a0, 0x0c08}}, {{0x0081, 0x1600}}, {{0x7080, 0x8000}}, {{0x00f4, 0x7014}},
		{{0x0f04, 0x0102}}, {{0xc0ae, 0x1404}}, {{0x341b, 0xc6c6}}, {{0xc2e6, 0x1cfc}},
		{{0xb6c8, 0xc1a9}}, {{0x200a, 0x0f80}}, {{0x0000, 0x6000}}, {{0x2029, 0x0000}},
		{{0x710c, 0x1e00}}, {{0x7004, 0x9004}}, {{0x0120, 0x1600}}, {{0x7080, 0x8000}},
		{{0x0001, 0x0825}}, {{0x003e, 0x702c}}, {{0x40c3, 0x9007}}, {{0xe034, 0x42c3}},
		{{0x9004, 0x0034}}, {{0xb020, 0xb8b2}}, {{0xb020, 0xb220}}, {{0x1a90, 0x005c}},
		{{0x1a00, 0x00c5}}, {{0x0b72, 0x0080}}, {{0xd911, 0xd80a}}, {{0x0d02, 0xfdaf}},
		{{0xb915, 0x0b8e}}, {{0xfc0f, 0x236f}}, {{0x39c3, 0x45cb}}, {{0x9018, 0x01dc}},
		{{0x13ef, 0xb481}}, {{0x08fa, 0x0260}}, {{0x9500, 0xca03}}, {{0x41c3, 0x9012}},
		{{0x0052, 0x2140}}, {{0x028e, 0x7014}}, {{0x6962, 0x6ee2}}, {{0x26ca, 0x1041}},
		{{0x7014, 0x42c3}}, {{0x0000, 0x2409}}, {{0x44cb, 0x0000}}, {{0x6745, 0x27ca}},
		{{0x10c1, 0xd8f2}}, {{0x1b00, 0x3084}}, {{0xb680, 0xb700}}, {{0x41c3, 0x0222}},
		{{0x0001, 0x0cae}}, {{0xfdaf, 0xd80a}}, {{0x40c3, 0x9004}}, {{0x01dc, 0x9541}},
		{{0x9560, 0x15fe}}, {{0x910c, 0x9020}}, {{0x10fc, 0x8100}}, {{0xc440, 0xc141}},
		{{0xc042, 0x41c3}}, {{0x0223, 0x0005}}, {{0x0c86, 0xfdaf}}, {{0xd80a, 0xcc12}},
		{{0x9620, 0x080f}}, {{0x0041, 0xcc13}}, {{0x9720, 0x0811}}, {{0x0040, 0xd989}},
		{{0x700c, 0x0962}}, {{0xfbaf, 0xb912}}, {{0xc807, 0x1600}}, {{0x7082, 0x8000}},
		{{0x0004, 0x706c}}, {{0x781b, 0x2005}}, {{0x0f81, 0x9004}}, {{0x0012, 0x206f}},
		{{0x0243, 0x9006}}, {{0xc043, 0x9100}}, {{0x1600, 0x708d}}, {{0x8000, 0x0001}},
		{{0x0a11, 0x01ff}}, {{0xc046, 0xba14}}, {{0x2204, 0x0f83}}, {{0x0010, 0x0000}},
		{{0x206f, 0x0443}}, {{0x10fe, 0x8481}}, {{0x1031, 0x0502}}, {{0x47cb, 0x8000}},
		{{0x0a80, 0x219f}}, {{0x0703, 0x1a07}}, {{0x30d8, 0x1f00}}, {{0x1043, 0x623a}},
		{{0x7744, 0x2a04}}, {{0x0042, 0x41c3}}, {{0x8000, 0x0b68}}, {{0x1901, 0x0103}},
		{{0x0d66, 0xfeef}}, {{0xa940, 0x0d62}}, {{0xfeef, 0x7204}}, {{0xc003, 0x08f1}},
		{{0x003e, 0xbd27}}, {{0x0ce2, 0x0000}}, {{0x1600, 0x7080}}, {{0x8000, 0x0019}},
		{{0x2005, 0x837e}}, {{0xf405, 0x1e00}}, {{0x7085, 0x9004}}, {{0x00c0, 0x0cc2}},
		{{0xffcf, 0x0b86}}, {{0xff8f, 0x41c3}}, {{0x0226, 0x0000}}, {{0x0bc2, 0xfdaf}},
		{{0x740c, 0x0e36}}, {{0xff0f, 0x700c}}, {{0x0996, 0xfbef}}, {{0xd9ff, 0x700c}},
		{{0x742c, 0x0d9e}}, {{0xfc2f, 0x704c}}, {{0x700c, 0x09e2}}, {{0xfc2f, 0x712c}},
		{{0x0cbe, 0x0000}}, {{0x266f, 0x1a43}}, {{0x40a1, 0x0c16}}, {{0xfdaf, 0x1e00}},
		{{0x1045, 0x0c7a}}, {{0xfccf, 0x70b5}}, {{0x0a48, 0xff81}}, {{0xc003, 0x080f}},
		{{0x033f, 0xd80a}}, {{0xed99, 0x710c}}, {{0xf015, 0x41c3}}, {{0x0227, 0x0000}},
		{{0x43db, 0x0000}}, {{0x1000, 0x0b6a}}, {{0xfd8f, 0x096a}}, {{0xfbaf, 0x1e00}},
		{{0x16c4, 0xd809}}, {{0xb80c, 0xb600}}, {{0x0ce2, 0x0020}}, {{0xd80d, 0xed85}},
		{{0x700c, 0x0862}}, {{0x02c0, 0x700c}}, {{0x0926, 0xfbef}}, {{0xd9ff, 0x40c3}},
		{{0x0000, 0x3a98}}, {{0x0bb2, 0xffef}}, {{0x702c, 0x780f}}, {{0x706c, 0x2048}},
		{{0x0202, 0x700c}}, {{0xd907, 0x4568}}, {{0xc342, 0xc341}}, {{0x09be, 0xfc2f}},
		{{0xc340, 0x700c}}, {{0x0956, 0xfc2f}}, {{0x712c, 0x0c72}}, {{0xfc4f, 0x700c}},
		{{0x0c9a, 0x0020}}, {{0xafa0, 0x710c}}, {{0xb88f, 0xb600}}, {{0x0a7e, 0x0100}},
		{{0x0cc6, 0xfdef}}, {{0x710c, 0xc003}}, {{0x2044, 0x808e}}, {{0xf204, 0x0dee}},
		{{0x0220, 0x710c}}, {{0xc003, 0x2044}}, {{0x811b, 0x0d98}}, {{0x0202, 0x0e9a}},
		{{0xfc8f, 0x7314}}, {{0x700c, 0xc045}}, {{0xf414, 0xc003}}, {{0x0825, 0x01de}},
		{{0x1600, 0x7080}}, {{0x8000, 0x0102}}, {{0x0819, 0x005f}}, {{0xc807, 0x781b}},
		{{0x2005, 0x0f81}}, {{0x9003, 0xe012}}, {{0x700c, 0xb100}}, {{0x710c, 0xc045}},
		{{0xc003, 0x2044}}, {{0x8200, 0xc044}}, {{0xf204, 0x0cbe}}, {{0x0220, 0x710c}},
		{{0xc003, 0xd940}}, {{0x2004, 0x804d}}, {{0xf21c, 0x41c3}}, {{0x020f, 0x0000}},
		{{0x0a8e, 0xfdaf}}, {{0xd80a, 0xd839}}, {{0x0bee, 0xfeef}}, {{0xb89f, 0x2042}},
		{{0x094f, 0xd840}}, {{0x1a02, 0x3043}}, {{0xb700, 0x0bf6}}, {{0x0160, 0xd813}},
		{{0xd840, 0xb88f}}, {{0xb700, 0x0bf6}}, {{0x0020, 0x760c}}, {{0x1a02, 0x3003}},
		{{0x47cb, 0x8000}}, {{0x0102, 0x8f00}}, {{0x082f, 0x001f}}, {{0xed15, 0x080f}},
		{{0x00df, 0xee05}}, {{0x0d46, 0x0220}}, {{0x710c, 0x0b0f}}, {{0x3010, 0x8f00}},
		{{0xb8e4, 0x0cf0}}, {{0x0201, 0xc004}}, {{0xe807, 0x8f00}}, {{0x080b, 0x017f}},
		{{0x710c, 0x0c46}}, {{0x0200, 0xc003}}, {{0xd980, 0x2004}}, {{0x804d, 0xf227}},
		{{0x1600, 0x7080}}, {{0x8000, 0x008e}}, {{0x2053, 0x807e}}, {{0xf214, 0xd921}},
		{{0xd80a, 0x0a0e}}, {{0xfdaf, 0xb914}}, {{0xd880, 0x266f}}, {{0x1a43, 0xb600}},
		{{0x0b7e, 0x0160}}, {{0xd811, 0xd880}}, {{0xb88f, 0xb600}}, {{0x0b7e, 0x0020}},
		{{0xd80a, 0xf008}}, {{0x41c3, 0x0211}}, {{0x0000, 0x09e6}}, {{0xfdaf, 0xd80a}},
		{{0xc003, 0x080b}}, {{0x021f, 0x1a14}}, {{0x301d, 0x8f00}}, {{0x0825, 0x005f}},
		{{0xed10, 0xc005}}, {{0xe809, 0xc807}}, {{0x781b, 0x2005}}, {{0x0f80, 0x9003}},
		{{0xe012, 0x1800}}, {{0x0105, 0xc004}}, {{0xe804, 0x0bce}}, {{0x0220, 0x710c}},
		{{0xc003, 0x089f}}, {{0x02be, 0xd80a}}, {{0x41c3, 0x0212}}, {{0x0000, 0x09a2}},
		{{0xfd8f, 0x216f}}, {{0x04c3, 0x8900}}, {{0x2053, 0x80bc}}, {{0x1159, 0x0080}},
		{{0x206d, 0x0181}}, {{0xf208, 0x710c}}, {{0x20a8, 0x0100}}, {{0x202f, 0x0000}},
		{{0x7704, 0xf003}}, {{0x700c, 0x228a}}, {{0x0010, 0x256f}}, {{0x1a43, 0x0bf2}},
		{{0x01e0, 0xb540}}, {{0xd821, 0xb80a}}, {{0xb500, 0xca05}}, {{0xe8a6, 0xd825}},
		{{0xb89f, 0x8820}}, {{0x885b, 0x70cd}}, {{0x70ad, 0x2205}}, {{0x005b, 0x0b37}},
		{{0x336e, 0x79bb}}, {{0xd8e4, 0x7839}}, {{0xb8c1, 0x2000}}, {{0x0f80, 0x0100}},
		{{0x0040, 0xc187}}, {{0x714c, 0xc648}}, {{0x0896, 0x00a0}}, {{0xc647, 0xd995}},
		{{0x750c, 0x092e}}, {{0xfdaf, 0xb912}}, {{0xc287, 0x700c}}, {{0x0e02, 0xfbaf}},
		{{0x712c, 0x71b5}}, {{0x71ad, 0xf5e5}}, {{0x0aa2, 0x0020}}, {{0xd80e, 0xc003}},
		{{0x2044, 0x840e}}, {{0xf203, 0x700c}}, {{0xf005, 0xc003}}, {{0x080b, 0x0070}},
		{{0x710c, 0x0942}}, {{0x0140, 0xc003}}, {{0x258a, 0x1004}}, {{0x2004, 0x835b}},
		{{0xf218, 0xd985}}, {{0xd80a, 0x08ea}}, {{0xfdaf, 0xb912}}, {{0x1e00, 0x7344}},
		{{0x8000, 0x0014}}, {{0x0a5a, 0x0160}}, {{0xd812, 0xd881}}, {{0xb808, 0x1e00}},
		{{0x7004, 0x8000}}, {{0x0014, 0x0a56}}, {{0x0020, 0xd80b}}, {{0x1a14, 0x301d}},
		{{0x8f00, 0x0813}}, {{0x009f, 0x0b0f}}, {{0x3010, 0xee09}}, {{0x08f6, 0x0160}},
		{{0x700c, 0xc003}}, {{0x080f, 0x0050}}, {{0xf012, 0xc003}}, {{0x0885, 0x0071}},
		{{0x710c, 0x1600}}, {{0x7080, 0x8000}}, {{0x0019, 0xe88a}}, {{0xd945, 0xd80a}},
		{{0x088e, 0xfdaf}}, {{0xb913, 0x0a0a}}, {{0x0160, 0xd80f}}, {{0xee34, 0x1600}},
		{{0x708f, 0x8000}}, {{0x0001, 0x0c16}}, {{0xfbaf, 0x1215}}, {{0x371e, 0x7014}},
		{{0xd8ff, 0x268a}}, {{0x1fc7, 0x70ad}}, {{0x26ca, 0x1001}}, {{0xbfe2, 0x0e49}},
		{{0x317e, 0x25ca}}, {{0x13e1, 0x41c3}}, {{0x0215, 0x0000}}, {{0x0852, 0xfdaf}},
		{{0xd80a, 0x720c}}, {{0x41a1, 0x09f2}}, {{0x0020, 0x42c1}}, {{0x1600, 0x7080}},
		{{0x8000, 0x0096}}, {{0x0821, 0x013e}}, {{0x740c, 0x41c3}}, {{0x0216, 0x0000}},
		{{0x082e, 0xfd8f}}, {{0x730c, 0x41a1}}, {{0x09ce, 0x0020}}, {{0x42c1, 0xf004}},
		{{0x0862, 0x0140}}, {{0xc004, 0xe829}}, {{0x0a2e, 0x0220}}, {{0x700c, 0x1600}},
		{{0x708f, 0x8000}}, {{0x0001, 0x0ba6}}, {{0xfbaf, 0x1215}}, {{0x371e, 0x7014}},
		{{0xd8ff, 0x258a}}, {{0x1fc7, 0x70cd}}, {{0x25ca, 0x1001}}, {{0xbfe2, 0x0e2b}},
		{{0x31be, 0x26ca}}, {{0x13e1, 0x41c3}}, {{0x0217, 0x0000}}, {{0x0fe2, 0xfd6f}},
		{{0xd80a, 0x710c}}, {{0x41c1, 0x0982}}, {{0x0020, 0x42a1}}, {{0x700c, 0x41c1}},
		{{0x0976, 0x0020}}, {{0x42a1, 0xc003}}, {{0xb8e9, 0x0db8}}, {{0x01c2, 0xca05}},
		{{0xe824, 0xd825}}, {{0xb89f, 0x88c0}}, {{0x881b, 0x70ad}}, {{0x7e05, 0x0e25}},
		{{0x136e, 0x79bb}}, {{0xd8e4, 0x7839}}, {{0x2053, 0x004f}}, {{0x710c, 0x42e1}},
		{{0x0fc2, 0xfdaf}}, {{0x43a1, 0x700c}}, {{0x42e1, 0x0fba}}, {{0xfdaf, 0x43a1}},
		{{0x71b5, 0x71ad}}, {{0xf5ed, 0x0dfa}}, {{0xfd8f, 0x1600}}, {{0x7080, 0x8000}},
		{{0x0000, 0xb8e5}}, {{0x090c, 0xfdc2}}, {{0x0ade, 0xff8f}}, {{0xc003, 0x082f}},
		{{0x0050, 0x1600}}, {{0x7080, 0x8000}}, {{0x0004, 0x0817}}, {{0x01ff, 0x2044}},
		{{0x0c00, 0x0815}}, {{0x0810, 0x0817}}, {{0x0431, 0x710c}}, {{0xf005, 0x08b2}},
		{{0x0280, 0xf005}}, {{0x700c, 0x0ff2}}, {{0x0200, 0x08ea}}, {{0x0080, 0xc807}},
		{{0x781b, 0x2005}}, {{0x0f81, 0x9005}}, {{0xe012, 0xc006}}, {{0x0e2e, 0x0020}},
		{{0xb100, 0x41c3}}, {{0x0229, 0x0000}}, {{0x0f26, 0xfd6f}}, {{0xd80a, 0x08ea}},
		{{0xfdef, 0x700c}}, {{0x0c26, 0x0220}}, {{0xd807, 0x700c}}, {{0x20ab, 0x00c4}},
		{{0x7fff, 0xf000}}, {{0xc2e2, 0x45cb}}, {{0x9004, 0x0144}}, {{0x9500, 0x206c}},
		{{0x0040, 0xb880}}, {{0x1dac, 0x1014}}, {{0x0ea6, 0xffaf}}, {{0x740c, 0xd81f}},
		{{0x0e9e, 0xffaf}}, {{0x1d00, 0x1045}}, {{0xc6c2, 0x78e0}}, {{0xc2e2, 0x0e92}},
		{{0xffaf, 0xd81f}}, {{0x45cb, 0x9004}}, {{0x01f0, 0x740c}}, {{0x0e82, 0xffaf}},
		{{0x1d00, 0x1005}}, {{0x1554, 0x9100}}, {{0x206c, 0x0040}}, {{0xb881, 0x1d54}},
		{{0x9004, 0xc6c2}}, {{0xc0e6, 0x69f7}}, {{0x6a37, 0x708d}}, {{0x2b40, 0x038d}},
		{{0x232f, 0x1082}}, {{0x2104, 0x0f81}}, {{0x0000, 0x3f80}}, {{0xb086, 0xb085}},
		{{0xb082, 0xb081}}, {{0x236c, 0x114c}}, {{0x79a5, 0x6bd3}}, {{0x2705, 0x1342}},
		{{0x7c25, 0x2644}}, {{0x1403, 0x2285}}, {{0x0601, 0xbc83}}, {{0xb067, 0xb063}},
		{{0xb040, 0xb084}}, {{0xc4c6, 0x78e0}}, {{0xc0f1, 0x1600}}, {{0x7081, 0x8000}},
		{{0x0012, 0x218c}}, {{0x8203, 0x0b74}}, {{0x020e, 0x0cce}}, {{0x0040, 0xc0d1}},
		{{0x7ee0, 0x78e0}}, {{0xc2e6, 0x1cfc}}, {{0xb6c8, 0x2482}}, {{0x3404, 0x4358}},
		{{0xc156, 0xc04a}}, {{0x2455, 0x39c0}}, {{0x702c, 0x093a}}, {{0xfb6f, 0xda50}},
		{{0x700c, 0xc04b}}, {{0xc00a, 0xd925}}, {{0xb99f, 0x7314}}, {{0x700c, 0x1c98}},
		{{0x3000, 0x1c94}}, {{0x3000, 0x111b}}, {{0x0482, 0x11c6}}, {{0x8483, 0x9120}},
		{{0x1c90, 0x3000}}, {{0x1c8c, 0x3000}}, {{0xf20d, 0xc00a}}, {{0x0827, 0x0070}},
		{{0xd812, 0xc00a}}, {{0x0827, 0x00b0}}, {{0xd826, 0xc00a}}, {{0xe894, 0xd810}},
		{{0xf009, 0x710c}}, {{0xc04c, 0xd828}}, {{0xb890, 0xc052}}, {{0xd8d4, 0xc04f}},
		{{0xf00f, 0xb890}}, {{0xc052, 0xd880}}, {{0xf004, 0xb890}}, {{0xc052, 0xd8d4}},
		{{0xc04f, 0xf005}}, {{0x700c, 0xb890}}, {{0xc052, 0x700c}}, {{0xc04c, 0x213c}},
		{{0x0f80, 0x0000}}, {{0x0c80, 0xc057}}, {{0x236d, 0x3200}}, {{0xc04d, 0xc00a}},
		{{0x7b45, 0xc359}}, {{0xb8a0, 0x1c88}}, {{0x3000, 0xc00b}}, {{0x712c, 0x7918}},
		{{0xc00b, 0xb902}}, {{0x210f, 0x0000}}, {{0xc050, 0xc110}}, {{0xc019, 0x790b}},
		{{0x0482, 0x0001}}, {{0xc00b, 0x1e00}}, {{0x7002, 0x8000}}, {{0x0b6b, 0x0f8e}},
		{{0xfdaf, 0x730c}}, {{0x41c3, 0x8000}}, {{0x0b6b, 0x8981}}, {{0x41c3, 0x8000}},
		{{0x0b6b, 0x8922}}, {{0xc20b, 0x245f}}, {{0x150d, 0xc151}}, {{0xc112, 0xc807}},
		{{0x2455, 0x39df}}, {{0x7945, 0xc153}}, {{0x1600, 0x7081}}, {{0x8000, 0x0b9c}},
		{{0x75e3, 0x46cb}}, {{0x9000, 0x0000}}, {{0xc14e, 0xc113}}, {{0x7825, 0xc054}},
		{{0xf039, 0xc00e}}, {{0x086b, 0x032e}}, {{0x2c40, 0x1300}}, {{0xc314, 0x244a}},
		{{0x7280, 0x7b05}}, {{0x7f7b, 0x245a}}, {{0x151b, 0x2300}}, {{0x37db, 0x7fc5}},
		{{0x264a, 0x3000}}, {{0x43a9, 0x700c}}, {{0x20a8, 0x08c0}}, {{0xc10d, 0x2078}},
		{{0x0202, 0x2178}}, {{0x0001, 0x794b}}, {{0xf417, 0xc10c}}, {{0x2079, 0x0242}},
		{{0x794b, 0xf413}}, {{0xc10c, 0xe908}}, {{0x0811, 0x0251}}, {{0x9720, 0x1b12}},
		{{0x3044, 0xf00b}}, {{0x0813, 0x0250}}, {{0x2605, 0x30c1}}, {{0x793b, 0x79c5}},
		{{0x9120, 0x1b00}}, {{0x1044, 0x7265}}, {{0x2656, 0x381e}}, {{0x7104, 0xe514}},
		{{0x7185, 0xc011}}, {{0x088f, 0x8325}}, {{0x2455, 0x3942}}, {{0xc00b, 0xc10a}},
		{{0x70cd, 0x7d0f}}, {{0x2455, 0x38c3}}, {{0x40a1, 0x2455}}, {{0x394f, 0xc642}},
		{{0x1c04, 0x3041}}, {{0x0ede, 0xfdef}}, {{0xc640, 0x40c3}}, {{0x8000, 0x0b9c}},
		{{0x8021, 0xc20d}}, {{0xc30d, 0x0cc2}}, {{0xff2f, 0x40a1}}, {{0xc010, 0x43db}},
		{{0x0000, 0x8480}}, {{0x7d0f, 0xc00c}}, {{0xe836, 0x710c}}, {{0x0ef6, 0xfdaf}},
		{{0x41a1, 0xc00d}}, {{0xc20a, 0xd908}}, {{0xc041, 0x2455}}, {{0x3ec0, 0x43a1}},
		{{0xc642, 0x0b12}}, {{0xfd2f, 0xc740}}, {{0x702c, 0x40c3}}, {{0x8000, 0x631c}},
		{{0x0f62, 0xfb2f}}, {{0x4263, 0x2455}}, {{0x3ec0, 0xc046}}, {{0xc00d, 0xc20a}},
		{{0xd908, 0xc044}}, {{0xc017, 0xc645}}, {{0xc042, 0xc016}}, {{0xc743, 0xc640}},
		{{0x780f, 0xc041}}, {{0x40c3, 0x8000}}, {{0x631c, 0x0f6e}}, {{0xfd2f, 0x746c}},
		{{0x2455, 0x3ec0}}, {{0x0a7e, 0xfd2f}}, {{0x702c, 0x700c}}, {{0x0e96, 0xfdaf}},
		{{0x41a1, 0xf02e}}, {{0xc00d, 0xc20a}}, {{0xd908, 0xc041}}, {{0x2455, 0x3ec0}},
		{{0x43a1, 0xc642}}, {{0x0aae, 0xfd2f}}, {{0xc740, 0x702c}}, {{0x40c3, 0x8000}},
		{{0x631c, 0x0f02}}, {{0xfb2f, 0x4263}}, {{0x2455, 0x3ec0}}, {{0xc046, 0xc00d}},
		{{0xc20a, 0xd908}}, {{0xc044, 0xc017}}, {{0xc645, 0xc042}}, {{0xc016, 0xc743}},
		{{0xc640, 0x780f}}, {{0xc041, 0x40c3}}, {{0x8000, 0x631c}}, {{0x0f0a, 0xfd2f}},
		{{0x746c, 0x2455}}, {{0x3ec0, 0x0a1e}}, {{0xfd2f, 0x702c}}, {{0xc807, 0xc313}},
		{{0x2455, 0x39c2}}, {{0xc058, 0x40c3}}, {{0x8000, 0x0b6b}}, {{0x8881, 0x1600}},
		{{0x7080, 0x8000}}, {{0x0b9c, 0x245f}}, {{0x1501, 0xc05c}}, {{0x40c3, 0x8000}},
		{{0x0b6b, 0x8802}}, {{0x260a, 0x3300}}, {{0x6159, 0xc05d}}, {{0x245f, 0x1280}},
		{{0xc155, 0xc054}}, {{0xc00b, 0x781b}}, {{0xc05a, 0xc018}}, {{0x7865, 0x026d}},
		{{0x0020, 0xc05b}}, {{0xc01c, 0x2011}}, {{0x8780, 0x0250}}, {{0x0021, 0x2e40}},
		{{0x330c, 0xc01b}}, {{0xc30b, 0x7885}}, {{0xc053, 0xc018}}, {{0x7b85, 0xc50b}},
		{{0x7c05, 0x7865}}, {{0xc050, 0xc013}}, {{0x7d85, 0x41c3}}, {{0x9002, 0x0044}},
		{{0x7b1b, 0xc01a}}, {{0x706d, 0x244a}}, {{0x7280, 0x7c05}}, {{0x2305, 0x0f80}},
		{{0x9000, 0x0000}}, {{0x1c84, 0x3000}}, {{0x78bb, 0x7825}}, {{0xc05e, 0x4061}},
		{{0xc04e, 0xc015}}, {{0x2142, 0x0482}}, {{0x7b9b, 0x7a65}}, {{0xc25f, 0xc051}},
		{{0x20a8, 0x0f03}}, {{0xc00d, 0x2378}}, {{0x1201, 0x2078}}, {{0x0000, 0x782b}},
		{{0xf4ec, 0xc00c}}, {{0x2379, 0x1241}}, {{0x782b, 0xf4e8}}, {{0xc00c, 0x7825}},
		{{0x7114, 0xf4e4}}, {{0xc014, 0x704c}}, {{0x7061, 0x780f}}, {{0x209f, 0x040d}},
		{{0x2032, 0x0f9f}}, {{0x8000, 0x6598}}, {{0x0f39, 0x3030}}, {{0x708d, 0x41c3}},
		{{0x8000, 0x631c}}, {{0x0f29, 0x3070}}, {{0x6029, 0x2000}}, {{0x0f80, 0x8000}},
		{{0x631c, 0x0f17}}, {{0x30f1, 0x8861}}, {{0x8842, 0xc00f}}, {{0x4b34, 0x7842}},
		{{0x7091, 0xc40f}}, {{0xf606, 0x4220}}, {{0x4468, 0xf004}}, {{0xc40f, 0x4220}},
		{{0xc011, 0x2455}}, {{0x3941, 0x21f4}}, {{0x0781, 0x1488}}, {{0x3003, 0x9000}},
		{{0x2153, 0x014d}}, {{0x7274, 0x2053}}, {{0x0143, 0xf409}}, {{0x206c, 0x0140}},
		{{0x216c, 0x0141}}, {{0x6078, 0x653b}}, {{0xf00f, 0x7f1d}}, {{0x2084, 0x0001}},
		{{0x7e3d, 0x2184}}, {{0x0001, 0x276c}}, {{0x115f, 0x6078}}, {{0x266c, 0x1143}},
		{{0x61b9, 0x70e3}}, {{0x633b, 0x7910}}, {{0xc00a, 0x7b70}}, {{0x647c, 0x7214}},
		{{0x4970, 0x7842}}, {{0x7c22, 0x4708}}, {{0x27ca, 0x1305}}, {{0x24ca, 0x1005}},
		{{0xc00a, 0xe815}}, {{0xc00a, 0x0897}}, {{0x0090, 0xc00a}}, {{0x08a7, 0x0051}},
		{{0xc10e, 0xc010}}, {{0x43db, 0x9002}}, {{0x00d4, 0x2342}}, {{0x310d, 0x7825}},
		{{0x7e1b, 0x2305}}, {{0x339b, 0x7dc5}}, {{0xf05e, 0xc10e}}, {{0xc010, 0x43c3}},
		{{0x9002, 0x00d0}}, {{0x7a90, 0x7825}}, {{0x7e1b, 0x2605}}, {{0x10cd, 0x1500}},
		{{0x111f, 0x6b04}}, {{0x2605, 0x101b}}, {{0x78f0, 0x1300}}, {{0x3101, 0x1c80}},
		{{0x3000, 0x202f}}, {{0x07c7, 0x7210}}, {{0x24ca, 0x100d}}, {{0x2358, 0x0ac0}},
		{{0x272f, 0x3047}}, {{0x2605, 0x1001}}, {{0xb864, 0x78c5}}, {{0x9120, 0x9000}},
		{{0x1480, 0x3003}}, {{0x1600, 0x7082}}, {{0x8000, 0x0111}}, {{0x73f3, 0x27ca}},
		{{0x17cd, 0xea32}}, {{0xb9c6, 0x7b90}}, {{0x7170, 0xb8c6}}, {{0x20cc, 0x80cd}},
		{{0xf717, 0x092d}}, {{0x0025, 0x4954}}, {{0xf013, 0xc10e}}, {{0xc010, 0x7825}},
		{{0x41c3, 0x9002}}, {{0x0038, 0x781b}}, {{0x6944, 0x7905}}, {{0x7845, 0xb180}},
		{{0xf004, 0xc01f}}, {{0xb080, 0xc01e}}, {{0xb0e0, 0xf022}}, {{0x4854, 0x272f}},
		{{0x33c8, 0x2700}}, {{0x3043, 0xe3fe}}, {{0xf705, 0x2000}}, {{0x07c3, 0xe3ff}},
		{{0xf78a, 0x080f}}, {{0x0065, 0x2187}}, {{0x0fc1, 0x4957}}, {{0xf004, 0x2087}},
		{{0x0fc1, 0x4857}}, {{0x40c3, 0x9002}}, {{0x00d8, 0x2605}}, {{0x1001, 0x7404}},
		{{0x7e05, 0xb580}}, {{0xb180, 0x1b00}}, {{0x33c4, 0xb6e0}}, {{0xc011, 0x0b0f}},
		{{0x1271, 0x9020}}, {{0x1484, 0x3000}}, {{0xf007, 0xc20e}}, {{0xc013, 0x7845}},
		{{0x781b, 0xb89c}}, {{0xb89f, 0xb020}}, {{0xc011, 0x7165}}, {{0x7204, 0xc051}},
		{{0xc00e, 0x2056}}, {{0x0800, 0xc04e}}, {{0xc015, 0x2640}}, {{0x305e, 0xe014}},
		{{0xc055, 0xc014}}, {{0xe00a, 0xc054}}, {{0xc01d, 0x260c}}, {{0xb000, 0x0598}},
		{{0xffce, 0xc00b}}, {{0x7104, 0x7214}}, {{0x0362, 0xffe5}}, {{0xc04b, 0x2480}},
		{{0x3404, 0x1404}}, {{0x341b, 0xc6c6}}, {{0xc2e4, 0xde37}}, {{0xbe9f, 0x45c9}},
		{{0x1501, 0x1482}}, {{0x41c3, 0x01a1}}, {{0x0001, 0x08f6}}, {{0xfd6f, 0x740c}},
		{{0x4e18, 0x0df1}}, {{0x9004, 0xe013}}, {{0x4508, 0x4608}}, {{0x1501, 0x1482}},
		{{0x41c3, 0x01a2}}, {{0x0001, 0x08da}}, {{0xfd6f, 0x740c}}, {{0x4e18, 0x0df1}},
		{{0x9004, 0xc6c4}}, {{0xc2e6, 0x46cb}}, {{0x8000, 0x0458}}, {{0x47cb, 0x8000}},
		{{0x0db0, 0x0813}}, {{0x02ff, 0x4508}}, {{0x9600, 0x2053}}, {{0x80be, 0xf411}},
		{{0xf00d, 0x970a}}, {{0x8e20, 0xb880}}, {{0x2153, 0x80be}}, {{0xb70a, 0xf207}},
		{{0x700c, 0xa703}}, {{0xa702, 0xa701}}, {{0xa700, 0x0e4a}}, {{0xfb4f, 0x0d1d}},
		{{0x11de, 0x8e00}}, {{0x2053, 0x80be}}, {{0xf206, 0x700c}}, {{0xa703, 0xa702}},
		{{0xa701, 0xa700}}, {{0x0e2e, 0xfb4f}}, {{0xc6c6, 0x78e0}}, {{0xc2e6, 0x1cfc}},
		{{0xb6c8, 0xc1b2}}, {{0x7034, 0xc144}}, {{0xc246, 0xc047}}, {{0xf284, 0x70ed}},
		{{0xc506, 0xc091}}, {{0x78f4, 0x7df5}}, {{0x9520, 0xc045}}, {{0x2153, 0x0142}},
		{{0xb926, 0xa841}}, {{0xa820, 0x0916}}, {{0xff6f, 0x702c}}, {{0x9504, 0x2454}},
		{{0x381b, 0x2314}}, {{0x33db, 0x2053}}, {{0x0141, 0xb826}}, {{0x1b01, 0x3042}},
		{{0x1b00, 0x3002}}, {{0x702c, 0x08f6}}, {{0xff6f, 0x4063}}, {{0xc005, 0x724c}},
		{{0x0c96, 0x0060}}, {{0x4163, 0x9508}}, {{0xc68f, 0x7ef4}}, {{0x2053, 0x0141}},
		{{0xb826, 0xae21}}, {{0xae00, 0x712c}}, {{0x08d2, 0xff6f}}, {{0x40c1, 0x950c}},
		{{0xc58e, 0x7df4}}, {{0x2053, 0x0141}}, {{0xb826, 0xad21}}, {{0xad00, 0x712c}},
		{{0x08ba, 0xff6f}}, {{0x40a1, 0x724c}}, {{0x40c1, 0x0c5e}}, {{0x0060, 0x41a1}},
		{{0xc005, 0x1301}}, {{0x308b, 0xc38d}}, {{0xda40, 0x8821}}, {{0x2440, 0x3c8c}},
		{{0x63fb, 0x8e01}}, {{0xc34a, 0x64fc}}, {{0x4a33, 0x2155}}, {{0x0c1e, 0xe1c1}},
		{{0xc449, 0x2202}}, {{0x02c1, 0x2355}}, {{0x1c0c, 0x26ca}}, {{0x30c5, 0x238c}},
		{{0x9041, 0x24ca}}, {{0x1045, 0xc10a}}, {{0xc045, 0x2440}}, {{0x3d80, 0x60f8}},
		{{0xc04b, 0xc005}}, {{0xa980, 0x8da1}}, {{0xc105, 0xc68c}}, {{0x66fe, 0xc648}},
		{{0x2202, 0x001f}}, {{0x2055, 0x0c0e}}, {{0xe1c1, 0x4ab0}}, {{0x2555, 0x1c1b}},
		{{0x26ca, 0x17c5}}, {{0xe5c1, 0x23ca}}, {{0x3005, 0xc004}}, {{0x71e5, 0xc20b}},
		{{0xc109, 0x7710}}, {{0xc008, 0x1a00}}, {{0x0782, 0xa9c0}}, {{0x0704, 0xffe5}},
		{{0x1800, 0x06c2}}, {{0xc007, 0x08e1}}, {{0x0115, 0xc007}}, {{0x08d9, 0x0090}},
		{{0x1600, 0x7080}}, {{0x8000, 0x00ce}}, {{0xe829, 0xc004}}, {{0x7014, 0xf28a}},
		{{0x254a, 0x1000}}, {{0xc08c, 0x60aa}}, {{0xc006, 0x2440}}, {{0x3c81, 0xc48d}},
		{{0x2440, 0x3d8e}}, {{0x61ab, 0x64a9}}, {{0x66ae, 0xc043}}, {{0xc090, 0x78b4}},
		{{0xc042, 0xc091}}, {{0x78b4, 0xc48e}}, {{0x2308, 0x0082}}, {{0xc38f, 0xc041}},
		{{0x7cb4, 0x2608}}, {{0x1041, 0x7bb4}}, {{0x78af, 0x0866}}, {{0xfc2f, 0xc440}},
		{{0xc004, 0x71a5}}, {{0x0dc1, 0x9004}}, {{0xf064, 0xc004}}, {{0x70ad, 0x264a}},
		{{0x3000, 0x43a9}}, {{0xe81d, 0xc004}}, {{0x702c, 0x4328}}, {{0x240a, 0x7000}},
		{{0x264a, 0x3000}}, {{0x20a8, 0x0540}}, {{0xc08c, 0x2440}}, {{0x3c82, 0x2440}},
		{{0x3d8c, 0xc38d}}, {{0x602e, 0x622a}}, {{0x6428, 0x632b}}, {{0x2608, 0x3082}},
		{{0x2308, 0x1000}}, {{0x7124, 0x2608}}, {{0x109e, 0x2308}}, {{0x000b, 0xc004}},
		{{0x0881, 0x0010}}, {{0xc090, 0x78b4}}, {{0xc042, 0xc091}}, {{0x78b4, 0xc106}},
		{{0xc041, 0xc08e}}, {{0x78b4, 0xc38f}}, {{0xc040, 0x7bb4}}, {{0x78af, 0xc143}},
		{{0x4161, 0x0fee}}, {{0xfbef, 0x220a}}, {{0x0780, 0xc004}}, {{0x71a5, 0x0dd9}},
		{{0x9004, 0xf028}}, {{0xc004, 0xe826}}, {{0x254a, 0x1000}}, {{0xc08c, 0x2440}},
		{{0x3c81, 0xc48d}}, {{0x2440, 0x3d8e}}, {{0x60aa, 0xc090}}, {{0x61ab, 0x64a9}},
		{{0x66ac, 0x78b4}}, {{0xc042, 0xc091}}, {{0x78b4, 0xc041}}, {{0xc08e, 0x2408}},
		{{0x1041, 0xc406}}, {{0x78b4, 0x2308}}, {{0x0082, 0xc38f}}, {{0xc040, 0x7bb4}},
		{{0x78af, 0x0f9e}}, {{0xfbef, 0xc443}}, {{0xc004, 0x71a5}}, {{0x0dc1, 0x9004}},
		{{0xc0b2, 0x1404}}, {{0x341b, 0xc6c6}}, {{0xc2e6, 0x1cfc}}, {{0xb6c8, 0x2482}},
		{{0x3e04, 0xc24a}}, {{0xc144, 0x09d2}}, {{0xfc6f, 0xc048}}, {{0xc045, 0xc004}},
		{{0x42c3, 0x8000}}, {{0x0b6e, 0x0823}}, {{0x0050, 0xc004}}, {{0xe89c, 0x8a01}},
		{{0x1600, 0x7081}}, {{0x8000, 0x0025}}, {{0xc049, 0x8a00}}, {{0xc043, 0x2178}},
		{{0x00c0, 0x7104}}, {{0xf00f, 0x8a03}}, {{0x1600, 0x7081}}, {{0x8000, 0x0040}},
		{{0xc049, 0x8a02}}, {{0x7334, 0xc043}}, {{0x2178, 0x0040}}, {{0xc047, 0x20ca}},
		{{0x00a1, 0xc047}}, {{0xc208, 0xc307}}, {{0x41c3, 0x0090}}, {{0x0002, 0x0dc2}},
		{{0xfd2f, 0x740c}}, {{0xc008, 0x7014}}, {{0xf2ef, 0x206f}}, {{0x0bc3, 0x8820}},
		{{0x792a, 0x1a10}}, {{0x305c, 0x8821}}, {{0xc007, 0x792a}}, {{0x7014, 0x01c4}},
		{{0x002c, 0x1a11}}, {{0x305c, 0xc003}}, {{0x228a, 0x0a14}}, {{0x7a0a, 0x700c}},
		{{0xc045, 0x2200}}, {{0x0f82, 0x8000}}, {{0x0dcc, 0xc246}}, {{0xc005, 0x248a}},
		{{0x7001, 0xc14b}}, {{0xd97f, 0x1a06}}, {{0x3002, 0x2455}}, {{0x3b40, 0xb908}},
		{{0x20a8, 0x0100}}, {{0x1802, 0x0054}}, {{0x248a, 0x7001}}, {{0x40c3, 0x3f1f}},
		{{0x0000, 0xd97f}}, {{0x1c4d, 0x3018}}, {{0xc08c, 0xb908}}, {{0x20a8, 0x0100}},
		{{0x1802, 0x0054}}, {{0xc706, 0xc003}}, {{0xd91f, 0xb910}}, {{0x70ad, 0xc042}},
		{{0x1cb0, 0x3040}}, {{0xf03d, 0xc002}}, {{0x46e9, 0x706f}}, {{0x1a07, 0x3002}},
		{{0xc00a, 0x085b}}, {{0x06ee, 0x40c1}}, {{0x0ae6, 0x01e0}}, {{0x1a08, 0x36c2}},
		{{0x4100, 0x7014}}, {{0xf48f, 0xc202}}, {{0x740c, 0x41c3}}, {{0x009b, 0x0002}},
		{{0x0d0e, 0xfd2f}}, {{0x4363, 0xc005}}, {{0xc102, 0x780f}}, {{0x0a8a, 0xfeaf}},
		{{0x792f, 0x7014}}, {{0xc18c, 0x2455}}, {{0x3b40, 0x20ca}}, {{0x0041, 0x1682}},
		{{0x10c2, 0x1082}}, {{0x00c1, 0x1c00}}, {{0x3001, 0x4a33}}, {{0x41c1, 0x0996}},
		{{0xfc6f, 0x4200}}, {{0x08e1, 0x0031}}, {{0x4100, 0x7167}}, {{0x0ba5, 0xb2b4}},
		{{0x2655, 0x184e}}, {{0xc002, 0x2780}}, {{0x1a14, 0x7104}}, {{0xc042, 0xc102}},
		{{0xc009, 0x0887}}, {{0x8065, 0x2455}}, {{0x3b40, 0x09c6}}, {{0x0060, 0xc108}},
		{{0x4100, 0x08b5}}, {{0x0031, 0x70ad}}, {{0xc108, 0x09b6}}, {{0x0060, 0xc08c}},
		{{0xc10b, 0x7014}}, {{0x2078, 0x000d}}, {{0x711c, 0xf44e}}, {{0xc203, 0xc009}},
		{{0x0895, 0x0084}}, {{0xc606, 0xc003}}, {{0xc042, 0xc002}}, {{0x70ed, 0x45c9}},
		{{0x1a07, 0x3002}}, {{0xc00a, 0x085b}}, {{0x03ee, 0x740c}}, {{0xc202, 0x41c3}},
		{{0x009c, 0x0002}}, {{0x43e1, 0x0c6a}}, {{0xfd2f, 0x1a08}}, {{0x33c2, 0xc005}},
		{{0x232f, 0x3007}}, {{0xc002, 0x790f}}, {{0x09de, 0xfeaf}}, {{0x4063, 0xc18c}},
		{{0x2455, 0x3b42}}, {{0x7014, 0x2180}}, {{0x00c2, 0x2280}}, {{0x00c2, 0x22ca}},
		{{0x0041, 0x8a20}}, {{0x08aa, 0xfe2f}}, {{0x40a1, 0x4100}}, {{0xe89b, 0xca02}},
		{{0xe807, 0xc108}}, {{0xc204, 0x40a1}}, {{0x0b9e, 0x02a0}}, {{0x4363, 0x71e5}},
		{{0x0fa5, 0x92b4}}, {{0x2555, 0x184d}}, {{0xc102, 0xc009}}, {{0x2680, 0x1a14}},
		{{0x7110, 0xc002}}, {{0x7104, 0x0786}}, {{0xffe5, 0xc042}}, {{0xc10b, 0x71ad}},
		{{0xf002, 0x70ad}}, {{0x70b5, 0xf20f}}, {{0xc005, 0x7104}}, {{0xc045, 0xc205}},
		{{0xc007, 0x7210}}, {{0xc006, 0x2096}}, {{0x050a, 0x0664}}, {{0xffeb, 0xc046}},
		{{0x702c, 0x0237}}, {{0x0000, 0xd820}}, {{0xb89f, 0x8820}}, {{0x792a, 0x1a10}},
		{{0x305c, 0x8821}}, {{0x700c, 0xc046}}, {{0x792a, 0x0211}}, {{0x0020, 0x1a11}},
		{{0x305c, 0xc003}}, {{0x1a07, 0x3002}}, {{0x700c, 0xc042}}, {{0xc102, 0xc00a}},
		{{0x2011, 0x8040}}, {{0xf2f1, 0xc207}}, {{0xc005, 0xc302}}, {{0xc240, 0xc203}},
		{{0xc041, 0x41c3}}, {{0x0091, 0x0004}}, {{0x0b96, 0xfd2f}}, {{0x760c, 0xc007}},
		{{0x7114, 0xc002}}, {{0x1a08, 0x3002}}, {{0xf420, 0xc005}}, {{0x41c3, 0x8000}},
		{{0x0dcc, 0x7314}}, {{0x00b6, 0x0006}}, {{0xc002, 0xc503}}, {{0x209a, 0x0102}},
		{{0x259a, 0x1a14}}, {{0x651d, 0x653d}}, {{0x702c, 0x0876}}, {{0x0060, 0x40a1}},
		{{0x4100, 0x7014}}, {{0xf4d9, 0xca02}}, {{0x7014, 0x700c}}, {{0xc046, 0xf2c5}},
		{{0x702c, 0x706c}}, {{0x40a1, 0xf0b1}}, {{0xc005, 0x45cb}}, {{0x8000, 0x0dcc}},
		{{0x47cb, 0x8000}}, {{0x226c, 0x7214}}, {{0x00ba, 0x0005}}, {{0xf277, 0xc005}},
		{{0x7314, 0xf4a7}}, {{0xc102, 0xc003}}, {{0x219a, 0x0102}}, {{0x209a, 0x0a14}},
		{{0x603a, 0x62be}}, {{0x675f, 0x2200}}, {{0x0f8d, 0x8000}}, {{0x370c, 0x2200}},
		{{0x0f83, 0x8000}}, {{0x4bac, 0x40c1}}, {{0x41e1, 0x42a1}}, {{0x0896, 0xfc6f}},
		{{0x4378, 0x4100}}, {{0x7014, 0xf4a9}}, {{0xca02, 0x7014}}, {{0xf295, 0xc204}},
		{{0x702c, 0x706c}}, {{0x0a62, 0x02a0}}, {{0x40c1, 0xc204}}, {{0x702c, 0x716c}},
		{{0x0a56, 0x02a0}}, {{0x40e1, 0xc204}}, {{0x702c, 0x706c}}, {{0x0a4a, 0x02a0}},
		{{0x40a1, 0x702c}}, {{0x716c, 0x4063}}, {{0xf06f, 0xf478}}, {{0xc202, 0xc003}},
		{{0x229a, 0x0102}}, {{0x209a, 0x0a14}}, {{0x6058, 0x603d}}, {{0x2000, 0x0f8e}},
		{{0x8000, 0x370c}}, {{0x40a1, 0x41a1}}, {{0x42c1, 0x083a}}, {{0xfc6f, 0x43c1}},
		{{0x08f7, 0x0031}}, {{0x4100, 0xca02}}, {{0x08cf, 0x0030}}, {{0x702c, 0xc204}},
		{{0xc306, 0x0a06}}, {{0x02a0, 0x40a1}}, {{0xc204, 0xc306}}, {{0x702c, 0x40c1}},
		{{0xf04c, 0xc102}}, {{0xc003, 0x219a}}, {{0x0102, 0x209a}}, {{0x0a14, 0x6038}},
		{{0x651d, 0x671f}}, {{0x40a1, 0x41e1}}, {{0x42a1, 0x0ffa}}, {{0xfc2f, 0x43e1}},
		{{0x08b7, 0x0031}}, {{0x4100, 0xca02}}, {{0x088f, 0x0030}}, {{0x702c, 0xc204}},
		{{0x706c, 0x09c6}}, {{0x02a0, 0x40a1}}, {{0xf02c, 0xc002}}, {{0xda84, 0x218a}},
		{{0x0a14, 0x7a0c}}, {{0xc003, 0x782c}}, {{0x702c, 0x6058}}, {{0x651d, 0x0f42}},
		{{0x0020, 0x40a1}}, {{0x0883, 0x0031}}, {{0x4100, 0xca02}}, {{0xe807, 0xc204}},
		{{0x702c, 0x706c}}, {{0x0992, 0x02a0}}, {{0x40a1, 0xc102}}, {{0xc003, 0x219a}},
		{{0x0102, 0x209a}}, {{0x0a14, 0x6038}}, {{0x671f, 0x702c}}, {{0x0f12, 0x0020}},
		{{0x40e1, 0x4100}}, {{0xe8a9, 0xca02}}, {{0x7014, 0x710c}}, {{0xc046, 0xf215}},
		{{0x702c, 0x716c}}, {{0x40e1, 0xc204}}, {{0x095e, 0x0280}}, {{0xf00d, 0x700c}},
		{{0x41c3, 0x0093}}, {{0x0001, 0xf006}}, {{0x700c, 0x41c3}}, {{0x0092, 0x0001}},
		{{0x0ec2, 0xfaef}}, {{0xc205, 0xc002}}, {{0x7104, 0xe08a}}, {{0x0610, 0xffe5}},
		{{0xc042, 0xc003}}, {{0x7104, 0xc043}}, {{0xc103, 0xc009}}, {{0x7110, 0x05f6}},
		{{0xffce, 0x05d1}}, {{0xffcf, 0x782f}}, {{0x2480, 0x3e04}}, {{0x1404, 0x341b}},
		{{0xc6c6, 0x78e0}}, {{0xc2e2, 0x1600}}, {{0x7080, 0x8000}}, {{0x0001, 0x081b}},
		{{0x003e, 0xd80a}}, {{0x45cb, 0x9005}}, {{0xe0a4, 0x0936}}, {{0xff6f, 0x1d00}},
		{{0x1045, 0x1d00}}, {{0x1005, 0xc6c2}}, {{0x40c3, 0x9004}}, {{0x00f2, 0x1800}},
		{{0x0045, 0x7fe0}}, {{0x1800, 0x0005}}, {{0xc2e6, 0x1cfc}}, {{0xb6c8, 0xc1a5}},
		{{0xd915, 0x740c}}, {{0x095a, 0xfd2f}}, {{0xb912, 0x264a}}, {{0x3000, 0x200a}},
		{{0x0780, 0xc043}}, {{0x40c3, 0x8000}}, {{0x0b86, 0xc042}}, {{0x0e0f, 0x3010}},
		{{0x1600, 0x7080}}, {{0x8000, 0x0040}}, {{0xf005, 0x1600}}, {{0x7080, 0x8000}},
		{{0x0025, 0xe83b}}, {{0xd8e8, 0xb89f}}, {{0x264c, 0xb000}}, {{0x20c0, 0x00a2}},
		{{0x9020, 0xca09}}, {{0xc602, 0xb902}}, {{0xb98c, 0x706f}}, {{0xb992, 0xc144}},
		{{0x70ed, 0xe826}}, {{0x250a, 0x1380}}, {{0xc003, 0x2732}}, {{0x1f82, 0x8000}},
		{{0x046c, 0x230a}}, {{0x0780, 0x790f}}, {{0xc004, 0x6038}}, {{0x781b, 0xb89c}},
		{{0xb89f, 0x9000}}, {{0x41c3, 0x0055}}, {{0x0004, 0x1d04}}, {{0x1012, 0x780f}},
		{{0xc041, 0x740c}}, {{0xc240, 0x08da}}, {{0xfd2f, 0x4263}}, {{0xca09, 0xc103}},
		{{0x71e5, 0x7124}}, {{0x0fc5, 0x9024}}, {{0xc143, 0xf003}}, {{0x700c, 0x7167}},
		{{0x0bb1, 0xb0b4}}, {{0x71c5, 0xc002}}, {{0x2640, 0x305e}}, {{0x7204, 0x0e71}},
		{{0xb0b4, 0xc042}}, {{0xc0a5, 0x1404}}, {{0x341b, 0xc6c6}}, {{0xc2e6, 0x1cfc}},
		{{0xb6c8, 0xc1a1}}, {{0x1600, 0x708e}}, {{0x8000, 0x0b6c}}, {{0x4358, 0x4528}},
		{{0x7aca, 0x4708}}, {{0xc240, 0xf057}}, {{0x0f3b, 0x161f}}, {{0x0ba5, 0x3030}},
		{{0x2e40, 0x1302}}, {{0x708d, 0x702c}}, {{0x2205, 0x03c2}}, {{0xc000, 0xbc08}},
		{{0x7c45, 0x7b10}}, {{0x7104, 0xc040}}, {{0x789b, 0xb891}}, {{0xb89c, 0xb89f}},
		{{0x7124, 0x9000}}, {{0x7c2f, 0x2514}}, {{0x10c3, 0x0ce5}}, {{0x96e4, 0xb300}},
		{{0xf038, 0xc807}}, {{0x7f06, 0x2704}}, {{0x1f80, 0x0fff}}, {{0xfffe, 0x2000}},
		{{0x0f80, 0xfeff}}, {{0xfff0, 0x2843}}, {{0x8100, 0xf211}}, {{0x0825, 0x00f0}},
		{{0x732c, 0x0817}}, {{0x0090, 0x081b}}, {{0x0071, 0x78ef}}, {{0x0daa, 0xfe6f}},
		{{0x79cf, 0x712c}}, {{0xe886, 0x722c}}, {{0xf004, 0x702c}}, {{0xf002, 0x742c}},
		{{0x40c3, 0x8000}}, {{0x0b6c, 0x8883}}, {{0xc000, 0x2744}}, {{0x1043, 0x7a10}},
		{{0x243c, 0x1380}}, {{0x781b, 0x7835}}, {{0x6078, 0x2000}}, {{0x0f80, 0x8000}},
		{{0x0b6c, 0x8826}}, {{0xc000, 0x7104}}, {{0xc040, 0x2514}}, {{0x1080, 0xb020}},
		{{0x71c5, 0x40c3}}, {{0x8000, 0x0b6c}}, {{0x8801, 0x0851}}, {{0x8385, 0x7487}},
		{{0x1404, 0x341b}}, {{0xc6c6, 0x78e0}}, {{0xc2e6, 0x1cfc}}, {{0xb6c8, 0xc1a8}},
		{{0xc044, 0x700c}}, {{0xc147, 0xc043}}, {{0xc042, 0xc041}}, {{0x0b6a, 0xfc2f}},
		{{0xc040, 0xc104}}, {{0xb90c, 0x0819}}, {{0x0070, 0x7b30}}, {{0x2278, 0x0041}},
		{{0x2078, 0x0080}}, {{0x790b, 0xf404}}, {{0xd873, 0xf003}}, {{0xd874, 0xb890}},
		{{0x2305, 0x0001}}, {{0x684b, 0x787b}}, {{0xc145, 0x218a}}, {{0x000c, 0x2005}},
		{{0x0f9b, 0x9002}}, {{0x00e4, 0x1b00}}, {{0x3044, 0x1600}}, {{0x7080, 0x8000}},
		{{0x0008, 0x244a}}, {{0x7200, 0x7a65}}, {{0x2078, 0x0080}}, {{0x6892, 0xc080}},
		{{0xe408, 0xc046}}, {{0x70ed, 0x204a}}, {{0x0000, 0xc180}}, {{0x20a8, 0x0380}},
		{{0x2005, 0x0083}}, {{0x7b7b, 0xbb9c}}, {{0xbb9f, 0x9360}}, {{0x2056, 0x0800}},
		{{0xbb2a, 0x7b82}}, {{0x1902, 0x00d4}}, {{0x70ad, 0x70cd}}, {{0xc006, 0x1002}},
		{{0x0501, 0xc046}}, {{0xc007, 0x6038}}, {{0x2085, 0x0003}}, {{0x1b00, 0x3004}},
		{{0x0ece, 0xff2f}}, {{0xd808, 0xc005}}, {{0x78e5, 0x781b}}, {{0xb89c, 0xb89f}},
		{{0x9000, 0x2756}}, {{0x180f, 0xb8c0}}, {{0x78b8, 0x71a5}}, {{0x0dd1, 0x9234}},
		{{0x7e05, 0x1b00}}, {{0x3005, 0xc104}}, {{0x0f3e, 0xfcef}}, {{0x78cf, 0xc0a8}},
		{{0x1404, 0x341b}}, {{0xc6c6, 0x78e0}}, {{0xc2e6, 0x1cfc}}, {{0xb6c8, 0xc1a1}},
		{{0xc140, 0x41c3}}, {{0x8000, 0x0b6c}}, {{0x89a0, 0x4318}}, {{0x70ed, 0x0a1b}},
		{{0x00b0, 0x710c}}, {{0x255f, 0x124c}}, {{0x0a13, 0x0071}}, {{0xdb08, 0xe408}},
		{{0xd809, 0xdf08}}, {{0xf003, 0x44a9}}, {{0x706c, 0x1101}}, {{0x009e, 0xf024}},
		{{0x0b43, 0x03e4}}, {{0x2d40, 0x134b}}, {{0x46e9, 0x2e40}}, {{0x1241, 0x2105}},
		{{0x02c1, 0x2105}}, {{0x0f81, 0x9002}}, {{0x0154, 0x9920}}, {{0xc200, 0xea0c}},
		{{0x228a, 0x0fcf}}, {{0x2941, 0x011f}}, {{0x7a24, 0x2704}}, {{0x3f81, 0x0000}},
		{{0x0fc0, 0x6159}}, {{0x2314, 0x3302}}, {{0x641c, 0x7670}}, {{0x71c5, 0xb220}},
		{{0xf7a5, 0x71a5}}, {{0x0ebd, 0xb345}}, {{0x7487, 0x1404}}, {{0x341b, 0xc6c6}},
		{{0xc0e4, 0x40c3}}, {{0x8000, 0x042c}}, {{0x88c0, 0x700c}}, {{0x42c3, 0x8000}},
		{{0x0ba4, 0xf015}}, {{0x2840, 0x030b}}, {{0x4448, 0x702c}}, {{0x20a8, 0x0340}},
		{{0x1401, 0x148d}}, {{0x2105, 0x02c3}}, {{0x7b7b, 0x7124}}, {{0x2305, 0x0f83}},
		{{0x9002, 0x0100}}, {{0xb3a0, 0xe208}}, {{0x7104, 0x08dd}}, {{0x83a4, 0x244a}},
		{{0x7200, 0xc4c4}}, {{0xc0e2, 0xc807}}, {{0x1215, 0x3702}}, {{0xdb25, 0x791b}},
		{{0x2105, 0x0f81}}, {{0x9004, 0x0022}}, {{0xbb9f, 0xb140}}, {{0x8b00, 0x42c3}},
		{{0x8000, 0x0b6e}}, {{0xe815, 0x8a81}}, {{0x1200, 0x0080}}, {{0x0c23, 0x1004}},
		{{0x41c3, 0x8000}}, {{0x0430, 0x21f4}}, {{0x000d, 0x2840}}, {{0x034b, 0x7091}},
		{{0x2305, 0x1f81}}, {{0x9002, 0x0146}}, {{0x7104, 0xb1a0}}, {{0xf7b2, 0x8b1b}},
		{{0xe815, 0x8a83}}, {{0x1202, 0x0080}}, {{0x0c23, 0x1004}}, {{0x41c3, 0x8000}},
		{{0x0430, 0x21f4}}, {{0x0003, 0x2840}}, {{0x0342, 0x7091}}, {{0x2205, 0x0f81}},
		{{0x9002, 0x0146}}, {{0x7104, 0xb160}}, {{0xf7b2, 0xc4c2}}, {{0xc2e6, 0x1cfc}},
		{{0xb6c8, 0xc1a8}}, {{0x4648, 0x4220}}, {{0xc043, 0x702c}}, {{0x0f82, 0xfc2f}},
		{{0x4040, 0x4508}}, {{0xe691, 0xf492}}, {{0xc003, 0x1600}}, {{0x7083, 0x8000}},
		{{0x0102, 0x218a}}, {{0x0008, 0x602a}}, {{0x2344, 0x0080}}, {{0xc042, 0x7b1d}},
		{{0x41c3, 0x0160}}, {{0x0002, 0x0d6a}}, {{0xfcef, 0x740c}}, {{0xc002, 0xe810}},
		{{0xc003, 0x218a}}, {{0x0008, 0x6028}}, {{0x0815, 0x00d1}}, {{0xc807, 0x781b}},
		{{0x2005, 0x0f80}}, {{0x9003, 0xe012}}, {{0x1800, 0x0105}}, {{0x1600, 0x709b}},
		{{0x8000, 0x0b6c}}, {{0x4d28, 0xe512}}, {{0xc045, 0xc544}}, {{0xf059, 0x70cd}},
		{{0xc046, 0xf054}}, {{0x275f, 0x1500}}, {{0xc503, 0x41c3}}, {{0x0161, 0x0004}},
		{{0x43c1, 0x651d}}, {{0x7dd4, 0x1570}}, {{0x1102, 0x9510}}, {{0xc240, 0xc041}},
		{{0x740c, 0x0d0e}}, {{0xfcef, 0x42e1}}, {{0xc102, 0xc807}}, {{0x2e40, 0x1203}},
		{{0x7034, 0xc106}}, {{0x9590, 0x42c3}}, {{0x9002, 0x0000}}, {{0x7965, 0xc304}},
		{{0x7905, 0xc005}}, {{0x7b25, 0x7b7b}}, {{0x7b45, 0xb380}}, {{0x7825, 0x1570}},
		{{0x1103, 0x781b}}, {{0x7a05, 0xb260}}, {{0xf227, 0xc003}}, {{0x228a, 0x0008}},
		{{0x6048, 0x0847}}, {{0x00f1, 0x40e1}}, {{0x209f, 0x0401}}, {{0x7a3b, 0xc103}},
		{{0x611b, 0x7bd6}}, {{0x13c0, 0x0101}}, {{0x40c3, 0x9002}}, {{0x009c, 0x2205}},
		{{0x000c, 0xb420}}, {{0x7204, 0x13c2}}, {{0x010c, 0x2205}}, {{0x0001, 0x7204}},
		{{0xb180, 0x13c4}}, {{0x010c, 0x2205}}, {{0x0001, 0x7204}}, {{0xb180, 0x7845}},
		{{0x13c6, 0x0101}}, {{0xb020, 0x71c5}}, {{0x0e5d, 0x9254}}, {{0x7167, 0x40c3}},
		{{0x8000, 0x0b6c}}, {{0x8801, 0x272f}}, {{0x16c7, 0x0847}}, {{0x83e5, 0x2f40}},
		{{0x1300, 0x0bea}}, {{0x0040, 0xf04e}}, {{0xd9b1, 0x740c}}, {{0x0c62, 0xfcef}},
		{{0xb911, 0x1600}}, {{0x7080, 0x8000}}, {{0x0b6c, 0xc042}}, {{0x4d58, 0xe526}},
		{{0xc047, 0xc545}}, {{0xf034, 0x275f}}, {{0x1502, 0xc044}}, {{0xc503, 0xc104}},
		{{0xc005, 0x655d}}, {{0x706f, 0x70cd}}, {{0x7825, 0xe520}}, {{0xc046, 0x9540}},
		{{0x740c, 0x41c3}}, {{0x0163, 0x0003}}, {{0xc240, 0x42e1}}, {{0x0c22, 0xfcef}},
		{{0x43c1, 0xc106}}, {{0xc807, 0x1502}}, {{0x1503, 0x2105}}, {{0x06c1, 0x7905}},
		{{0x42c3, 0x9002}}, {{0x0000, 0x71c5}}, {{0x793b, 0x2356}}, {{0x381b, 0x7945}},
		{{0x0ecf, 0x9274}}, {{0xb160, 0xc304}}, {{0xc107, 0x9580}}, {{0x7b25, 0xc102}},
		{{0x7865, 0x781b}}, {{0x7124, 0x7845}}, {{0xc142, 0xb080}}, {{0x40c3, 0x8000}},
		{{0x0b6c, 0xc102}}, {{0x8801, 0x7f2f}}, {{0x088f, 0x83e5}}, {{0x2f40, 0x1300}},
		{{0xc0a8, 0x1404}}, {{0x341b, 0xc6c6}}, {{0xc0e6, 0x706c}}, {{0x278a, 0x1603}},
		{{0x706d, 0xda6c}}, {{0x231f, 0x108d}}, {{0x7a6c, 0x235f}}, {{0x1d8c, 0x7175}},
		{{0x716d, 0x605e}}, {{0x231a, 0x03c2}}, {{0x62ba, 0x7a34}}, {{0x2232, 0x0f8d}},
		{{0x8000, 0x0bc4}}, {{0x669a, 0x623a}}, {{0xaaa0, 0xf5ed}}, {{0x7164, 0x0bd5}},
		{{0x8094, 0xc4c6}}, {{0xc2e2, 0xc1a1}}, {{0x8960, 0x8880}}, {{0x7470, 0xf23a}},
		{{0xf7c9, 0x0c23}}, {{0x10a5, 0x6c69}}, {{0x88a1, 0xa860}}, {{0x2554, 0x1803}},
		{{0xf01e, 0x0b25}}, {{0x0085, 0x8981}}, {{0x7764, 0xa960}}, {{0x2454, 0x1803}},
		{{0xf021, 0x4c53}}, {{0x0a23, 0x0070}}, {{0xa860, 0x0a2f}}, {{0x0090, 0x1001}},
		{{0x00c3, 0xf00f}}, {{0x7b42, 0x0a29}}, {{0x0070, 0xa960}}, {{0x0a31, 0x0090}},
		{{0x1101, 0x00c3}}, {{0xf010, 0x8861}}, {{0x2354, 0x0803}}, {{0xa861, 0x262f}},
		{{0xf0c5, 0x0020}}, {{0x0003, 0xdb7f}}, {{0xa861, 0xf00c}}, {{0x8961, 0x2354}},
		{{0x0803, 0xa961}}, {{0x262f, 0xf0c5}}, {{0x0008, 0x0003}}, {{0xdb7f, 0xa961}},
		{{0x8960, 0x8880}}, {{0x41c3, 0x00a4}}, {{0x0003, 0xc240}}, {{0x2438, 0x10c0}},
		{{0x0ff2, 0xfaaf}}, {{0x4281, 0x7487}}, {{0xc6c2, 0x78e0}}, {{0x1600, 0x7081}},
		{{0x8000, 0x000b}}, {{0x090b, 0x00bf}}, {{0x702c, 0x00e5}}, {{0xfe4f, 0x00a1}},
		{{0x0180, 0x78e0}}, {{0xc2e6, 0x1cfc}}, {{0xb6c8, 0xc1a3}}, {{0x1600, 0x708d}},
		{{0x8000, 0x0008}}, {{0x4628, 0x4708}}, {{0x700c, 0x08a6}}, {{0xfb2f, 0xd908}},
		{{0x706f, 0x700c}}, {{0xd907, 0x744c}}, {{0x706c, 0x1c08}}, {{0x36c0, 0x1c04}},
		{{0x36c0, 0x094a}}, {{0xfb6f, 0x1c00}}, {{0x36c0, 0x0c8a}}, {{0xfb6f, 0xd8ff}},
		{{0x2578, 0x1080}}, {{0x70d5, 0x70cd}}, {{0x781b, 0xbe95}}, {{0x68a2, 0xf219}},
		{{0x700c, 0xd907}}, {{0x724c, 0x706c}}, {{0x1c08, 0x3101}}, {{0x1c04, 0x36c0}},
		{{0x091a, 0xfb6f}}, {{0x1c00, 0x36c0}}, {{0x752c, 0x704c}}, {{0x238a, 0x0004}},
		{{0x40c1, 0x1c08}}, {{0x36c0, 0xc741}}, {{0x1c00, 0x36c0}}, {{0xf023, 0x752c}},
		{{0x704c, 0x238a}}, {{0x0004, 0x40c1}}, {{0x1c08, 0x36c0}}, {{0xc741, 0x08ee}},
		{{0xfb6f, 0x1c00}}, {{0x36c0, 0x74cd}}, {{0xbe98, 0xd92b}}, {{0x706c, 0x42a1}},
		{{0x40c1, 0x1c08}}, {{0x36c0, 0xc741}}, {{0x08d2, 0xfb6f}}, {{0x1c00, 0x36c0}},
		{{0x1c08, 0x36c0}}, {{0xc741, 0xd92b}}, {{0x706c, 0x1c00}}, {{0x36c0, 0x40c1}},
		{{0x42a1, 0x08ba}}, {{0xfb4f, 0xd841}}, {{0x706c, 0xb812}}, {{0xd92b, 0x42a1}},
		{{0x4668, 0xc342}}, {{0xc741, 0x08a6}}, {{0xfb6f, 0xc340}}, {{0x700c, 0xd907}},
		{{0x744c, 0x706c}}, {{0x1c08, 0x3281}}, {{0xc641, 0x0892}}, {{0xfb6f, 0xc640}},
		{{0x706c, 0x4060}}, {{0xb88f, 0xd907}}, {{0x744c, 0xc642}}, {{0xc641, 0x087e}},
		{{0xfb6f, 0xc640}}, {{0x700c, 0xd907}}, {{0xda08, 0x706c}}, {{0xc642, 0xc641}},
		{{0x086a, 0xfb6f}}, {{0xc640, 0x0b96}}, {{0xfb6f, 0xd8ff}}, {{0x700c, 0xd907}},
		{{0x744c, 0x706c}}, {{0xc642, 0xc641}}, {{0x0852, 0xfb6f}}, {{0xc640, 0xc0a3}},
		{{0x1404, 0x341b}}, {{0xc6c6, 0x78e0}}, {{0xc2e6, 0x1cfc}}, {{0xb6c8, 0x2482}},
		{{0x3102, 0xc05d}}, {{0x1600, 0x7080}}, {{0x8000, 0x0008}}, {{0xc15e, 0x41c3}},
		{{0x0000, 0xf0b0}}, {{0x1c80, 0x3000}}, {{0xc807, 0x43c3}}, {{0x0001, 0xf0ba}},
		{{0xc34e, 0xc05c}}, {{0x40c3, 0x0001}}, {{0xffaa, 0xc057}}, {{0x6903, 0xbb66}},
		{{0x1c26, 0x3004}}, {{0x6b0b, 0xc051}}, {{0x1480, 0x3000}}, {{0xc25f, 0x42c3}},
		{{0x0000, 0xffb5}}, {{0x1c3e, 0x3044}}, {{0x2140, 0x024b}}, {{0x2140, 0x005b}},
		{{0x2157, 0x0a1f}}, {{0x2180, 0x06bd}}, {{0x1c1a, 0x3084}}, {{0x42c3, 0x0003}},
		{{0xf084, 0x1c0e}}, {{0x3044, 0x2079}}, {{0x0081, 0xc245}}, {{0x228a, 0x0fc7}},
		{{0x6912, 0x44cb}}, {{0x0007, 0xf0d7}}, {{0x1c54, 0x3084}}, {{0x2342, 0x0342}},
		{{0x1c42, 0x3004}}, {{0xc01c, 0xc448}}, {{0x2457, 0x1e4c}}, {{0xc242, 0x2258}},
		{{0x09c2, 0xc34b}}, {{0xc454, 0x6977}}, {{0xc41c, 0x6a2e}}, {{0x7825, 0x244a}},
		{{0x7240, 0x1c62}}, {{0x3004, 0xb830}}, {{0x71ad, 0x70ed}}, {{0x268a, 0x1088}},
		{{0x268a, 0x3010}}, {{0x7c45, 0x6b45}}, {{0x1c64, 0x3004}}, {{0x700c, 0x1c4c}},
		{{0x31c5, 0x1c48}}, {{0x3085, 0x1c6c}}, {{0x3085, 0x1c40}}, {{0x3344, 0x1c28}},
		{{0x3344, 0x1c34}}, {{0x3344, 0x1c1c}}, {{0x3344, 0x1c10}}, {{0x3344, 0x1c3c}},
		{{0x3344, 0x1c36}}, {{0x3344, 0x1c30}}, {{0x33c4, 0x1c2a}}, {{0x33c4, 0x1c24}},
		{{0x33c4, 0x1c1e}}, {{0x3344, 0x1c18}}, {{0x33c4, 0x1c12}}, {{0x33c4, 0x1c0c}},
		{{0x3384, 0x1c58}}, {{0x3344, 0x1c60}}, {{0x3784, 0x1c5a}}, {{0x33c4, 0x1c66}},
		{{0x3344, 0x1c32}}, {{0x32c4, 0x1c56}}, {{0x36c4, 0x1c4a}}, {{0x37c4, 0xc45a}},
		{{0x1c4e, 0x3084}}, {{0x20a8, 0x0300}}, {{0x2d00, 0x1002}}, {{0x2705, 0x1f81}},
		{{0x9003, 0xe17c}}, {{0x2780, 0x1008}}, {{0x7104, 0xb140}}, {{0x700c, 0x702c}},
		{{0x704c, 0x0d56}}, {{0xfe2f, 0x706c}}, {{0x41c3, 0x0000}}, {{0x5555, 0xd8ff}},
		{{0x4220, 0x4320}}, {{0x0cde, 0xfe2f}}, {{0xc140, 0xc082}}, {{0x085a, 0x01e0}},
		{{0xd966, 0xd80f}}, {{0x0c46, 0xfbef}}, {{0xd90f, 0xc11f}}, {{0x710c, 0x7034}},
		{{0xc11d, 0x7838}}, {{0x6832, 0xc01d}}, {{0x210f, 0x000d}}, {{0xf210, 0x42c3}},
		{{0x900f, 0xe1ae}}, {{0x1a00, 0x0005}}, {{0x1600, 0x7101}}, {{0x900e, 0x0022}},
		{{0xd809, 0xc05c}}, {{0xb984, 0x1a3a}}, {{0x805c, 0xf004}}, {{0xd808, 0xc05c}},
		{{0xc807, 0x41c3}}, {{0x9003, 0xfe24}}, {{0x6962, 0x69cc}}, {{0x698a, 0x781b}},
		{{0x228a, 0x0004}}, {{0x7905, 0x7b05}}, {{0x7e05, 0x7885}}, {{0xb140, 0xb340}},
		{{0xb640, 0x083e}}, {{0xfdef, 0xb040}}, {{0x0a1e, 0x0000}}, {{0x7eaf, 0xd855}},
		{{0xd955, 0x704c}}, {{0x706c, 0x0d72}}, {{0x0060, 0xc640}}, {{0x702c, 0x0cea}},
		{{0xffef, 0x40c1}}, {{0xd860, 0x0df6}}, {{0xfb2f, 0x712c}}, {{0x208a, 0x0fc7}},
		{{0x41c3, 0x9003}}, {{0xe166, 0x1e00}}, {{0x7004, 0x9003}}, {{0xe166, 0xb101}},
		{{0x1600, 0x7100}}, {{0x9002, 0x0160}}, {{0x2045, 0x0c01}}, {{0x40c3, 0x9003}},
		{{0xe166, 0x18fa}}, {{0x8044, 0x18fc}}, {{0x8045, 0x40c3}}, {{0x8000, 0x0b6c}},
		{{0x88a1, 0x1600}}, {{0x7081, 0x8000}}, {{0x0b6c, 0x003b}}, {{0x0000, 0xc01c}},
		{{0x2940, 0x034c}}, {{0x240a, 0x7000}}, {{0x20a8, 0x0500}}, {{0x2405, 0x16c0}},
		{{0x2005, 0x0f83}}, {{0x9002, 0x0154}}, {{0x9340, 0x4a48}}, {{0x208b, 0x800f}},
		{{0xf205, 0x2242}}, {{0x0800, 0x2080}}, {{0x0010, 0x2380}}, {{0x3008, 0xb300}},
		{{0x7124, 0x0dcf}}, {{0x9065, 0x706f}}, {{0xc01f, 0x0bea}}, {{0xfcef, 0x702c}},
		{{0x4508, 0xe80c}}, {{0xdfe6, 0xbf9f}}, {{0x8f00, 0x704c}}, {{0xe807, 0x08c6}},
		{{0xffcf, 0x8f40}}, {{0x716f, 0xf003}}, {{0x704c, 0xd853}}, {{0xd9ac, 0x4340}},
		{{0x0cb6, 0x0060}}, {{0xc640, 0x712c}}, {{0x0c2e, 0xffef}}, {{0x40c1, 0x40c3}},
		{{0x0000, 0xffff}}, {{0x4100, 0x4200}}, {{0x0bee, 0xfe2f}}, {{0x4300, 0x46cb}},
		{{0x0000, 0xac53}}, {{0xd80f, 0x41c1}}, {{0x42c1, 0x43c1}}, {{0x0b76, 0xfe2f}},
		{{0xc640, 0xed20}}, {{0xdde6, 0xbd9f}}, {{0x8d00, 0xe81c}}, {{0x274a, 0x1000}},
		{{0x8d00, 0x41c3}}, {{0x0000, 0x53ac}}, {{0x2011, 0x83c0}}, {{0x21ca, 0x0381}},
		{{0x78ef, 0x4220}}, {{0x4320, 0x0b4e}}, {{0xfe2f, 0xc140}}, {{0x71e5, 0x0fe5}},
		{{0x9214, 0xd808}}, {{0x41c1, 0x42c1}}, {{0x43c1, 0x0b3a}}, {{0xfe2f, 0xc640}},
		{{0x40c3, 0x900f}}, {{0xe1ae, 0xdd20}}, {{0x1800, 0x0005}}, {{0x18fe, 0x8005}},
		{{0xd808, 0x0cca}}, {{0xfb2f, 0x712c}}, {{0x1600, 0x7083}}, {{0x8000, 0x0b6c}},
		{{0x40c3, 0x8000}}, {{0x0b6c, 0x1001}}, {{0x008b, 0x44cb}}, {{0x8000, 0x0ba4}},
		{{0x7c76, 0xf029}}, {{0x2b40, 0x030e}}, {{0x264a, 0x3000}}, {{0x704c, 0xf01e}},
		{{0x2605, 0x3380}}, {{0x781b, 0x2005}}, {{0x0f81, 0x9002}}, {{0x016e, 0x0b15}},
		{{0x3030, 0x91e0}}, {{0x0a0d, 0x0210}}, {{0x6448, 0xb808}}, {{0x78c5, 0x781b}},
		{{0x2005, 0x0f81}}, {{0x9002, 0x0154}}, {{0x9100, 0xef05}}, {{0x2080, 0x0010}},
		{{0xb100, 0x2656}}, {{0x381e, 0x7144}}, {{0xc01c, 0x0ac9}}, {{0x8004, 0xe408}},
		{{0x7164, 0x0bb5}}, {{0x90e5, 0xd80f}}, {{0x0a22, 0xfbef}}, {{0xd90f, 0x258c}},
		{{0x10bf, 0x7077}}, {{0x0d84, 0x0002}}, {{0xc01e, 0x712c}}, {{0x0f1e, 0xffaf}},
		{{0x704c, 0xc01d}}, {{0xd9e4, 0x706c}}, {{0x781b, 0x2044}}, {{0x0180, 0x2901}},
		{{0x0000, 0xc11e}}, {{0xb8c1, 0xe024}}, {{0x714c, 0x4568}}, {{0xc341, 0x0e42}},
		{{0x01a0, 0xc340}}, {{0x40c3, 0x9003}}, {{0xe166, 0x1e00}}, {{0x7344, 0x9003}},
		{{0xe14e, 0x0816}}, {{0x0020, 0x18fc}}, {{0x8344, 0x2480}}, {{0x3102, 0x1404}},
		{{0x341b, 0xc6c6}}, {{0xc2e2, 0x45cb}}, {{0x9005, 0xe140}}, {{0xd820, 0x0d62}},
		{{0xfeef, 0x1d00}}, {{0x1045, 0x1d00}}, {{0x1005, 0xc6c2}}, {{0xc2e6, 0x1cfc}},
		{{0xb6c8, 0x2482}}, {{0x3102, 0xc05c}}, {{0x700c, 0xc15b}}, {{0xc05f, 0x1e00}},
		{{0x7004, 0x9007}}, {{0xe108, 0x1e00}}, {{0x7004, 0x9003}}, {{0xe014, 0xc807}},
		{{0x44cb, 0x9004}}, {{0x0054, 0x4cde}}, {{0xc15d, 0x781b}}, {{0x2005, 0x0301}},
		{{0xc41d, 0x71ad}}, {{0x42c3, 0x0000}}, {{0xf0be, 0x7885}}, {{0x2242, 0x039b}},
		{{0xb1a0, 0xb0a0}}, {{0x40c3, 0x0000}}, {{0xf065, 0x1c32}}, {{0x3004, 0x2340}},
		{{0x30c0, 0x1c1a}}, {{0x3004, 0x40c3}}, {{0x0001, 0xffbe}}, {{0xc054, 0x700c}},
		{{0x1c54, 0x3004}}, {{0x700c, 0xb88b}}, {{0x1c4e, 0x3004}}, {{0xd830, 0x1c2a}},
		{{0x3004, 0x40c3}}, {{0x0002, 0xf059}}, {{0xc042, 0xca03}}, {{0x41c3, 0x0001}},
		{{0xf0a7, 0x43c3}}, {{0x0000, 0xff27}}, {{0x1c56, 0x3084}}, {{0x2140, 0x0282}},
		{{0x47cb, 0x0000}}, {{0xffaa, 0x268a}}, {{0x3008, 0x2342}}, {{0x339f, 0x6a83}},
		{{0x1c3e, 0x30c4}}, {{0x43c3, 0x0007}}, {{0xff26, 0x1c26}}, {{0x36c4, 0x238a}},
		{{0x3086, 0x7014}}, {{0x208a, 0x0208}}, {{0x2440, 0x104b}}, {{0x1c4a, 0x33c4}},
		{{0x46cb, 0x0007}}, {{0xf060, 0xe70b}}, {{0xc157, 0x1c48}}, {{0x36c4, 0xc251}},
		{{0x704c, 0xc34e}}, {{0x238a, 0x3fc7}}, {{0x702c, 0x26ca}}, {{0x3001, 0x700c}},
		{{0x706c, 0x1c58}}, {{0x3344, 0x1c4c}}, {{0x3344, 0x1c40}}, {{0x31c5, 0x1c34}},
		{{0x31c5, 0x1c28}}, {{0x3344, 0x1c1c}}, {{0x3344, 0x1c10}}, {{0x3344, 0x1c0e}},
		{{0x33c4, 0x1c5a}}, {{0x3344, 0x1c42}}, {{0x3084, 0x1c3c}}, {{0x3084, 0x1c36}},
		{{0x36c4, 0x1c30}}, {{0x3344, 0xc64b}}, {{0x1c24, 0x3044}}, {{0xc448, 0x1c1e}},
		{{0x3044, 0x1c18}}, {{0x3344, 0x1c14}}, {{0x32c0, 0x1c12}}, {{0x3044, 0x1c0c}},
		{{0x30c5, 0x1c64}}, {{0x3344, 0x1c62}}, {{0x37c4, 0x1c66}}, {{0x3085, 0x095a}},
		{{0xfe2f, 0x1c60}}, {{0x3784, 0xd8ff}}, {{0x702c, 0x704c}}, {{0x706c, 0x708d}},
		{{0x08e2, 0xfe2f}}, {{0xc440, 0xc082}}, {{0x0c5e, 0x01a0}}, {{0xd960, 0x087e}},
		{{0xfccf, 0xd80f}}, {{0x0846, 0xfbef}}, {{0xd90f, 0x0ac2}}, {{0xff8f, 0x47cb}},
		{{0x8000, 0x09a8}}, {{0xd90a, 0x0e3e}}, {{0x0020, 0x40e1}}, {{0xd90a, 0x704c}},
		{{0x0c4a, 0xfb6f}}, {{0x40e1, 0xd90a}}, {{0xda59, 0x0f56}}, {{0xfeaf, 0x40e1}},
		{{0xd92e, 0x0e22}}, {{0x0020, 0x40e1}}, {{0xd92e, 0x704c}}, {{0x0c2e, 0xfb6f}},
		{{0x40e1, 0xd912}}, {{0x0e0e, 0x0020}}, {{0x40e1, 0xd912}}, {{0xda10, 0x0f32}},
		{{0xfeaf, 0x40e1}}, {{0x700c, 0x1600}}, {{0x7081, 0x8000}}, {{0x0b6a, 0xc041}},
		{{0xc01c, 0x219f}}, {{0x0b01, 0x43c3}}, {{0xfffb, 0xfbff}}, {{0x7d18, 0x205f}},
		{{0x0d80, 0x6d52}}, {{0xc05e, 0xc01c}}, {{0x220f, 0x000d}}, {{0xc01e, 0x6d52}},
		{{0x7aa5, 0x6119}}, {{0x784f, 0x61f9}}, {{0x1c80, 0x3000}}, {{0x1c00, 0x3f80}},
		{{0xffff, 0xbfff}}, {{0x0ea2, 0x0160}}, {{0x704c, 0xd90a}}, {{0x0fde, 0xffaf}},
		{{0x40e1, 0xd912}}, {{0x0fd6, 0xffaf}}, {{0x40e1, 0xd92e}}, {{0x0fce, 0xffaf}},
		{{0x40e1, 0x7daf}}, {{0x700c, 0x702c}}, {{0x704c, 0x706c}}, {{0x092a, 0x0060}},
		{{0xc540, 0x46cb}}, {{0x9003, 0xe014}}, {{0x2680, 0x1785}}, {{0x1e02, 0x1055}},
		{{0x702c, 0x40a1}}, {{0x0aca, 0x0160}}, {{0x1ef2, 0x9055}}, {{0xd9f9, 0x740c}},
		{{0x0b5e, 0xfcaf}}, {{0xb911, 0xd860}}, {{0x0992, 0xfb2f}}, {{0x712c, 0x0c62}},
		{{0xfdcf, 0x700c}}, {{0x712c, 0x0986}}, {{0xfb2f, 0x1c68}}, {{0x3fc1, 0xd80f}},
		{{0x0f4a, 0xfbaf}}, {{0xd90f, 0x712c}}, {{0x0a96, 0x0160}}, {{0x40a1, 0xd881}},
		{{0xd9f9, 0x1e00}}, {{0x16c4, 0x1e02}}, {{0x16c4, 0x1efc}}, {{0x9004, 0xd830}},
		{{0xb911, 0x1efa}}, {{0x9004, 0xb990}}, {{0x0b16, 0xfcaf}}, {{0x740c, 0x700c}},
		{{0x094a, 0xfb2f}}, {{0x712c, 0x40c3}}, {{0x8000, 0x0b6a}}, {{0x8842, 0x40c3}},
		{{0x8000, 0x0b6a}}, {{0x1003, 0x008b}}, {{0x706f, 0x2a40}}, {{0x0341, 0xf01d}},
		{{0x43c3, 0x9002}}, {{0x016e, 0xc49a}}, {{0x2105, 0x00c0}}, {{0x645c, 0x90a0}},
		{{0x8c00, 0xbb7a}}, {{0x2579, 0x100d}}, {{0x781b, 0x78a5}}, {{0x7b25, 0xac00}},
		{{0x2053, 0x80be}}, {{0x9380, 0xf206}}, {{0x2480, 0x1010}}, {{0x716f, 0xb380}},
		{{0x2196, 0x0010}}, {{0x7144, 0x0bcd}}, {{0x90a5, 0xd80f}}, {{0x0ebe, 0xfbaf}},
		{{0xd90f, 0x146b}}, {{0x3080, 0x1469}}, {{0x3083, 0xc23a}}, {{0x146a, 0x308c}},
		{{0xc041, 0x740c}}, {{0x41c3, 0x01f4}}, {{0x0004, 0x0a96}}, {{0xfcaf, 0xc440}},
		{{0xc01f, 0x7104}}, {{0x080b, 0x0a35}}, {{0xc05f, 0x0b77}}, {{0xb011, 0xddfb}},
		{{0xbd11, 0x2378}}, {{0x3000, 0x0f6e}}, {{0xfa6f, 0x41a1}}, {{0x254f, 0x1401}},
		{{0x0a6e, 0xfcaf}}, {{0x740c, 0x40c3}}, {{0x8000, 0x0b6a}}, {{0x8823, 0x40c3}},
		{{0x8000, 0x0b6a}}, {{0x8842, 0x2208}}, {{0x8040, 0xf612}}, {{0x7104, 0x2a40}},
		{{0x0343, 0x7842}}, {{0x2305, 0x0f81}}, {{0x9002, 0x0154}}, {{0x9140, 0x2396}},
		{{0x0010, 0x2296}}, {{0x0004, 0x208d}}, {{0x0e3f, 0xb140}}, {{0x70ad, 0xb6a0}},
		{{0xb6a1, 0x0b3e}}, {{0xfdef, 0x1efa}}, {{0x9344, 0x1e00}}, {{0x7344, 0x9003}},
		{{0xe16a, 0x40c3}}, {{0x8000, 0x0b6a}}, {{0x8823, 0x40c3}}, {{0x8000, 0x0b6a}},
		{{0x8862, 0x2308}}, {{0x8040, 0xf610}}, {{0x7104, 0x2b40}}, {{0x0342, 0x7862}},
		{{0x2205, 0x0f81}}, {{0x9002, 0x016a}}, {{0x2296, 0x0010}}, {{0x208d, 0x0ebf}},
		{{0x1900, 0x0045}}, {{0xd881, 0xd93f}}, {{0x1efc, 0x9004}}, {{0x740c, 0x09e2}},
		{{0xfcaf, 0xb913}}, {{0xd840, 0x0816}}, {{0xfb2f, 0x712c}}, {{0xc01b, 0x712c}},
		{{0x0aea, 0xffaf}}, {{0x724c, 0x40c3}}, {{0x8000, 0x0b6a}}, {{0x8823, 0x40c3}},
		{{0x8000, 0x0b6a}}, {{0x8862, 0x716f}}, {{0x2308, 0x8041}}, {{0xf60e, 0xc21b}},
		{{0x6901, 0x7862}}, {{0x7a74, 0x9220}}, {{0x2100, 0x0f81}}, {{0x0000, 0xff80}},
		{{0x208d, 0x0eff}}, {{0x1a02, 0x0054}}, {{0xc11c, 0xdae4}}, {{0xc807, 0x793b}},
		{{0x2144, 0x0181}}, {{0x2a01, 0x0041}}, {{0xb9c1, 0xe120}}, {{0x7825, 0xc11b}},
		{{0x706c, 0x714c}}, {{0x1c04, 0x36c0}}, {{0x4568, 0x09d6}}, {{0x01a0, 0xc340}},
		{{0x40c3, 0x9003}}, {{0xe14e, 0xd920}}, {{0xb0a0, 0x18f6}}, {{0x8044, 0x18f6}},
		{{0x8344, 0x1e00}}, {{0x7344, 0x9005}}, {{0xe0b2, 0x1efc}}, {{0x9344, 0x1e00}},
		{{0x76c4, 0x9007}}, {{0xe108, 0x1e00}}, {{0x76c4, 0x9003}}, {{0xe014, 0xc807}},
		{{0x791b, 0xc01d}}, {{0x7825, 0x0b82}}, {{0xffef, 0xb0a0}}, {{0x1600, 0x7081}},
		{{0x8000, 0x0b6a}}, {{0x1c00, 0x3f80}}, {{0xffff, 0xbfff}}, {{0xc01e, 0x219f}},
		{{0x0b01, 0x704c}}, {{0x43c3, 0xfffb}}, {{0xfbff, 0xc541}}, {{0x6119, 0x1480}},
		{{0x3000, 0x0c06}}, {{0x0160, 0x61f9}}, {{0x2480, 0x3102}}, {{0x1404, 0x341b}},
		{{0xc6c6, 0x78e0}}, {{0xc2e6, 0x882b}}, {{0x8861, 0x8853}}, {{0x4508, 0x2184}},
		{{0x01c2, 0xbba3}}, {{0x2246, 0x0300}}, {{0xad2b, 0xad61}}, {{0x0c7e, 0xfaaf}},
		{{0xad13, 0xe808}}, {{0x8d4d, 0x8d23}}, {{0xba85, 0xb987}}, {{0xad4d, 0xad23}},
		{{0x1600, 0x7080}}, {{0x8000, 0x0092}}, {{0x0811, 0x015e}}, {{0x8d55, 0x8d23}},
		{{0xbaa5, 0xb986}}, {{0xad55, 0xad23}}, {{0x8d6d, 0x8dd1}}, {{0x8d52, 0x1529}},
		{{0x108f, 0x8d9c}}, {{0xd940, 0xbba4}}, {{0x2645, 0x1e0e}}, {{0x226c, 0x0082}},
		{{0xbfc4, 0xbca5}}, {{0x1d14, 0x1083}}, {{0xad30, 0xad6d}}, {{0xadd1, 0xad52}},
		{{0x1d29, 0x13c2}}, {{0xad9c, 0xc6c6}}, {{0xc0e2, 0x40c3}}, {{0x8000, 0x042c}},
		{{0x88a0, 0x702c}}, {{0x43c3, 0x8000}}, {{0x0ba4, 0xf016}}, {{0x2940, 0x031e}},
		{{0x4368, 0x700c}}, {{0x20a8, 0x0380}}, {{0x2005, 0x0782}}, {{0x7a5b, 0x2205}},
		{{0x0f82, 0x9002}}, {{0x0100, 0x9280}}, {{0x1b01, 0x1312}}, {{0xb200, 0x7104}},
		{{0xe308, 0x7124}}, {{0x09d9, 0x8364}}, {{0x244a, 0x7200}}, {{0xc4c2, 0x78e0}},
		{{0xc2e6, 0x1cfc}}, {{0xb6c8, 0xc1a2}}, {{0x256f, 0x1443}}, {{0x1207, 0x360f}},
		{{0x8dc0, 0x15fe}}, {{0x911b, 0x2440}}, {{0x3180, 0x089e}}, {{0xfdaf, 0xc181}},
		{{0x1404, 0x310c}}, {{0x7ffb, 0x41c3}}, {{0x9004, 0x0014}}, {{0x2705, 0x105f}},
		{{0x2705, 0x1f80}}, {{0x9004, 0x030c}}, {{0xbcc8, 0xc040}}, {{0x1f00, 0x3304}},
		{{0x1406, 0x3100}}, {{0xe11a, 0x2b05}}, {{0x3382, 0x2705}}, {{0x105f, 0xb8c8}},
		{{0x15fe, 0x910c}}, {{0x1f00, 0x3004}}, {{0x8d00, 0xb96a}}, {{0x2705, 0x104d}},
		{{0x795b, 0x7214}}, {{0x22ca, 0x0041}}, {{0xdb20, 0x2c05}}, {{0x100c, 0x228c}},
		{{0x82c5, 0x238a}}, {{0x3001, 0x23ca}}, {{0x0c2d, 0x228c}}, {{0x84c8, 0x238a}},
		{{0x1401, 0x23ca}}, {{0x06cd, 0x228c}}, {{0x87cc, 0x2079}}, {{0x0080, 0xde60}},
		{{0x23ca, 0x02cd}}, {{0x228c, 0x81dc}}, {{0x781b, 0x23ca}}, {{0x038d, 0xde97}},
		{{0x7204, 0xbe8b}}, {{0x7c0c, 0x268a}}, {{0x32c5, 0x72d1}}, {{0xd970, 0x263c}},
		{{0x309f, 0x23ca}}, {{0x004d, 0x228c}}, {{0x84c8, 0x27ca}}, {{0x30ad, 0x228c}},
		{{0x87cc, 0x27ca}}, {{0x30ed, 0x263c}}, {{0x3301, 0x248c}}, {{0x94c8, 0x21ca}},
		{{0x00ad, 0x248c}}, {{0x97cc, 0x720c}}, {{0x21ca, 0x00ed}}, {{0x248c, 0x92c5}},
		{{0x20ca, 0x00ed}}, {{0x248c, 0x94c8}}, {{0x20ca, 0x012d}}, {{0x248c, 0x97cc}},
		{{0x20ca, 0x016d}}, {{0x248c, 0x91dc}}, {{0x20ca, 0x01ad}}, {{0x74d1, 0x2705}},
		{{0x30df, 0x2940}}, {{0x0203, 0x20ca}}, {{0x01ed, 0x2305}}, {{0x07c3, 0x2840}},
		{{0x030c, 0x7b85}}, {{0xb560, 0x6854}}, {{0xc000, 0x7945}}, {{0xb020, 0x1600}},
		{{0x7101, 0x9002}}, {{0x01aa, 0x40c3}}, {{0x9004, 0x030e}}, {{0x78e5, 0xb020}},
		{{0xc803, 0xe80d}}, {{0x702c, 0xda9c}}, {{0x2105, 0x0f83}}, {{0x9002, 0x01b2}},
		{{0x2196, 0x0010}}, {{0x208d, 0x0ebf}}, {{0xb340, 0x4083}}, {{0x9062, 0x9043}},
		{{0x41c3, 0x004d}}, {{0x0002, 0x0eea}}, {{0xfc6f, 0x740c}}, {{0xc0a2, 0x1404}},
		{{0x341b, 0xc6c6}}, {{0xc0e2, 0xc807}}, {{0xda25, 0xba9f}}, {{0x781b, 0x2005}},
		{{0x0f81, 0x9004}}, {{0x0022, 0x9100}}, {{0x43c3, 0x8000}}, {{0x0b6e, 0x1a15}},
		{{0x301c, 0x2004}}, {{0x0f80, 0x0000}}, {{0xff9f, 0xb100}}, {{0x8a00, 0xe815}},
		{{0x8b81, 0x8b00}}, {{0x0c23, 0x1004}}, {{0x2840, 0x0341}}, {{0x2105, 0x0f81}},
		{{0x9002, 0x0146}}, {{0x9120, 0x2614}}, {{0x700d, 0x8000}}, {{0x0430, 0x7091}},
		{{0x7104, 0xb520}}, {{0xf7b2, 0x8a1b}}, {{0xe815, 0x8b43}}, {{0x1302, 0x0080}},
		{{0x0a23, 0x0004}}, {{0x2840, 0x0341}}, {{0x2105, 0x0f81}}, {{0x9002, 0x0146}},
		{{0x9120, 0x2614}}, {{0x7003, 0x8000}}, {{0x0430, 0x7050}}, {{0x7104, 0xb320}},
		{{0xf7b2, 0xc4c2}}, {{0xc2e6, 0x1207}}, {{0x361e, 0x706d}}, {{0x2b40, 0x1302}},
		{{0x2205, 0x0782}}, {{0x41c3, 0x9006}}, {{0x0084, 0x7c5b}}, {{0x2140, 0x009f}},
		{{0x69cc, 0x690a}}, {{0x7985, 0x9160}}, {{0x45cb, 0x8000}}, {{0x043c, 0x2514}},
		{{0x12cf, 0x2405}}, {{0x17c1, 0xb764}}, {{0x2405, 0x1382}}, {{0x9120, 0x9220}},
		{{0x7885, 0xbe7a}}, {{0xb72a, 0x9000}}, {{0x2405, 0x1381}}, {{0x7561, 0xb70c}},
		{{0x9120, 0x6e02}}, {{0x7885, 0xad2e}}, {{0x9020, 0x2642}}, {{0x1280, 0x7c05}},
		{{0xad30, 0x9400}}, {{0x7175, 0x716d}}, {{0xad0c, 0xf5d2}}, {{0xc6c6, 0x78e0}},
		{{0xc0e4, 0x706c}}, {{0x268a, 0x1603}}, {{0x706d, 0xda6c}}, {{0x231f, 0x108d}},
		{{0x7a6c, 0x235f}}, {{0x1d8c, 0x7175}}, {{0x716d, 0x621a}}, {{0x645c, 0x231a}},
		{{0x0382, 0x642c}}, {{0x62ba, 0x7a34}}, {{0x2200, 0x0f82}}, {{0x8000, 0x0bc4}},
		{{0xb280, 0xf5ed}}, {{0x7164, 0x0bd5}}, {{0x8094, 0xc4c4}}, {{0xc0e2, 0xea21}},
		{{0x2142, 0x803c}}, {{0xf23c, 0x20a8}}, {{0x06c0, 0x1001}}, {{0x0482, 0x1001}},
		{{0x0481, 0x1001}}, {{0x048c, 0x1001}}, {{0x0483, 0xb908}}, {{0x7a25, 0x2b40}},
		{{0x0201, 0x7985}}, {{0xb910, 0x7945}}, {{0x793b, 0xb99c}}, {{0xb99f, 0x9120}},
		{{0x1801, 0x0052}}, {{0xb928, 0x1801}}, {{0x0052, 0x0045}}, {{0x0000, 0x2142}},
		{{0x803c, 0x20e8}}, {{0x07a2, 0x1001}}, {{0x048c, 0x1001}}, {{0x0481, 0x1001}},
		{{0x048d, 0x1001}}, {{0x0483, 0xb908}}, {{0x7c25, 0x2b40}}, {{0x0201, 0x1001}},
		{{0x0483, 0x1001}}, {{0x0482, 0x79a5}}, {{0xb910, 0x7985}}, {{0xba08, 0x793b}},
		{{0x7a65, 0x2105}}, {{0x0f81, 0x9001}}, {{0xe000, 0xb140}}, {{0xc4c2, 0x78e0}},
		{{0x793b, 0x7915}}, {{0x2100, 0x0f80}}, {{0x8000, 0x043c}}, {{0x7fe0, 0xb040}},
		{{0xd940, 0x2055}}, {{0x0c02, 0xe0c1}}, {{0x4910, 0x22ca}}, {{0x0005, 0x7fe0}},
		{{0x784f, 0x78e0}}, {{0x7414, 0x700c}}, {{0x7ce0, 0x7034}}, {{0x7de0, 0x1600}},
		{{0x7100, 0x8000}}, {{0x000a, 0x7fe0}}, {{0x206d, 0x0340}}, {{0xc807, 0x781b}},
		{{0x2005, 0x0f80}}, {{0x9004, 0x0018}}, {{0x9020, 0x40c3}}, {{0x8000, 0x0b9b}},
		{{0x7fe0, 0xa820}}, {{0xc2e4, 0x70ef}}, {{0x41c3, 0x8000}}, {{0x0b6c, 0x1e00}},
		{{0x77c4, 0x9003}}, {{0xff6a, 0x89c1}}, {{0x8980, 0x7d0f}}, {{0xf027, 0x2c40}},
		{{0x134b, 0xf40f}}, {{0x2305, 0x1f81}}, {{0x9002, 0x1f6a}}, {{0x083d, 0x023f}},
		{{0x1900, 0x0045}}, {{0x1e00, 0x77c4}}, {{0x9003, 0xf16a}}, {{0xf016, 0x706c}},
		{{0x4200, 0x702c}}, {{0xf00d, 0xf74a}}, {{0x2305, 0x10de}}, {{0x2605, 0x3f9e}},
		{{0x9002, 0x016a}}, {{0x1e00, 0x3045}}, {{0x2380, 0x0008}}, {{0x7124, 0xea06}},
		{{0x09e7, 0x8274}}, {{0x222f, 0x8082}}, {{0x7185, 0x0eb7}}, {{0x9325, 0x258c}},
		{{0x9fc3, 0xc6c4}}, {{0xc2e2, 0x1600}}, {{0x7101, 0x8000}}, {{0x0010, 0x0979}},
		{{0x0050, 0x41c3}}, {{0x8000, 0x0b6b}}, {{0x43c3, 0x8000}}, {{0x043c, 0x0821}},
		{{0x00f1, 0x8920}}, {{0x1600, 0x7082}}, {{0x8000, 0x0040}}, {{0x7b35, 0x9320}},
		{{0x4060, 0xea09}}, {{0x9001, 0x2108}}, {{0x0001, 0xf005}}, {{0xb8a0, 0x7835}},
		{{0x6069, 0x1207}}, {{0x3603, 0x7c2f}}, {{0x704c, 0x797b}}, {{0x2105, 0x0f81}},
		{{0x9004, 0x001a}}, {{0xb180, 0xc803}}, {{0x6821, 0x2205}}, {{0x00c0, 0x781b}},
		{{0xb891, 0xb89c}}, {{0x2296, 0x0008}}, {{0xb89f, 0x218d}}, {{0x0e7f, 0xb080}},
		{{0x45cb, 0x9005}}, {{0xe140, 0xd820}}, {{0x0ba6, 0xfeaf}}, {{0x1d00, 0x1045}},
		{{0x1d00, 0x1005}}, {{0xc6c2, 0x78e0}}, {{0xc2e6, 0x1cfc}}, {{0xb6c8, 0xc1a1}},
		{{0xdf40, 0xc807}}, {{0xbf9f, 0x1203}}, {{0x361e, 0x8fc0}}, {{0x7a1b, 0x70ad}},
		{{0x708d, 0x212f}}, {{0x0782, 0x2205}}, {{0x0f8b, 0x9004}}, {{0x001a, 0x2678}},
		{{0x101f, 0xc140}}, {{0xf025, 0xc100}}, {{0x43c3, 0x8000}}, {{0x043c, 0x243d}},
		{{0x1041, 0x7a24}}, {{0x2106, 0x07db}}, {{0x0b13, 0x303f}}, {{0x23f4, 0x0081}},
		{{0x17e5, 0x9082}}, {{0x0a0d, 0x00d0}}, {{0xf007, 0x0e0f}}, {{0x10f1, 0x7b54}},
		{{0x9342, 0x2108}}, {{0x0081, 0x2505}}, {{0x1002, 0x7a5b}}, {{0xba91, 0xba9c}},
		{{0xba9f, 0x2596}}, {{0x1008, 0x7185}}, {{0xb220, 0x1b00}}, {{0x1044, 0x0ebb}},
		{{0xb325, 0x2679}}, {{0x1002, 0x7487}}, {{0x1404, 0x341b}}, {{0xc6c6, 0x78e0}},
		{{0xc2e6, 0xc1a3}}, {{0x4508, 0xd80e}}, {{0x0c42, 0xfe6f}}, {{0x4728, 0x4608}},
		{{0x700c, 0x092e}}, {{0xfaaf, 0xd9ff}}, {{0x700c, 0x762c}}, {{0x724c, 0x43a1}},
		{{0x1c08, 0x3001}}, {{0xc741, 0x09d6}}, {{0xfaef, 0x1c00}}, {{0x3781, 0x75d5}},
		{{0x26ca, 0x116e}}, {{0x78dd, 0x790f}}, {{0x700c, 0x0d16}}, {{0xfaef, 0x704c}},
		{{0x700c, 0x095a}}, {{0xfaef, 0x712c}}, {{0xc0a3, 0xc6c6}}, {{0xc2e4, 0xc1a3}},
		{{0x4528, 0x4608}}, {{0x700c, 0x08ea}}, {{0xfaaf, 0xd9ff}}, {{0x700c, 0x762c}},
		{{0xda40, 0x43c1}}, {{0x1c08, 0x3001}}, {{0xc541, 0x0992}}, {{0xfaef, 0x1c00}},
		{{0x3601, 0x700c}}, {{0x0926, 0xfaef}}, {{0x712c, 0xc0a3}}, {{0xc6c4, 0x78e0}},
		{{0xc2e4, 0xdd25}}, {{0xbd9f, 0x151b}}, {{0x1480, 0x41c3}}, {{0x9004, 0x00e4}},
		{{0xb100, 0x15c6}}, {{0x9480, 0x0cb2}}, {{0xff6f, 0xb101}}, {{0x0f8a, 0xfd4f}},
		{{0x0f92, 0xfd6f}}, {{0x4608, 0x4100}}, {{0x0dc6, 0xffef}}, {{0x40c1, 0x9500}},
		{{0xd9ff, 0xdaff}}, {{0x0813, 0x0f84}}, {{0x0000, 0x0c81}}, {{0x40c3, 0x9004}},
		{{0x0628, 0x9020}}, {{0x9041, 0xca03}}, {{0x0819, 0x0214}}, {{0xc807, 0x43c3}},
		{{0x9012, 0x1010}}, {{0xb908, 0xba08}}, {{0x6981, 0x2340}}, {{0x058d, 0xf00d}},
		{{0x0823, 0x00b4}}, {{0xb908, 0xc807}}, {{0x43c3, 0x9012}}, {{0x1006, 0xba08}},
		{{0x6981, 0x2340}}, {{0x030d, 0x781b}}, {{0x7144, 0x7b05}}, {{0x78a5, 0xb380}},
		{{0xb040, 0xc6c4}}, {{0xc2e6, 0x1cfc}}, {{0xb6c8, 0xc1a4}}, {{0x4338, 0x4508}},
		{{0x700c, 0xd9ff}}, {{0x4768, 0x082a}}, {{0xfaaf, 0x4648}}, {{0x40c3, 0x8000}},
		{{0x09bc, 0x8860}}, {{0xc009, 0x762c}}, {{0xbbc5, 0xc043}}, {{0x700c, 0xc042}},
		{{0xc003, 0xda22}}, {{0x1c00, 0x3501}}, {{0xc041, 0x08c2}}, {{0xfaef, 0x700c}},
		{{0xc303, 0x700c}}, {{0xc042, 0xd821}}, {{0xc040, 0x700c}}, {{0x762c, 0xda22}},
		{{0xc341, 0x08aa}}, {{0xfaef, 0x43a1}}, {{0xc303, 0x700c}}, {{0xc042, 0xd822}},
		{{0xc040, 0x700c}}, {{0x762c, 0xda22}}, {{0xc341, 0x0892}}, {{0xfaef, 0x4363}},
		{{0x700c, 0xc042}}, {{0xc003, 0x762c}}, {{0xda22, 0xc041}}, {{0x700c, 0x43c1}},
		{{0x087a, 0xfaef}}, {{0x1c00, 0x37c1}}, {{0x700c, 0xc042}}, {{0xc003, 0xdb20}},
		{{0x762c, 0xc041}}, {{0x700c, 0xda22}}, {{0xc340, 0x0862}}, {{0xfaef, 0x43e1}},
		{{0x700c, 0x0ffa}}, {{0xfaaf, 0x712c}}, {{0xc0a4, 0x1404}}, {{0x341b, 0xc6c6}},
		{{0xc0f1, 0x700c}}, {{0xd910, 0x0b9a}}, {{0xfaef, 0x714c}}, {{0xd810, 0x702c}},
		{{0x0b8e, 0xfaef}}, {{0x714c, 0x700c}}, {{0xd90a, 0x0b86}}, {{0xfaef, 0x714c}},
		{{0xc0d1, 0x7ee0}}, {{0x700c, 0x752c}}, {{0x0375, 0xfaef}}, {{0x714c, 0x78e0}},
		{{0xc0f1, 0x0cd2}}, {{0xfaef, 0x208a}}, {{0x0b04, 0x40c3}}, {{0x8000, 0x047e}},
		{{0x0cd2, 0xfaef}}, {{0x9000, 0x710c}}, {{0x1e00, 0x7004}}, {{0x9004, 0x0062}},
		{{0x700c, 0x0fca}}, {{0xfaaf, 0x702c}}, {{0x40c3, 0x0000}}, {{0xc350, 0x096a}},
		{{0xfeaf, 0xd90f}}, {{0xc0d1, 0x7ee0}}, {{0x210a, 0x0f80}}, {{0x9004, 0x0062}},
		{{0x1900, 0x0005}}, {{0x11e0, 0x8100}}, {{0xe87e, 0x19de}}, {{0x8005, 0x40c3}},
		{{0x0000, 0x1388}}, {{0x0141, 0xfeaf}}, {{0x702c, 0x78e0}}, {{0xc2e6, 0x1cfc}},
		{{0xb6c8, 0xc1a5}}, {{0x42c3, 0x8000}}, {{0x0b6a, 0x8ae0}}, {{0x4318, 0x205f}},
		{{0x0d80, 0x279f}}, {{0x1b01, 0x42c3}}, {{0x8000, 0x09a8}}, {{0x4528, 0xd9ff}},
		{{0x671f, 0x675f}}, {{0x8fd0, 0x0eda}}, {{0xfa6f, 0x700c}}, {{0xd8b0, 0x2645}},
		{{0x1143, 0x70b5}}, {{0x78c4, 0x731c}}, {{0x710c, 0x2800}}, {{0x06c0, 0x6832}},
		{{0x234f, 0x0180}}, {{0xc044, 0x210f}}, {{0x06c0, 0xc043}}, {{0xed36, 0x700c}},
		{{0x1714, 0x109b}}, {{0x8fa1, 0xc042}}, {{0xc003, 0x2385}}, {{0x0101, 0x762c}},
		{{0x7e0f, 0x700c}}, {{0xda22, 0xc641}}, {{0x0f52, 0xfaaf}}, {{0x1c00, 0x3401}},
		{{0xbde3, 0x70ad}}, {{0xf20d, 0x8f61}}, {{0x700c, 0x762c}}, {{0xda22, 0x1c08}},
		{{0x3001, 0xc641}}, {{0x71ad, 0x0f36}}, {{0xfaaf, 0x1c00}}, {{0x3041, 0x2353}},
		{{0x30db, 0x0b15}}, {{0x30b1, 0x700c}}, {{0xed90, 0x700c}}, {{0x0e62, 0xfa6f}},
		{{0xd9ff, 0xf00c}}, {{0x8f74, 0x762c}}, {{0xda22, 0x1c08}}, {{0x3001, 0xc641}},
		{{0x0f0a, 0xfaaf}}, {{0x1c00, 0x3501}}, {{0x700c, 0xc042}}, {{0xc003, 0xc304}},
		{{0x762c, 0x780f}}, {{0xc041, 0xd880}}, {{0xda22, 0x0ef2}}, {{0xfaaf, 0x1c00}},
		{{0x3401, 0x700c}}, {{0x0e86, 0xfaaf}}, {{0x712c, 0x40c3}}, {{0x0003, 0xd090}},
		{{0x0856, 0xfeaf}}, {{0x702c, 0xc0a5}}, {{0x1404, 0x341b}}, {{0xc6c6, 0x78e0}},
		{{0xc0e4, 0x5007}}, {{0x8854, 0x8801}}, {{0x44cb, 0x9003}}, {{0xe016, 0x793b}},
		{{0x2244, 0x030d}}, {{0x206d, 0x00ce}}, {{0xbac1, 0x2442}}, {{0x1303, 0x2105}},
		{{0x0f80, 0x9004}}, {{0x002a, 0x7dc5}}, {{0x2278, 0x0002}}, {{0x7c25, 0x7965}},
		{{0xb0a0, 0x785b}}, {{0xb400, 0xb140}}, {{0xc4c4, 0x78e0}}, {{0xc0e6, 0x4300}},
		{{0x215f, 0x0480}}, {{0x41c3, 0x8000}}, {{0x0a82, 0x69e2}}, {{0x708d, 0x611a}},
		{{0x602e, 0x8aa1}}, {{0x60f9, 0x2604}}, {{0x10c0, 0xf009}}, {{0x8941, 0x0b0b}},
		{{0x008e, 0x8940}}, {{0x7845, 0x7224}}, {{0x7185, 0x0cf5}}, {{0x9344, 0xc4c6}},
		{{0xc2e6, 0x1cfc}}, {{0xb6c8, 0x08fb}}, {{0x0030, 0xc1bf}}, {{0x706f, 0x0812}},
		{{0xfd4f, 0x212f}}, {{0x06c0, 0xdee4}}, {{0x7e39, 0x700c}}, {{0x1600, 0x708d}},
		{{0x8000, 0x0b6c}}, {{0xbec1, 0xc04a}}, {{0xc049, 0xc189}}, {{0x714c, 0x08ae}},
		{{0xfd6f, 0x40c1}}, {{0x4e58, 0xc046}}, {{0x4e5a, 0xc045}}, {{0x255f, 0x1240}},
		{{0x0e0a, 0xff2f}}, {{0xc043, 0x1600}}, {{0x7080, 0x8000}}, {{0x0b6c, 0xc042}},
		{{0xf03f, 0xc089}}, {{0x20f4, 0x034f}}, {{0x740c, 0x41c3}}, {{0x0293, 0x0001}},
		{{0x0f5e, 0xfc2f}}, {{0x42e1, 0xbd0c}}, {{0xc544, 0xc204}}, {{0xc105, 0xc807}},
		{{0xdd09, 0x7945}}, {{0x7825, 0x781b}}, {{0xb891, 0xb89c}}, {{0xb89f, 0x9000}},
		{{0xb8c5, 0x671f}}, {{0xe720, 0xc048}}, {{0x78ee, 0xc047}}, {{0xc003, 0xc308}},
		{{0x41c3, 0x0294}}, {{0x0004, 0x7a0f}}, {{0xc08b, 0x7854}}, {{0xb0e0, 0xc240}},
		{{0xc007, 0xc041}}, {{0x0f1a, 0xfc2f}}, {{0x740c, 0xc003}}, {{0x7104, 0x258d}},
		{{0x1c3f, 0xc043}}, {{0xc204, 0xc106}}, {{0xc807, 0x7a25}}, {{0x7845, 0xc102}},
		{{0x781b, 0xb891}}, {{0xb89c, 0x7124}}, {{0xb89f, 0xc142}}, {{0xb0e0, 0x40c3}},
		{{0x8000, 0x0b6c}}, {{0x8821, 0xc002}}, {{0x7d0f, 0x097b}}, {{0x8365, 0xc18b}},
		{{0xc807, 0xe626}}, {{0x78c5, 0x714c}}, {{0x706c, 0x1c04}}, {{0x3001, 0x0f32}},
		{{0x0120, 0x1c00}}, {{0x3001, 0x7167}}, {{0x0b17, 0xb094}}, {{0xf01c, 0x41c3}},
		{{0x0213, 0x0000}}, {{0x0eba, 0xfc2f}}, {{0xd80a, 0x256f}}, {{0x1a43, 0x4d4d}},
		{{0x0816, 0xfdaf}}, {{0x1d00, 0x1405}}, {{0xd808, 0x0826}}, {{0x0020, 0x1a02}},
		{{0x3043, 0x700c}}, {{0x1a02, 0x3002}}, {{0x0822, 0xfeef}}, {{0x740c, 0xd810}},
		{{0xb88f, 0xb500}}, {{0xc0bf, 0x1404}}, {{0x341b, 0xc6c6}}, {{0xc2e6, 0x1cfc}},
		{{0xb6c8, 0x2482}}, {{0x3002, 0x4708}}, {{0xb865, 0x728d}}, {{0x274f, 0x1081}},
		{{0x780f, 0x2179}}, {{0x0102, 0x243c}}, {{0x1001, 0xd825}}, {{0xb89f, 0x10dc}},
		{{0x808c, 0x1600}}, {{0x708b, 0x8000}}, {{0x0025, 0x88bb}}, {{0x2779, 0x10c3}},
		{{0x234a, 0x33c0}}, {{0x0c1b, 0x10be}}, {{0x7a24, 0x09fe}}, {{0xfb6f, 0x2750}},
		{{0x101e, 0x0e0f}}, {{0x3131, 0x706f}}, {{0x0807, 0x00d1}}, {{0x756f, 0x1600}},
		{{0x7080, 0x8000}}, {{0x0009, 0x7a64}}, {{0x2779, 0x1401}}, {{0x2053, 0x8083}},
		{{0xf212, 0x0f25}}, {{0x14d5, 0x40c3}}, {{0x0006, 0x01f0}}, {{0x0819, 0x03ee}},
		{{0x2348, 0x007c}}, {{0x204a, 0x0040}}, {{0x20a8, 0x0100}}, {{0x202f, 0x0000}},
		{{0x2042, 0x005b}}, {{0x2750, 0x1000}}, {{0x7944, 0xc047}}, {{0x6f0c, 0xc145}},
		{{0xc049, 0x274f}}, {{0x1041, 0x2742}}, {{0x1440, 0x2305}}, {{0x134b, 0xc043}},
		{{0x70ad, 0x2179}}, {{0x0180, 0x46cb}}, {{0x8000, 0x0b6a}}, {{0x1c18, 0x32c0}},
		{{0xc048, 0xc006}}, {{0x2011, 0x8340}}, {{0xf2f5, 0x700c}}, {{0x702c, 0xc142}},
		{{0xc144, 0xaea1}}, {{0xf0d4, 0x0fe7}}, {{0x14f5, 0xaea1}}, {{0x40c3, 0x0007}},
		{{0x01f8, 0x2011}}, {{0x83c0, 0x700c}}, {{0xc041, 0xf215}}, {{0x093e, 0xfa4f}},
		{{0xc042, 0xd872}}, {{0xb89f, 0x8820}}, {{0x10f0, 0x8083}}, {{0xc002, 0x714c}},
		{{0xc041, 0x2941}}, {{0x0140, 0x2b41}}, {{0x01c1, 0x2206}}, {{0x0000, 0x7825}},
		{{0xc044, 0x78af}}, {{0xc040, 0xc002}}, {{0x790f, 0xc004}}, {{0x7a0f, 0x0df2}},
		{{0xfe2f, 0xc000}}, {{0x7014, 0xf2aa}}, {{0xc009, 0x0811}}, {{0x0175, 0x71b5}},
		{{0xf2a4, 0x8e00}}, {{0x7114, 0xf2a2}}, {{0x0db6, 0xfd0f}}, {{0xc08c, 0x702c}},
		{{0x0842, 0xfa2f}}, {{0xda50, 0xe793}}, {{0x0130, 0x000d}}, {{0x2025, 0x03c0}},
		{{0xf038, 0xf03f}}, {{0xf092, 0xf092}}, {{0xf010, 0xf010}}, {{0xf00e, 0xf00e}},
		{{0xf03c, 0xf08c}}, {{0xf08a, 0xf08a}}, {{0xf088, 0xf088}}, {{0xf086, 0xf065}},
		{{0xf069, 0xf073}}, {{0xf076, 0xf07e}}, {{0xc001, 0x228a}}, {{0x0fc7, 0x7014}},
		{{0xd8ff, 0x22ca}}, {{0x0001, 0xc007}}, {{0x0829, 0x01b1}}, {{0x702c, 0x1600}},
		{{0x7080, 0x8000}}, {{0x00e4, 0xd907}}, {{0xe88c, 0x1600}}, {{0x7080, 0x8000}},
		{{0x00e5, 0xe888}}, {{0x1600, 0x7080}}, {{0x8000, 0x00e6}}, {{0xe882, 0x742c}},
		{{0xc308, 0x0a3a}}, {{0xfe6f, 0x4063}}, {{0xf060, 0x700c}}, {{0xc041, 0xf1ab}},
		{{0xc000, 0x0f2e}}, {{0xff6f, 0xc18c}}, {{0x8e00, 0x712c}}, {{0xf042, 0xc000}},
		{{0x0a8a, 0x0160}}, {{0xc18c, 0xf052}}, {{0xd872, 0xb89f}}, {{0x10f0, 0x8081}},
		{{0x1020, 0x009f}}, {{0x1024, 0x009e}}, {{0x8860, 0x2941}}, {{0x01cc, 0x216d}},
		{{0x0181, 0x276d}}, {{0x3140, 0xbb25}}, {{0x266d, 0x3182}}, {{0xc040, 0x276d}},
		{{0x3100, 0x71ef}}, {{0x7985, 0x2706}}, {{0x30df, 0x7945}}, {{0x2705, 0x305f}},
		{{0xc100, 0x238a}}, {{0x1fc7, 0x726c}}, {{0x2105, 0x07c1}}, {{0x7825, 0x262f}},
		{{0xf007, 0xd8ff}}, {{0x23ca, 0x1001}}, {{0x2644, 0x3400}}, {{0x6855, 0x2205}},
		{{0x02c2, 0x702c}}, {{0xf1bf, 0xc000}}, {{0xc18a, 0x0d72}}, {{0xfd2f, 0x714c}},
		{{0xf01c, 0xc000}}, {{0xc201, 0x0aa6}}, {{0xff6f, 0xc18c}}, {{0x8e00, 0x702c}},
		{{0x08ba, 0xfb0f}}, {{0xf012, 0xc201}}, {{0x212f, 0x06c8}}, {{0xdb11, 0xf006}},
		{{0xc201, 0x212f}}, {{0x06c8, 0xdb12}}, {{0x08de, 0x0060}}, {{0x40a1, 0xf006}},
		{{0x8e20, 0x0be2}}, {{0x0020, 0xc000}}, {{0x8e00, 0x7104}}, {{0x790f, 0x7134}},
		{{0x0656, 0xffee}}, {{0xae00, 0xc003}}, {{0x080d, 0x0095}}, {{0xcc14, 0x7104}},
		{{0x1a14, 0x301c}}, {{0x730c, 0x0df6}}, {{0xfc6f, 0x1e00}}, {{0x1003, 0xca05}},
		{{0xe889, 0x79bb}}, {{0xdae4, 0xc005}}, {{0x7a39, 0xbac1}}, {{0x0c06, 0xfc6f}},
		{{0x7baf, 0x71a5}}, {{0x72b5, 0x060e}}, {{0xffc5, 0xd825}}, {{0xb89f, 0x10dc}},
		{{0x8080, 0xb8e6}}, {{0x0d74, 0xfae2}}, {{0x40e1, 0xc003}}, {{0x0813, 0x00b5}},
		{{0xd825, 0xb89f}}, {{0x10dc, 0x8080}}, {{0xb8e6, 0x0e6c}}, {{0xfac2, 0x0f19}},
		{{0x10d1, 0xca05}}, {{0xe888, 0x1600}}, {{0x7080, 0x8000}}, {{0x0000, 0xb8e5}},
		{{0x0d30, 0xfc42}}, {{0x1e00, 0x7003}}, {{0x8000, 0x000f}}, {{0x2480, 0x3002}},
		{{0x1404, 0x341b}}, {{0xc6c6, 0x78e0}}, {{0xc2e6, 0x1cfc}}, {{0xb6c8, 0x2482}},
		{{0x3d04, 0xc249}}, {{0xc146, 0x0e42}}, {{0xfc6f, 0xc043}}, {{0xc003, 0x70ad}},
		{{0x70ed, 0xb8c1}}, {{0xc04a, 0xc006}}, {{0x1e00, 0x7342}}, {{0x8000, 0x0a80}},
		{{0x7014, 0xf208}}, {{0x1600, 0x7080}}, {{0x8000, 0x001b}}, {{0x70ed, 0xb8e1}},
		{{0x0218, 0x0021}}, {{0xc08d, 0x702c}}, {{0x0e3a, 0xf9ef}}, {{0x228a, 0x0004}},
		{{0xc003, 0x1600}}, {{0x7082, 0x8000}}, {{0x0b6a, 0x41c3}}, {{0x0112, 0x0003}},
		{{0x2079, 0x004f}}, {{0xe708, 0x2042}}, {{0x8043, 0x750c}}, {{0x0b22, 0xfc2f}},
		{{0xc740, 0x1600}}, {{0x708e, 0x8000}}, {{0x0b6a, 0x1207}}, {{0x361b, 0x700c}},
		{{0x702c, 0xc54c}}, {{0x08ea, 0xfa6f}}, {{0xc54b, 0xd841}}, {{0xb813, 0xd907}},
		{{0xda08, 0x706c}}, {{0xc542, 0xc541}}, {{0x0992, 0xfaaf}}, {{0xc540, 0x700c}},
		{{0x742c, 0x0cde}}, {{0xfaaf, 0x714c}}, {{0xc103, 0xc08b}}, {{0x0c6e, 0xfaaf}},
		{{0x734c, 0xc044}}, {{0x700c, 0x742c}}, {{0x0cc6, 0xfaaf}}, {{0x714c, 0x706c}},
		{{0x4060, 0xb892}}, {{0xd907, 0x744c}}, {{0xc542, 0xc541}}, {{0x095e, 0xfaaf}},
		{{0xc540, 0xd880}}, {{0xb893, 0xd907}}, {{0xda08, 0x706c}}, {{0xc542, 0xc541}},
		{{0x094a, 0xfaaf}}, {{0xc540, 0xbe0c}}, {{0x2305, 0x339b}}, {{0x202f, 0x06c0}},
		{{0x2005, 0x0f80}}, {{0x9006, 0x0004}}, {{0x085e, 0xfa6f}}, {{0xc045, 0xc104}},
		{{0x4608, 0xc005}}, {{0xda40, 0xb968}}, {{0xb040, 0x7830}}, {{0x0ae2, 0xfd2f}},
		{{0xc047, 0x6e12}}, {{0x7810, 0xc048}}, {{0xc003, 0xc107}}, {{0x0cea, 0xfa2f}},
		{{0xc208, 0xe807}}, {{0xd98b, 0x700c}}, {{0x0f5a, 0xf9ef}}, {{0xb911, 0x2f40}},
		{{0x1200, 0x2005}}, {{0x06c0, 0x781b}}, {{0x70cd, 0x2005}}, {{0x0f80, 0x9006}},
		{{0x0002, 0x43db}}, {{0x8000, 0x047c}}, {{0xc044, 0xc004}}, {{0x0aa2, 0xfd2f}},
		{{0xb0c0, 0xc003}}, {{0xc107, 0x0cb2}}, {{0xfa2f, 0xc208}}, {{0x1300, 0x3082}},
		{{0xc18d, 0x61d9}}, {{0x665e, 0x7ece}}, {{0x268c, 0x9004}}, {{0xa900, 0xf6af}},
		{{0xc004, 0x70cd}}, {{0xb0c0, 0xc005}}, {{0x0a76, 0xfd2f}}, {{0xb0c0, 0x6f4f}},
		{{0x740c, 0x41c3}}, {{0x0119, 0x0002}}, {{0x0a06, 0xfc2f}}, {{0x43e1, 0x1300}},
		{{0x308f, 0x244a}}, {{0x7200, 0xc08d}}, {{0x60da, 0xd907}}, {{0x204a, 0x0000}},
		{{0x20a8, 0x0240}}, {{0x22b2, 0x03cc}}, {{0x7b0f, 0x2c00}}, {{0x1040, 0x7724}},
		{{0x7865, 0x7a0f}}, {{0x41c3, 0x011a}}, {{0x0001, 0x09d6}}, {{0xfc2f, 0x740c}},
		{{0x7ef6, 0x268c}}, {{0x9004, 0xf6a5}}, {{0x41c3, 0x011b}}, {{0x0000, 0x09c2}},
		{{0xfc2f, 0x740c}}, {{0x1300, 0x3082}}, {{0x204a, 0x0000}}, {{0x790e, 0x218c}},
		{{0x8fc3, 0xf607}}, {{0xc08d, 0x6028}}, {{0x7014, 0x6158}}, {{0xf3f8, 0x2100}},
		{{0x0f81, 0x0000}}, {{0xffc0, 0x7e2e}}, {{0x268c, 0x9004}}, {{0xf687, 0xd947}},
		{{0x700c, 0x0e82}}, {{0xf9ef, 0xb912}}, {{0xf008, 0x740c}}, {{0x41c3, 0x011d}},
		{{0x0001, 0x097e}}, {{0xfc2f, 0x42c1}}, {{0x40c3, 0x8000}}, {{0x0105, 0x8840}},
		{{0x6a29, 0x090d}}, {{0x0114, 0x744c}}, {{0x1800, 0x0103}}, {{0x6af5, 0x740c}},
		{{0x41c3, 0x011e}}, {{0x0002, 0x095a}}, {{0xfc2f, 0x43e1}}, {{0x4ef7, 0x7bee}},
		{{0x1600, 0x7082}}, {{0x8000, 0x0b6a}}, {{0xc340, 0xc303}}, {{0x41c3, 0x0123}},
		{{0x0003, 0x093e}}, {{0xfc2f, 0x750c}}, {{0xc00a, 0xc106}}, {{0x2078, 0x0080}},
		{{0xc044, 0x0bb2}}, {{0xfdef, 0xc003}}, {{0x43db, 0x8000}}, {{0x0b6a, 0xf04b}},
		{{0x1300, 0x3081}}, {{0x244a, 0x71c0}}, {{0xb90c, 0x7905}}, {{0x20a8, 0x0300}},
		{{0x2105, 0x00c0}}, {{0x781b, 0x2356}}, {{0x0803, 0x2005}}, {{0x0f80, 0x9006}},
		{{0x0002, 0xb0a0}}, {{0x095a, 0xfd0f}}, {{0xc004, 0xc18d}}, {{0x0e3a, 0xf9ef}},
		{{0x734c, 0xc10d}}, {{0x244a, 0x71c0}}, {{0x264a, 0x3000}}, {{0x20a8, 0x0980}},
		{{0x1300, 0x3080}}, {{0xc309, 0x2e40}}, {{0x3202, 0x209f}}, {{0x001c, 0x2640}},
		{{0x320b, 0x6078}}, {{0x6058, 0x60db}}, {{0x8b80, 0x2901}}, {{0x0780, 0xb8c0}},
		{{0x7885, 0xab00}}, {{0x1300, 0x3080}}, {{0xc309, 0x2640}}, {{0x305e, 0x209f}},
		{{0x001c, 0x6078}}, {{0x6058, 0x60d8}}, {{0x2055, 0x0802}}, {{0x8a60, 0x2901}},
		{{0x02c0, 0xb8c0}}, {{0x7865, 0xaa00}}, {{0x40c3, 0x8000}}, {{0x047c, 0x88a0}},
		{{0x65dd, 0xc807}}, {{0x7eb0, 0x268c}}, {{0x9002, 0x0768}}, {{0xffe5, 0x706c}},
		{{0x244a, 0x71c0}}, {{0x214a, 0x0000}}, {{0x20a8, 0x0300}}, {{0x2105, 0x0002}},
		{{0x7a5b, 0x2156}}, {{0x0801, 0x2205}}, {{0x0f82, 0x9007}}, {{0xe002, 0xb260}},
		{{0x08be, 0xfd0f}}, {{0xc003, 0x1e00}}, {{0x7043, 0x8000}}, {{0x0a80, 0x0dda}},
		{{0xfc8f, 0x78ee}}, {{0x2480, 0x3d04}}, {{0x1404, 0x341b}}, {{0xc6c6, 0x78e0}},
		{{0xc2e6, 0x1cfc}}, {{0xb6c8, 0x2482}}, {{0x3f08, 0xc142}}, {{0xc041, 0x70ed}},
		{{0x2400, 0x3f80}}, {{0x0000, 0x01c4}}, {{0x702c, 0xda78}}, {{0xc756, 0xc755}},
		{{0xc754, 0xc753}}, {{0xc752, 0xc751}}, {{0xc750, 0x0b0a}}, {{0xf9ef, 0xc74f}},
		{{0x2400, 0x3f80}}, {{0x0000, 0x014c}}, {{0x702c, 0x0afa}}, {{0xf9ef, 0xda78}},
		{{0x2455, 0x3d40}}, {{0x702c, 0xda78}}, {{0xc74e, 0x0aea}}, {{0xf9ef, 0xc74d}},
		{{0xc097, 0x702c}}, {{0x0ade, 0xf9ef}}, {{0xda78, 0x44cb}}, {{0x9004, 0x0054}},
		{{0xc807, 0x2457}}, {{0x18c2, 0xc249}}, {{0xc109, 0x2440}}, {{0x1b83, 0x781b}},
		{{0x71ad, 0x7c05}}, {{0x7b05, 0x7905}}, {{0xb4a0, 0xb3a0}}, {{0x9100, 0xc04b}},
		{{0xb888, 0xb100}}, {{0x1600, 0x7080}}, {{0x8000, 0x0b6c}}, {{0x752c, 0xc044}},
		{{0x1600, 0x7080}}, {{0x8000, 0x0101}}, {{0xc043, 0xc001}}, {{0x2d00, 0x100e}},
		{{0x78cf, 0x0d66}}, {{0xfc2f, 0x4318}}, {{0xc101, 0xc002}}, {{0xc201, 0x7914}},
		{{0xc004, 0xc14a}}, {{0x7104, 0xc048}}, {{0xc00a, 0xc108}}, {{0x7d18, 0xc003}},
		{{0x2004, 0x8340}}, {{0xc047, 0xc004}}, {{0x21ca, 0x0001}}, {{0x782f, 0x742c}},
		{{0x0faa, 0xfeef}}, {{0xc043, 0xc303}}, {{0x7d0f, 0x750c}}, {{0x41c3, 0x013c}},
		{{0x0002, 0x0f5e}}, {{0xfbef, 0x42a1}}, {{0xc007, 0xc108}}, {{0x7014, 0xc004}},
		{{0x20ca, 0x0041}}, {{0xc044, 0x700c}}, {{0x0d27, 0x1071}}, {{0xc045, 0x762c}},
		{{0x0d06, 0xfc2f}}, {{0x4063, 0xc003}}, {{0xc201, 0x0f72}}, {{0xfeef, 0x742c}},
		{{0x780f, 0xe087}}, {{0x700c, 0xc045}}, {{0xf403, 0x710c}}, {{0xc045, 0x6e12}},
		{{0x78c5, 0x780f}}, {{0x088a, 0xfa6f}}, {{0xc046, 0xc04c}}, {{0x40c3, 0x8000}},
		{{0x0b6c, 0x8881}}, {{0x1600, 0x7083}}, {{0x8000, 0x0b6c}}, {{0x2454, 0x399e}},
		{{0x2454, 0x3a8b}}, {{0x001f, 0x0000}}, {{0xc58f, 0x2614}}, {{0x300e, 0x2314}},
		{{0x1001, 0x7a14}}, {{0x7d14, 0xc005}}, {{0x7164, 0xb6e0}}, {{0xb1e0, 0xb2e0}},
		{{0xb500, 0x7870}}, {{0x0ce5, 0x9025}}, {{0xc291, 0x70ad}}, {{0xf0d3, 0x2533}},
		{{0x1f8e, 0x8000}}, {{0x0990, 0xc106}}, {{0x6e14, 0x78c5}}, {{0x0b66, 0xffaf}},
		{{0x780f, 0x0a12}}, {{0xfaaf, 0xd8c8}}, {{0x0a1a, 0xfaaf}}, {{0xc00c, 0x700c}},
		{{0x0d1a, 0xfa6f}}, {{0x712c, 0xc106}}, {{0x0b4a, 0xffaf}}, {{0x700c, 0xc006}},
		{{0x0c66, 0xfc2f}}, {{0xd91a, 0x78d3}}, {{0xbec2, 0xe588}}, {{0x26ca, 0x1005}},
		{{0xc003, 0xc201}}, {{0x0ec6, 0xfeef}}, {{0x742c, 0x4318}}, {{0xc002, 0x0e9e}},
		{{0xfdaf, 0xc101}}, {{0xe809, 0xc004}}, {{0xc201, 0x742c}}, {{0x0eae, 0xfeef}},
		{{0x780f, 0x2305}}, {{0x301b, 0x40c3}}, {{0x8000, 0x0b6c}}, {{0x8801, 0x1600}},
		{{0x708b, 0x8000}}, {{0x0b6c, 0xc048}}, {{0x78cd, 0xc047}}, {{0xc008, 0x222f}},
		{{0x02c8, 0x7210}}, {{0x011c, 0x000d}}, {{0xc003, 0x225f}}, {{0x078e, 0xc791}},
		{{0x2239, 0x0003}}, {{0x7b7b, 0x6b83}}, {{0x7264, 0x7f54}}, {{0x2b01, 0x330c}},
		{{0x2b01, 0x30de}}, {{0x2444, 0x1043}}, {{0x2644, 0x304c}}, {{0x1700, 0x111e}},
		{{0xc197, 0x2455}}, {{0x3d40, 0x61d9}}, {{0x60d8, 0x79b4}}, {{0x78b4, 0xb160}},
		{{0x0c27, 0x17a0}}, {{0xb080, 0xb780}}, {{0xc795, 0x7f54}}, {{0x9700, 0x2400}},
		{{0x3f81, 0x0000}}, {{0x01c4, 0x61d9}}, {{0x2040, 0x005e}}, {{0x7914, 0xc007}},
		{{0x1f00, 0x1784}}, {{0xb100, 0xc08f}}, {{0x7854, 0x9020}}, {{0x0b25, 0x0060}},
		{{0xc793, 0x7f54}}, {{0xb060, 0x2400}}, {{0x3f81, 0x0000}}, {{0x014c, 0x9700}},
		{{0x61d9, 0x2040}}, {{0x005e, 0x7914}}, {{0xc007, 0x1f00}}, {{0x1784, 0xb100}},
		{{0x0d85, 0x13b1}}, {{0xc195, 0x7954}}, {{0x9100, 0xe810}}, {{0xec99, 0x0833}},
		{{0x0070, 0x68e1}}, {{0x2400, 0x3f8c}}, {{0x0000, 0x01c4}}, {{0x64dc, 0x7c14}},
		{{0xb1e0, 0x1c00}}, {{0x11c5, 0xf00d}}, {{0x7095, 0x208a}}, {{0x0e7f, 0x2400}},
		{{0x3f81, 0x0000}}, {{0x01c4, 0x20ca}}, {{0x01e1, 0x61d9}}, {{0xb100, 0xc093}},
		{{0x7854, 0x9020}}, {{0x4200, 0xe912}}, {{0xeb1c, 0xc005}}, {{0xe81a, 0x0935}},
		{{0x0050, 0x2400}}, {{0x3f80, 0x0000}}, {{0x014c, 0x60d8}}, {{0x6961, 0x7834}},
		{{0xb260, 0x1800}}, {{0x01c5, 0xf010}}, {{0x7074, 0x208a}}, {{0x0e7f, 0x2400}},
		{{0x3f81, 0x0000}}, {{0x014c, 0x20ca}}, {{0x01e1, 0x663e}}, {{0xb600, 0xf004}},
		{{0xc005, 0xe804}}, {{0x7165, 0xf174}}, {{0xebfe, 0x09cb}}, {{0x8095, 0xf1fc}},
		{{0x71a5, 0xe58e}}, {{0x065a, 0xffee}}, {{0x750c, 0xc202}}, {{0x41c3, 0x0148}},
		{{0x0002, 0x0d1e}}, {{0xfbef, 0xc301}}, {{0x41c3, 0x0149}}, {{0x0000, 0x0d12}},
		{{0xfbef, 0x740c}}, {{0x1600, 0x708e}}, {{0x8000, 0x0b6c}}, {{0x004b, 0x0000}},
		{{0x41c3, 0x014a}}, {{0x0001, 0x0cfa}}, {{0xfbef, 0x42e1}}, {{0x275f, 0x178d}},
		{{0x2455, 0x3d42}}, {{0x740c, 0x41c3}}, {{0x014b, 0x000f}}, {{0x62ba, 0x0996}},
		{{0xf9ef, 0xdb0f}}, {{0x740c, 0x41c3}}, {{0x014c, 0x0001}}, {{0x0cd2, 0xfbef}},
		{{0x42e1, 0xc297}}, {{0x62ba, 0x740c}}, {{0x41c3, 0x014d}}, {{0x000f, 0x0976}},
		{{0xf9ef, 0xdb0f}}, {{0x71c5, 0x40c3}}, {{0x8000, 0x0b6c}}, {{0x8821, 0x7fd0}},
		{{0x09b1, 0x83e5}}, {{0x740c, 0x1600}}, {{0x7082, 0x8000}}, {{0x0b6c, 0xf03a}},
		{{0xc095, 0x20f4}}, {{0x00c0, 0x0827}}, {{0x0094, 0x235f}}, {{0x078d, 0x2400}},
		{{0x3f8c, 0x0000}}, {{0x01c4, 0x659d}}, {{0x2514, 0x1000}}, {{0x9d80, 0x10fe}},
		{{0x8140, 0x6098}}, {{0x2844, 0x0080}}, {{0xb500, 0x235f}}, {{0x078e, 0xc093}},
		{{0x2400, 0x3f8c}}, {{0x0000, 0x014c}}, {{0x20f4, 0x00c0}}, {{0x64dc, 0x0819}},
		{{0x00b4, 0x9ca0}}, {{0x2414, 0x1000}}, {{0x10fe, 0x8140}}, {{0x60b8, 0x2844}},
		{{0x008d, 0xb4a0}}, {{0x2400, 0x3f80}}, {{0x0000, 0x01c4}}, {{0x2035, 0x038c}},
		{{0x78ae, 0x7144}}, {{0x6098, 0x2844}}, {{0x008c, 0xc08d}}, {{0x7874, 0xb080}},
		{{0x7b50, 0x0991}}, {{0x80e5, 0xc68d}}, {{0xc004, 0xc201}}, {{0x780f, 0x2614}},
		{{0x100f, 0x9fa0}}, {{0x41c3, 0x015a}}, {{0x0002, 0x740c}}, {{0x43a1, 0x0c12}},
		{{0xfbef, 0x4338}}, {{0xc003, 0xc201}}, {{0x234f, 0x3401}}, {{0x7e14, 0x9e60}},
		{{0x0bfe, 0xfbef}}, {{0x740c, 0x79b3}}, {{0x254f, 0x10c0}}, {{0x71b5, 0x20ca}},
		{{0x004b, 0xb700}}, {{0x9e00, 0xc201}}, {{0xc302, 0x7913}}, {{0x204f, 0x00cd}},
		{{0x7114, 0x25ca}}, {{0x104b, 0xb6a0}}, {{0x9f00, 0x41c3}}, {{0x015c, 0x0003}},
		{{0xb804, 0x7d05}}, {{0x7eaf, 0x750c}}, {{0x0bc6, 0xfbef}}, {{0xc640, 0xc106}},
		{{0x0862, 0xffaf}}, {{0x40c1, 0xc20a}}, {{0xc101, 0xc002}}, {{0x2200, 0x0f82}},
		{{0x8000, 0x0b6c}}, {{0xaab6, 0x2005}}, {{0x807e, 0xf20f}}, {{0xc001, 0x0839}},
		{{0x0050, 0xc001}}, {{0xe88d, 0xc002}}, {{0x0817, 0x0051}}, {{0x1e00, 0x7342}},
		{{0x8000, 0x00dc}}, {{0xf005, 0x1e00}}, {{0x7342, 0x8000}}, {{0x00d2, 0xc807}},
		{{0x791b, 0xc009}}, {{0x7905, 0xc00b}}, {{0xb100, 0x2480}}, {{0x3f08, 0x1404}},
		{{0x341b, 0xc6c6}}, {{0xc002, 0xe80a}}, {{0xc002, 0x08e7}}, {{0x8051, 0x1e00}},
		{{0x7342, 0x8000}}, {{0x00e1, 0xf1ed}}, {{0x1e00, 0x7342}}, {{0x8000, 0x00d7}},
		{{0xf1e7, 0x78e0}}, {{0xc2e6, 0x1cfc}}, {{0xb6c8, 0x2482}}, {{0x3d16, 0x1c9a}},
		{{0x3058, 0x702c}}, {{0xc350, 0xc24c}}, {{0x0d26, 0xfb2f}}, {{0x4708, 0xc052}},
		{{0x2400, 0x3f80}}, {{0x0000, 0x036c}}, {{0x702c, 0x0e1a}}, {{0xf9af, 0xda68}},
		{{0x2400, 0x3f80}}, {{0x0000, 0x0304}}, {{0x702c, 0x0e0a}}, {{0xf9af, 0xda68}},
		{{0x2400, 0x3f80}}, {{0x0000, 0x029c}}, {{0x702c, 0x0dfa}}, {{0xf9af, 0xda68}},
		{{0xc010, 0xc20c}}, {{0x149a, 0x3603}}, {{0xc041, 0x740c}}, {{0x41c3, 0x0168}},
		{{0x0004, 0xc240}}, {{0x0aea, 0xfbef}}, {{0x42e1, 0x78ef}}, {{0x1c99, 0x3018}},
		{{0xc20c, 0xc310}}, {{0x1499, 0x3601}}, {{0xc095, 0xc04d}}, {{0xc095, 0x0c56}},
		{{0xfd2f, 0x238a}}, {{0x3088, 0xc807}}, {{0x712c, 0xc154}}, {{0x781b, 0x2005}},
		{{0x0f81, 0x9003}}, {{0xe00e, 0x710c}}, {{0xb100, 0x2400}}, {{0x3f80, 0x0000}},
		{{0x0258, 0x9060}}, {{0x10fe, 0x8102}}, {{0x41c3, 0x0169}}, {{0x0002, 0x0aa2}},
		{{0xfbef, 0x740c}}, {{0x2434, 0x3f81}}, {{0x0000, 0x0256}}, {{0xc807, 0x7905}},
		{{0x793b, 0xb991}}, {{0xb99c, 0xb99f}}, {{0x9120, 0x2434}}, {{0x3f82, 0x0000}},
		{{0x0258, 0x216d}}, {{0x0a0e, 0x7845}}, {{0x781b, 0xb891}}, {{0xb89c, 0xb89f}},
		{{0x9000, 0x41c3}}, {{0x016a, 0x0002}}, {{0x42c1, 0x206d}}, {{0x0a0d, 0x740c}},
		{{0x0a5e, 0xfbef}}, {{0x43a1, 0xc010}}, {{0x712c, 0x79f8}}, {{0xe091, 0x6912}},
		{{0x200f, 0x03c0}}, {{0x1c9b, 0x3018}}, {{0xf404, 0x0f2e}}, {{0xfbcf, 0xc054}},
		{{0xc095, 0x7063}}, {{0xc04a, 0xc00d}}, {{0xbd08, 0xbe08}}, {{0x2080, 0x02c8}},
		{{0xc04d, 0x149b}}, {{0x3600, 0x1c9c}}, {{0x3358, 0x1c9d}}, {{0x3398, 0x204b}},
		{{0x8140, 0xd828}}, {{0xc053, 0x700c}}, {{0xc04b, 0xc013}}, {{0x20ca, 0x0a61}},
		{{0x0341, 0x0020}}, {{0xc053, 0x2400}}, {{0x3f80, 0x0000}}, {{0x0564, 0x0cf6}},
		{{0xf9af, 0xda50}}, {{0x2400, 0x3f80}}, {{0x0000, 0x0514}}, {{0x702c, 0x0ce6}},
		{{0xf9af, 0xda50}}, {{0x2400, 0x3f80}}, {{0x0000, 0x04c4}}, {{0x702c, 0x0cd6}},
		{{0xf9af, 0xda50}}, {{0xc10b, 0xc40b}}, {{0x40c3, 0x8000}}, {{0x0b6c, 0x69b4}},
		{{0x214e, 0x030e}}, {{0x149d, 0x3601}}, {{0x8841, 0x1600}}, {{0x7083, 0x8000}},
		{{0x0b6c, 0x7c25}}, {{0x149c, 0x3601}}, {{0xc807, 0x6ef4}}, {{0x79a5, 0x2105}},
		{{0x038d, 0x7ce5}}, {{0x0033, 0x0000}}, {{0xc60a, 0x7164}}, {{0x96e0, 0x2105}},
		{{0x000e, 0xc112}}, {{0x61f9, 0x79c5}}, {{0x793b, 0xb991}}, {{0xb99c, 0xb99f}},
		{{0xb180, 0xc10a}}, {{0x91e1, 0xc112}}, {{0x61f9, 0x79c5}}, {{0x793b, 0xb991}},
		{{0xb99c, 0xb99f}}, {{0xb1a0, 0x7970}}, {{0x0ad1, 0x8065}}, {{0xb90c, 0x09d2}},
		{{0xfccf, 0x244a}}, {{0x7a00, 0x47cb}}, {{0x8000, 0x6598}}, {{0x40e1, 0x702c}},
		{{0x20a8, 0x0140}}, {{0xa820, 0x2080}}, {{0x040d, 0xc00a}}, {{0xc595, 0x8844}},
		{{0xc00d, 0x8820}}, {{0xc00a, 0x880b}}, {{0xc540, 0xc042}}, {{0xc00c, 0xc041}},
		{{0x149b, 0x3600}}, {{0x7e0f, 0x2400}}, {{0x3f80, 0x0000}}, {{0x0278, 0x0fc6}},
		{{0xfb6f, 0x43c1}}, {{0xc00a, 0x8844}}, {{0xc00d, 0x8820}}, {{0xc00a, 0x886b}},
		{{0x2400, 0x3f80}}, {{0x0000, 0x0278}}, {{0xc046, 0xc00c}}, {{0xc345, 0x746c}},
		{{0xc044, 0xc014}}, {{0xc543, 0xc640}}, {{0xc042, 0x149a}}, {{0x3600, 0x780f}},
		{{0xc04e, 0xc041}}, {{0x40c3, 0x8000}}, {{0x631c, 0x0c1e}}, {{0xfbaf, 0x4318}},
		{{0xc00a, 0x880a}}, {{0xe821, 0xc013}}, {{0x41c1, 0x1ca1}}, {{0x3018, 0x0b46}},
		{{0xfc2f, 0x710c}}, {{0xc00d, 0x734c}}, {{0x746c, 0x8820}}, {{0x2400, 0x3f80}},
		{{0x0000, 0x0278}}, {{0xc046, 0x700c}}, {{0xc045, 0xc044}}, {{0xc00e, 0xc543}},
		{{0x1c08, 0x3041}}, {{0xc041, 0x4063}}, {{0x0bde, 0xfbaf}}, {{0xc640, 0x700c}},
		{{0x0b12, 0xfc2f}}, {{0x41c1, 0xc00a}}, {{0x8824, 0x2400}}, {{0x3f80, 0x0000}},
		{{0x0278, 0x0ee2}}, {{0xfb4f, 0x2400}}, {{0x3f81, 0x0000}}, {{0x0564, 0x2400}},
		{{0x3f82, 0x0000}}, {{0x0514, 0x2400}}, {{0x3f83, 0x0000}}, {{0x04c4, 0x0f56}},
		{{0xfcaf, 0xc099}}, {{0xc00a, 0xd9ff}}, {{0x9043, 0x228c}}, {{0x8fc3, 0xf24e}},
		{{0x244a, 0x7a00}}, {{0x204a, 0x0000}}, {{0x20a8, 0x0140}}, {{0xaf00, 0x2780}},
		{{0x140d, 0xc00d}}, {{0x7a4f, 0x2400}}, {{0x3f8d, 0x0000}}, {{0x0278, 0x8820}},
		{{0xc00a, 0x880b}}, {{0xc042, 0xc00c}}, {{0xc041, 0xc097}}, {{0xc040, 0x2400}},
		{{0x3f80, 0x0000}}, {{0x0278, 0x0ece}}, {{0xfb6f, 0x43c1}}, {{0xc00a, 0x746c}},
		{{0x8846, 0xc00d}}, {{0x8820, 0xc00a}}, {{0x880b, 0xc546}}, {{0xc640, 0xc045}},
		{{0xc00c, 0xc044}}, {{0xc097, 0xc043}}, {{0xc014, 0xc042}}, {{0xc00e, 0xc041}},
		{{0x0b36, 0xfbaf}}, {{0x4063, 0xc00a}}, {{0x8826, 0x2400}}, {{0x3f80, 0x0000}},
		{{0x0278, 0x0e42}}, {{0xfb4f, 0x2400}}, {{0x3f81, 0x0000}}, {{0x0474, 0x2400}},
		{{0x3f82, 0x0000}}, {{0x0424, 0x2400}}, {{0x3f83, 0x0000}}, {{0x03d4, 0x0eb6}},
		{{0xfcaf, 0xc09b}}, {{0xc00a, 0x9023}}, {{0xc00a, 0x1600}}, {{0x709b, 0x8000}},
		{{0x0b6c, 0x8848}}, {{0x40c3, 0x8000}}, {{0x0b6c, 0x8801}}, {{0x260a, 0x3080}},
		{{0xc04e, 0x2179}}, {{0x0000, 0xc051}}, {{0x2278, 0x0000}}, {{0xc04f, 0xf06a}},
		{{0x265f, 0x150c}}, {{0x2642, 0xb03c}}, {{0x238a, 0x1fc1}}, {{0xda7f, 0xf223}},
		{{0xc00b, 0x2400}}, {{0x3f83, 0x0000}}, {{0x036c, 0x2400}}, {{0x3f8f, 0x0000}},
		{{0x04c4, 0x7b16}}, {{0x23f4, 0x038d}}, {{0x2400, 0x3f81}}, {{0x0000, 0x0514}},
		{{0x679f, 0x6199}}, {{0x7bd4, 0xda7f}}, {{0x20a8, 0x0300}}, {{0x1102, 0x051f}},
		{{0x1702, 0x1500}}, {{0x2002, 0x07c0}}, {{0x780d, 0x2009}}, {{0x0082, 0x651d}},
		{{0xb3a0, 0xc111}}, {{0xc00f, 0x2105}}, {{0x803e, 0xf432}}, {{0xc00b, 0x2400}},
		{{0x3f81, 0x0000}}, {{0x0304, 0x240a}}, {{0x7780, 0x2116}}, {{0x0000, 0x20f4}},
		{{0x0381, 0x2400}}, {{0x3f83, 0x0000}}, {{0x03d4, 0x2400}}, {{0x3f9f, 0x0000}},
		{{0x0424, 0x639b}}, {{0x2700, 0x331f}}, {{0x2014, 0x038c}}, {{0x20a8, 0x02c0}},
		{{0x1702, 0x350d}}, {{0x1302, 0x0500}}, {{0x78a2, 0x780d}}, {{0x2009, 0x02cb}},
		{{0x6119, 0x0b1d}}, {{0x10a3, 0xb420}}, {{0xc00b, 0x2400}}, {{0x3f83, 0x0000}},
		{{0x036c, 0x4261}}, {{0x2316, 0x0000}}, {{0x78d4, 0xb020}}, {{0xc00b, 0x2400}},
		{{0x3f81, 0x0000}}, {{0x029c, 0x7167}}, {{0x2116, 0x0000}}, {{0x78d4, 0xb040}},
		{{0xc00e, 0x262f}}, {{0x16c8, 0x082d}}, {{0x8385, 0xc00b}}, {{0x7104, 0xc04b}},
		{{0xc00b, 0xe08c}}, {{0x04c2, 0xffee}}, {{0x702c, 0x1600}}, {{0x7080, 0x8000}},
		{{0x0b6c, 0xc04c}}, {{0xf087, 0x2400}}, {{0x3f81, 0x0000}}, {{0x029c, 0x2400}},
		{{0x3f8d, 0x0000}}, {{0x036c, 0x40c3}}, {{0x0000, 0xffff}}, {{0xc04f, 0xd8ff}},
		{{0x70cd, 0x79f4}}, {{0x7df4, 0xc04d}}, {{0xc04e, 0xc151}}, {{0xf02a, 0xc011}},
		{{0x41c3, 0x0171}}, {{0x0003, 0x43c1}}, {{0x1008, 0x051b}}, {{0xc051, 0x202f}},
		{{0x06c5, 0xc04b}}, {{0xc20b, 0x740c}}, {{0xc240, 0x0e76}}, {{0xfbaf, 0x42e1}},
		{{0xc00e, 0x790d}}, {{0xc00b, 0x0917}}, {{0x0023, 0x212f}}, {{0x06c7, 0x9d00}},
		{{0xc64d, 0x1c38}}, {{0x36c0, 0xc04f}}, {{0xf00a, 0xc00e}}, {{0x780f, 0x0811}},
		{{0x0041, 0xc10f}}, {{0x9d00, 0x792e}}, {{0x09e9, 0x8002}}, {{0xe508, 0x71c5}},
		{{0x0eaf, 0x9374}}, {{0x42e1, 0xc00f}}, {{0x43db, 0x0172}}, {{0x0003, 0x790e}},
		{{0xc00d, 0xc140}}, {{0x4163, 0x7d0d}}, {{0x7eb0, 0x740c}}, {{0x0e22, 0xfbaf}},
		{{0x43c1, 0x1214}}, {{0x3702, 0x234f}}, {{0x3401, 0x43c1}}, {{0x785b, 0x78f6}},
		{{0x2000, 0x0f80}}, {{0x8000, 0xe79c}}, {{0xb0a0, 0x740c}}, {{0xc240, 0x0e02}},
		{{0xfbaf, 0x42e1}}, {{0x149d, 0x360c}}, {{0x254e, 0x1302}}, {{0xc00a, 0x7ca5}},
		{{0xc50c, 0xbf0c}}, {{0x9020, 0x71a5}}, {{0xc54c, 0x6ab4}}, {{0xc807, 0x7ca5}},
		{{0xc512, 0x6e74}}, {{0x653d, 0x2005}}, {{0x03c1, 0x7d25}}, {{0x78bb, 0xb891}},
		{{0xb89c, 0xb89f}}, {{0xb080, 0xc00a}}, {{0x9081, 0x149c}}, {{0x3600, 0x7845}},
		{{0x7b05, 0xc012}}, {{0x6098, 0x7825}}, {{0x781b, 0xb891}}, {{0xb89c, 0xb89f}},
		{{0xb060, 0x40c3}}, {{0x8000, 0x0b6c}}, {{0xc10c, 0x8801}}, {{0x7f30, 0x7710}},
		{{0x06e6, 0xffee}}, {{0xc095, 0x1499}}, {{0x3601, 0x0ff6}}, {{0xfeaf, 0xc210}},
		{{0x2480, 0x3d16}}, {{0x1404, 0x341b}}, {{0xc6c6, 0x78e0}}, {{0xc2e6, 0x1cfc}},
		{{0xb6c8, 0x2482}}, {{0x3002, 0x4528}}, {{0xc04e, 0x702c}}, {{0xc090, 0xda40}},
		{{0xc390, 0xc147}}, {{0xc14d, 0xc14c}}, {{0xc14b, 0xc14a}}, {{0x0856, 0xf9af}},
		{{0xc348, 0x70b5}}, {{0x208a, 0x0fc7}}, {{0x238a, 0x3fc3}}, {{0x23ca, 0x3002}},
		{{0x2579, 0x1000}}, {{0xe008, 0xc044}}, {{0xc607, 0x70ad}}, {{0x6e34, 0x7e25}},
		{{0x710c, 0x1600}}, {{0x7081, 0x8000}}, {{0x0b6a, 0x78b8}}, {{0xb802, 0x7034}},
		{{0x200f, 0x0341}}, {{0xf206, 0x1600}}, {{0x7080, 0x8000}}, {{0x0040, 0xf006}},
		{{0x1600, 0x7080}}, {{0x8000, 0x0025}}, {{0x782b, 0xf206}}, {{0x78cf, 0x0a02}},
		{{0xff6f, 0x792f}}, {{0x71b5, 0x71ad}}, {{0xf5e4, 0x1600}}, {{0x7080, 0x8000}},
		{{0x0001, 0x0811}}, {{0x00bf, 0xda3f}}, {{0x1600, 0x7082}}, {{0x8000, 0x0100}},
		{{0xc00e, 0x702c}}, {{0x726c, 0xc240}}, {{0x4263, 0xc145}}, {{0x0f0a, 0xfaef}},
		{{0x1c04, 0x3001}}, {{0x40c3, 0x8000}}, {{0x0dcc, 0xc049}}, {{0xc005, 0x712c}},
		{{0x1600, 0x7082}}, {{0x8000, 0x0b6a}}, {{0x7918, 0xc005}}, {{0xb902, 0x210f}},
		{{0x0001, 0xea07}}, {{0x1600, 0x7080}}, {{0x8000, 0x0040}}, {{0xf005, 0x1600}},
		{{0x7080, 0x8000}}, {{0x0025, 0x782b}}, {{0xf264, 0x40c3}}, {{0x8000, 0x0b6a}},
		{{0x7404, 0x88e0}}, {{0x218a, 0x0a14}}, {{0xc04f, 0x79ea}}, {{0xc009, 0x6038}},
		{{0xc042, 0xf010}}, {{0xc604, 0xc502}}, {{0x0a46, 0x0060}}, {{0x40a1, 0x268d}},
		{{0x1fbf, 0x2555}}, {{0x184d, 0xc002}}, {{0x71e5, 0x2080}}, {{0x0a14, 0xc042}},
		{{0x40c3, 0x8000}}, {{0x0b6a, 0xe007}}, {{0xc046, 0x8800}}, {{0x08d9, 0x83e5}},
		{{0x700c, 0xc042}}, {{0xc008, 0xc043}}, {{0xf039, 0xc002}}, {{0xe806, 0x1600}},
		{{0x7080, 0x8000}}, {{0x0040, 0xf006}}, {{0x1600, 0x7080}}, {{0x8000, 0x0025}},
		{{0xe827, 0x40c3}}, {{0x8000, 0x0b6a}}, {{0x6845, 0xc002}}, {{0xc304, 0x7014}},
		{{0xc006, 0x721c}}, {{0x40c3, 0x8000}}, {{0x0b6a, 0x6826}}, {{0xc00f, 0x8ae0}},
		{{0x703c, 0x88c0}}, {{0xc005, 0x42e1}}, {{0x41c1, 0x7d10}}, {{0x40a1, 0x0c66}},
		{{0xfa6f, 0x1c00}}, {{0x3041, 0xc103}}, {{0xc304, 0x42e1}}, {{0xb100, 0x40a1}},
		{{0x41c1, 0x0c52}}, {{0xfa6f, 0x1c00}}, {{0x3081, 0xc103}}, {{0xb101, 0xc003}},
		{{0x7404, 0xc043}}, {{0xc002, 0x7104}}, {{0xc042, 0xc002}}, {{0x088f, 0x8094}},
		{{0xc009, 0x2096}}, {{0x050a, 0xc049}}, {{0xc005, 0x7104}}, {{0xc045, 0x7214}},
		{{0xc008, 0xe008}}, {{0x06f8, 0xffe5}}, {{0xc048, 0xc007}}, {{0x7104, 0x7414}},
		{{0x0678, 0xffe5}}, {{0xc047, 0x700c}}, {{0xc042, 0xc090}}, {{0xc043, 0xc002}},
		{{0x712c, 0x1600}}, {{0x7082, 0x8000}}, {{0x0b6a, 0x7918}}, {{0x6912, 0xc102}},
		{{0x200f, 0x0041}}, {{0xea06, 0x1600}}, {{0x7080, 0x8000}}, {{0x0040, 0xf006}},
		{{0x1600, 0x7080}}, {{0x8000, 0x0025}}, {{0x782b, 0xf23a}}, {{0xc503, 0x70cd}},
		{{0xf034, 0xee07}}, {{0x1600, 0x7080}}, {{0x8000, 0x0040}}, {{0xf005, 0x1600}},
		{{0x7080, 0x8000}}, {{0x0025, 0xe828}}, {{0x70ed, 0x43b9}}, {{0xf021, 0xc002}},
		{{0x244a, 0x7100}}, {{0x2116, 0x0000}}, {{0x78d5, 0x2014}}, {{0x03cc, 0x4263}},
		{{0x700c, 0x702c}}, {{0x20a8, 0x0240}}, {{0x1210, 0x0503}}, {{0x0809, 0x00c5}},
		{{0x4060, 0xb420}}, {{0x7124, 0xe88b}}, {{0xc202, 0x700c}}, {{0x41c3, 0x022e}},
		{{0x0003, 0x43c1}}, {{0x081e, 0xf9af}}, {{0xc740, 0x7267}}, {{0x71e5, 0x0fc3}},
		{{0x90b4, 0xc18a}}, {{0x74a5, 0x71c5}}, {{0x0e9b, 0x9094}}, {{0xc002, 0x7104}},
		{{0xc042, 0x7214}}, {{0xc003, 0xe008}}, {{0x0756, 0xffe5}}, {{0xc043, 0x40c3}},
		{{0x8000, 0x0b6a}}, {{0xe014, 0xc044}}, {{0x70ed, 0xc08a}}, {{0xc046, 0x1600}},
		{{0x7081, 0x8000}}, {{0x0b6a, 0x710c}}, {{0x78f8, 0xb802}}, {{0x200f, 0x03c0}},
		{{0xc043, 0xe907}}, {{0x1600, 0x7080}}, {{0x8000, 0x0040}}, {{0xf005, 0x1600}},
		{{0x7080, 0x8000}}, {{0x0025, 0xc103}}, {{0x782b, 0xf245}}, {{0x78ef, 0xd950}},
		{{0x0e9e, 0xf9af}}, {{0x734c, 0xc004}}, {{0x1418, 0x301b}}, {{0x70cd, 0xc042}},
		{{0xf037, 0xee07}}, {{0x1600, 0x7080}}, {{0x8000, 0x0040}}, {{0xf005, 0x1600}},
		{{0x7080, 0x8000}}, {{0x0025, 0xe828}}, {{0x0c62, 0xfbef}}, {{0x78d0, 0x1302}},
		{{0x3100, 0x1300}}, {{0x3101, 0x68b4}}, {{0x7d25, 0xc103}}, {{0x78af, 0x0f72}},
		{{0xff2f, 0x792f}}, {{0xc002, 0xa8a0}}, {{0xee07, 0xef0d}}, {{0x1e00, 0x7342}},
		{{0x8000, 0x00e0}}, {{0xf010, 0xef0c}}, {{0x1e00, 0x7342}}, {{0x8000, 0x00d6}},
		{{0xf00a, 0x1e00}}, {{0x7342, 0x8000}}, {{0x00db, 0xf006}}, {{0x1e00, 0x7342}},
		{{0x8000, 0x00d1}}, {{0xc002, 0x7467}}, {{0x71c5, 0x7204}}, {{0xc042, 0x0e97}},
		{{0x9094, 0xc004}}, {{0x71e5, 0x7104}}, {{0xc044, 0xc006}}, {{0xe008, 0x0f43}},
		{{0x90b4, 0xc046}}, {{0xd825, 0xb89f}}, {{0x8820, 0x42c3}}, {{0x9004, 0x00e4}},
		{{0xb220, 0x881b}}, {{0xb201, 0x2480}}, {{0x3002, 0x1404}}, {{0x341b, 0xc6c6}},
		{{0xc2e6, 0x1cfc}}, {{0xb6c8, 0xc1ae}}, {{0x256f, 0x10c3}}, {{0x1513, 0x1480}},
		{{0x0d9a, 0xf9af}}, {{0xc046, 0xc044}}, {{0xc204, 0x41c3}}, {{0x0218, 0x0001}},
		{{0x09ee, 0xfbaf}}, {{0xd80a, 0x0be6}}, {{0xfbef, 0x730c}}, {{0xc549, 0xc009}},
		{{0x218a, 0x0008}}, {{0x15f4, 0x908e}}, {{0xb020, 0x702c}}, {{0xc004, 0x0e86}},
		{{0xfbaf, 0x2678}}, {{0x108d, 0x41c3}}, {{0x900f, 0xe0c0}}, {{0x0e27, 0x1131}},
		{{0xc04d, 0x1600}}, {{0x7102, 0x9002}}, {{0x0160, 0xc004}}, {{0xdb88, 0xba82}},
		{{0x7014, 0xd88c}}, {{0x1e00, 0x7084}}, {{0x9003, 0xff60}}, {{0x20ca, 0x00c1}},
		{{0xf006, 0xc004}}, {{0x2079, 0x0000}}, {{0xb802, 0xe008}}, {{0xb100, 0x78bb}},
		{{0xc043, 0x40c3}}, {{0x0000, 0xffff}}, {{0x46cb, 0x900f}}, {{0xe0ca, 0x4100}},
		{{0x4200, 0x4300}}, {{0x70ad, 0x0e72}}, {{0xfcef, 0x1ee4}}, {{0x1015, 0xd80f}},
		{{0x0d7a, 0xfaaf}}, {{0xd90f, 0xc204}}, {{0xd9ff, 0x43db}}, {{0x9003, 0xe172}},
		{{0x71ed, 0x208a}}, {{0x0fc7, 0x7054}}, {{0x1b00, 0x3044}}, {{0x1b02, 0x33c4}},
		{{0x1bdc, 0xb344}}, {{0x1bf4, 0xb004}}, {{0x1bf6, 0xb004}}, {{0x20ca, 0x0041}},
		{{0x0c66, 0xff2f}}, {{0x1bf0, 0xb3c4}}, {{0x208a, 0x0004}}, {{0xb600, 0x0992}},
		{{0xfcaf, 0x1efe}}, {{0x9004, 0xca03}}, {{0x7114, 0x0fb0}}, {{0xfe4e, 0x1600}},
		{{0x7080, 0x8000}}, {{0x0016, 0xc04b}}, {{0xc003, 0x7204}}, {{0xc04a, 0xc006}},
		{{0xb8e2, 0x700c}}, {{0xc047, 0x770c}}, {{0xc045, 0xc007}}, {{0x20ca, 0x03e1}},
		{{0xc047, 0x710c}}, {{0x1600, 0x7081}}, {{0x8000, 0x0b6a}}, {{0x78f8, 0xb802}},
		{{0x200f, 0x03c0}}, {{0xc043, 0xe907}}, {{0x1600, 0x7080}}, {{0x8000, 0x0040}},
		{{0xf005, 0x1600}}, {{0x7080, 0x8000}}, {{0x0025, 0xc103}}, {{0x782b, 0x0248}},
		{{0x0001, 0x40c3}}, {{0x8000, 0x0b9c}}, {{0x8021, 0xc204}}, {{0xc304, 0x78ef}},
		{{0x08d6, 0xfd6f}}, {{0xc04c, 0xc00d}}, {{0x7014, 0x40c3}}, {{0x900f, 0xe022}},
		{{0xf204, 0x1800}}, {{0x0585, 0xf004}}, {{0x1800, 0x0405}}, {{0x700c, 0x0e82}},
		{{0xf9af, 0x702c}}, {{0x0a7e, 0xfa2f}}, {{0xd8ff, 0x70cd}}, {{0x700c, 0xd907}},
		{{0x704c, 0x706c}}, {{0xc642, 0xc641}}, {{0x0f22, 0xf9ef}}, {{0xc640, 0xc003}},
		{{0x752c, 0x704c}}, {{0x780f, 0xc043}}, {{0xc041, 0x700c}}, {{0xdb80, 0xb894}},
		{{0xc642, 0x0f0a}}, {{0xf9ef, 0xc640}}, {{0xc003, 0x706c}}, {{0xc20a, 0xc041}},
		{{0x4060, 0xb894}}, {{0xb803, 0xd929}}, {{0x1c08, 0x31c1}}, {{0x0eee, 0xf9ef}},
		{{0xc640, 0x1200}}, {{0x3082, 0x700c}}, {{0xd907, 0x706c}}, {{0xc642, 0xc641}},
		{{0x0eda, 0xf9ef}}, {{0xc640, 0x700c}}, {{0xd907, 0x704c}}, {{0x706c, 0xc642}},
		{{0xc641, 0x0eca}}, {{0xf9ef, 0xc640}}, {{0xc003, 0x704c}}, {{0x752c, 0xc041}},
		{{0x4040, 0xb894}}, {{0x781b, 0x238a}}, {{0x0004, 0xc642}}, {{0x0eae, 0xf9ef}},
		{{0xc640, 0xc003}}, {{0xc20a, 0xd92a}}, {{0xc041, 0xd841}}, {{0xb812, 0x706c}},
		{{0x1c08, 0x31c1}}, {{0x0e96, 0xf9ef}}, {{0xc640, 0x700c}}, {{0xd907, 0x744c}},
		{{0x706c, 0x1c08}}, {{0x3281, 0xc641}}, {{0x0e82, 0xf9ef}}, {{0xc640, 0x09ae}},
		{{0xfa2f, 0xd8ff}}, {{0x700c, 0xd907}}, {{0x704c, 0x706c}}, {{0xc642, 0xc641}},
		{{0x0e6a, 0xf9ef}}, {{0xc640, 0x700c}}, {{0xd907, 0x704c}}, {{0x706c, 0xc642}},
		{{0xc641, 0x0e5a}}, {{0xf9ef, 0xc640}}, {{0xd880, 0xd907}}, {{0x744c, 0x706c}},
		{{0xc642, 0xc641}}, {{0x0e46, 0xf9ef}}, {{0xc640, 0xe59f}}, {{0x0108, 0x0009}},
		{{0xc807, 0x791b}}, {{0x2105, 0x0f81}}, {{0x9005, 0xe01a}}, {{0xb1a0, 0x41c3}},
		{{0x8000, 0x0b6a}}, {{0x8983, 0x41c3}}, {{0x8000, 0x0b6a}}, {{0x8922, 0x0c31}},
		{{0x1064, 0x2940}}, {{0x0302, 0x1600}}, {{0x708b, 0x8000}}, {{0x0b9c, 0x7724}},
		{{0x7124, 0x0b15}}, {{0x106e, 0x2205}}, {{0x0003, 0x7b7b}}, {{0xbb91, 0xbb9c}},
		{{0xbb9f, 0xb3a0}}, {{0x09ed, 0x8324}}, {{0x2296, 0x0008}}, {{0x0f02, 0xfdaf}},
		{{0xd814, 0x0996}}, {{0xfecf, 0xc007}}, {{0x0d82, 0xf9ef}}, {{0x712c, 0x40c3}},
		{{0x8000, 0x0b6a}}, {{0x8802, 0xc043}}, {{0x700c, 0xc048}}, {{0xc003, 0xb80d}},
		{{0xc046, 0xf023}}, {{0x1600, 0x7081}}, {{0x8000, 0x0b9c}}, {{0xc003, 0x092d}},
		{{0x000e, 0xc006}}, {{0x2005, 0x0f80}}, {{0x9002, 0x017a}}, {{0x9020, 0xc008}},
		{{0x7825, 0xc048}}, {{0xe98a, 0xc303}}, {{0x740c, 0x41c3}}, {{0x01be, 0x0003}},
		{{0x42e1, 0x0efe}}, {{0xfb6f, 0xc540}}, {{0xc006, 0x2096}}, {{0x0010, 0xc046}},
		{{0xc003, 0x7104}}, {{0xc043, 0x40c3}}, {{0x8000, 0x0b6a}}, {{0x8823, 0xc003}},
		{{0x09b5, 0x8025}}, {{0xd80f, 0x0ae6}}, {{0xfaaf, 0xd90f}}, {{0xc008, 0x7014}},
		{{0x710c, 0xf415}}, {{0xc00b, 0x702c}}, {{0x60b8, 0x7e10}}, {{0xc00c, 0x0996}},
		{{0xff2f, 0x42c1}}, {{0xc00c, 0x712c}}, {{0x098a, 0xff2f}}, {{0x42c1, 0xc005}},
		{{0x71cd, 0x2008}}, {{0x0340, 0xc045}}, {{0x700c, 0x71a5}}, {{0x0d09, 0x1833}},
		{{0x7014, 0xf580}}, {{0x41c3, 0x01c3}}, {{0x0001, 0x40c1}}, {{0x0b86, 0xf96f}},
		{{0x42e1, 0xc505}}, {{0x70f5, 0x058e}}, {{0xffe2, 0x77e5}}, {{0xc005, 0x41c3}},
		{{0x01c5, 0x0000}}, {{0x7812, 0x0b6e}}, {{0xf96f, 0xb83f}}, {{0xc205, 0xc10b}},
		{{0xc807, 0x6159}}, {{0x2149, 0x07c2}}, {{0x791b, 0x2105}}, {{0x0f81, 0x9005}},
		{{0xe01a, 0xb140}}, {{0x41c3, 0x8000}}, {{0x0b6a, 0x8983}}, {{0x41c3, 0x8000}},
		{{0x0b6a, 0x8922}}, {{0x0c2f, 0x1064}}, {{0x2940, 0x030d}}, {{0x1600, 0x708b}},
		{{0x8000, 0x0b9c}}, {{0x7724, 0x7124}}, {{0x0b13, 0x106e}}, {{0x2505, 0x1003}},
		{{0x7b7b, 0xbb91}}, {{0xbb9c, 0xbb9f}}, {{0xb340, 0x09ef}}, {{0x8324, 0x2596}},
		{{0x1008, 0x0866}}, {{0xfecf, 0x702c}}, {{0x1bf4, 0xb044}}, {{0x1bf6, 0xb044}},
		{{0x1bf0, 0xb044}}, {{0xc109, 0xd841}}, {{0xb809, 0xb100}}, {{0xca05, 0x7014}},
		{{0x0c6c, 0xfb81}}, {{0x0f86, 0xfdef}}, {{0xd809, 0xc0ae}}, {{0x1404, 0x341b}},
		{{0xc6c6, 0x78e0}}, {{0xc2e6, 0x276f}}, {{0x1a43, 0x4608}}, {{0x17f2, 0x9100}},
		{{0x2678, 0x1001}}, {{0x1f00, 0x1205}}, {{0x263c, 0x7000}}, {{0x0000, 0x0c7f}},
		{{0x7824, 0x0817}}, {{0x0071, 0x1a01}}, {{0x3002, 0x17f9}}, {{0x9080, 0x080b}},
		{{0x015e, 0x1a01}}, {{0x3003, 0x1a02}}, {{0x3042, 0x177a}}, {{0x1080, 0x2053}},
		{{0x807e, 0xf210}}, {{0xd80a, 0xee15}}, {{0xd983, 0x0da6}}, {{0xfb6f, 0xb912}},
		{{0x0a9a, 0xfb8f}}, {{0x76ad, 0xe896}}, {{0x0f16, 0xff2f}}, {{0xd807, 0xf012}},
		{{0x41c3, 0x020e}}, {{0x0000, 0x0d8a}}, {{0xfb6f, 0xd80a}}, {{0xf00d, 0x41c3}},
		{{0x020d, 0x0000}}, {{0x0d7a, 0xfb4f}}, {{0x0ef6, 0xff2f}}, {{0x750c, 0x74ad}},
		{{0x0eee, 0xff2f}}, {{0x40a1, 0x70d5}}, {{0xd8fd, 0x20ca}}, {{0x00e1, 0x0eee}},
		{{0xfdef, 0x1a02}}, {{0x3003, 0xd808}}, {{0xb88f, 0xb700}}, {{0xc6c6, 0x78e0}},
		{{0xc2e2, 0x256f}}, {{0x1a43, 0x157a}}, {{0x1080, 0x1d00}}, {{0x1105, 0x2053}},
		{{0x807e, 0xd80a}}, {{0xf20b, 0x41c3}}, {{0x0209, 0x0000}}, {{0x0d32, 0xfb4f}},
		{{0x0eae, 0xff2f}}, {{0x700c, 0x720c}}, {{0xf009, 0xd941}}, {{0x0d22, 0xfb6f}},
		{{0xb913, 0x0e9e}}, {{0xff2f, 0xd810}}, {{0x750c, 0x0ea2}}, {{0xfdcf, 0x740c}},
		{{0xb88f, 0xb500}}, {{0xc6c2, 0x78e0}}, {{0xc2e4, 0x4508}}, {{0xd80a, 0xed06}},
		{{0x41c3, 0x020a}}, {{0x0000, 0xf005}}, {{0x41c3, 0x020b}}, {{0x0000, 0x0cf2}},
		{{0xfb4f, 0x2578}}, {{0x1000, 0x266f}}, {{0x1a43, 0x7104}}, {{0x0e62, 0xff2f}},
		{{0x1e00, 0x1085}}, {{0x722c, 0x70b5}}, {{0xd8fe, 0xb98f}}, {{0x20ca, 0x0062}},
		{{0x0e5a, 0xfdef}}, {{0xb620, 0xc6c4}}, {{0xc2e6, 0x1cfc}}, {{0xb6c8, 0xc1a4}},
		{{0x1207, 0x360d}}, {{0x44cb, 0x9004}}, {{0x0058, 0x41c3}}, {{0x8000, 0x0103}},
		{{0x6cc2, 0x2140}}, {{0x004b, 0x6e66}}, {{0x7014, 0x260a}}, {{0x32c0, 0x7dbb}},
		{{0x2340, 0x049f}}, {{0x26ca, 0x3042}}, {{0x7014, 0x2505}}, {{0x17c0, 0x2740}},
		{{0x310f, 0xc040}}, {{0x2505, 0x13c0}}, {{0x72e7, 0xc041}}, {{0x6f02, 0xc043}},
		{{0x2505, 0x17c0}}, {{0x7ca5, 0x7ea5}}, {{0x7ba5, 0xc042}}, {{0x1600, 0x309e}},
		{{0x9400, 0x1600}}, {{0x111b, 0x93e0}}, {{0xda3f, 0xba08}}, {{0x2004, 0x009f}},
		{{0x2304, 0x309b}}, {{0x2704, 0x1080}}, {{0x2705, 0x379f}}, {{0x2305, 0x378f}},
		{{0x2005, 0x0780}}, {{0x1c00, 0x17c4}}, {{0xb6e0, 0xb300}}, {{0xc000, 0x1300}},
		{{0x108c, 0x8920}}, {{0xc703, 0x9060}}, {{0xc001, 0x7fa5}}, {{0x7982, 0x2304}},
		{{0x008b, 0x90c0}}, {{0x9700, 0x21ce}}, {{0x0021, 0x2653}}, {{0x114d, 0x2053}},
		{{0x014c, 0xbbc5}}, {{0x7e44, 0x7844}}, {{0x633a, 0x653d}}, {{0x6199, 0x7905}},
		{{0xc000, 0x2205}}, {{0x02c2, 0x7dc5}}, {{0xb040, 0xc002}}, {{0xb040, 0xc001}},
		{{0xb0a0, 0xb720}}, {{0xc0a4, 0x1404}}, {{0x341b, 0xc6c6}}, {{0xc2e4, 0xc1a1}},
		{{0x4628, 0x094b}}, {{0x06f5, 0x4508}}, {{0x2025, 0x0380}}, {{0xf031, 0xf051}},
		{{0xf053, 0xf025}}, {{0xf017, 0xf023}}, {{0xf021, 0xf021}}, {{0xf03d, 0xf01f}},
		{{0xf01d, 0xf01d}}, {{0xf01b, 0xf01b}}, {{0xf019, 0xf019}}, {{0xf017, 0xf00b}},
		{{0xf02f, 0xf033}}, {{0xf035, 0xf039}}, {{0xf011, 0xf011}}, {{0xf00f, 0xf00f}},
		{{0xf04a, 0x724c}}, {{0x1a03, 0x3083}}, {{0xf04d, 0x0e95}}, {{0x1810, 0x0e0f}},
		{{0x1911, 0xda09}}, {{0x1a03, 0x3243}}, {{0xf045, 0x700c}}, {{0x41c3, 0x0219}},
		{{0x0001, 0x0882}}, {{0xf96f, 0x42c1}}, {{0x1203, 0x3082}}, {{0xf03b, 0x2553}},
		{{0x12c1, 0x208a}}, {{0x0ffb, 0x6038}}, {{0x0847, 0x0175}}, {{0x218c, 0x8404}},
		{{0x2025, 0x0000}}, {{0xf1df, 0xf005}}, {{0xf007, 0xf00b}}, {{0xf00d, 0x734c}},
		{{0x1a03, 0x30c3}}, {{0xf027, 0x744c}}, {{0x1a03, 0x3103}}, {{0xf023, 0x754c}},
		{{0x1a03, 0x3143}}, {{0xf01f, 0x764c}}, {{0x1a03, 0x3183}}, {{0xf01b, 0x704c}},
		{{0x1a03, 0x3003}}, {{0xf017, 0x714c}}, {{0x1a03, 0x3043}}, {{0xf013, 0xf20c}},
		{{0x218c, 0x8008}}, {{0xf20c, 0x218c}}, {{0x8009, 0xf3c5}}, {{0xda0a, 0x1a03}},
		{{0x3283, 0xf009}}, {{0xda07, 0x1a03}}, {{0x31c3, 0xf005}}, {{0xda08, 0x1a03}},
		{{0x3203, 0xd80a}}, {{0x41c3, 0x021a}}, {{0x0003, 0x43a1}}, {{0x0b02, 0xfb6f}},
		{{0xc640, 0x7487}}, {{0xc6c4, 0x78e0}}, {{0x208c, 0x8fc3}}, {{0xf209, 0x0821}},
		{{0x01d1, 0x41c3}}, {{0x9004, 0x0238}}, {{0x1900, 0x0045}}, {{0xf006, 0x41c3}},
		{{0x9004, 0x0238}}, {{0x1900, 0x0105}}, {{0x1900, 0x0005}}, {{0x41c3, 0x9018}},
		{{0x0064, 0xb100}}, {{0x0021, 0x0020}}, {{0x1902, 0x0005}}, {{0x42c3, 0x9018}},
		{{0x0064, 0x2841}}, {{0x0401, 0xb200}}, {{0xb222, 0x000d}}, {{0x0020, 0x1a02}},
		{{0x0005, 0x78e0}}, {{0x210a, 0x0f80}}, {{0x9018, 0x0008}}, {{0x1100, 0x0100}},
		{{0x08fd, 0x801f}}, {{0x195e, 0x0045}}, {{0x9100, 0x0801}}, {{0x001e, 0x7ee0}},
		{{0x1600, 0x7080}}, {{0x8000, 0x0005}}, {{0x7ee0, 0x78e0}}, {{0xc0f1, 0x1600}},
		{{0x7082, 0x8000}}, {{0x0001, 0x4328}}, {{0x0a31, 0x013f}}, {{0x4300, 0x40c3}},
		{{0x9018, 0x0064}}, {{0x1800, 0x0205}}, {{0x0fbe, 0xffef}}, {{0x1802, 0x0005}},
		{{0x0f9e, 0xffef}}, {{0x4060, 0x232f}}, {{0x80c8, 0xf208}}, {{0x0f92, 0xffef}},
		{{0x1304, 0x1400}}, {{0x238c, 0x0f3f}}, {{0xc0d1, 0x7ee0}}, {{0xc2e6, 0x1cfc}},
		{{0xb6c8, 0xc1a3}}, {{0x1600, 0x710f}}, {{0x8000, 0x000a}}, {{0xc041, 0x730c}},
		{{0x248a, 0x7001}}, {{0x1404, 0x300b}}, {{0xb80b, 0x7f04}}, {{0xb8ac, 0x706f}},
		{{0x704c, 0x708d}}, {{0x706c, 0x264a}}, {{0x3000, 0x70ad}}, {{0x70cd, 0xc042}},
		{{0xc240, 0x20a8}}, {{0x0181, 0x1300}}, {{0x1080, 0x1301}}, {{0x1081, 0x2102}},
		{{0x801f, 0x0078}}, {{0x0024, 0x71e7}}, {{0x6038, 0x271a}}, {{0x3001, 0xc000}},
		{{0x74e3, 0x6038}}, {{0xc040, 0xef0e}}, {{0xc002, 0x0f23}}, {{0x1021, 0x278b}},
		{{0xbc03, 0x271a}}, {{0x37c0, 0x2600}}, {{0x301e, 0x786c}}, {{0x621a, 0xf026}},
		{{0x271a, 0x30c0}}, {{0x2300, 0x301b}}, {{0xf020, 0xf20b}}, {{0x278b, 0xb003}},
		{{0xf210, 0x2751}}, {{0xb1c0, 0xd807}}, {{0x20ca, 0x01a1}}, {{0xf013, 0x274b}},
		{{0xb300, 0xf20e}}, {{0x2751, 0xb0c0}}, {{0x730c, 0x20ca}}, {{0x00a1, 0xf00b}},
		{{0x2751, 0xb140}}, {{0x750c, 0x20ca}}, {{0x0121, 0xf005}}, {{0x202f, 0x07c2}},
		{{0xb8c0, 0x651d}}, {{0x786c, 0x661e}}, {{0x7265, 0x7164}}, {{0xec1d, 0xc000}},
		{{0x2804, 0x0300}}, {{0x7104, 0x7b1d}}, {{0xef09, 0xc002}}, {{0x7710, 0x26ca}},
		{{0x1081, 0x25ca}}, {{0x1781, 0x44a9}}, {{0x43d9, 0x202f}}, {{0x06c0, 0x2804}},
		{{0x0301, 0xc001}}, {{0x1883, 0x00c2}}, {{0x7124, 0x7a3d}}, {{0xc101, 0x700c}},
		{{0x1982, 0x0082}}, {{0xf00f, 0xc300}}, {{0x740c, 0x41c3}}, {{0x0199, 0x0002}},
		{{0x093e, 0xfb6f}}, {{0x4263, 0xd9cd}}, {{0x740c, 0x0936}}, {{0xfb6f, 0xb911}},
		{{0x730c, 0xc0a3}}, {{0x1404, 0x341b}}, {{0xc6c6, 0x78e0}}, {{0xc2e6, 0x1cfc}},
		{{0xb6c8, 0xc1a3}}, {{0x42c3, 0x8000}}, {{0x0b6a, 0x8a40}}, {{0x4508, 0x205f}},
		{{0x0d80, 0x229f}}, {{0x0b01, 0x4628}}, {{0xd9ff, 0x6058}}, {{0x2000, 0x0f80}},
		{{0x8000, 0x09a8}}, {{0x1012, 0x009b}}, {{0x0ed6, 0xf96f}}, {{0x700c, 0x710c}},
		{{0x78b8, 0xb802}}, {{0x200f, 0x0340}}, {{0x780f, 0xc041}}, {{0xd848, 0x70d5}},
		{{0x23c5, 0x3002}}, {{0x70ed, 0x700c}}, {{0x762c, 0xda22}}, {{0x4363, 0xc742}},
		{{0x0f6a, 0xf9af}}, {{0x1c00, 0x3481}}, {{0xd880, 0xd907}}, {{0x724c, 0x706c}},
		{{0xc742, 0xc740}}, {{0x0f56, 0xf9af}}, {{0xc741, 0x700c}}, {{0x0eee, 0xf9af}},
		{{0x712c, 0xc0a3}}, {{0x1404, 0x341b}}, {{0xc6c6, 0x78e0}}, {{0xc2e6, 0x1cfc}},
		{{0xb6c8, 0xc1a3}}, {{0x1600, 0x708d}}, {{0x8000, 0x0008}}, {{0x4628, 0x4318}},
		{{0x700c, 0x0e6e}}, {{0xf96f, 0x702c}}, {{0x70ed, 0x700c}}, {{0xd907, 0x704c}},
		{{0x706c, 0xc742}}, {{0xc741, 0x0f16}}, {{0xf9af, 0xc740}}, {{0xd809, 0xb813}},
		{{0x752c, 0x704c}}, {{0x238a, 0x0008}}, {{0xc742, 0x1c04}}, {{0x36c0, 0x0efe}},
		{{0xf9af, 0xc740}}, {{0x0a3e, 0xf9ef}}, {{0xd8ff, 0x72b5}}, {{0x72ad, 0x25ca}},
		{{0x1161, 0xd80c}}, {{0xd92b, 0x706c}}, {{0x42a1, 0xc742}}, {{0x1c04, 0x36c0}},
		{{0x0eda, 0xf9af}}, {{0xc740, 0xee0b}}, {{0x6d41, 0xd80c}}, {{0xd92b, 0x706c}},
		{{0xc742, 0x1c04}}, {{0x36c0, 0xc740}}, {{0xf009, 0xc742}}, {{0x1c04, 0x36c0}},
		{{0xd80c, 0xd92b}}, {{0x706c, 0xc740}}, {{0x42a1, 0x0eb2}}, {{0xf98f, 0x70ed}},
		{{0xbf92, 0x70cd}}, {{0xd92b, 0x726c}}, {{0x42a1, 0x40e1}}, {{0xc642, 0x1c04}},
		{{0x36c0, 0x0e9a}}, {{0xf9af, 0xc640}}, {{0xd80c, 0xd92b}}, {{0x726c, 0x42a1}},
		{{0xc642, 0x1c04}}, {{0x36c0, 0x0e86}}, {{0xf9af, 0xc640}}, {{0x700c, 0xd907}},
		{{0x744c, 0x706c}}, {{0x1c08, 0x3281}}, {{0xc641, 0x0e72}}, {{0xf9af, 0xc640}},
		{{0x2f41, 0x10c0}}, {{0xd907, 0x744c}}, {{0x706c, 0xc642}}, {{0xc641, 0x0e5e}},
		{{0xf9af, 0xc640}}, {{0x700c, 0xd907}}, {{0xda08, 0x706c}}, {{0xc642, 0xc641}},
		{{0x0e4a, 0xf9af}}, {{0xc640, 0x0976}}, {{0xf9ef, 0xd8ff}}, {{0x700c, 0xd907}},
		{{0x744c, 0x706c}}, {{0xc642, 0xc641}}, {{0x0e32, 0xf9af}}, {{0xc640, 0x700c}},
		{{0x752c, 0x744c}}, {{0x238a, 0x000e}}, {{0xc642, 0x1c04}}, {{0x36c0, 0x0e1e}},
		{{0xf9af, 0xc640}}, {{0xd880, 0xb893}}, {{0xd907, 0x704c}}, {{0x706c, 0xc642}},
		{{0x1c04, 0x36c0}}, {{0x0e06, 0xf9af}}, {{0xc640, 0xc0a3}}, {{0x1404, 0x341b}},
		{{0xc6c6, 0x78e0}}, {{0xc2e6, 0x1cfc}}, {{0xb6c8, 0xc1ab}}, {{0xd951, 0xc04a}},
		{{0x740c, 0x0f4e}}, {{0xfb2f, 0xb910}}, {{0x700c, 0xc044}}, {{0xc043, 0x40c3}},
		{{0x8000, 0x0b72}}, {{0xc047, 0xc003}}, {{0xe806, 0x1600}}, {{0x7080, 0x8000}},
		{{0x0040, 0xf006}}, {{0x1600, 0x7080}}, {{0x8000, 0x0025}}, {{0x7014, 0xf2f7}},
		{{0xc003, 0x091a}}, {{0xfbaf, 0x780f}}, {{0xd9e8, 0xc003}}, {{0xb99f, 0x6942}},
		{{0x7014, 0x6a02}}, {{0x20c0, 0x00a2}}, {{0x22ca, 0x0041}}, {{0x9020, 0xc00a}},
		{{0x9240, 0x4383}}, {{0xb331, 0x088f}}, {{0x0030, 0xb350}}, {{0xca09, 0xc507}},
		{{0x264a, 0x3080}}, {{0x70cd, 0xe825}}, {{0x230a, 0x3340}}, {{0x1304, 0x348f}},
		{{0x2632, 0x1f82}}, {{0x8000, 0x046c}}, {{0x740c, 0x41c3}}, {{0x0052, 0x0002}},
		{{0x0ece, 0xfb2f}}, {{0x43e1, 0x1420}}, {{0x3101, 0xc004}}, {{0x71c5, 0x7a0f}},
		{{0x6912, 0xb88c}}, {{0xb892, 0x6058}}, {{0x781b, 0xb89c}}, {{0xb89f, 0xb0e0}},
		{{0xc104, 0xca09}}, {{0x7124, 0x0ec9}}, {{0x9024, 0xc144}}, {{0xf002, 0x700c}},
		{{0x268d, 0x36bf}}, {{0x71a5, 0xc004}}, {{0x2053, 0x807c}}, {{0xf2af, 0xc004}},
		{{0x212f, 0x0007}}, {{0x20a8, 0x0380}}, {{0x1420, 0x3100}}, {{0xb802, 0xb88c}},
		{{0xb892, 0x6038}}, {{0x781b, 0xb89c}}, {{0xb89f, 0x7124}}, {{0x1800, 0x0005}},
		{{0xf09d, 0xc003}}, {{0x781b, 0xc049}}, {{0x700c, 0xc045}}, {{0x700c, 0x0c42}},
		{{0xf96f, 0x702c}}, {{0xc005, 0xc188}}, {{0x21f4, 0x0000}}, {{0xb802, 0x082a}},
		{{0xf9ef, 0x7810}}, {{0x70ad, 0xc546}}, {{0xf073, 0xc209}}, {{0xc005, 0x44cb}},
		{{0x8000, 0x0b72}}, {{0x7ab5, 0xe414}}, {{0x7014, 0x62d8}}, {{0x2000, 0x0f82}},
		{{0x8000, 0x0b72}}, {{0x6098, 0x20ca}}, {{0x0081, 0x2532}}, {{0x1f8f, 0x8000}},
		{{0x046c, 0x1000}}, {{0x009b, 0x716c}}, {{0x702c, 0x704c}}, {{0xee07, 0xca09}},
		{{0x7704, 0x0d0b}}, {{0x1020, 0x704c}}, {{0xda22, 0xc006}}, {{0x7bd8, 0xe818}},
		{{0x0f2d, 0x1311}}, {{0x1600, 0x708c}}, {{0x8000, 0x001c}}, {{0xc009, 0x7c19}},
		{{0x7c6b, 0xf243}}, {{0x6b12, 0x7865}}, {{0x780f, 0x2385}}, {{0x303e, 0xc142}},
		{{0xc041, 0x232f}}, {{0x06c7, 0x700c}}, {{0x762c, 0xf00a}}, {{0x6b12, 0x7865}},
		{{0x780f, 0xc142}}, {{0xc041, 0x700c}}, {{0x762c, 0x4363}}, {{0x0c5e, 0xf9af}},
		{{0xc740, 0x0e23}}, {{0x1051, 0xc006}}, {{0xe88d, 0x0f1b}}, {{0x1311, 0x1600}},
		{{0x7080, 0x8000}}, {{0x001c, 0xe805}}, {{0x77a5, 0x710c}}, {{0xf002, 0x700c}},
		{{0xc046, 0x0f1b}}, {{0x1311, 0x1600}}, {{0x7080, 0x8000}}, {{0x001c, 0xe887}},
		{{0x700c, 0x742c}}, {{0x0f7a, 0xf9af}}, {{0x704c, 0xc203}}, {{0x202f, 0x06c7}},
		{{0xc042, 0xc240}}, {{0xc205, 0x740c}}, {{0x41c3, 0x0053}}, {{0x0005, 0x43c1}},
		{{0x0d6e, 0xfb2f}}, {{0xc741, 0x71d5}}, {{0x71cd, 0xf591}}, {{0x71a5, 0xca09}},
		{{0x0d1b, 0x9022}}, {{0x70cd, 0xd828}}, {{0xc042, 0x700c}}, {{0xd907, 0x724c}},
		{{0x706c, 0x1c04}}, {{0x3001, 0x0be6}}, {{0xf9af, 0x1c00}}, {{0x3001, 0xc005}},
		{{0x7104, 0x7214}}, {{0x06d8, 0xffe5}}, {{0xc045, 0xc003}}, {{0x7104, 0xc043}},
		{{0x7214, 0xc007}}, {{0x7204, 0x05f2}}, {{0xffe5, 0xc047}}, {{0x40c3, 0x9004}},
		{{0x00fc, 0x702c}}, {{0xb020, 0x18f8}}, {{0x8044, 0xc0ab}}, {{0x1404, 0x341b}},
		{{0xc6c6, 0x78e0}}, {{0xc2e6, 0x1cfc}}, {{0xb6c8, 0xc1aa}}, {{0xc143, 0x4708}},
		{{0x700c, 0x702c}}, {{0xc348, 0x0ada}}, {{0xf96f, 0xc245}}, {{0xc00f, 0x706f}},
		{{0x70cd, 0xc049}}, {{0xc010, 0xc046}}, {{0x710c, 0x2006}}, {{0x03c1, 0x7838}},
		{{0xc047, 0x2632}}, {{0x1f8d, 0x8000}}, {{0x0480, 0x710c}}, {{0x702c, 0x0916}},
		{{0xf92f, 0x42a1}}, {{0xc209, 0x7944}}, {{0xc208, 0x7844}}, {{0x2005, 0x807e}},
		{{0xf485, 0xc003}}, {{0x60a8, 0x0e1f}}, {{0x1131, 0xc044}}, {{0x700c, 0xd910}},
		{{0x744c, 0x706c}}, {{0x1c08, 0x36c0}}, {{0xc741, 0x0b42}}, {{0xf9af, 0x1c00}},
		{{0x36c0, 0xc304}}, {{0x700c, 0x762c}}, {{0x704c, 0x1c08}}, {{0x36c0, 0xc741}},
		{{0x0b2a, 0xf9af}}, {{0xc540, 0x700c}}, {{0xd922, 0x0e76}}, {{0xf9af, 0x704c}},
		{{0xee31, 0x0e47}}, {{0x1411, 0x40c3}}, {{0x8000, 0x0b6c}}, {{0x8820, 0x8803}},
		{{0x1600, 0x7082}}, {{0x8000, 0x001c}}, {{0x203c, 0x0040}}, {{0x781b, 0x7a19}},
		{{0xc007, 0x7a0b}}, {{0xf211, 0xc304}}, {{0x700c, 0x762c}}, {{0xbb87, 0x704c}},
		{{0x1c08, 0x36c0}}, {{0xc741, 0x0ae6}}, {{0xf9af, 0xc540}}, {{0x700c, 0xd922}},
		{{0x0e2e, 0xf9af}}, {{0x704c, 0x2642}}, {{0x1440, 0x0883}}, {{0x00b5, 0x206f}},
		{{0x0443, 0x8820}}, {{0x10fe, 0x8100}}, {{0x219f, 0x041f}}, {{0x209f, 0x0e83}},
		{{0xf02d, 0xc006}}, {{0xe822, 0xc003}}, {{0x8801, 0x0811}}, {{0x00df, 0xc003}},
		{{0x8814, 0x2053}}, {{0x80fe, 0xf21a}}, {{0x700c, 0x0a42}}, {{0xf9af, 0x712c}},
		{{0x700c, 0x09de}}, {{0xf96f, 0x702c}}, {{0x40c3, 0x0000}}, {{0x3a98, 0x0c0a}},
		{{0xfd6f, 0xd908}}, {{0x0bbe, 0xfeef}}, {{0xc003, 0x40c3}}, {{0x0003, 0x0d40}},
		{{0x0bf6, 0xfd6f}}, {{0xd908, 0xf013}}, {{0x206f, 0x0443}}, {{0x8820, 0x10fe}},
		{{0x8100, 0x219f}}, {{0x041f, 0x209f}}, {{0x0203, 0x2805}}, {{0x0040, 0x704c}},
		{{0x7104, 0x7910}}, {{0x0daa, 0xf9af}}, {{0x700c, 0x71c5}}, {{0xe696, 0x06d6}},
		{{0xffc5, 0x700c}}, {{0xd941, 0x0d9a}}, {{0xf9af, 0x704c}}, {{0x700c, 0x09de}},
		{{0xf9af, 0x712c}}, {{0xc005, 0xe806}}, {{0x700c, 0x08aa}}, {{0xfb6f, 0x41e1}},
		{{0xc0aa, 0x1404}}, {{0x341b, 0xc6c6}}, {{0xc2e6, 0x1cfc}}, {{0xb6c8, 0xc1ab}},
		{{0xc349, 0xc245}}, {{0xc143, 0x0be6}}, {{0xfbaf, 0x4708}}, {{0x700c, 0x0952}},
		{{0xf96f, 0x702c}}, {{0x700c, 0x752c}}, {{0x0d56, 0xf9af}}, {{0x714c, 0xc010}},
		{{0x70cd, 0x43d9}}, {{0xc04a, 0xc012}}, {{0xc046, 0xc011}}, {{0xc048, 0x710c}},
		{{0x2006, 0x03c1}}, {{0x7838, 0xc047}}, {{0x2632, 0x1f8d}}, {{0x8000, 0x0480}},
		{{0x710c, 0x702c}}, {{0x0f7e, 0xf8ef}}, {{0x42a1, 0xc20a}}, {{0x7944, 0xc209}},
		{{0x7844, 0x2005}}, {{0x807e, 0xf488}}, {{0xc003, 0x60a8}}, {{0xc044, 0xc008}},
		{{0xe806, 0x700c}}, {{0xd91e, 0x0d0a}}, {{0xf9af, 0x714c}}, {{0x0e51, 0x1131}},
		{{0x700c, 0x762c}}, {{0x0cfa, 0xf9af}}, {{0x714c, 0x700c}}, {{0xd92c, 0x704c}},
		{{0x706c, 0x1c08}}, {{0x36c0, 0xc741}}, {{0x0992, 0xf9af}}, {{0x1c00, 0x36c0}},
		{{0x700c, 0xd92d}}, {{0x704c, 0x706c}}, {{0x1c08, 0x36c0}}, {{0x1c00, 0x36c0}},
		{{0x097a, 0xf9af}}, {{0xc741, 0x700c}}, {{0x762c, 0x0cc6}}, {{0xf9af, 0x714c}},
		{{0xc104, 0x40a1}}, {{0x0dae, 0xf9af}}, {{0x42e1, 0xf051}}, {{0xc104, 0x40a1}},
		{{0x0da2, 0xf9af}}, {{0x42e1, 0xee1d}}, {{0x0e93, 0x1411}}, {{0x40c3, 0x8000}},
		{{0x0b6c, 0x8820}}, {{0x8803, 0x1600}}, {{0x7082, 0x8000}}, {{0x001c, 0x203c}},
		{{0x0040, 0x781b}}, {{0x7a19, 0xc007}}, {{0x7a0b, 0xf239}}, {{0x700c, 0x762c}},
		{{0x0c7e, 0xf9af}}, {{0x714c, 0xc104}}, {{0x40a1, 0xb987}}, {{0xf1dc, 0xc006}},
		{{0xe828, 0xc003}}, {{0x8801, 0x0811}}, {{0x00df, 0xc003}}, {{0x8814, 0x2053}},
		{{0x80fe, 0xf220}}, {{0x08be, 0xfecf}}, {{0x700c, 0x08a2}}, {{0xf9af, 0x712c}},
		{{0x700c, 0x083e}}, {{0xf96f, 0x702c}}, {{0x700c, 0x752c}}, {{0x0c42, 0xf9af}},
		{{0x714c, 0x40c3}}, {{0x0000, 0x3a98}}, {{0x0a5e, 0xfd6f}}, {{0xd908, 0x0a16}},
		{{0xfeef, 0xc003}}, {{0x40c3, 0x0003}}, {{0x0d40, 0x0a4e}}, {{0xfd6f, 0xd908}},
		{{0x700c, 0xd918}}, {{0x0c1a, 0xf9af}}, {{0x714c, 0x700c}}, {{0x762c, 0x0c12}},
		{{0xf9af, 0x714c}}, {{0x71c5, 0xe696}}, {{0x06d0, 0xffc5}}, {{0x0866, 0xfecf}},
		{{0x700c, 0x084a}}, {{0xf9af, 0x712c}}, {{0xc005, 0xe806}}, {{0x710c, 0x0f16}},
		{{0xfb2f, 0x41e1}}, {{0x08fe, 0xfbcf}}, {{0xc0ab, 0x1404}}, {{0x341b, 0xc6c6}},
		{{0xc2e6, 0x1cfc}}, {{0xb6c8, 0xc1a4}}, {{0x4338, 0x6149}}, {{0x4508, 0x700c}},
		{{0xc143, 0x702c}}, {{0x4748, 0x0fba}}, {{0xf92f, 0x4668}}, {{0x0e13, 0x105f}},
		{{0x0a3a, 0xfb8f}}, {{0x700c, 0x752c}}, {{0x0bb6, 0xf9af}}, {{0x714c, 0x2332}},
		{{0x33c1, 0x78ef}}, {{0x0c9e, 0xf9af}}, {{0x42a1, 0x2742}}, {{0x1380, 0x081b}},
		{{0x00b5, 0x700c}}, {{0xd907, 0xda20}}, {{0x706c, 0xc042}}, {{0xc040, 0x083e}},
		{{0xf9af, 0xc041}}, {{0xf025, 0x0f4b}}, {{0x1431, 0x700c}}, {{0xd907, 0x744c}},
		{{0x706c, 0x1c08}}, {{0x3041, 0x1c04}}, {{0x3001, 0x0822}}, {{0xf9af, 0x1c00}},
		{{0x3001, 0xc003}}, {{0x083d, 0x015e}}, {{0xca03, 0x2078}}, {{0x0000, 0x0e96}},
		{{0xfc6f, 0xb813}}, {{0x0fbe, 0xfe8f}}, {{0x700c, 0x0fa2}}, {{0xf96f, 0x702c}},
		{{0x40c3, 0x0000}}, {{0x1388, 0x0972}}, {{0xfd6f, 0xd914}}, {{0xf010, 0x700c}},
		{{0xd907, 0x764c}}, {{0x706c, 0xc042}}, {{0xc040, 0x0fe2}}, {{0xf96f, 0xc041}},
		{{0x0f92, 0xfe8f}}, {{0x700c, 0x0f76}}, {{0xf96f, 0x712c}}, {{0xbee0, 0x0834}},
		{{0xfbc1, 0xc0a4}}, {{0x1404, 0x341b}}, {{0xc6c6, 0x78e0}}, {{0xc0e4, 0x46cb}},
		{{0x8000, 0x0458}}, {{0x96a3, 0x2148}}, {{0x007c, 0x7abb}}, {{0xba8d, 0xba93}},
		{{0x20a8, 0x0280}}, {{0x1002, 0x0503}}, {{0x2205, 0x0f8c}}, {{0x9000, 0x0000}},
		{{0x7244, 0xb460}}, {{0x61b9, 0xb620}}, {{0xb623, 0xc4c4}}, {{0xc2e6, 0x1cfc}},
		{{0xb6c8, 0xc1ab}}, {{0xc410, 0x4668}}, {{0xc245, 0xc447}}, {{0xc411, 0xc144}},
		{{0xc043, 0xc446}}, {{0xdc40, 0xbc9f}}, {{0x8ca0, 0x14e5}}, {{0x908c, 0xc549}},
		{{0x70ad, 0xc448}}, {{0xc007, 0x712c}}, {{0x79b8, 0x7824}}, {{0xc04a, 0x6912}},
		{{0x706f, 0x200f}}, {{0x034f, 0xc009}}, {{0xc108, 0x7077}}, {{0x20ca, 0x0041}},
		{{0xc10a, 0x790b}}, {{0xf235, 0x710c}}, {{0x2800, 0x06c0}}, {{0x0a9e, 0xfb6f}},
		{{0x780f, 0x40c3}}, {{0x8000, 0x0a80}}, {{0x8800, 0xe81b}}, {{0x1600, 0x7080}},
		{{0x8000, 0x0001}}, {{0x082b, 0x00ff}}, {{0x4063, 0xc106}}, {{0x209f, 0x0b01}},
		{{0xc142, 0xc103}}, {{0xc204, 0xc305}}, {{0x6119, 0x255a}}, {{0x1d80, 0xc640}},
		{{0x1c04, 0x3001}}, {{0x6119, 0x0ce6}}, {{0xffef, 0x78ef}}, {{0xf011, 0xc106}},
		{{0x4063, 0x209f}}, {{0x0b01, 0xc141}}, {{0xc103, 0xc204}}, {{0xc305, 0x6119}},
		{{0x255a, 0x1d80}}, {{0xc640, 0x6119}}, {{0x0b3e, 0xffef}}, {{0x78ef, 0x7177}},
		{{0x716f, 0xf5c3}}, {{0x71a5, 0x0d71}}, {{0x9094, 0x0a32}}, {{0xfb6f, 0x730c}},
		{{0xc0ab, 0x1404}}, {{0x341b, 0xc6c6}}, {{0xc3e6, 0x4768}}, {{0x4548, 0x4628}},
		{{0x1cf8, 0xb009}}, {{0x1c04, 0x3001}}, {{0x1c01, 0x30c2}}, {{0x09ea, 0xf9af}},
		{{0xc360, 0x2778}}, {{0x1000, 0x781b}}, {{0x6841, 0xc080}}, {{0x098e, 0xf9af}},
		{{0x41a1, 0x09d6}}, {{0xf9af, 0x40c1}}, {{0x700c, 0x0e32}}, {{0xf96f, 0x712c}},
		{{0xc7c6, 0x78e0}}, {{0xc2e6, 0x2945}}, {{0x018b, 0x4608}}, {{0x70ad, 0xf01c}},
		{{0x8e83, 0x8ee1}}, {{0x8e22, 0x8e00}}, {{0x8e45, 0xbc08}}, {{0x8e64, 0xbf08}},
		{{0x7985, 0x78e5}}, {{0xb910, 0xba08}}, {{0x7905, 0x7734}}, {{0x2205, 0x00c0}},
		{{0xf206, 0x793b}}, {{0xb99c, 0xb99f}}, {{0xb100, 0xf004}}, {{0x0f62, 0xfd0f}},
		{{0x76c5, 0x71a5}}, {{0x0dcd, 0x92c4}}, {{0xc6c6, 0x78e0}}, {{0xc2e6, 0x1cfc}},
		{{0xb6c8, 0xc1a2}}, {{0xc408, 0x45cb}}, {{0x8000, 0x0b6c}}, {{0xc241, 0xc440}},
		{{0xc600, 0x8d80}}, {{0xee04, 0x714c}}, {{0x4689, 0xf00c}}, {{0xc207, 0xea05}},
		{{0x245f, 0x128e}}, {{0xf003, 0x245f}}, {{0x124e, 0x2279}}, {{0x0002, 0xe209}},
		{{0x1207, 0x360b}}, {{0x1501, 0x109b}}, {{0x2379, 0x001f}}, {{0x2114, 0x0383}},
		{{0x76e7, 0x2305}}, {{0x101e, 0xf02f}}, {{0x2c40, 0x130d}}, {{0x2505, 0x178d}},
		{{0x706d, 0x20a8}}, {{0x0a00, 0xc100}}, {{0x1302, 0x0540}}, {{0x4669, 0x7034}},
		{{0xc101, 0x7ec0}}, {{0xe90a, 0x683d}}, {{0xdf40, 0xb93a}}, {{0x2804, 0x03cf}},
		{{0x6038, 0xb8c5}}, {{0x7822, 0xf00a}}, {{0x218a, 0x0fcf}}, {{0x2004, 0x0f8f}},
		{{0x0000, 0xfc00}}, {{0x7824, 0xbf2a}}, {{0x7ea5, 0x7edb}}, {{0x79f0, 0xbe91}},
		{{0x2900, 0x07c1}}, {{0xbe9c, 0x2356}}, {{0x180b, 0x7825}}, {{0xbe9f, 0xb600}},
		{{0x7185, 0x0ba9}}, {{0xb325, 0x240a}}, {{0x7080, 0xc0a2}}, {{0x1404, 0x341b}},
		{{0xc6c6, 0x78e0}}, {{0xc0e6, 0xc503}}, {{0x7c1b, 0x40c3}}, {{0x9014, 0x0000}},
		{{0x2405, 0x100e}}, {{0x7204, 0x4768}}, {{0xb620, 0x2405}}, {{0x100e, 0x2040}},
		{{0x008b, 0x27ad}}, {{0x1401, 0xb640}}, {{0x2340, 0x108e}}, {{0xbd03, 0x2405}},
		{{0x12c0, 0x7e85}}, {{0x7de5, 0xb060}}, {{0xb6a0, 0xc806}}, {{0xb0a3, 0xb062}},
		{{0xb041, 0x1808}}, {{0x0054, 0x5016}}, {{0xc4c6, 0x78e0}}, {{0xc2e6, 0x1cfc}},
		{{0xb6c8, 0x2482}}, {{0x3d02, 0x42c3}}, {{0x8000, 0x0dcc}}, {{0x740c, 0x41c3}},
		{{0x005a, 0x0001}}, {{0x1a05, 0x3098}}, {{0x0e86, 0xfaef}}, {{0x1a06, 0x3098}},
		{{0x2455, 0x3ac0}}, {{0x41c3, 0x8000}}, {{0x04a8, 0x09fa}}, {{0xf8ef, 0xda08}},
		{{0x41c3, 0x8000}}, {{0x0480, 0x2455}}, {{0x3940, 0x2180}}, {{0x0781, 0xda16}},
		{{0x09e2, 0xf8ef}}, {{0x1c5a, 0x3045}}, {{0x41c3, 0x8000}}, {{0x04f4, 0xc09e}},
		{{0x09d2, 0xf8ef}}, {{0xda1c, 0x41c3}}, {{0x8000, 0x04b0}}, {{0xc09b, 0x09c6}},
		{{0xf8ef, 0xda0c}}, {{0x41c3, 0x8000}}, {{0x04bc, 0xc097}}, {{0x09b6, 0xf8ef}},
		{{0xda10, 0xca03}}, {{0x41c3, 0x0809}}, {{0x0803, 0x0811}}, {{0x0234, 0xc155}},
		{{0x40c3, 0x0813}}, {{0x0808, 0xc055}}, {{0xc806, 0x41c3}}, {{0x8000, 0x0108}},
		{{0x11ea, 0x810f}}, {{0x264a, 0x3000}}, {{0x781d, 0x1e00}}, {{0x7004, 0x8000}},
		{{0x0108, 0x1c3a}}, {{0x33c4, 0x700c}}, {{0xc049, 0x710c}}, {{0x0e35, 0x30f0}},
		{{0xc04d, 0x0e39}}, {{0x3070, 0xc59e}}, {{0x0e51, 0x30b0}}, {{0xc197, 0x0e55}},
		{{0x3031, 0x710c}}, {{0x2455, 0x3acc}}, {{0x2454, 0x3b43}}, {{0x228a, 0x0104}},
		{{0xd90a, 0x720c}}, {{0xc14d, 0xc444}}, {{0xc345, 0x1c24}}, {{0x3084, 0xf01a}},
		{{0xc195, 0x1c24}}, {{0x3083, 0xf014}}, {{0xc803, 0x2455}}, {{0x394c, 0xc39b}},
		{{0x228a, 0x02d8}}, {{0xd909, 0x1c24}}, {{0x3383, 0xc14d}}, {{0xc544, 0xc446}},
		{{0xc347, 0x1c26}}, {{0x3084, 0xf006}}, {{0x1c24, 0x3203}}, {{0x710c, 0xc144}},
		{{0x41c3, 0x8000}}, {{0x0480, 0x2115}}, {{0x0781, 0x780f}}, {{0x70ad, 0xc150}},
		{{0xc052, 0xc389}}, {{0xc10d, 0x700c}}, {{0x254f, 0x1042}}, {{0xc04a, 0xc04b}},
		{{0x63a8, 0x7354}}, {{0x21ca, 0x0062}}, {{0xc04f, 0x2148}}, {{0x0040, 0xc051}},
		{{0xf057, 0xc084}}, {{0x48a0, 0x706f}}, {{0xc053, 0xc010}}, {{0x8006, 0xc054}},
		{{0x2e40, 0x1300}}, {{0xc04c, 0xc011}}, {{0xc048, 0xc10b}}, {{0xc013, 0xc30c}},
		{{0x42c3, 0x9000}}, {{0x0000, 0x20f4}}, {{0x0041, 0xc014}}, {{0x2305, 0x06c3}},
		{{0x7825, 0x7b05}}, {{0x7c7b, 0x0d17}}, {{0x10b4, 0x2405}}, {{0x1081, 0x6c02}},
		{{0x7845, 0x9120}}, {{0x9040, 0x738d}}, {{0xf00b, 0x9120}}, {{0x2044, 0x8040}},
		{{0x728d, 0x24ca}}, {{0x1061, 0x7a13}}, {{0x7014, 0x7a24}}, {{0x79c0, 0x40c3}},
		{{0x8000, 0x0108}}, {{0x10ea, 0x8100}}, {{0xe88b, 0x1600}}, {{0x7100, 0x8000}},
		{{0x00e8, 0xe887}}, {{0x1600, 0x7100}}, {{0x8000, 0x00ea}}, {{0xe80b, 0x7b7d}},
		{{0x6f12, 0xbbd2}}, {{0x7810, 0x0df2}}, {{0xffef, 0xc440}}, {{0x71e5, 0x1c3a}},
		{{0x33c4, 0xc008}}, {{0x2356, 0x381b}}, {{0x7704, 0x0883}}, {{0x8031, 0xc048}},
		{{0x71c5, 0xc012}}, {{0x0e5f, 0x9004}}, {{0xc00b, 0x7104}}, {{0xc04b, 0xc10b}},
		{{0xc00f, 0x09f3}}, {{0x8024, 0x70cd}}, {{0x71a5, 0x0d2b}}, {{0x9114, 0x2640}},
		{{0x305e, 0x264c}}, {{0xb100, 0x06a2}}, {{0xffc5, 0x40c3}}, {{0x8000, 0x0108}},
		{{0x10ea, 0x8100}}, {{0x702c, 0x4f10}}, {{0x1e00, 0x7004}}, {{0x9018, 0x021e}},
		{{0x700c, 0xc047}}, {{0xc046, 0xc806}}, {{0xc145, 0xc144}}, {{0x7b1d, 0x1e00}},
		{{0x70c4, 0x8000}}, {{0x010c, 0x40c3}}, {{0x8000, 0x010c}}, {{0x10e4, 0x8101}},
		{{0x1600, 0x7102}}, {{0x8000, 0x0108}}, {{0x700c, 0x448b}}, {{0xb412, 0xb43d}},
		{{0x4b51, 0x40c3}}, {{0x8000, 0x010c}}, {{0x18fe, 0x8044}}, {{0xc00a, 0xe807}},
		{{0x1600, 0x7080}}, {{0x8000, 0x0040}}, {{0xf005, 0x1600}}, {{0x7080, 0x8000}},
		{{0x0025, 0x7014}}, {{0xf282, 0xc10a}}, {{0xd8e8, 0xb89f}}, {{0x7034, 0x20c0}},
		{{0x00a2, 0x9000}}, {{0x793b, 0x70cd}}, {{0xc14c, 0xc648}}, {{0x1c24, 0x3004}},
		{{0xf070, 0xc00c}}, {{0x2632, 0x1f9b}}, {{0x8000, 0x046c}}, {{0x4283, 0x9272}},
		{{0x78d5, 0x60f8}}, {{0x2032, 0x0f81}}, {{0x8000, 0x0b72}}, {{0xc00a, 0x925d}},
		{{0x234c, 0xb300}}, {{0xc041, 0xc008}}, {{0x260a, 0x3040}}, {{0x26cf, 0x31e1}},
		{{0x7014, 0xbb22}}, {{0x26ca, 0x3041}}, {{0xc343, 0xc242}}, {{0x740c, 0x41c3}},
		{{0x005d, 0x0006}}, {{0x4263, 0x230a}}, {{0x0780, 0x0bc6}}, {{0xfaef, 0xc740}},
		{{0x71ad, 0x7df8}}, {{0x7baf, 0xc084}}, {{0x4163, 0x0cfe}}, {{0xfd6f, 0x220a}},
		{{0x0780, 0xc008}}, {{0xe813, 0x1600}}, {{0x7082, 0x8000}}, {{0x001c, 0xc10c}},
		{{0x2379, 0x3300}}, {{0x7a39, 0x7aab}}, {{0x20c5, 0x0062}}, {{0x080f, 0x003f}},
		{{0x700c, 0xc047}}, {{0xc046, 0xc045}}, {{0xc044, 0xc084}}, {{0x2440, 0x3e81}},
		{{0x0fb6, 0xf9ef}}, {{0xc289, 0xef13}}, {{0xca09, 0x7704}}, {{0x0e1f, 0x1020}},
		{{0xd91b, 0x700c}}, {{0xb918, 0xc047}}, {{0xc046, 0xc145}}, {{0xc044, 0xc084}},
		{{0x2440, 0x3e81}}, {{0x0f92, 0xf9ef}}, {{0xc289, 0xc008}}, {{0x2378, 0x3302}},
		{{0x2778, 0x1041}}, {{0x2078, 0x0000}}, {{0x7844, 0x790b}}, {{0xc008, 0x26c2}},
		{{0x1062, 0x20ca}}, {{0x0062, 0x71f5}}, {{0x71ed, 0xc048}}, {{0xf593, 0x71c5}},
		{{0xca09, 0x0e23}}, {{0x9022, 0x70ed}}, {{0xc00a, 0x7104}}, {{0x7214, 0x06e0}},
		{{0xffe5, 0xc04a}}, {{0xc806, 0x1600}}, {{0x7101, 0x8000}}, {{0x010c, 0x781d}},
		{{0x7822, 0xd95f}}, {{0x1e00, 0x7004}}, {{0x8000, 0x010e}}, {{0x740c, 0x0b02}},
		{{0xfaef, 0xb910}}, {{0x2480, 0x3d02}}, {{0x1404, 0x341b}}, {{0xc6c6, 0x78e0}},
		{{0xc2e4, 0xc1a2}}, {{0xde5a, 0xbe9f}}, {{0x8e00, 0x45cb}}, {{0x8000, 0x09a8}},
		{{0x712c, 0x2044}}, {{0x0202, 0x0e1a}}, {{0xfcef, 0x40a1}}, {{0xd914, 0x704c}},
		{{0x0afa, 0xf9af}}, {{0x40a1, 0x1634}}, {{0x1082, 0xd914}}, {{0x40a1, 0x0e02}},
		{{0xfcef, 0xbac3}}, {{0x16c1, 0x9080}}, {{0x0837, 0x001e}}, {{0x40c3, 0x8000}},
		{{0x0b9a, 0x8800}}, {{0xe815, 0x40c3}}, {{0x8000, 0x0b72}}, {{0x8842, 0x41c3}},
		{{0x8000, 0x0a20}}, {{0x43c3, 0x8000}}, {{0x09ea, 0xa940}}, {{0x8840, 0x8821}},
		{{0x8803, 0x44cb}}, {{0x8000, 0x0a56}}, {{0xad4c, 0xab20}}, {{0xac00, 0xd910}},
		{{0xdafb, 0x0aaa}}, {{0xf9af, 0x40a1}}, {{0xd910, 0xda41}}, {{0x0db2, 0xfcef}},
		{{0x40a1, 0xd8ff}}, {{0x702c, 0x704c}}, {{0x706c, 0xc040}}, {{0x40a1, 0x0972}},
		{{0xffef, 0x1c04}}, {{0x3001, 0xd910}}, {{0x744c, 0x0d96}}, {{0xfcef, 0x40a1}},
		{{0x702c, 0x42c3}}, {{0xfffe, 0xffff}}, {{0x776c, 0x40a1}}, {{0x0e3a, 0xf9af}},
		{{0x1c00, 0x3041}}, {{0xc0a2, 0xc6c4}}, {{0xc2e6, 0x1cfc}}, {{0xb6c8, 0x2482}},
		{{0x3b04, 0x1ce8}}, {{0x3040, 0x1ce0}}, {{0x3000, 0x712c}}, {{0x7a1b, 0x7918}},
		{{0x14e0, 0x3000}}, {{0xb902, 0x2244}}, {{0x019b, 0x210f}}, {{0x0000, 0x0eda}},
		{{0xfbef, 0x1cf4}}, {{0x3000, 0x1cec}}, {{0x3000, 0xe01e}}, {{0x0ed6, 0xfbef}},
		{{0x1ce4, 0x3000}}, {{0x208c, 0x8e82}}, {{0xdde4, 0xd8fe}}, {{0x1cdc, 0x3000}},
		{{0xf707, 0x0ec2}}, {{0xfbcf, 0x2054}}, {{0x0880, 0x1cdc}}, {{0x3000, 0x1600}},
		{{0x7083, 0x8000}}, {{0x0004, 0x1600}}, {{0x7082, 0x8000}}, {{0x0b6a, 0x2d01}},
		{{0x16c0, 0xbbc3}}, {{0xc340, 0x14e0}}, {{0x3003, 0x1c40}}, {{0x3018, 0x41c3}},
		{{0x02b0, 0x0003}}, {{0x09ba, 0xfaef}}, {{0x750c, 0xc807}}, {{0x712c, 0xda57}},
		{{0x1c88, 0x3044}}, {{0x1c94, 0x3044}}, {{0xd997, 0xba91}}, {{0xdf2a, 0xde74}},
		{{0xdc8b, 0xb990}}, {{0x1ca4, 0x3080}}, {{0xba78, 0x43c3}}, {{0x0007, 0x0011}},
		{{0x1caa, 0x33c4}}, {{0x1c9e, 0x3384}}, {{0x1c92, 0x3304}}, {{0x1c80, 0x3040}},
		{{0xb962, 0x6aea}}, {{0x6ac9, 0x6a82}}, {{0x7a05, 0x1cd4}}, {{0x30c0, 0x1c98}},
		{{0x3040, 0x2158}}, {{0x0903, 0x2005}}, {{0x03c1, 0xbf66}}, {{0x7e05, 0x7c05}},
		{{0x1cc2, 0x3084}}, {{0x1cb0, 0x3080}}, {{0xba30, 0x238a}}, {{0x14c2, 0x70ad}},
		{{0x7b05, 0x1cc8}}, {{0x3040, 0x7f05}}, {{0x1cce, 0x3384}}, {{0xbe30, 0x1cb6}},
		{{0x3304, 0xbc30}}, {{0x1cc4, 0x3084}}, {{0x2455, 0x3800}}, {{0xd90f, 0x714c}},
		{{0x1cac, 0x3085}}, {{0x1ca0, 0x3085}}, {{0x1c86, 0x32c4}}, {{0x1c8a, 0x3344}},
		{{0x1c84, 0x3344}}, {{0x1cd8, 0x3344}}, {{0x1cd2, 0x3344}}, {{0x1ccc, 0x3344}},
		{{0x1cc6, 0x3344}}, {{0x1cc0, 0x3344}}, {{0x1cba, 0x3344}}, {{0x1cb4, 0x3344}},
		{{0x1cae, 0x3344}}, {{0x1ca8, 0x3344}}, {{0x1ca2, 0x3344}}, {{0x1c9c, 0x3344}},
		{{0x1c96, 0x3344}}, {{0x1c90, 0x3344}}, {{0x1c8c, 0x30c0}}, {{0x1cbc, 0x33c0}},
		{{0x1cd0, 0x3384}}, {{0x0b2a, 0xfe6f}}, {{0x1cb8, 0x3304}}, {{0xda40, 0xd9aa}},
		{{0x40c3, 0x9003}}, {{0xe12e, 0x1e00}}, {{0x7344, 0x900e}}, {{0x0022, 0x1e00}},
		{{0x7344, 0x9003}}, {{0xe12e, 0x1832}}, {{0x0205, 0xb05a}}, {{0x1e00, 0x7044}},
		{{0x9005, 0xe0ae}}, {{0x700c, 0x0e8a}}, {{0xf8ef, 0xd9ff}}, {{0x14f4, 0x3000}},
		{{0xd907, 0x744c}}, {{0x780f, 0x1c41}}, {{0x3018, 0xc041}}, {{0xd841, 0xb813}},
		{{0x706c, 0xc542}}, {{0x0f26, 0xf92f}}, {{0xc540, 0x700c}}, {{0xd907, 0xda08}},
		{{0x706c, 0xc542}}, {{0xc541, 0x0f16}}, {{0xf92f, 0xc540}}, {{0x1441, 0x3600}},
		{{0xd907, 0x744c}}, {{0xc041, 0xd880}}, {{0xb893, 0x706c}}, {{0xc542, 0x0efe}},
		{{0xf92f, 0xc540}}, {{0x700c, 0x0e96}}, {{0xf92f, 0x712c}}, {{0x40c3, 0x0000}},
		{{0x1388, 0x0866}}, {{0xfd2f, 0x752c}}, {{0x710c, 0xd9ff}}, {{0x0e76, 0xfcaf}},
		{{0x704c, 0x206f}}, {{0x0243, 0x8804}}, {{0x43db, 0x8000}}, {{0x042c, 0x2078}},
		{{0x0101, 0x6856}}, {{0x6912, 0x7644}}, {{0x7404, 0x2289}}, {{0x0fc3, 0x1b0e}},
		{{0x3002, 0x740c}}, {{0x41c3, 0x028c}}, {{0x0001, 0x0816}}, {{0xfaef, 0x1b0c}},
		{{0x3084, 0x14ec}}, {{0x3001, 0xc807}}, {{0x42c3, 0x9004}}, {{0x0082, 0x2144}},
		{{0x0043, 0x14dc}}, {{0x3001, 0x2144}}, {{0x004c, 0x14e4}}, {{0x3001, 0x6179}},
		{{0x1ce4, 0x3040}}, {{0x14dc, 0x3001}}, {{0x2242, 0x0503}}, {{0x6199, 0x1cec}},
		{{0x3040, 0x791b}}, {{0x2105, 0x008c}}, {{0x710c, 0x7b25}}, {{0xb400, 0x1ad2}},
		{{0x8004, 0x206f}}, {{0x0243, 0x9380}}, {{0x8864, 0xba64}}, {{0x7a25, 0x0b0f}},
		{{0x00b1, 0x2453}}, {{0x1140, 0xb88b}}, {{0xf002, 0xb88c}}, {{0xb200, 0x1440}},
		{{0x3600, 0x2105}}, {{0x0f81, 0x9003}}, {{0xe00a, 0xb8c1}}, {{0x1cf0, 0x3000}},
		{{0x208a, 0x0008}}, {{0x1e00, 0x7004}}, {{0x9003, 0xe126}}, {{0x710c, 0x0936}},
		{{0xfcaf, 0xb100}}, {{0x130e, 0x3080}}, {{0x41c3, 0x0000}}, {{0xf0be, 0x260a}},
		{{0x3f80, 0x0000}}, {{0xf065, 0x1cdc}}, {{0x3000, 0x710c}}, {{0x1c74, 0x3004}},
		{{0x1c68, 0x3004}}, {{0x1c38, 0x3004}}, {{0x1c2c, 0x3004}}, {{0x1c20, 0x3004}},
		{{0x1c14, 0x3004}}, {{0x47cb, 0x0001}}, {{0xf4be, 0x1c6a}}, {{0x3004, 0x1c40}},
		{{0x3004, 0x1c34}}, {{0x3004, 0x1c2e}}, {{0x3004, 0x1c1c}}, {{0x3004, 0x1c16}},
		{{0x3004, 0x1c66}}, {{0x3044, 0x1c42}}, {{0x3784, 0x2142}}, {{0x0340, 0x2142}},
		{{0x015e, 0x218a}}, {{0x0fc7, 0x1c46}}, {{0x3044, 0x2742}}, {{0x1241, 0x1c36}},
		{{0x3004, 0x7204}}, {{0xc146, 0x1c1e}}, {{0x3004, 0x6822}}, {{0x14dc, 0x3000}},
		{{0x42c3, 0x0007}}, {{0xff2a, 0xc75b}}, {{0xc255, 0xba62}}, {{0x2780, 0x1f2f}},
		{{0x47db, 0x0000}}, {{0xffaa, 0xde07}}, {{0x43cb, 0x0000}}, {{0xff2b, 0x44cb}},
		{{0x0001, 0xffbe}}, {{0x43c3, 0x0007}}, {{0xf060, 0xc252}}, {{0x6f4e, 0xb80a}},
		{{0x70ad, 0x1c72}}, {{0x37c4, 0x1c5c}}, {{0x3384, 0x1c50}}, {{0x3384, 0x2342}},
		{{0x109f, 0x1c44}}, {{0x3384, 0xc458}}, {{0x2355, 0x1d4e}}, {{0xc34f, 0xbc69}},
		{{0x238a, 0x000c}}, {{0xc249, 0xba6d}}, {{0x1c12, 0x3044}}, {{0x1c76, 0x3004}},
		{{0xc083, 0xd972}}, {{0x1c70, 0x3405}}, {{0x1c3a, 0x3085}}, {{0x1c5a, 0x32c4}},
		{{0x1c64, 0x3344}}, {{0x1c28, 0x3344}}, {{0x1c22, 0x3344}}, {{0x1c10, 0x3344}},
		{{0x1c7c, 0x30c4}}, {{0x1c4e, 0x37c4}}, {{0x1c2a, 0x3784}}, {{0x1c5e, 0x3384}},
		{{0x1c58, 0x3384}}, {{0x1c52, 0x3384}}, {{0x1c4c, 0x3384}}, {{0xc74c, 0xc443}},
		{{0x0e86, 0xffaf}}, {{0xc25e, 0xd80f}}, {{0x0a72, 0xf9ef}}, {{0xd90f, 0x0a9e}},
		{{0xfacf, 0x14e0}}, {{0x3000, 0x0d3a}}, {{0xff6f, 0x712c}}, {{0x700c, 0x0c32}},
		{{0xf8ef, 0xd9ff}}, {{0x700c, 0xd907}}, {{0x744c, 0x706c}}, {{0xc542, 0xc541}},
		{{0x0cda, 0xf92f}}, {{0xc540, 0x081e}}, {{0xf96f, 0xd8ff}}, {{0x14f4, 0x3000}},
		{{0xd907, 0x724c}}, {{0x68f5, 0x2784}}, {{0x1001, 0x274f}}, {{0x1640, 0x706c}},
		{{0xc542, 0xc541}}, {{0x0cb6, 0xf92f}}, {{0xc540, 0x14ec}}, {{0x3000, 0xd907}},
		{{0x706c, 0x780f}}, {{0x1c42, 0x3018}}, {{0x1442, 0x3602}}, {{0x40e1, 0xc542}},
		{{0xc541, 0x0c9a}}, {{0xf92f, 0xc540}}, {{0x14e4, 0x3000}}, {{0x706c, 0x712c}},
		{{0x7a0f, 0x740c}}, {{0xb892, 0xbb8c}}, {{0xc542, 0xc541}}, {{0x0c7e, 0xf92f}},
		{{0xc540, 0x710c}}, {{0xc042, 0x274f}}, {{0x13c0, 0xd907}}, {{0x744c, 0x706c}},
		{{0xc541, 0x0c6a}}, {{0xf92f, 0xc540}}, {{0x0f92, 0xf92f}}, {{0xd8ff, 0xd907}},
		{{0xda10, 0x706c}}, {{0x40e1, 0xc542}}, {{0xc541, 0x0c52}}, {{0xf92f, 0xc540}},
		{{0x274f, 0x11c0}}, {{0xd907, 0x744c}}, {{0x706c, 0xc542}}, {{0xc541, 0x0c3e}},
		{{0xf92f, 0xc540}}, {{0x41c3, 0x02b1}}, {{0x0000, 0x0d96}}, {{0xfaaf, 0x740c}},
		{{0xd963, 0xb908}}, {{0x40c3, 0x9003}}, {{0xe126, 0xb034}}, {{0xd808, 0x0bbe}},
		{{0xf92f, 0x712c}}, {{0x41c3, 0x9003}}, {{0xe126, 0x208a}}, {{0x000c, 0xb114}},
		{{0x41c3, 0x02b2}}, {{0x0000, 0x0d6a}}, {{0xfaaf, 0x740c}}, {{0x1600, 0x7080}},
		{{0x8000, 0x0001}}, {{0x0817, 0x00bf}}, {{0xdd0a, 0x130c}}, {{0x3100, 0x0b8e}},
		{{0xf92f, 0x712c}}, {{0x258c, 0x1eff}}, {{0xf006, 0x130c}}, {{0x3100, 0x0b7e}},
		{{0xf92f, 0x712c}}, {{0x14e0, 0x3000}}, {{0x0c16, 0xff6f}}, {{0x702c, 0x14e8}},
		{{0x3000, 0x702c}}, {{0x0e46, 0xfdaf}}, {{0x724c, 0x712c}}, {{0xc807, 0xc141}},
		{{0x14f0, 0x3001}}, {{0x70ad, 0x704c}}, {{0xe12a, 0x1c46}}, {{0x3058, 0x7825}},
		{{0x14e8, 0x3001}}, {{0x706c, 0x0d6a}}, {{0xffaf, 0xc540}}, {{0x40c3, 0x9003}},
		{{0xe126, 0xb0b4}}, {{0xc544, 0xc543}}, {{0x1c4a, 0x3358}}, {{0x1c49, 0x3358}},
		{{0x1c48, 0x3358}}, {{0x09b2, 0xfbef}}, {{0x1c47, 0x3358}}, {{0x1600, 0x7082}},
		{{0x8000, 0x0b6a}}, {{0x14e0, 0x3003}}, {{0x4318, 0x41c3}}, {{0x029b, 0x0002}},
		{{0x0cce, 0xfaaf}}, {{0x750c, 0x0dfa}}, {{0xfaef, 0x14e0}}, {{0x3000, 0x47cb}},
		{{0x8000, 0x0106}}, {{0x8f40, 0x41c3}}, {{0x029c, 0x0001}}, {{0x0cb2, 0xfaaf}},
		{{0x740c, 0x8f00}}, {{0x08a9, 0x003f}}, {{0x740c, 0x1600}}, {{0x7082, 0x8000}},
		{{0x0b6a, 0x41c3}}, {{0x029e, 0x0002}}, {{0x0c96, 0xfaaf}}, {{0x14f0, 0x3003}},
		{{0x14f0, 0x3000}}, {{0x712c, 0x0f42}}, {{0xf9af, 0x704c}}, {{0x2344, 0x3040}},
		{{0x0cea, 0xfb2f}}, {{0x2300, 0x301b}}, {{0xca03, 0xe893}}, {{0x700c, 0x0a52}},
		{{0xf8ef, 0xd9ff}}, {{0x700c, 0xd907}}, {{0x744c, 0x706c}}, {{0xc542, 0xc541}},
		{{0x0afa, 0xf92f}}, {{0xc540, 0x700c}}, {{0x0a92, 0xf92f}}, {{0x712c, 0x700c}},
		{{0xd9ff, 0x0a2e}}, {{0xf8ef, 0x2340}}, {{0x378d, 0x0abe}}, {{0xfe4f, 0x0a96}},
		{{0xfe4f, 0x700c}}, {{0x0a76, 0xf92f}}, {{0x712c, 0x43db}}, {{0x9004, 0x0088}},
		{{0x1300, 0x3100}}, {{0x2342, 0x3381}}, {{0x1c44, 0x3018}}, {{0x206f, 0x0243}},
		{{0x8804, 0x082d}}, {{0x00b1, 0x6962}}, {{0x1b00, 0x30c5}}, {{0xc807, 0x228a}},
		{{0x0048, 0x781b}}, {{0x7905, 0x7865}}, {{0xb140, 0xf013}}, {{0x41c3, 0x029d}},
		{{0x0000, 0x0bfe}}, {{0xfaaf, 0xd80a}}, {{0x02bd, 0x0000}}, {{0x1b00, 0x3085}},
		{{0xc807, 0x228a}}, {{0x0090, 0x781b}}, {{0x7b05, 0x7825}}, {{0xb340, 0xb040}},
		{{0x712c, 0x1600}}, {{0x7100, 0x9004}}, {{0x0084, 0x714c}}, {{0x1c45, 0x3018}},
		{{0xb887, 0x1e00}}, {{0x7004, 0x9004}}, {{0x0084, 0x0e7e}}, {{0xf9af, 0x14f0}},
		{{0x3000, 0x0f5a}}, {{0xf88f, 0x7014}}, {{0xdaff, 0x208a}}, {{0x0fc7, 0x41c3}},
		{{0x9003, 0xe172}}, {{0x20ca, 0x0081}}, {{0xb1c0, 0x0ece}}, {{0xfe2f, 0xb1c1}},
		{{0x710c, 0x1e00}}, {{0x7004, 0x900f}}, {{0xe0c0, 0x700c}}, {{0x1c43, 0x3018}},
		{{0x40c3, 0x9004}}, {{0x0084, 0x187c}}, {{0x801d, 0xd80f}}, {{0x0f8e, 0xf9af}},
		{{0xd90f, 0x0a0a}}, {{0xfd8f, 0x1441}}, {{0x3601, 0x0f1a}}, {{0xfc6f, 0x78af}},
		{{0x41c3, 0x02a1}}, {{0x0000, 0x0b6a}}, {{0xfaaf, 0x740c}}, {{0xd80b, 0x1cf8}},
		{{0x3000, 0x700c}}, {{0x0996, 0xf92f}}, {{0x712c, 0x40c3}}, {{0x8000, 0x0b6a}},
		{{0x8802, 0xf0d2}}, {{0x2400, 0x3f80}}, {{0x0000, 0x011c}}, {{0x78f4, 0x1cec}},
		{{0x3000, 0x9000}}, {{0x7014, 0xf4c5}}, {{0x2400, 0x3f80}}, {{0x0000, 0x0124}},
		{{0x2f40, 0x1341}}, {{0x78f4, 0x1ce8}}, {{0x3000, 0x2105}}, {{0x0f80, 0x9002}},
		{{0x016e, 0x1c40}}, {{0x3018, 0x1446}}, {{0x3600, 0x2f40}}, {{0x1303, 0xc283}},
		{{0x7b05, 0x1440}}, {{0x3600, 0x7af4}}, {{0x9020, 0xc807}}, {{0x1ce4, 0x3080}},
		{{0x14e8, 0x3002}}, {{0x7865, 0x781b}}, {{0x1cf4, 0x3000}}, {{0xb891, 0xb89c}},
		{{0xb220, 0xb89f}}, {{0x90a0, 0x14e4}}, {{0x3000, 0x9000}}, {{0xe80f, 0xe99e}},
		{{0x14ec, 0x3000}}, {{0x712c, 0x42e1}}, {{0xb020, 0x740c}}, {{0x41c3, 0x02a2}},
		{{0x0002, 0x0ace}}, {{0xfaaf, 0x43a1}}, {{0xf08b, 0x14f8}}, {{0x3000, 0x7810}},
		{{0x0819, 0x02d1}}, {{0xe98a, 0x41c3}}, {{0x02a3, 0x0000}}, {{0x0ab2, 0xfaaf}},
		{{0x740c, 0x710c}}, {{0x1c43, 0x3018}}, {{0x2553, 0x114e}}, {{0x25ad, 0x1182}},
		{{0x740c, 0x41c3}}, {{0x02a4, 0x0003}}, {{0x42e1, 0x43a1}}, {{0x0a92, 0xfaaf}},
		{{0xc640, 0x72a5}}, {{0x6d16, 0x78c5}}, {{0x0db9, 0x1574}}, {{0x1cfc, 0x3000}},
		{{0x1443, 0x3600}}, {{0x08a1, 0x0030}}, {{0x206f, 0x0243}}, {{0x8804, 0x2d09}},
		{{0x100d, 0x262f}}, {{0xf347, 0xf248}}, {{0x41c3, 0x02a5}}, {{0x0000, 0x0a62}},
		{{0xfaaf, 0x740c}}, {{0x14f4, 0x3000}}, {{0xd90f, 0x2005}}, {{0x0f80, 0x9002}},
		{{0x1e00, 0x1cfc}}, {{0x3000, 0xb0c0}}, {{0x0e52, 0xf9af}}, {{0xd80f, 0x08ce}},
		{{0xfd8f, 0x740c}}, {{0x41c3, 0x02a6}}, {{0x0003, 0x706c}}, {{0x42e1, 0x0a32}},
		{{0xfaaf, 0xc640}}, {{0x700c, 0x0866}}, {{0xf92f, 0x712c}}, {{0x1440, 0x3600}},
		{{0x9000, 0x14e8}}, {{0x3001, 0xb100}}, {{0xe813, 0x6d16}}, {{0x7e05, 0x14fc}},
		{{0x3000, 0x41c3}}, {{0x02a7, 0x0003}}, {{0x42e1, 0xb0c0}}, {{0x740c, 0x43a1}},
		{{0x09fe, 0xfaaf}}, {{0xc640, 0x14ec}}, {{0x3000, 0x712c}}, {{0xf020, 0x740c}},
		{{0x41c3, 0x02a8}}, {{0x0003, 0x706c}}, {{0x42e1, 0x09e6}}, {{0xfaaf, 0xc640}},
		{{0x1cfc, 0x3380}}, {{0x41c3, 0x02a9}}, {{0x0000, 0x0eca}}, {{0xf86f, 0x700c}},
		{{0x14f4, 0x3000}}, {{0x2005, 0x0f81}}, {{0x9002, 0x1e00}}, {{0x14fc, 0x3000}},
		{{0xb100, 0x14e8}}, {{0x3000, 0x9020}}, {{0x14e4, 0x3000}}, {{0xb020, 0x14dc}},
		{{0x3000, 0x7104}}, {{0x1cdc, 0x3000}}, {{0x40c3, 0x8000}}, {{0x0b6a, 0x8823}},
		{{0x14dc, 0x3000}}, {{0x7f10, 0x7730}}, {{0x064c, 0xffee}}, {{0xd80f, 0x0d9e}},
		{{0xf9af, 0xd90f}}, {{0x14f8, 0x3000}}, {{0x7704, 0x0812}}, {{0xfdaf, 0x1cf8}},
		{{0x3000, 0x14f8}}, {{0x3000, 0x262f}}, {{0xf008, 0xf50d}}, {{0x1444, 0x3600}},
		{{0x1b00, 0x3004}}, {{0x1445, 0x3600}}, {{0x1e00, 0x7004}}, {{0x9004, 0x0084}},
		{{0x0862, 0xfb4f}}, {{0x14f0, 0x3000}}, {{0x702c, 0x0c0e}}, {{0xf9af, 0x704c}},
		{{0x41c3, 0x02aa}}, {{0x0000, 0x094a}}, {{0xfaaf, 0x750c}}, {{0x0a72, 0xfaef}},
		{{0x14e0, 0x3000}}, {{0x41c3, 0x02b3}}, {{0x0000, 0x0936}}, {{0xfaaf, 0x740c}},
		{{0x700c, 0x702c}}, {{0x0f5e, 0xfc6f}}, {{0x704c, 0x70ad}}, {{0x40c3, 0x9003}},
		{{0xe12e, 0xb0b9}}, {{0xb0ba, 0x700c}}, {{0x0ef6, 0xf8af}}, {{0xd9ff, 0x700c}},
		{{0x752c, 0x0afe}}, {{0xf92f, 0x714c}}, {{0x700c, 0x0f42}}, {{0xf8ef, 0x712c}},
		{{0x0aa2, 0xfc6f}}, {{0x700c, 0x700c}}, {{0x0ed6, 0xf8af}}, {{0xd9ff, 0x700c}},
		{{0xd907, 0x744c}}, {{0x706c, 0xc542}}, {{0xc541, 0x0f82}}, {{0xf8ef, 0xc540}},
		{{0x1441, 0x3600}}, {{0x1442, 0x3602}}, {{0x732c, 0xc041}}, {{0x700c, 0xb890}},
		{{0x2841, 0x0103}}, {{0xc542, 0x0f66}}, {{0xf8ef, 0xc540}}, {{0xd880, 0xd907}},
		{{0x744c, 0x706c}}, {{0xc542, 0xc541}}, {{0x0f52, 0xf8ef}}, {{0xc540, 0x700c}},
		{{0x0eea, 0xf8ef}}, {{0x712c, 0x0f36}}, {{0xfd4f, 0x0aee}}, {{0xfdcf, 0x2455}},
		{{0x3800, 0xd90f}}, {{0x0aea, 0xfe2f}}, {{0x704c, 0x2480}}, {{0x3b04, 0x1404}},
		{{0x341b, 0xc6c6}}, {{0xc2e6, 0x1082}}, {{0x008e, 0x1083}}, {{0x008d, 0x6e81}},
		{{0x240a, 0x7300}}, {{0x2014, 0x038f}}, {{0x200a, 0x03c0}}, {{0x20a8, 0x0300}},
		{{0x1000, 0x008b}}, {{0x0b11, 0x1345}}, {{0x1001, 0x008b}}, {{0x0d09, 0x12e5}},
		{{0xb862, 0x7785}}, {{0xe6bf, 0x2442}}, {{0x105e, 0x47d9}}, {{0xf70f, 0x40e1}},
		{{0x270a, 0x3380}}, {{0x8880, 0x0c17}}, {{0x1345, 0x8881}}, {{0x0d0f, 0x1325}},
		{{0x7204, 0x71e7}}, {{0x278c, 0xb001}}, {{0xf7b6, 0xdc37}}, {{0xbc9f, 0x7054}},
		{{0x24c0, 0x16e2}}, {{0x7174, 0x1701}}, {{0x108b, 0x8fe0}}, {{0x24c0, 0x1121}},
		{{0x7134, 0x212f}}, {{0x07c5, 0x202f}}, {{0x0785, 0x79c2}}, {{0x4e10, 0x2009}},
		{{0x0040, 0x24c0}}, {{0x10a1, 0x7b0f}}, {{0x2302, 0x1341}}, {{0x4df0, 0x2109}},
		{{0x0000, 0x8c20}}, {{0x8c41, 0x780f}}, {{0x2309, 0x0041}}, {{0x2009, 0x0080}},
		{{0xac20, 0xac01}}, {{0xc6c6, 0x78e0}}, {{0xc2e6, 0x1cfc}}, {{0xb6c8, 0xc1ae}},
		{{0xc24b, 0xc141}}, {{0xc045, 0xeb07}}, {{0x0cd2, 0xfa8f}}, {{0x2078, 0x0000}},
		{{0xf002, 0x710c}}, {{0xc044, 0xc005}}, {{0x70ad, 0x2078}}, {{0x0000, 0x034f}},
		{{0x0020, 0xc048}}, {{0xb89f, 0x8820}}, {{0x881b, 0x7825}}, {{0x2011, 0x8340}},
		{{0x0338, 0x0001}}, {{0x1600, 0x708e}}, {{0x8000, 0x0b6c}}, {{0x031f, 0x0000}},
		{{0x40c3, 0x8000}}, {{0x0b9c, 0x8800}}, {{0x2011, 0x8380}}, {{0x030c, 0x0021}},
		{{0x2615, 0x1341}}, {{0x2e40, 0x1300}}, {{0xc04a, 0x70ed}}, {{0x2100, 0x0f80}},
		{{0x8000, 0x0474}}, {{0xc042, 0xc00b}}, {{0x2011, 0x83c0}}, {{0x02e4, 0x0021}},
		{{0x2f40, 0x120c}}, {{0xc105, 0x1207}}, {{0x360b, 0x7034}}, {{0xc10a, 0x208a}},
		{{0x0a14, 0xda84}}, {{0x7985, 0x78cc}}, {{0x2105, 0x02db}}, {{0x251a, 0x1f81}},
		{{0x0000, 0x14a0}}, {{0x7aec, 0x43c3}}, {{0x8000, 0x0e4c}}, {{0x234f, 0x341b}},
		{{0x6038, 0x6058}}, {{0x631a, 0x6071}}, {{0x2032, 0x0f80}}, {{0x8000, 0x378f}},
		{{0xc046, 0x1202}}, {{0x00c0, 0x8a43}}, {{0x6038, 0xc247}}, {{0xc040, 0xf215}},
		{{0xc001, 0x089f}}, {{0x0011, 0xca01}}, {{0x0897, 0x0030}}, {{0x2440, 0x3c81}},
		{{0x265a, 0x1a00}}, {{0x78f5, 0x78b4}}, {{0x2034, 0x0f80}}, {{0x8000, 0x609c}},
		{{0x0f52, 0xfb4f}}, {{0xf049, 0xc001}}, {{0xe89b, 0x265a}}, {{0x1a00, 0x265a}},
		{{0x1502, 0x78f5}}, {{0x78b4, 0x7af4}}, {{0x2000, 0x0f83}}, {{0x8000, 0x609c}},
		{{0xc007, 0x62ba}}, {{0x2200, 0x0f81}}, {{0x8000, 0x61dc}}, {{0xa900, 0xc000}},
		{{0x2200, 0x0f82}}, {{0x8000, 0x627c}}, {{0xb300, 0xc006}}, {{0xaa00, 0xc000}},
		{{0xc18d, 0x0f12}}, {{0xfb6f, 0x7810}}, {{0xca01, 0xe806}}, {{0xc101, 0x0f7e}},
		{{0xfc6f, 0xc08d}}, {{0x1600, 0x7080}}, {{0x8000, 0x000d}}, {{0x080f, 0x015e}},
		{{0xc002, 0x8820}}, {{0x0f66, 0xfc6f}}, {{0xc08d, 0x2305}}, {{0x3340, 0x781b}},
		{{0x2005, 0x0f80}}, {{0x9000, 0x0024}}, {{0xc040, 0xc08d}}, {{0xf0b1, 0x2305}},
		{{0x3340, 0x781b}}, {{0x2005, 0x0f80}}, {{0x9000, 0x0024}}, {{0x9000, 0x0872}},
		{{0xf9ef, 0x2440}}, {{0x3c81, 0xc000}}, {{0xc18c, 0x7810}}, {{0x0eb6, 0xfb6f}},
		{{0xc043, 0xc004}}, {{0xe884, 0x4183}}, {{0x9118, 0xb119}}, {{0xca01, 0xe80b}},
		{{0xc101, 0x0f1a}}, {{0xfc6f, 0x2440}}, {{0x3c80, 0xc101}}, {{0x0f0e, 0xfc6f}},
		{{0xc08c, 0x1600}}, {{0x7080, 0x8000}}, {{0x000d, 0x086f}}, {{0x015e, 0xc002}},
		{{0x8820, 0x0efa}}, {{0xfc6f, 0x2440}}, {{0x3c80, 0xc002}}, {{0x8820, 0x0eee}},
		{{0xfc6f, 0xc08c}}, {{0x1432, 0x3081}}, {{0xc02c, 0x6941}}, {{0x7210, 0x7104}},
		{{0x20cc, 0x8046}}, {{0x0042, 0x0026}}, {{0x2305, 0x3340}}, {{0x781b, 0x2005}},
		{{0x0f80, 0x9000}}, {{0x0024, 0x9000}}, {{0x0ff6, 0xf9af}}, {{0x2440, 0x3c81}},
		{{0xc003, 0x0e42}}, {{0xfb6f, 0xc18c}}, {{0xc002, 0x8800}}, {{0x2078, 0x0001}},
		{{0x0eaa, 0xfc6f}}, {{0x2440, 0x3c80}}, {{0xc002, 0x8800}}, {{0x2078, 0x0001}},
		{{0x0e9a, 0xfc6f}}, {{0xc08c, 0xca01}}, {{0xe806, 0x2440}}, {{0x3c80, 0xc18c}},
		{{0x724c, 0xf006}}, {{0x2440, 0x3c80}}, {{0xc18c, 0x714c}}, {{0x0a2a, 0xfd8f}},
		{{0xc001, 0xe8a9}}, {{0x265a, 0x1a00}}, {{0x78f5, 0x78b4}}, {{0xc043, 0x2000}},
		{{0x0f80, 0x8000}}, {{0x609c, 0xc049}}, {{0x0dd2, 0xfa6f}}, {{0x2440, 0x3c80}},
		{{0xc109, 0x265a}}, {{0x1502, 0xb100}}, {{0xc003, 0x7af4}}, {{0x2000, 0x0f81}},
		{{0x8000, 0x613c}}, {{0xc000, 0xb100}}, {{0x62b8, 0x2000}}, {{0x0f82, 0x8000}},
		{{0x622c, 0x2000}}, {{0x0f81, 0x8000}}, {{0x62cc, 0xc007}}, {{0xaa00, 0xc006}},
		{{0xa900, 0xc001}}, {{0xe888, 0xca01}}, {{0xe806, 0x2305}}, {{0x3340, 0x781b}},
		{{0xc040, 0xf011}}, {{0x2305, 0x3340}}, {{0x781b, 0xc040}}, {{0x2005, 0x0f80}},
		{{0x9000, 0x0024}}, {{0xc043, 0x0d6a}}, {{0xfa6f, 0x2440}}, {{0x3c80, 0xc103}},
		{{0xb100, 0xc000}}, {{0xb885, 0xb89c}}, {{0xb89f, 0xc040}}, {{0xc08c, 0x0d52}},
		{{0xfa4f, 0xc100}}, {{0xb100, 0x1600}}, {{0x7080, 0x8000}}, {{0x00ce, 0x0885}},
		{{0x0031, 0x7aaf}}, {{0xc005, 0x0c62}}, {{0xf9af, 0x702c}}, {{0xc304, 0xc108}},
		{{0x2005, 0x06c0}}, {{0x260a, 0x3f80}}, {{0x9000, 0x0000}}, {{0x781b, 0x2105}},
		{{0x80fe, 0x2005}}, {{0x0781, 0xc007}}, {{0xb100, 0xf40d}}, {{0x700c, 0x0c3a}},
		{{0xf9af, 0x702c}}, {{0x2005, 0x06c0}}, {{0x781b, 0x2005}}, {{0x0781, 0xc007}},
		{{0xb100, 0x0886}}, {{0xf98f, 0x083d}}, {{0x00f1, 0x712c}}, {{0x0c1a, 0xf9af}},
		{{0xc005, 0xc304}}, {{0xc108, 0x2005}}, {{0x06c0, 0x781b}}, {{0x2105, 0x80fe}},
		{{0x2005, 0x0781}}, {{0xc006, 0xb100}}, {{0xf40c, 0x700c}}, {{0x0bfa, 0xf9af}},
		{{0x712c, 0x2005}}, {{0x06c0, 0x781b}}, {{0x2005, 0x0781}}, {{0xc006, 0xb100}},
		{{0x71e5, 0xe789}}, {{0x0512, 0xffc5}}, {{0x71c5, 0x40c3}}, {{0x8000, 0x0b6c}},
		{{0x8801, 0x7610}}, {{0x04dc, 0xffce}}, {{0x71a5, 0x72b5}}, {{0x04b8, 0xffe5}},
		{{0xd825, 0xc0ae}}, {{0x1404, 0x341b}}, {{0xc6c6, 0x78e0}}, {{0xc2e6, 0x1cfc}},
		{{0xb6c8, 0xc1a7}}, {{0x40c3, 0x8000}}, {{0x0e4c, 0x7204}}, {{0x70ed, 0xc043}},
		{{0x40c3, 0x8000}}, {{0x0e4c, 0x46cb}}, {{0x8000, 0x0b6a}}, {{0xc042, 0xf0e0}},
		{{0xb89f, 0x8820}}, {{0x881b, 0x7825}}, {{0x2011, 0x83c0}}, {{0xf2cf, 0x8e42}},
		{{0x218a, 0x0a14}}, {{0xc002, 0x794a}}, {{0x4358, 0x6038}}, {{0xc044, 0xc003}},
		{{0x6038, 0xc045}}, {{0xf0be, 0x40c3}}, {{0x8000, 0x0b9c}}, {{0x8800, 0x2011}},
		{{0x86c0, 0xf2af}}, {{0xc807, 0x2b40}}, {{0x330c, 0x7ce5}}, {{0x7c05, 0x244a}},
		{{0x7280, 0xc504}}, {{0x1414, 0x300b}}, {{0x789b, 0x2005}}, {{0x0f9e, 0x9002}},
		{{0x0050, 0x702c}}, {{0x700c, 0x20a8}}, {{0x0600, 0x1584}}, {{0x1503, 0x1384}},
		{{0x14c2, 0x080f}}, {{0x0271, 0x627a}}, {{0x1e00, 0x3084}}, {{0xf009, 0x2405}},
		{{0x1043, 0x7b7b}}, {{0x2305, 0x0f83}}, {{0x9002, 0x004c}}, {{0xb340, 0x2156}},
		{{0x0801, 0x7104}}, {{0x1600, 0x7080}}, {{0x8000, 0x00ce}}, {{0x7014, 0xf481}},
		{{0x208a, 0x0a14}}, {{0x231a, 0x3002}}, {{0x78ef, 0xc040}}, {{0x271a, 0x1f80}},
		{{0x0000, 0x14a0}}, {{0x8e25, 0x6058}}, {{0x2000, 0x0f80}}, {{0x8000, 0x0e4c}},
		{{0x88a3, 0xc041}}, {{0x202f, 0x06c7}}, {{0x093d, 0x06e5}}, {{0xc046, 0x0d7e}},
		{{0xfaaf, 0x720c}}, {{0xc000, 0xc106}}, {{0x08fe, 0xfbef}}, {{0x1e00, 0x1043}},
		{{0x8e20, 0x2714}}, {{0x1042, 0xe82b}}, {{0xc001, 0x8823}}, {{0x6658, 0xa8ac}},
		{{0x714c, 0x0f3e}}, {{0xf86f, 0xc000}}, {{0xef3d, 0x1e00}}, {{0x7342, 0x8000}},
		{{0x0051, 0xf04c}}, {{0x0d46, 0xfaaf}}, {{0x710c, 0xc000}}, {{0xc106, 0x08ca}},
		{{0xfbef, 0x1e00}}, {{0x1003, 0x8e20}}, {{0x2714, 0x1042}}, {{0xe81d, 0xc001}},
		{{0x8823, 0x6658}}, {{0xa8ac, 0x714c}}, {{0x0f06, 0xf86f}}, {{0xc000, 0xef28}},
		{{0x1e00, 0x7342}}, {{0x8000, 0x0036}}, {{0xf030, 0xc001}}, {{0x8823, 0x6658}},
		{{0xa8b0, 0x724c}}, {{0x0eea, 0xf86f}}, {{0xc000, 0xef1f}}, {{0x1e00, 0x7342}},
		{{0x8000, 0x00df}}, {{0xf022, 0xc001}}, {{0x8823, 0x6658}}, {{0xa8b0, 0x724c}},
		{{0x0ece, 0xf86f}}, {{0xc000, 0xef16}}, {{0x1e00, 0x7342}}, {{0x8000, 0x00d5}},
		{{0xf014, 0x1e00}}, {{0x7342, 0x8000}}, {{0x0050, 0xf010}}, {{0x1e00, 0x7342}},
		{{0x8000, 0x0035}}, {{0xf00a, 0x1e00}}, {{0x7342, 0x8000}}, {{0x00da, 0xf006}},
		{{0x1e00, 0x7342}}, {{0x8000, 0x00d0}}, {{0x0cb2, 0xfaaf}}, {{0x730c, 0xc004}},
		{{0x7167, 0x2080}}, {{0x0a14, 0xc044}}, {{0xc005, 0x2080}}, {{0x0a14, 0xc045}},
		{{0x8e03, 0x230c}}, {{0xb000, 0x0682}}, {{0xffce, 0xc102}}, {{0xd8a5, 0xb805}},
		{{0x6119, 0xc142}}, {{0xc103, 0x71e5}}, {{0x6119, 0xc143}}, {{0x72f5, 0x0644}},
		{{0xffe5, 0xd825}}, {{0xc0a7, 0x1404}}, {{0x341b, 0xc6c6}}, {{0xc2e6, 0x1cfc}},
		{{0xb6c8, 0xc1a1}}, {{0x43db, 0x9004}}, {{0x0606, 0x1300}}, {{0x3100, 0xd9ef}},
		{{0x71ed, 0xc040}}, {{0x7824, 0x2340}}, {{0x368d, 0xb884}}, {{0x70cd, 0xb5e0}},
		{{0x1b00, 0x3004}}, {{0x40c3, 0x07bf}}, {{0xa480, 0x702c}}, {{0xb5c0, 0x1dfa}},
		{{0x93c4, 0x1dfa}}, {{0x9384, 0x0a52}}, {{0xfcaf, 0xb5e1}}, {{0xb5c1, 0xb5d0}},
		{{0xb5f0, 0xb5d0}}, {{0xc000, 0x780f}}, {{0x1b00, 0x3004}}, {{0x7487, 0x1404}},
		{{0x341b, 0xc6c6}}, {{0x0000, 0x0000}}, {{0x0000, 0x0000}}, {{0x0000, 0x0000}},
		{{0x0000, 0x0000}}, {{0x0000, 0x0000}}, {{0x0000, 0x0000}}, {{0x0000, 0x0000}},
		{{0x0000, 0x0000}}, {{0x0000, 0x0000}}, {{0x0000, 0x0000}}, {{0x0000, 0x0000}},
		{{0x0000, 0x0000}}, {{0x0000, 0x0000}}, {{0x0000, 0x0000}}, {{0x0000, 0x0000}},
		{{0x0000, 0x0000}}, {{0x0000, 0x0000}}, {{0x0000, 0x0000}}, {{0x0000, 0x0000}},
		{{0x0000, 0x0000}}, {{0x0000, 0x0000}}, {{0x0000, 0x0000}}, {{0x0000, 0x0000}},
		{{0x0000, 0x0000}}, {{0x0000, 0x0000}}, {{0x0000, 0x0000}}, {{0x0000, 0x0000}},
		{{0x0000, 0x0000}}, {{0x0000, 0x0000}}, {{0x0000, 0x0000}}, {{0x0000, 0x0000}},
		{{0x0000, 0x0000}}, {{0x0000, 0x0000}}, {{0x0000, 0x0000}}, {{0x0000, 0x0000}},
		{{0x0000, 0x0000}}, {{0x0000, 0x0000}}, {{0x0000, 0x0000}}, {{0x0000, 0x0000}},
		{{0x0000, 0x0000}}, {{0x0000, 0x0000}}, {{0x0000, 0x0000}}, {{0x0000, 0x0000}},
		{{0x0000, 0x0000}}, {{0x0000, 0x0000}}, {{0x0000, 0x0000}}, {{0x0000, 0x0000}},
		{{0x0000, 0x0000}}, {{0x0000, 0x0000}}, {{0x0000, 0x0000}}, {{0x0000, 0x0000}},
		{{0x0000, 0x0000}}, {{0x0000, 0x0000}}, {{0x0000, 0x0000}}, {{0x0000, 0x0000}},
		{{0x0000, 0x0000}}, {{0x0000, 0x0000}}, {{0x0000, 0x0000}}, {{0x0000, 0x0000}},
		{{0x0000, 0x0000}}, {{0x0000, 0x0000}}, {{0x0000, 0x0000}}, {{0x0000, 0x0000}},
		{{0x0000, 0x0000}}, {{0x0000, 0x0000}}, {{0x0000, 0x0000}}, {{0x0000, 0x0000}},
		{{0x0000, 0x0000}}, {{0x0000, 0x0000}}, {{0x0000, 0x0000}}, {{0x0000, 0x0000}},
		{{0x0000, 0x0000}}, {{0x0000, 0x0000}}, {{0x0000, 0x0000}}, {{0x0000, 0x0000}},
		{{0x0000, 0x0000}}, {{0x0000, 0x0000}}, {{0x0000, 0x0000}}, {{0x0000, 0x0000}},
		{{0x0000, 0x0000}}, {{0x0000, 0x0000}}, {{0x0000, 0x0000}}, {{0x0000, 0x0000}},
		{{0x0000, 0x0000}}, {{0x0000, 0x0000}}, {{0x0000, 0x0000}}, {{0x0000, 0x0000}},
		{{0x0000, 0x0000}}, {{0x0000, 0x0000}}, {{0x0000, 0x0000}}, {{0x0000, 0x0000}},
		{{0x0000, 0x0000}}, {{0x0000, 0x0000}}, {{0x0000, 0x0000}}, {{0x0000, 0x0000}},
		{{0x0000, 0x0000}}, {{0x0000, 0x0000}}, {{0x0000, 0x0000}}, {{0x0000, 0x0000}},
		{{0x0000, 0x0000}}, {{0x0000, 0x0000}}, {{0x0000, 0x0000}}, {{0x0000, 0x0000}},
		{{0x0000, 0x0000}}, {{0x0000, 0x0000}}, {{0x0000, 0x0000}}, {{0x0000, 0x0000}},
		{{0x0000, 0x0000}}, {{0x0000, 0x0000}}, {{0x0000, 0x0000}}, {{0x0000, 0x0000}},
		{{0x0000, 0x0000}}, {{0x0000, 0x0000}}, {{0x0000, 0x0000}}, {{0x0000, 0x0000}},
		{{0x0000, 0x0000}}, {{0x0000, 0x0000}}, {{0x0000, 0x0000}}, {{0x0000, 0x0000}},
		{{0x0000, 0x0000}}, {{0x0000, 0x0000}}, {{0x0000, 0x0000}}, {{0x0000, 0x0000}},
		{{0x0000, 0x0000}}, {{0x0000, 0x0000}}, {{0x0000, 0x0000}}, {{0x0000, 0x0000}},
		{{0x0000, 0x0000}}, {{0x0000, 0x0000}}, {{0x0000, 0x0000}}, {{0x0000, 0x0000}},
		{{0x0000, 0x0000}}, {{0x0000, 0x0000}}, {{0x0000, 0x0000}}, {{0x0000, 0x0000}},
		{{0x0000, 0x0000}}, {{0x0000, 0x0000}}, {{0x0000, 0x0000}}, {{0x0000, 0x0000}},
		{{0x0000, 0x0000}}, {{0x0000, 0x0000}}, {{0x0000, 0x0000}}, {{0x0000, 0x0000}},
		{{0x0000, 0x0000}}, {{0x0000, 0x0000}}, {{0x0000, 0x0000}}, {{0x0000, 0x0000}},
		{{0x0000, 0x0000}}, {{0x0000, 0x0000}}, {{0x0000, 0x0000}}, {{0x0000, 0x0000}},
		{{0x0000, 0x0000}}, {{0x0000, 0x0000}}, {{0x0000, 0x0000}}, {{0x0000, 0x0000}},
		{{0x0000, 0x0000}}, {{0x0000, 0x0000}}, {{0x0000, 0x0000}}, {{0x0000, 0x0000}},
		{{0x0000, 0x0000}}, {{0x0000, 0x0000}}, {{0x0000, 0x0000}}, {{0x0000, 0x0000}},
		{{0x0000, 0x0000}}, {{0x0000, 0x0000}}, {{0x0000, 0x0000}}, {{0x0000, 0x0000}},
		{{0x0000, 0x0000}}, {{0x0000, 0x0000}}, {{0x0000, 0x0000}}, {{0x0000, 0x0000}},
		{{0x0000, 0x0000}}, {{0x0000, 0x0000}}, {{0x0000, 0x0000}}, {{0x0000, 0x0000}},
		{{0x0000, 0x0000}}, {{0x0000, 0x0000}}, {{0x0000, 0x0000}}, {{0x0000, 0x0000}},
		{{0x0000, 0x0000}}, {{0x0000, 0x0000}}, {{0x0000, 0x0000}}, {{0x0000, 0x0000}},
		{{0x0000, 0x0000}}, {{0x0000, 0x0000}}, {{0x0000, 0x0000}}, {{0x0000, 0x0000}},
		{{0x0000, 0x0000}}, {{0x0000, 0x0000}}, {{0x0000, 0x0000}}, {{0x0000, 0x0000}},
		{{0x0000, 0x0000}}, {{0x0000, 0x0000}}, {{0x0000, 0x0000}}, {{0x0000, 0x0000}},
		{{0x0000, 0x0000}}, {{0x0000, 0x0000}}, {{0x0000, 0x0000}}, {{0x0000, 0x0000}},
		{{0x0000, 0x0000}}, {{0x0000, 0x0000}}, {{0x0000, 0x0000}}, {{0x0000, 0x0000}},
		{{0x0000, 0x0000}}, {{0x0000, 0x0000}}, {{0x0000, 0x0000}}, {{0x0000, 0x0000}},
		{{0x0000, 0x0000}}, {{0x0000, 0x0000}}, {{0x0000, 0x0000}}, {{0x0000, 0x0000}},
		{{0x0000, 0x0000}}, {{0x0000, 0x0000}}, {{0x0000, 0x0000}}, {{0x0000, 0x0000}},
		{{0x0000, 0x0000}}, {{0x0000, 0x0000}}, {{0x0000, 0x0000}}, {{0x0000, 0x0000}},
		{{0x0000, 0x0000}}, {{0x0000, 0x0000}}, {{0x0000, 0x0000}}, {{0x0000, 0x0000}},
		{{0x0000, 0x0000}}, {{0x0000, 0x0000}}, {{0x0000, 0x0000}}, {{0x0000, 0x0000}},
		{{0x0000, 0x0000}}, {{0x0000, 0x0000}}, {{0x0000, 0x0000}}, {{0x0000, 0x0000}},
		{{0x0000, 0x0000}}, {{0x0000, 0x0000}}, {{0x0000, 0x0000}}, {{0x0000, 0x0000}},
		{{0x0000, 0x0000}}, {{0x0000, 0x0000}}, {{0x0000, 0x0000}}, {{0x0000, 0x0000}},
		{{0x0000, 0x0000}}, {{0x0000, 0x0000}}, {{0x0000, 0x0000}}, {{0x0000, 0x0000}},
		{{0x0000, 0x0000}}, {{0x0000, 0x0000}}, {{0x0000, 0x0000}}, {{0x0000, 0x0000}},
		{{0x0000, 0x0000}}, {{0x0000, 0x0000}}, {{0x0000, 0x0000}}, {{0x0000, 0x0000}},
		{{0x0000, 0x0000}}, {{0x0000, 0x0000}}, {{0x0000, 0x0000}}, {{0x0000, 0x0000}},
		{{0x0000, 0x0000}}, {{0x0000, 0x0000}}, {{0x0000, 0x0000}}, {{0x0000, 0x0000}},
		{{0x0000, 0x0000}}, {{0x0000, 0x0000}}, {{0x0000, 0x0000}}, {{0x0000, 0x0000}},
		{{0x0000, 0x0000}}, {{0x0000, 0x0000}}, {{0x0000, 0x0000}}, {{0x0000, 0x0000}},
		{{0x0000, 0x0000}}, {{0x0000, 0x0000}}, {{0x0000, 0x0000}}, {{0x0000, 0x0000}},
		{{0x0000, 0x0000}}, {{0x0000, 0x0000}}, {{0x0000, 0x0000}}, {{0x0000, 0x0000}},
		{{0x0000, 0x0000}}, {{0x0000, 0x0000}}, {{0x0000, 0x0000}}, {{0x0000, 0x0000}},
		{{0x0000, 0x0000}}, {{0x0000, 0x0000}}, {{0x0000, 0x0000}}, {{0x0000, 0x0000}},
		{{0x0000, 0x0000}}, {{0x0000, 0x0000}}, {{0x0000, 0x0000}}, {{0x0000, 0x0000}},
		{{0x0000, 0x0000}}, {{0x0000, 0x0000}}, {{0x0000, 0x0000}}, {{0x0000, 0x0000}},
	}
};

#if (CONFIG_DDR_DATARATE == 1066)
static const phy_init_config training_8g_table_0 = {
	0x00020000, 2, false,
	{
		{{0x0060, 0x0002}}, {{0x00a5, 0x0001}},
	}
};

static const phy_init_config training_8g_table_1 = {
	0x000d0000, 1, false,
	{
		{{0x0036, 0x0000}},
	}
};

static const phy_init_config training_8g_table_2 = {
	0x00020000, 7, false,
	{
		{{0x00bd, 0x00ff}}, {{0x0300, 0x0808}}, {{0x0303, 0x0009}}, {{0x0302, 0x0026}},
		{{0x0328, 0x0000}}, {{0x0301, 0x0003}}, {{0x030b, 0x0000}},
	}
};

static const phy_init_config training_8g_table_3 = {
	0x00030000, 8, false,
	{
		{{0x00a7, 0x0000}}, {{0x10a7, 0x0000}}, {{0x00ae, 0x0080}}, {{0x00ad, 0x0080}},
		{{0x00ac, 0x0080}}, {{0x10ae, 0x0080}}, {{0x10ad, 0x0080}}, {{0x10ac, 0x0080}},
	}
};

static const phy_init_config training_8g_table_4 = {
	0x000c0000, 1, false,
	{
		{{0x0086, 0x0001}},
	}
};

static const phy_init_config training_8g_table_5 = {
	0x00020000, 1, false,
	{
		{{0x011b, 0x0000}},
	}
};

static const phy_init_config training_8g_table_6 = {
	0x00010000, 4, false,
	{
		{{0x00a3, 0x0b33}}, {{0x10a3, 0x0b3f}}, {{0x20a3, 0x0b33}}, {{0x30a3, 0x0b3f}},
	}
};

static const phy_init_config training_8g_table_7 = {
	0x000c0000, 12, false,
	{
		{{0x00f1, 0x6000}}, {{0x00f2, 0x00a9}}, {{0x00f3, 0x8000}}, {{0x00f4, 0x0005}},
		{{0x00f5, 0x4000}}, {{0x00f6, 0x0002}}, {{0x00f7, 0xf000}}, {{0x00f9, 0x6000}},
		{{0x00fa, 0x00a9}}, {{0x00fb, 0x8000}}, {{0x00fd, 0x4000}}, {{0x00ff, 0xf000}},
	}
};

static const phy_init_config training_8g_table_8 = {
	0x00090000, 1, false,
	{
		{{0x08ff, 0x000f}},
	}
};

static const phy_init_config training_8g_table_9 = {
	0x00010000, 4, false,
	{
		{{0x0093, 0x0000}}, {{0x1093, 0x0000}}, {{0x2093, 0x0000}}, {{0x3093, 0x0000}},
	}
};

static const phy_init_config training_8g_table_10 = {
	0x00020000, 1, false,
	{
		{{0x0051, 0x0003}},
	}
};

static const phy_init_config training_8g_table_11 = {
	0x00090000, 1, false,
	{
		{{0x0802, 0x0001}},
	}
};

static const phy_init_config training_8g_table_12 = {
	0x00020000, 4, false,
	{
		{{0x004c, 0x0827}}, {{0x004d, 0x0000}}, {{0x0002, 0x0002}}, {{0x0000, 0x0002}},
	}
};

static const phy_init_config training_8g_table_13 = {
	0x00090000, 2, false,
	{
		{{0x0801, 0x000d}}, {{0x0809, 0x7000}},
	}
};

static const phy_init_config training_8g_table_14 = {
	0x00010000, 40, false,
	{
		{{0x005e, 0x0366}}, {{0x0060, 0x0366}}, {{0x0062, 0x0366}}, {{0x0064, 0x0366}},
		{{0x005f, 0x0366}}, {{0x0061, 0x0366}}, {{0x0063, 0x0366}}, {{0x0065, 0x0366}},
		{{0x105e, 0x0366}}, {{0x1060, 0x0366}}, {{0x1062, 0x0366}}, {{0x1064, 0x0366}},
		{{0x105f, 0x0366}}, {{0x1061, 0x0366}}, {{0x1063, 0x0366}}, {{0x1065, 0x0366}},
		{{0x205e, 0x0366}}, {{0x2060, 0x0366}}, {{0x2062, 0x0366}}, {{0x2064, 0x0366}},
		{{0x205f, 0x0366}}, {{0x2061, 0x0366}}, {{0x2063, 0x0366}}, {{0x2065, 0x0366}},
		{{0x305e, 0x0366}}, {{0x3060, 0x0366}}, {{0x3062, 0x0366}}, {{0x3064, 0x0366}},
		{{0x305f, 0x0366}}, {{0x3061, 0x0366}}, {{0x3063, 0x0366}}, {{0x3065, 0x0366}},
		{{0x0005, 0x0000}}, {{0x000b, 0x0000}}, {{0x1005, 0x0000}}, {{0x100b, 0x0000}},
		{{0x2005, 0x0000}}, {{0x200b, 0x0000}}, {{0x3005, 0x0000}}, {{0x300b, 0x0000}},
	}
};

static const phy_init_config training_8g_table_15 = {
	0x00020000, 2, false,
	{
		{{0x0007, 0x0200}}, {{0x0013, 0x002c}},
	}
};

static const phy_init_config training_8g_table_16 = {
	0x00030000, 6, false,
	{
		{{0x0038, 0x0003}}, {{0x0039, 0x0003}}, {{0x003a, 0x0003}}, {{0x1038, 0x0003}},
		{{0x1039, 0x0003}}, {{0x103a, 0x0003}},
	}
};

static const phy_init_config training_8g_table_17 = {
	0x00010000, 28, false,
	{
		{{0x0038, 0x0003}}, {{0x003a, 0x0003}}, {{0x1038, 0x0003}}, {{0x103a, 0x0003}},
		{{0x2038, 0x0003}}, {{0x203a, 0x0003}}, {{0x3038, 0x0003}}, {{0x303a, 0x0003}},
		{{0x003b, 0x0003}}, {{0x103b, 0x0003}}, {{0x203b, 0x0003}}, {{0x303b, 0x0003}},
		{{0x0009, 0x0000}}, {{0x0037, 0x0000}}, {{0x1009, 0x0000}}, {{0x1037, 0x0000}},
		{{0x2009, 0x0000}}, {{0x2037, 0x0000}}, {{0x3009, 0x0000}}, {{0x3037, 0x0000}},
		{{0x0004, 0x0000}}, {{0x0003, 0x0000}}, {{0x1004, 0x0000}}, {{0x1003, 0x0000}},
		{{0x2004, 0x0000}}, {{0x2003, 0x0000}}, {{0x3004, 0x0000}}, {{0x3003, 0x0000}},
	}
};

static const phy_init_config training_8g_table_18 = {
	0x00020000, 1, false,
	{
		{{0x0004, 0x0085}},
	}
};

static const phy_init_config training_8g_table_19 = {
	0x00030000, 8, false,
	{
		{{0x0050, 0x0035}}, {{0x0051, 0x0035}}, {{0x0052, 0x0035}}, {{0x0053, 0x0035}},
		{{0x1050, 0x0035}}, {{0x1051, 0x0035}}, {{0x1052, 0x0035}}, {{0x1053, 0x0035}},
	}
};

static const phy_init_config training_8g_table_20 = {
	0x00010000, 144, false,
	{
		{{0x004e, 0x0035}}, {{0x004f, 0x0035}}, {{0x0050, 0x0035}}, {{0x0051, 0x0035}},
		{{0x014e, 0x0035}}, {{0x014f, 0x0035}}, {{0x0150, 0x0035}}, {{0x0151, 0x0035}},
		{{0x024e, 0x0035}}, {{0x024f, 0x0035}}, {{0x0250, 0x0035}}, {{0x0251, 0x0035}},
		{{0x034e, 0x0035}}, {{0x034f, 0x0035}}, {{0x0350, 0x0035}}, {{0x0351, 0x0035}},
		{{0x044e, 0x0035}}, {{0x044f, 0x0035}}, {{0x0450, 0x0035}}, {{0x0451, 0x0035}},
		{{0x054e, 0x0035}}, {{0x054f, 0x0035}}, {{0x0550, 0x0035}}, {{0x0551, 0x0035}},
		{{0x064e, 0x0035}}, {{0x064f, 0x0035}}, {{0x0650, 0x0035}}, {{0x0651, 0x0035}},
		{{0x074e, 0x0035}}, {{0x074f, 0x0035}}, {{0x0750, 0x0035}}, {{0x0751, 0x0035}},
		{{0x084e, 0x0035}}, {{0x084f, 0x0035}}, {{0x0850, 0x0035}}, {{0x0851, 0x0035}},
		{{0x104e, 0x0035}}, {{0x104f, 0x0035}}, {{0x1050, 0x0035}}, {{0x1051, 0x0035}},
		{{0x114e, 0x0035}}, {{0x114f, 0x0035}}, {{0x1150, 0x0035}}, {{0x1151, 0x0035}},
		{{0x124e, 0x0035}}, {{0x124f, 0x0035}}, {{0x1250, 0x0035}}, {{0x1251, 0x0035}},
		{{0x134e, 0x0035}}, {{0x134f, 0x0035}}, {{0x1350, 0x0035}}, {{0x1351, 0x0035}},
		{{0x144e, 0x0035}}, {{0x144f, 0x0035}}, {{0x1450, 0x0035}}, {{0x1451, 0x0035}},
		{{0x154e, 0x0035}}, {{0x154f, 0x0035}}, {{0x1550, 0x0035}}, {{0x1551, 0x0035}},
		{{0x164e, 0x0035}}, {{0x164f, 0x0035}}, {{0x1650, 0x0035}}, {{0x1651, 0x0035}},
		{{0x174e, 0x0035}}, {{0x174f, 0x0035}}, {{0x1750, 0x0035}}, {{0x1751, 0x0035}},
		{{0x184e, 0x0035}}, {{0x184f, 0x0035}}, {{0x1850, 0x0035}}, {{0x1851, 0x0035}},
		{{0x204e, 0x0035}}, {{0x204f, 0x0035}}, {{0x2050, 0x0035}}, {{0x2051, 0x0035}},
		{{0x214e, 0x0035}}, {{0x214f, 0x0035}}, {{0x2150, 0x0035}}, {{0x2151, 0x0035}},
		{{0x224e, 0x0035}}, {{0x224f, 0x0035}}, {{0x2250, 0x0035}}, {{0x2251, 0x0035}},
		{{0x234e, 0x0035}}, {{0x234f, 0x0035}}, {{0x2350, 0x0035}}, {{0x2351, 0x0035}},
		{{0x244e, 0x0035}}, {{0x244f, 0x0035}}, {{0x2450, 0x0035}}, {{0x2451, 0x0035}},
		{{0x254e, 0x0035}}, {{0x254f, 0x0035}}, {{0x2550, 0x0035}}, {{0x2551, 0x0035}},
		{{0x264e, 0x0035}}, {{0x264f, 0x0035}}, {{0x2650, 0x0035}}, {{0x2651, 0x0035}},
		{{0x274e, 0x0035}}, {{0x274f, 0x0035}}, {{0x2750, 0x0035}}, {{0x2751, 0x0035}},
		{{0x284e, 0x0035}}, {{0x284f, 0x0035}}, {{0x2850, 0x0035}}, {{0x2851, 0x0035}},
		{{0x304e, 0x0035}}, {{0x304f, 0x0035}}, {{0x3050, 0x0035}}, {{0x3051, 0x0035}},
		{{0x314e, 0x0035}}, {{0x314f, 0x0035}}, {{0x3150, 0x0035}}, {{0x3151, 0x0035}},
		{{0x324e, 0x0035}}, {{0x324f, 0x0035}}, {{0x3250, 0x0035}}, {{0x3251, 0x0035}},
		{{0x334e, 0x0035}}, {{0x334f, 0x0035}}, {{0x3350, 0x0035}}, {{0x3351, 0x0035}},
		{{0x344e, 0x0035}}, {{0x344f, 0x0035}}, {{0x3450, 0x0035}}, {{0x3451, 0x0035}},
		{{0x354e, 0x0035}}, {{0x354f, 0x0035}}, {{0x3550, 0x0035}}, {{0x3551, 0x0035}},
		{{0x364e, 0x0035}}, {{0x364f, 0x0035}}, {{0x3650, 0x0035}}, {{0x3651, 0x0035}},
		{{0x374e, 0x0035}}, {{0x374f, 0x0035}}, {{0x3750, 0x0035}}, {{0x3751, 0x0035}},
		{{0x384e, 0x0035}}, {{0x384f, 0x0035}}, {{0x3850, 0x0035}}, {{0x3851, 0x0035}},
	}
};

static const phy_init_config training_8g_table_21 = {
	0x00030000, 6, false,
	{
		{{0x0030, 0x0000}}, {{0x0031, 0x0000}}, {{0x0035, 0x0000}}, {{0x1030, 0x0000}},
		{{0x1031, 0x0000}}, {{0x1035, 0x0000}},
	}
};

static const phy_init_config training_8g_table_22 = {
	0x00010000, 12, false,
	{
		{{0x0030, 0x0000}}, {{0x0035, 0x0000}}, {{0x0036, 0x0000}}, {{0x1030, 0x0000}},
		{{0x1035, 0x0000}}, {{0x1036, 0x0000}}, {{0x2030, 0x0000}}, {{0x2035, 0x0000}},
		{{0x2036, 0x0000}}, {{0x3030, 0x0000}}, {{0x3035, 0x0000}}, {{0x3036, 0x0000}},
	}
};

static const phy_init_config training_8g_table_23 = {
	0x00030000, 2, false,
	{
		{{0x003c, 0x0005}}, {{0x103c, 0x0005}},
	}
};

static const phy_init_config training_8g_table_24 = {
	0x00010000, 12, false,
	{
		{{0x003c, 0x0005}}, {{0x003d, 0x0005}}, {{0x003e, 0x0005}}, {{0x103c, 0x0005}},
		{{0x103d, 0x0005}}, {{0x103e, 0x0005}}, {{0x203c, 0x0005}}, {{0x203d, 0x0005}},
		{{0x203e, 0x0005}}, {{0x303c, 0x0005}}, {{0x303d, 0x0005}}, {{0x303e, 0x0005}},
	}
};

static const phy_init_config training_8g_table_25 = {
	0x00020000, 5, false,
	{
		{{0x0003, 0x0001}}, {{0x0001, 0x1122}}, {{0x0009, 0x0000}}, {{0x0008, 0x0001}},
		{{0x00d9, 0x0000}},
	}
};

static const phy_init_config training_8g_table_26 = {
	0x00030000, 2, false,
	{
		{{0x0eef, 0x0000}}, {{0x1eef, 0x0000}},
	}
};

static const phy_init_config training_8g_table_27 = {
	0x00020000, 1, false,
	{
		{{0x0014, 0x1300}},
	}
};

static const phy_init_config training_8g_table_28 = {
	0x00090000, 1, false,
	{
		{{0x080a, 0x1300}},
	}
};

static const phy_init_config training_8g_table_29 = {
	0x00010000, 2, false,
	{
		{{0x0040, 0x0e0e}}, {{0x0042, 0x0e0e}},
	}
};

static const phy_init_config training_8g_table_30 = {
	0x00090000, 1, false,
	{
		{{0x080d, 0x0000}},
	}
};

static const phy_init_config training_8g_table_31 = {
	0x00010000, 5, false,
	{
		{{0x0043, 0x0000}}, {{0x0044, 0x0e0e}}, {{0x0045, 0x0e0e}}, {{0x1040, 0x0e0e}},
		{{0x1042, 0x0e0e}},
	}
};

static const phy_init_config training_8g_table_32 = {
	0x00090000, 1, false,
	{
		{{0x080d, 0x0000}},
	}
};

static const phy_init_config training_8g_table_33 = {
	0x00010000, 5, false,
	{
		{{0x1043, 0x0000}}, {{0x1044, 0x0e0e}}, {{0x1045, 0x0e0e}}, {{0x2040, 0x0e0e}},
		{{0x2042, 0x0e0e}},
	}
};

static const phy_init_config training_8g_table_34 = {
	0x00090000, 1, false,
	{
		{{0x080d, 0x0000}},
	}
};

static const phy_init_config training_8g_table_35 = {
	0x00010000, 5, false,
	{
		{{0x2043, 0x0000}}, {{0x2044, 0x0e0e}}, {{0x2045, 0x0e0e}}, {{0x3040, 0x0e0e}},
		{{0x3042, 0x0e0e}},
	}
};

static const phy_init_config training_8g_table_36 = {
	0x00090000, 1, false,
	{
		{{0x080d, 0x0000}},
	}
};

static const phy_init_config training_8g_table_37 = {
	0x00010000, 3, false,
	{
		{{0x3043, 0x0000}}, {{0x3044, 0x0e0e}}, {{0x3045, 0x0e0e}},
	}
};

static const phy_init_config training_8g_table_38 = {
	0x00030000, 10, false,
	{
		{{0x0040, 0x0e0e}}, {{0x0041, 0x0e0e}}, {{0x0042, 0x0e0e}}, {{0x0043, 0x0e0e}},
		{{0x0330, 0x0033}}, {{0x1040, 0x0e0e}}, {{0x1041, 0x0e0e}}, {{0x1042, 0x0e0e}},
		{{0x1043, 0x0e0e}}, {{0x1330, 0x0033}},
	}
};

static const phy_init_config training_8g_table_39 = {
	0x00020000, 1, false,
	{
		{{0x0331, 0x0033}},
	}
};

static const phy_init_config training_8g_table_40 = {
	0x00010000, 20, false,
	{
		{{0x0048, 0x0e00}}, {{0x004a, 0x0e00}}, {{0x004b, 0x0e00}}, {{0x004c, 0x0e00}},
		{{0x004d, 0x0e00}}, {{0x1048, 0x0e00}}, {{0x104a, 0x0e00}}, {{0x104b, 0x0e00}},
		{{0x104c, 0x0e00}}, {{0x104d, 0x0e00}}, {{0x2048, 0x0e00}}, {{0x204a, 0x0e00}},
		{{0x204b, 0x0e00}}, {{0x204c, 0x0e00}}, {{0x204d, 0x0e00}}, {{0x3048, 0x0e00}},
		{{0x304a, 0x0e00}}, {{0x304b, 0x0e00}}, {{0x304c, 0x0e00}}, {{0x304d, 0x0e00}},
	}
};

static const phy_init_config training_8g_table_41 = {
	0x00030000, 14, false,
	{
		{{0x0048, 0x0c00}}, {{0x0049, 0x0c00}}, {{0x004a, 0x0c00}}, {{0x004b, 0x0c00}},
		{{0x1048, 0x0c00}}, {{0x1049, 0x0c00}}, {{0x104a, 0x0c00}}, {{0x104b, 0x0c00}},
		{{0x0033, 0x0000}}, {{0x0034, 0x0000}}, {{0x002e, 0x0000}}, {{0x1033, 0x0000}},
		{{0x1034, 0x0000}}, {{0x102e, 0x0000}},
	}
};

static const phy_init_config training_8g_table_42 = {
	0x00010000, 12, false,
	{
		{{0x0033, 0x0000}}, {{0x002e, 0x0000}}, {{0x002f, 0x0000}}, {{0x1033, 0x0000}},
		{{0x102e, 0x0000}}, {{0x102f, 0x0000}}, {{0x2033, 0x0000}}, {{0x202e, 0x0000}},
		{{0x202f, 0x0000}}, {{0x3033, 0x0000}}, {{0x302e, 0x0000}}, {{0x302f, 0x0000}},
	}
};

static const phy_init_config training_8g_table_43 = {
	0x00020000, 1, false,
	{
		{{0x0015, 0x0000}},
	}
};

static const phy_init_config training_8g_table_44 = {
	0x00090000, 1, false,
	{
		{{0x0806, 0x0000}},
	}
};

static const phy_init_config training_8g_table_45 = {
	0x00010000, 12, false,
	{
		{{0x00e8, 0x0000}}, {{0x00e9, 0x0014}}, {{0x10e8, 0x0000}}, {{0x10e9, 0x0014}},
		{{0x20e8, 0x0000}}, {{0x20e9, 0x0014}}, {{0x30e8, 0x0000}}, {{0x30e9, 0x0014}},
		{{0x0001, 0x0000}}, {{0x1001, 0x0000}}, {{0x2001, 0x0000}}, {{0x3001, 0x0000}},
	}
};

static const phy_init_config training_8g_table_46 = {
	0x00020000, 7, false,
	{
		{{0x0012, 0xa1a1}}, {{0x0017, 0x0040}}, {{0x000a, 0x0040}}, {{0x0186, 0x00a1}},
		{{0x0187, 0x0040}}, {{0x0010, 0x005a}}, {{0x0011, 0x006f}},
	}
};

static const phy_init_config training_8g_table_47 = {
	0x00090000, 2, false,
	{
		{{0x080b, 0x002f}}, {{0x080c, 0x006f}},
	}
};

static const phy_init_config training_8g_table_48 = {
	0x00010000, 12, false,
	{
		{{0x00a5, 0x0001}}, {{0x10a5, 0x0001}}, {{0x20a5, 0x0001}}, {{0x30a5, 0x0001}},
		{{0x0014, 0x3232}}, {{0x1014, 0x3232}}, {{0x2014, 0x3232}}, {{0x3014, 0x3232}},
		{{0x000f, 0x0286}}, {{0x100f, 0x0286}}, {{0x200f, 0x0286}}, {{0x300f, 0x0286}},
	}
};

static const phy_init_config training_8g_table_49 = {
	0x00020000, 20, false,
	{
		{{0x0035, 0x0400}}, {{0x0036, 0x0400}}, {{0x0037, 0x0404}}, {{0x0037, 0x0444}},
		{{0x0038, 0x1308}}, {{0x0039, 0x0400}}, {{0x003a, 0x0400}}, {{0x003b, 0x0404}},
		{{0x003c, 0x1b08}}, {{0x003d, 0x0400}}, {{0x003e, 0x0400}}, {{0x003f, 0x0404}},
		{{0x0040, 0x1308}}, {{0x002c, 0x080f}}, {{0x002d, 0x080f}}, {{0x0030, 0x080f}},
		{{0x002e, 0x0807}}, {{0x002f, 0x0807}}, {{0x000c, 0x0001}}, {{0x001b, 0x0000}},
	}
};

static const phy_init_config training_8g_table_50 = {
	0x00010000, 4, false,
	{
		{{0x0007, 0x0000}}, {{0x1007, 0x0000}}, {{0x2007, 0x0000}}, {{0x3007, 0x0000}},
	}
};

static const phy_init_config training_8g_table_51 = {
	0x000c0000, 1, false,
	{
		{{0x0080, 0x0003}},
	}
};

static const phy_init_config training_8g_table_52 = {
	0x000d0000, 1, false,
	{
		{{0x0000, 0x0000}},
	}
};

static const phy_init_config training_8g_table_53 = {
	0x00058000, 1234, true,
	{
		{{0x0100, 0x0000}}, {{0x0000, 0x0428}}, {{0x0004, 0x0004}}, {{0x0000, 0x0000}},
		{{0x125f, 0x0004}}, {{0x0000, 0x0001}}, {{0x0000, 0x0100}}, {{0x0000, 0x0000}},
		{{0x0000, 0x0000}}, {{0x0310, 0x0000}}, {{0x0000, 0x0000}}, {{0x0000, 0x0000}},
		{{0x0000, 0x0000}}, {{0x0000, 0x0000}}, {{0x0000, 0x0000}}, {{0x0000, 0x1000}},
		{{0x0003, 0x0000}}, {{0x0000, 0x0000}}, {{0x0000, 0x0000}}, {{0x0000, 0x0000}},
		{{0x0000, 0x0000}}, {{0x0000, 0x0000}}, {{0x0000, 0x1010}}, {{0x1010, 0x1111}},
		{{0x1111, 0x5151}}, {{0x5151, 0x5858}}, {{0x5858, 0x6666}}, {{0x6666, 0x2727}},
		{{0x2727, 0x0202}}, {{0x0202, 0x1e1e}}, {{0x1e1e, 0x1e1e}}, {{0x1e1e, 0x0000}},
		{{0x0000, 0x3e3e}}, {{0x3e3e, 0x1515}}, {{0x1515, 0x0000}}, {{0x0000, 0x0202}},
		{{0x0202, 0x0000}}, {{0x0000, 0x0000}}, {{0x0000, 0x1111}}, {{0x1111, 0x0000}},
		{{0x0000, 0x0000}}, {{0x0000, 0x0000}}, {{0x0000, 0x0808}}, {{0x0808, 0x0000}},
		{{0x0000, 0x0000}}, {{0x0000, 0x0000}}, {{0x0000, 0x0000}}, {{0x0000, 0x0000}},
		{{0x0000, 0x0000}}, {{0x0000, 0x0000}}, {{0x0000, 0x0000}}, {{0x0000, 0x0001}},
		{{0x0000, 0x0000}}, {{0x0000, 0x0000}}, {{0x0000, 0x0000}}, {{0x0000, 0x0000}},
		{{0x0000, 0x0000}}, {{0x0000, 0x0000}}, {{0x002e, 0x0050}}, {{0x0000, 0x0000}},
		{{0x0000, 0x0000}}, {{0x0000, 0x0000}}, {{0x0000, 0x0000}}, {{0x0000, 0x0000}},
		{{0x0001, 0x0f07}}, {{0x000f, 0x0000}}, {{0x0000, 0x0000}}, {{0x0000, 0x0000}},
		{{0x0000, 0x0000}}, {{0x0000, 0x0000}}, {{0x0000, 0x0000}}, {{0x0000, 0x0000}},
		{{0x0000, 0x0000}}, {{0x0000, 0x0000}}, {{0x0000, 0x0000}}, {{0x0000, 0x0000}},
		{{0x0000, 0x0000}}, {{0x0000, 0x0000}}, {{0x0000, 0x0000}}, {{0x0000, 0x0000}},
		{{0x0000, 0x0000}}, {{0x0000, 0x0000}}, {{0x0000, 0x0000}}, {{0x0000, 0x0000}},
		{{0x0000, 0x0000}}, {{0x0000, 0x0000}}, {{0x0000, 0x0000}}, {{0x0000, 0x0000}},
		{{0x0000, 0x0000}}, {{0x0000, 0x0000}}, {{0x0000, 0x0000}}, {{0x0000, 0x0000}},
		{{0x0000, 0x0000}}, {{0x0000, 0x0000}}, {{0x0000, 0x0000}}, {{0x0000, 0x0000}},
		{{0x0000, 0x0000}}, {{0x0000, 0x0000}}, {{0x0000, 0x0000}}, {{0x0000, 0x0000}},
		{{0x0000, 0x0000}}, {{0x0000, 0x0000}}, {{0x0000, 0x0000}}, {{0x0000, 0x0000}},
		{{0x0000, 0x0000}}, {{0x0000, 0x0000}}, {{0x0000, 0x0000}}, {{0x0000, 0x0000}},
		{{0x0000, 0x0000}}, {{0x0000, 0x0000}}, {{0x0000, 0x0000}}, {{0x0000, 0x0000}},
		{{0x0000, 0x0000}}, {{0x0000, 0x0000}}, {{0x0000, 0x0000}}, {{0x0000, 0x0000}},
		{{0x0000, 0x0000}}, {{0x0000, 0x0000}}, {{0x0000, 0x0000}}, {{0x0000, 0x0000}},
		{{0x0000, 0x0000}}, {{0x0000, 0x0000}}, {{0x0000, 0x0000}}, {{0x0000, 0x0000}},
		{{0x0000, 0x0000}}, {{0x0000, 0x0000}}, {{0x0000, 0x0000}}, {{0x0000, 0x0000}},
		{{0x0000, 0x0000}}, {{0x0000, 0x0000}}, {{0x0000, 0x0000}}, {{0x0000, 0x0000}},
		{{0x0000, 0x0000}}, {{0x0000, 0x0000}}, {{0x0000, 0x0000}}, {{0x0000, 0x0000}},
		{{0x0000, 0x0000}}, {{0x0000, 0x0000}}, {{0x0000, 0x0000}}, {{0x0000, 0x0000}},
		{{0x0000, 0x0000}}, {{0x0000, 0x0000}}, {{0x0000, 0x0000}}, {{0x0000, 0x0000}},
		{{0x0000, 0x0000}}, {{0x0000, 0x0000}}, {{0x0000, 0x0000}}, {{0x0000, 0x0000}},
		{{0x0000, 0x0000}}, {{0x0000, 0x0000}}, {{0x0000, 0x0000}}, {{0x0000, 0x0000}},
		{{0x0000, 0x0000}}, {{0x0000, 0x0000}}, {{0x0000, 0x0000}}, {{0x0000, 0x0000}},
		{{0x0000, 0x0000}}, {{0x0000, 0x0000}}, {{0x0000, 0x0000}}, {{0x0000, 0x0000}},
		{{0x0000, 0x0000}}, {{0x0000, 0x0000}}, {{0x0000, 0x0000}}, {{0x0000, 0x0000}},
		{{0x0000, 0x0000}}, {{0x0000, 0x0000}}, {{0x0000, 0x0000}}, {{0x0000, 0x0000}},
		{{0x0000, 0x0000}}, {{0x0000, 0x0000}}, {{0x0000, 0x0000}}, {{0x0000, 0x0000}},
		{{0x0000, 0x0000}}, {{0x0000, 0x0000}}, {{0x0000, 0x0000}}, {{0x0000, 0x0000}},
		{{0x0000, 0x0000}}, {{0x0000, 0x0000}}, {{0x0000, 0x0000}}, {{0x0000, 0x0000}},
		{{0x0000, 0x0000}}, {{0x0000, 0x0000}}, {{0x0000, 0x0000}}, {{0x0000, 0x0000}},
		{{0x0000, 0x0000}}, {{0x0000, 0x0000}}, {{0x0000, 0x0000}}, {{0x0000, 0x0000}},
		{{0x0000, 0x0000}}, {{0x0000, 0x0000}}, {{0x0000, 0x0000}}, {{0x0000, 0x0000}},
		{{0x0000, 0x0000}}, {{0x0000, 0x0000}}, {{0x0000, 0x0000}}, {{0x0000, 0x0000}},
		{{0x0000, 0x0000}}, {{0x0000, 0x0000}}, {{0x0000, 0x0000}}, {{0x0000, 0x0000}},
		{{0x0000, 0x0000}}, {{0x0000, 0x0000}}, {{0x0000, 0x0000}}, {{0x0000, 0x0000}},
		{{0x0000, 0x0000}}, {{0x0000, 0x0000}}, {{0x0000, 0x0000}}, {{0x0000, 0x0000}},
		{{0x0000, 0x0000}}, {{0x0000, 0x0000}}, {{0x0000, 0x0000}}, {{0x0000, 0x0000}},
		{{0x0000, 0x0000}}, {{0x0000, 0x0000}}, {{0x0000, 0x0000}}, {{0x0000, 0x0000}},
		{{0x0000, 0x0000}}, {{0x0000, 0x0000}}, {{0x0000, 0x0000}}, {{0x0000, 0x0000}},
		{{0x0000, 0x0000}}, {{0x0000, 0x0000}}, {{0x0000, 0x0000}}, {{0x0000, 0x0000}},
		{{0x0000, 0x0000}}, {{0x0000, 0x0000}}, {{0x0000, 0x0000}}, {{0x0000, 0x0000}},
		{{0x0000, 0x0000}}, {{0x0000, 0x0000}}, {{0x0000, 0x0000}}, {{0x0000, 0x0000}},
		{{0x0000, 0x0000}}, {{0x0000, 0x0000}}, {{0x0000, 0x0000}}, {{0x0000, 0x0000}},
		{{0x0000, 0x0000}}, {{0x0000, 0x0000}}, {{0x0000, 0x0000}}, {{0x0000, 0x0000}},
		{{0x0000, 0x0000}}, {{0x0000, 0x0000}}, {{0x0000, 0x0000}}, {{0x0000, 0x0000}},
		{{0x0000, 0x0000}}, {{0x0000, 0x0000}}, {{0x0000, 0x0000}}, {{0x0000, 0x0000}},
		{{0x0000, 0x0000}}, {{0x0000, 0x0000}}, {{0x0000, 0x0000}}, {{0x0000, 0x0000}},
		{{0x0000, 0x0000}}, {{0x0000, 0x0000}}, {{0x0000, 0x0000}}, {{0x0000, 0x0000}},
		{{0x0000, 0x0000}}, {{0x0000, 0x0000}}, {{0x0500, 0x0000}}, {{0x0000, 0x0000}},
		{{0x0000, 0x0000}}, {{0x0000, 0x0000}}, {{0x0000, 0x0000}}, {{0x0000, 0x0000}},
		{{0x0000, 0x0000}}, {{0x6745, 0x00f2}}, {{0x0000, 0x0000}}, {{0x0000, 0x0000}},
		{{0x0000, 0x0000}}, {{0x0000, 0x0000}}, {{0x0000, 0x0004}}, {{0x0000, 0x0000}},
		{{0x0000, 0x0000}}, {{0x0000, 0x0000}}, {{0x0000, 0x0000}}, {{0x0000, 0x0000}},
		{{0x0000, 0x0000}}, {{0x0000, 0x0000}}, {{0x0000, 0x0004}}, {{0x0000, 0x0000}},
		{{0x0000, 0x0000}}, {{0x0000, 0x0000}}, {{0x0000, 0x0004}}, {{0x0e0c, 0x180f}},
		{{0x001e, 0x0000}}, {{0x0000, 0x0000}}, {{0x0000, 0x0000}}, {{0x0000, 0x0000}},
		{{0x1210, 0x0201}}, {{0x1403, 0x1c0a}}, {{0x2e29, 0x0b11}}, {{0x150d, 0x1916}},
		{{0x0e0c, 0x180f}}, {{0x131e, 0x0000}}, {{0x0000, 0x0003}}, {{0x0000, 0x0001}},
		{{0x0000, 0x0002}}, {{0x0000, 0x0009}}, {{0x0006, 0x0008}}, {{0x0002, 0x0005}},
		{{0x0024, 0x0010}}, {{0x0026, 0x0012}}, {{0x004e, 0x0050}}, {{0x0012, 0x0186}},
		{{0x0187, 0x000a}}, {{0x0017, 0x0015}}, {{0x004e, 0x000d}}, {{0x006e, 0x0002}},
		{{0x0001, 0x0060}}, {{0x0007, 0x0000}}, {{0x0011, 0x0007}}, {{0x0000, 0x005a}},
		{{0x002a, 0x0060}}, {{0x005e, 0x0028}}, {{0x005c, 0x0062}}, {{0x0020, 0x0064}},
		{{0x0066, 0x000c}}, {{0x00d9, 0x00af}}, {{0x00ad, 0x0000}}, {{0x0015, 0x0016}},
		{{0x00d0, 0x00d1}}, {{0x00d2, 0x00d3}}, {{0x00d4, 0x0005}}, {{0x000b, 0x0007}},
		{{0x0028, 0x0215}}, {{0x000a, 0x0085}}, {{0x0004, 0x0004}}, {{0x0001, 0x0001}},
		{{0x0001, 0x0003}}, {{0x0004, 0x0215}}, {{0x042b, 0x0085}}, {{0x010b, 0x0004}},
		{{0x0006, 0x0000}}, {{0x0002, 0x0002}}, {{0x0003, 0x0005}}, {{0x042b, 0x0640}},
		{{0x010b, 0x0190}}, {{0x0006, 0x0008}}, {{0x0001, 0x0003}}, {{0x0002, 0x0004}},
		{{0x0006, 0x0640}}, {{0x0855, 0x0190}}, {{0x0215, 0x0008}}, {{0x000a, 0x0002}},
		{{0x0004, 0x0003}}, {{0x0004, 0x0007}}, {{0x0855, 0x0abe}}, {{0x0215, 0x02b0}},
		{{0x0008, 0x000e}}, {{0x0001, 0x0007}}, {{0x0004, 0x0004}}, {{0x0008, 0x0abe}},
		{{0x0c80, 0x02b0}}, {{0x0320, 0x000a}}, {{0x0010, 0x0003}}, {{0x0009, 0x0004}},
		{{0x0004, 0x0008}}, {{0x0000, 0x0000}}, {{0x0000, 0x0000}}, {{0x0000, 0x0000}},
		{{0x0000, 0x0000}}, {{0x0000, 0x0000}}, {{0x0000, 0x0000}}, {{0x0000, 0x0000}},
		{{0x0000, 0x0000}}, {{0x0000, 0x0000}}, {{0x0000, 0x0000}}, {{0x0000, 0x0000}},
		{{0x0000, 0x0000}}, {{0x0000, 0x0000}}, {{0x0000, 0x0000}}, {{0x0000, 0x0000}},
		{{0x0000, 0x0000}}, {{0x0000, 0x0000}}, {{0x0000, 0x0000}}, {{0x0000, 0x0000}},
		{{0x0000, 0x0000}}, {{0x0000, 0x0000}}, {{0x0000, 0x0000}}, {{0x0000, 0x0000}},
		{{0x0000, 0x0000}}, {{0x0000, 0x0000}}, {{0x0000, 0x0000}}, {{0x0000, 0x0000}},
		{{0x0000, 0x0000}}, {{0x0000, 0x0000}}, {{0x0000, 0x0000}}, {{0x0000, 0x0000}},
		{{0x0000, 0x0000}}, {{0x0000, 0x0000}}, {{0x0028, 0x0215}}, {{0x0005, 0x0043}},
		{{0x0002, 0x0002}}, {{0x0000, 0x0000}}, {{0x0001, 0x0002}}, {{0x0003, 0x0215}},
		{{0x042b, 0x0043}}, {{0x0085, 0x0002}}, {{0x0003, 0x0000}}, {{0x0001, 0x0001}},
		{{0x0002, 0x0003}}, {{0x042b, 0x0640}}, {{0x0085, 0x00c8}}, {{0x0003, 0x0004}},
		{{0x0001, 0x0002}}, {{0x0001, 0x0002}}, {{0x0003, 0x0640}}, {{0x0855, 0x00c8}},
		{{0x010b, 0x0004}}, {{0x0005, 0x0001}}, {{0x0002, 0x0002}}, {{0x0002, 0x0004}},
		{{0x0855, 0x0abe}}, {{0x010b, 0x0158}}, {{0x0004, 0x0007}}, {{0x0001, 0x0004}},
		{{0x0002, 0x0002}}, {{0x0004, 0x0abe}}, {{0x0c80, 0x0158}}, {{0x0190, 0x0005}},
		{{0x0008, 0x0002}}, {{0x0005, 0x0002}}, {{0x0002, 0x0004}}, {{0x0c80, 0x0e95}},
		{{0x0190, 0x01d3}}, {{0x0006, 0x0009}}, {{0x0002, 0x0005}}, {{0x0003, 0x0002}},
		{{0x0005, 0x0e95}}, {{0x10ab, 0x01d3}}, {{0x0215, 0x0006}}, {{0x000b, 0x0002}},
		{{0x0007, 0x0003}}, {{0x0002, 0x0005}}, {{0x10ab, 0x12c0}}, {{0x0215, 0x0258}},
		{{0x0007, 0x000c}}, {{0x0003, 0x0008}}, {{0x0003, 0x0002}}, {{0x0005, 0x12c0}},
		{{0x157c, 0x0258}}, {{0x02b0, 0x0008}}, {{0x000e, 0x0003}}, {{0x0009, 0x0004}},
		{{0x0002, 0x0006}}, {{0x157c, 0x1770}}, {{0x02b0, 0x02ee}}, {{0x0009, 0x000f}},
		{{0x0004, 0x000a}}, {{0x0004, 0x0002}}, {{0x0006, 0x1770}}, {{0x1900, 0x02ee}},
		{{0x0320, 0x0009}}, {{0x0010, 0x0004}}, {{0x000b, 0x0004}}, {{0x0002, 0x0006}},
		{{0x0028, 0x0215}}, {{0x000a, 0x0085}}, {{0x0006, 0x0006}}, {{0x0006, 0x0000}},
		{{0x0000, 0x0000}}, {{0x0001, 0x0006}}, {{0x0007, 0x0215}}, {{0x042b, 0x0085}},
		{{0x010b, 0x0008}}, {{0x0008, 0x0008}}, {{0x0000, 0x0000}}, {{0x0000, 0x0002}},
		{{0x0007, 0x0009}}, {{0x042b, 0x0640}}, {{0x010b, 0x0190}}, {{0x000a, 0x000a}},
		{{0x000c, 0x0001}}, {{0x0001, 0x0003}}, {{0x0002, 0x0008}}, {{0x000a, 0x0640}},
		{{0x0855, 0x0190}}, {{0x0215, 0x000c}}, {{0x000e, 0x000e}}, {{0x0002, 0x0004}},
		{{0x0004, 0x0003}}, {{0x0008, 0x000b}}, {{0x0855, 0x0abe}}, {{0x0215, 0x02b0}},
		{{0x0010, 0x0010}}, {{0x0012, 0x0003}}, {{0x0003, 0x0005}}, {{0x0004, 0x000a}},
		{{0x000e, 0x0abe}}, {{0x0c80, 0x02b0}}, {{0x0320, 0x0012}}, {{0x0014, 0x0014}},
		{{0x0005, 0x0007}}, {{0x0007, 0x0004}}, {{0x000a, 0x000e}}, {{0x0000, 0x0000}},
		{{0x0000, 0x0000}}, {{0x0000, 0x0000}}, {{0x0000, 0x0000}}, {{0x0000, 0x0000}},
		{{0x0000, 0x0000}}, {{0x0000, 0x0000}}, {{0x0000, 0x0000}}, {{0x0000, 0x0000}},
		{{0x0000, 0x0000}}, {{0x0000, 0x0000}}, {{0x0000, 0x0000}}, {{0x0000, 0x0000}},
		{{0x0000, 0x0000}}, {{0x0000, 0x0000}}, {{0x0000, 0x0000}}, {{0x0000, 0x0000}},
		{{0x0000, 0x0000}}, {{0x0000, 0x0000}}, {{0x0000, 0x0000}}, {{0x0000, 0x0000}},
		{{0x0000, 0x0000}}, {{0x0000, 0x0000}}, {{0x0000, 0x0000}}, {{0x0000, 0x0000}},
		{{0x0000, 0x0000}}, {{0x0000, 0x0000}}, {{0x0000, 0x0000}}, {{0x0000, 0x0000}},
		{{0x0000, 0x0000}}, {{0x0000, 0x0000}}, {{0x0000, 0x0000}}, {{0x0000, 0x0000}},
		{{0x0000, 0x0000}}, {{0x0000, 0x0000}}, {{0x0000, 0x0000}}, {{0x0000, 0x0000}},
		{{0x0000, 0x0000}}, {{0x0000, 0x0000}}, {{0x0028, 0x0215}}, {{0x0005, 0x0043}},
		{{0x0003, 0x0003}}, {{0x0003, 0x0000}}, {{0x0000, 0x0000}}, {{0x0001, 0x0003}},
		{{0x0004, 0x0215}}, {{0x042b, 0x0043}}, {{0x0085, 0x0004}}, {{0x0004, 0x0004}},
		{{0x0000, 0x0000}}, {{0x0000, 0x0001}}, {{0x0004, 0x0005}}, {{0x042b, 0x0640}},
		{{0x0085, 0x00c8}}, {{0x0005, 0x0005}}, {{0x0005, 0x0001}}, {{0x0001, 0x0002}},
		{{0x0001, 0x0004}}, {{0x0005, 0x0640}}, {{0x0855, 0x00c8}}, {{0x010b, 0x0006}},
		{{0x0007, 0x0007}}, {{0x0001, 0x0002}}, {{0x0002, 0x0002}}, {{0x0004, 0x0006}},
		{{0x0855, 0x0abe}}, {{0x010b, 0x0158}}, {{0x0008, 0x0008}}, {{0x0009, 0x0002}},
		{{0x0002, 0x0003}}, {{0x0002, 0x0005}}, {{0x0007, 0x0abe}}, {{0x0c80, 0x0158}},
		{{0x0190, 0x0009}}, {{0x000a, 0x000a}}, {{0x0003, 0x0004}}, {{0x0004, 0x0002}},
		{{0x0005, 0x0007}}, {{0x0c80, 0x0e95}}, {{0x0190, 0x01d3}}, {{0x000a, 0x000b}},
		{{0x000c, 0x0003}}, {{0x0004, 0x0005}}, {{0x0003, 0x0005}}, {{0x0008, 0x0e95}},
		{{0x10ab, 0x01d3}}, {{0x0215, 0x000c}}, {{0x000d, 0x000e}}, {{0x0004, 0x0005}},
		{{0x0006, 0x0003}}, {{0x0006, 0x0009}}, {{0x10ab, 0x12c0}}, {{0x0215, 0x0258}},
		{{0x000d, 0x000e}}, {{0x000f, 0x0005}}, {{0x0006, 0x0007}}, {{0x0003, 0x0006}},
		{{0x0009, 0x12c0}}, {{0x157c, 0x0258}}, {{0x02b0, 0x000f}}, {{0x0010, 0x0011}},
		{{0x0006, 0x0007}}, {{0x0008, 0x0004}}, {{0x0006, 0x000a}}, {{0x157c, 0x1770}},
		{{0x02b0, 0x02ee}}, {{0x0010, 0x0011}}, {{0x0013, 0x0006}}, {{0x0007, 0x0009}},
		{{0x0004, 0x0007}}, {{0x000b, 0x1770}}, {{0x1900, 0x02ee}}, {{0x0320, 0x0011}},
		{{0x0012, 0x0014}}, {{0x0007, 0x0008}}, {{0x000a, 0x0004}}, {{0x0007, 0x000b}},
		{{0x0607, 0x0405}}, {{0x0203, 0x0001}}, {{0x0a09, 0x0c0b}}, {{0x0e0d, 0x000f}},
		{{0x008b, 0x0001}},
	}
};

const phy_init_config* lp5_pre_train_table[] = {
	&training_8g_table_0,
	&training_8g_table_1,
	&training_8g_table_2,
	&training_8g_table_3,
	&training_8g_table_4,
	&training_8g_table_5,
	&training_8g_table_6,
	&training_8g_table_7,
	&training_8g_table_8,
	&training_8g_table_9,
	&training_8g_table_10,
	&training_fw_table,
	&training_8g_table_11,
	&training_8g_table_12,
	&training_8g_table_13,
	&training_8g_table_14,
	&training_8g_table_15,
	&training_8g_table_16,
	&training_8g_table_17,
	&training_8g_table_18,
	&training_8g_table_19,
	&training_8g_table_20,
	&training_8g_table_21,
	&training_8g_table_22,
	&training_8g_table_23,
	&training_8g_table_24,
	&training_8g_table_25,
	&training_8g_table_26,
	&training_8g_table_27,
	&training_8g_table_28,
	&training_8g_table_29,
	&training_8g_table_30,
	&training_8g_table_31,
	&training_8g_table_32,
	&training_8g_table_33,
	&training_8g_table_34,
	&training_8g_table_35,
	&training_8g_table_36,
	&training_8g_table_37,
	&training_8g_table_38,
	&training_8g_table_39,
	&training_8g_table_40,
	&training_8g_table_41,
	&training_8g_table_42,
	&training_8g_table_43,
	&training_8g_table_44,
	&training_8g_table_45,
	&training_8g_table_46,
	&training_8g_table_47,
	&training_8g_table_48,
	&training_8g_table_49,
	&training_8g_table_50,
	&training_8g_table_51,
	&training_8g_table_52,
	&training_8g_table_53,
	NULL,
};

#elif (CONFIG_DDR_DATARATE == 4266)

static const phy_init_config training_16g_table_0 = {
	0x00020000, 2, false,
	{
		{{0x0060, 0x0002}}, {{0x00a5, 0x0001}},
	}
};

static const phy_init_config training_16g_table_1 = {
	0x000d0000, 1, false,
	{
		{{0x0036, 0x0000}},
	}
};

static const phy_init_config training_16g_table_2 = {
	0x00020000, 7, false,
	{
		{{0x00bd, 0x00ff}}, {{0x0300, 0x0808}}, {{0x0303, 0x0009}}, {{0x0302, 0x0026}},
		{{0x0328, 0x0000}}, {{0x0301, 0x0003}}, {{0x030b, 0x0000}},
	}
};

static const phy_init_config training_16g_table_3 = {
	0x00030000, 8, false,
	{
		{{0x00a7, 0x0000}}, {{0x10a7, 0x0000}}, {{0x00ae, 0x0080}}, {{0x00ad, 0x0080}},
		{{0x00ac, 0x0080}}, {{0x10ae, 0x0080}}, {{0x10ad, 0x0080}}, {{0x10ac, 0x0080}},
	}
};

static const phy_init_config training_16g_table_4 = {
	0x000c0000, 1, false,
	{
		{{0x0086, 0x0001}},
	}
};

static const phy_init_config training_16g_table_5 = {
	0x00020000, 1, false,
	{
		{{0x011b, 0x0000}},
	}
};

static const phy_init_config training_16g_table_6 = {
	0x00010000, 4, false,
	{
		{{0x00a3, 0x0b33}}, {{0x10a3, 0x0b33}}, {{0x20a3, 0x0b33}}, {{0x30a3, 0x0b33}},
	}
};

static const phy_init_config training_16g_table_7 = {
	0x000c0000, 12, false,
	{
		{{0x00f1, 0x6000}}, {{0x00f2, 0x00a9}}, {{0x00f3, 0x8000}}, {{0x00f4, 0x0005}},
		{{0x00f5, 0x4000}}, {{0x00f6, 0x0002}}, {{0x00f7, 0xf000}}, {{0x00f9, 0x6000}},
		{{0x00fa, 0x00a9}}, {{0x00fb, 0x8000}}, {{0x00fd, 0x4000}}, {{0x00ff, 0xf000}},
	}
};

static const phy_init_config training_16g_table_8 = {
	0x00090000, 1, false,
	{
		{{0x08ff, 0x000f}},
	}
};

static const phy_init_config training_16g_table_9 = {
	0x00010000, 4, false,
	{
		{{0x0093, 0x0000}}, {{0x1093, 0x0000}}, {{0x2093, 0x0000}}, {{0x3093, 0x0000}},
	}
};

static const phy_init_config training_16g_table_10 = {
	0x00020000, 1, false,
	{
		{{0x0051, 0x0003}},
	}
};

static const phy_init_config training_16g_table_11 = {
	0x00090000, 1, false,
	{
		{{0x0802, 0x0001}},
	}
};

static const phy_init_config training_16g_table_12 = {
	0x00020000, 4, false,
	{
		{{0x004c, 0x0a8f}}, {{0x004d, 0x0000}}, {{0x0002, 0x0002}}, {{0x0000, 0x0002}},
	}
};

static const phy_init_config training_16g_table_13 = {
	0x00090000, 2, false,
	{
		{{0x0801, 0x0033}}, {{0x0809, 0x7000}},
	}
};

static const phy_init_config training_16g_table_14 = {
	0x00010000, 40, false,
	{
		{{0x005e, 0x0366}}, {{0x0060, 0x0366}}, {{0x0062, 0x0366}}, {{0x0064, 0x0366}},
		{{0x005f, 0x0366}}, {{0x0061, 0x0366}}, {{0x0063, 0x0366}}, {{0x0065, 0x0366}},
		{{0x105e, 0x0366}}, {{0x1060, 0x0366}}, {{0x1062, 0x0366}}, {{0x1064, 0x0366}},
		{{0x105f, 0x0366}}, {{0x1061, 0x0366}}, {{0x1063, 0x0366}}, {{0x1065, 0x0366}},
		{{0x205e, 0x0366}}, {{0x2060, 0x0366}}, {{0x2062, 0x0366}}, {{0x2064, 0x0366}},
		{{0x205f, 0x0366}}, {{0x2061, 0x0366}}, {{0x2063, 0x0366}}, {{0x2065, 0x0366}},
		{{0x305e, 0x0366}}, {{0x3060, 0x0366}}, {{0x3062, 0x0366}}, {{0x3064, 0x0366}},
		{{0x305f, 0x0366}}, {{0x3061, 0x0366}}, {{0x3063, 0x0366}}, {{0x3065, 0x0366}},
		{{0x0005, 0x0000}}, {{0x000b, 0x0000}}, {{0x1005, 0x0000}}, {{0x100b, 0x0000}},
		{{0x2005, 0x0000}}, {{0x200b, 0x0000}}, {{0x3005, 0x0000}}, {{0x300b, 0x0000}},
	}
};

static const phy_init_config training_16g_table_15 = {
	0x00020000, 2, false,
	{
		{{0x0007, 0x0200}}, {{0x0013, 0x002c}},
	}
};

static const phy_init_config training_16g_table_16 = {
	0x00030000, 6, false,
	{
		{{0x0038, 0x0003}}, {{0x0039, 0x0003}}, {{0x003a, 0x0003}}, {{0x1038, 0x0003}},
		{{0x1039, 0x0003}}, {{0x103a, 0x0003}},
	}
};

static const phy_init_config training_16g_table_17 = {
	0x00010000, 28, false,
	{
		{{0x0038, 0x0003}}, {{0x003a, 0x0003}}, {{0x1038, 0x0003}}, {{0x103a, 0x0003}},
		{{0x2038, 0x0003}}, {{0x203a, 0x0003}}, {{0x3038, 0x0003}}, {{0x303a, 0x0003}},
		{{0x003b, 0x0003}}, {{0x103b, 0x0003}}, {{0x203b, 0x0003}}, {{0x303b, 0x0003}},
		{{0x0009, 0x0000}}, {{0x0037, 0x0000}}, {{0x1009, 0x0000}}, {{0x1037, 0x0000}},
		{{0x2009, 0x0000}}, {{0x2037, 0x0000}}, {{0x3009, 0x0000}}, {{0x3037, 0x0000}},
		{{0x0004, 0x0000}}, {{0x0003, 0x0000}}, {{0x1004, 0x0000}}, {{0x1003, 0x0000}},
		{{0x2004, 0x0000}}, {{0x2003, 0x0000}}, {{0x3004, 0x0000}}, {{0x3003, 0x0000}},
	}
};

static const phy_init_config training_16g_table_18 = {
	0x00020000, 1, false,
	{
		{{0x0004, 0x0215}},
	}
};

static const phy_init_config training_16g_table_19 = {
	0x00030000, 8, false,
	{
		{{0x0050, 0x2C}}, {{0x0051, 0x2C}}, {{0x0052, 0x2C}}, {{0x0053, 0x2C}},
		{{0x1050, 0x2C}}, {{0x1051, 0x2C}}, {{0x1052, 0x2C}}, {{0x1053, 0x2C}},
	}
};

static const phy_init_config training_16g_table_20 = {
	0x00010000, 144, false,
	{
		{{0x004e, 0x2C}}, {{0x004f, 0x2C}}, {{0x0050, 0x2C}}, {{0x0051, 0x2C}},
		{{0x014e, 0x2C}}, {{0x014f, 0x2C}}, {{0x0150, 0x2C}}, {{0x0151, 0x2C}},
		{{0x024e, 0x2C}}, {{0x024f, 0x2C}}, {{0x0250, 0x2C}}, {{0x0251, 0x2C}},
		{{0x034e, 0x2C}}, {{0x034f, 0x2C}}, {{0x0350, 0x2C}}, {{0x0351, 0x2C}},
		{{0x044e, 0x2C}}, {{0x044f, 0x2C}}, {{0x0450, 0x2C}}, {{0x0451, 0x2C}},
		{{0x054e, 0x2C}}, {{0x054f, 0x2C}}, {{0x0550, 0x2C}}, {{0x0551, 0x2C}},
		{{0x064e, 0x2C}}, {{0x064f, 0x2C}}, {{0x0650, 0x2C}}, {{0x0651, 0x2C}},
		{{0x074e, 0x2C}}, {{0x074f, 0x2C}}, {{0x0750, 0x2C}}, {{0x0751, 0x2C}},
		{{0x084e, 0x2C}}, {{0x084f, 0x2C}}, {{0x0850, 0x2C}}, {{0x0851, 0x2C}},
		{{0x104e, 0x2C}}, {{0x104f, 0x2C}}, {{0x1050, 0x2C}}, {{0x1051, 0x2C}},
		{{0x114e, 0x2C}}, {{0x114f, 0x2C}}, {{0x1150, 0x2C}}, {{0x1151, 0x2C}},
		{{0x124e, 0x2C}}, {{0x124f, 0x2C}}, {{0x1250, 0x2C}}, {{0x1251, 0x2C}},
		{{0x134e, 0x2C}}, {{0x134f, 0x2C}}, {{0x1350, 0x2C}}, {{0x1351, 0x2C}},
		{{0x144e, 0x2C}}, {{0x144f, 0x2C}}, {{0x1450, 0x2C}}, {{0x1451, 0x2C}},
		{{0x154e, 0x2C}}, {{0x154f, 0x2C}}, {{0x1550, 0x2C}}, {{0x1551, 0x2C}},
		{{0x164e, 0x2C}}, {{0x164f, 0x2C}}, {{0x1650, 0x2C}}, {{0x1651, 0x2C}},
		{{0x174e, 0x2C}}, {{0x174f, 0x2C}}, {{0x1750, 0x2C}}, {{0x1751, 0x2C}},
		{{0x184e, 0x2C}}, {{0x184f, 0x2C}}, {{0x1850, 0x2C}}, {{0x1851, 0x2C}},
		{{0x204e, 0x2C}}, {{0x204f, 0x2C}}, {{0x2050, 0x2C}}, {{0x2051, 0x2C}},
		{{0x214e, 0x2C}}, {{0x214f, 0x2C}}, {{0x2150, 0x2C}}, {{0x2151, 0x2C}},
		{{0x224e, 0x2C}}, {{0x224f, 0x2C}}, {{0x2250, 0x2C}}, {{0x2251, 0x2C}},
		{{0x234e, 0x2C}}, {{0x234f, 0x2C}}, {{0x2350, 0x2C}}, {{0x2351, 0x2C}},
		{{0x244e, 0x2C}}, {{0x244f, 0x2C}}, {{0x2450, 0x2C}}, {{0x2451, 0x2C}},
		{{0x254e, 0x2C}}, {{0x254f, 0x2C}}, {{0x2550, 0x2C}}, {{0x2551, 0x2C}},
		{{0x264e, 0x2C}}, {{0x264f, 0x2C}}, {{0x2650, 0x2C}}, {{0x2651, 0x2C}},
		{{0x274e, 0x2C}}, {{0x274f, 0x2C}}, {{0x2750, 0x2C}}, {{0x2751, 0x2C}},
		{{0x284e, 0x2C}}, {{0x284f, 0x2C}}, {{0x2850, 0x2C}}, {{0x2851, 0x2C}},
		{{0x304e, 0x2C}}, {{0x304f, 0x2C}}, {{0x3050, 0x2C}}, {{0x3051, 0x2C}},
		{{0x314e, 0x2C}}, {{0x314f, 0x2C}}, {{0x3150, 0x2C}}, {{0x3151, 0x2C}},
		{{0x324e, 0x2C}}, {{0x324f, 0x2C}}, {{0x3250, 0x2C}}, {{0x3251, 0x2C}},
		{{0x334e, 0x2C}}, {{0x334f, 0x2C}}, {{0x3350, 0x2C}}, {{0x3351, 0x2C}},
		{{0x344e, 0x2C}}, {{0x344f, 0x2C}}, {{0x3450, 0x2C}}, {{0x3451, 0x2C}},
		{{0x354e, 0x2C}}, {{0x354f, 0x2C}}, {{0x3550, 0x2C}}, {{0x3551, 0x2C}},
		{{0x364e, 0x2C}}, {{0x364f, 0x2C}}, {{0x3650, 0x2C}}, {{0x3651, 0x2C}},
		{{0x374e, 0x2C}}, {{0x374f, 0x2C}}, {{0x3750, 0x2C}}, {{0x3751, 0x2C}},
		{{0x384e, 0x2C}}, {{0x384f, 0x2C}}, {{0x3850, 0x2C}}, {{0x3851, 0x2C}},
	}
};

static const phy_init_config training_16g_table_21 = {
	0x00030000, 6, false,
	{
		{{0x0030, 0x0000}}, {{0x0031, 0x0000}}, {{0x0035, 0x0000}}, {{0x1030, 0x0000}},
		{{0x1031, 0x0000}}, {{0x1035, 0x0000}},
	}
};

static const phy_init_config training_16g_table_22 = {
	0x00010000, 12, false,
	{
		{{0x0030, 0x0000}}, {{0x0035, 0x0000}}, {{0x0036, 0x0000}}, {{0x1030, 0x0000}},
		{{0x1035, 0x0000}}, {{0x1036, 0x0000}}, {{0x2030, 0x0000}}, {{0x2035, 0x0000}},
		{{0x2036, 0x0000}}, {{0x3030, 0x0000}}, {{0x3035, 0x0000}}, {{0x3036, 0x0000}},
	}
};

static const phy_init_config training_16g_table_23 = {
	0x00030000, 2, false,
	{
		{{0x003c, 0x0005}}, {{0x103c, 0x0005}},
	}
};

static const phy_init_config training_16g_table_24 = {
	0x00010000, 12, false,
	{
		{{0x003c, 0x0005}}, {{0x003d, 0x0005}}, {{0x003e, 0x0005}}, {{0x103c, 0x0005}},
		{{0x103d, 0x0005}}, {{0x103e, 0x0005}}, {{0x203c, 0x0005}}, {{0x203d, 0x0005}},
		{{0x203e, 0x0005}}, {{0x303c, 0x0005}}, {{0x303d, 0x0005}}, {{0x303e, 0x0005}},
	}
};

static const phy_init_config training_16g_table_25 = {
	0x00020000, 5, false,
	{
		{{0x0003, 0x0001}}, {{0x0001, 0x1122}}, {{0x0009, 0x0000}}, {{0x0008, 0x0001}},
		{{0x00d9, 0x0000}},
	}
};

static const phy_init_config training_16g_table_26 = {
	0x00030000, 2, false,
	{
		{{0x0eef, 0x0000}}, {{0x1eef, 0x0000}},
	}
};

static const phy_init_config training_16g_table_27 = {
	0x00020000, 1, false,
	{
		{{0x0014, 0x1300}},
	}
};

static const phy_init_config training_16g_table_28 = {
	0x00090000, 1, false,
	{
		{{0x080a, 0x1300}},
	}
};

static const phy_init_config training_16g_table_29 = {
	0x00010000, 2, false,
	{
		{{0x0040, 0x0e0e}}, {{0x0042, 0x0e0e}},
	}
};

static const phy_init_config training_16g_table_30 = {
	0x00090000, 1, false,
	{
		{{0x080d, 0x0000}},
	}
};

static const phy_init_config training_16g_table_31 = {
	0x00010000, 5, false,
	{
		{{0x0043, 0x0000}}, {{0x0044, 0x0e0e}}, {{0x0045, 0x0e0e}}, {{0x1040, 0x0e0e}},
		{{0x1042, 0x0e0e}},
	}
};

static const phy_init_config training_16g_table_32 = {
	0x00090000, 1, false,
	{
		{{0x080d, 0x0000}},
	}
};

static const phy_init_config training_16g_table_33 = {
	0x00010000, 5, false,
	{
		{{0x1043, 0x0000}}, {{0x1044, 0x0e0e}}, {{0x1045, 0x0e0e}}, {{0x2040, 0x0e0e}},
		{{0x2042, 0x0e0e}},
	}
};

static const phy_init_config training_16g_table_34 = {
	0x00090000, 1, false,
	{
		{{0x080d, 0x0000}},
	}
};

static const phy_init_config training_16g_table_35 = {
	0x00010000, 5, false,
	{
		{{0x2043, 0x0000}}, {{0x2044, 0x0e0e}}, {{0x2045, 0x0e0e}}, {{0x3040, 0x0e0e}},
		{{0x3042, 0x0e0e}},
	}
};

static const phy_init_config training_16g_table_36 = {
	0x00090000, 1, false,
	{
		{{0x080d, 0x0000}},
	}
};

static const phy_init_config training_16g_table_37 = {
	0x00010000, 3, false,
	{
		{{0x3043, 0x0000}}, {{0x3044, 0x0e0e}}, {{0x3045, 0x0e0e}},
	}
};

static const phy_init_config training_16g_table_38 = {
	0x00030000, 10, false,
	{
		{{0x0040, 0x0e0e}}, {{0x0041, 0x0e0e}}, {{0x0042, 0x0e0e}}, {{0x0043, 0x0e0e}},
		{{0x0330, 0x0033}}, {{0x1040, 0x0e0e}}, {{0x1041, 0x0e0e}}, {{0x1042, 0x0e0e}},
		{{0x1043, 0x0e0e}}, {{0x1330, 0x0033}},
	}
};

static const phy_init_config training_16g_table_39 = {
	0x00020000, 1, false,
	{
		{{0x0331, 0x0033}},
	}
};

static const phy_init_config training_16g_table_40 = {
	0x00010000, 20, false,
	{
		{{0x0048, 0x0e00}}, {{0x004a, 0x0e00}}, {{0x004b, 0x0e00}}, {{0x004c, 0x0e00}},
		{{0x004d, 0x0e00}}, {{0x1048, 0x0e00}}, {{0x104a, 0x0e00}}, {{0x104b, 0x0e00}},
		{{0x104c, 0x0e00}}, {{0x104d, 0x0e00}}, {{0x2048, 0x0e00}}, {{0x204a, 0x0e00}},
		{{0x204b, 0x0e00}}, {{0x204c, 0x0e00}}, {{0x204d, 0x0e00}}, {{0x3048, 0x0e00}},
		{{0x304a, 0x0e00}}, {{0x304b, 0x0e00}}, {{0x304c, 0x0e00}}, {{0x304d, 0x0e00}},
	}
};

static const phy_init_config training_16g_table_41 = {
	0x00030000, 14, false,
	{
		{{0x0048, 0x0c00}}, {{0x0049, 0x0c00}}, {{0x004a, 0x0c00}}, {{0x004b, 0x0c00}},
		{{0x1048, 0x0c00}}, {{0x1049, 0x0c00}}, {{0x104a, 0x0c00}}, {{0x104b, 0x0c00}},
		{{0x0033, 0x0000}}, {{0x0034, 0x0000}}, {{0x002e, 0x0000}}, {{0x1033, 0x0000}},
		{{0x1034, 0x0000}}, {{0x102e, 0x0000}},
	}
};

static const phy_init_config training_16g_table_42 = {
	0x00010000, 12, false,
	{
		{{0x0033, 0x0000}}, {{0x002e, 0x0000}}, {{0x002f, 0x0000}}, {{0x1033, 0x0000}},
		{{0x102e, 0x0000}}, {{0x102f, 0x0000}}, {{0x2033, 0x0000}}, {{0x202e, 0x0000}},
		{{0x202f, 0x0000}}, {{0x3033, 0x0000}}, {{0x302e, 0x0000}}, {{0x302f, 0x0000}},
	}
};

static const phy_init_config training_16g_table_43 = {
	0x00020000, 1, false,
	{
		{{0x0015, 0x0000}},
	}
};

static const phy_init_config training_16g_table_44 = {
	0x00090000, 1, false,
	{
		{{0x0806, 0x0000}},
	}
};

static const phy_init_config training_16g_table_45 = {
	0x00010000, 12, false,
	{
		{{0x00e8, 0x0000}}, {{0x00e9, 0x0035}}, {{0x10e8, 0x0000}}, {{0x10e9, 0x0035}},
		{{0x20e8, 0x0000}}, {{0x20e9, 0x0035}}, {{0x30e8, 0x0000}}, {{0x30e9, 0x0035}},
		{{0x0001, 0x0000}}, {{0x1001, 0x0000}}, {{0x2001, 0x0000}}, {{0x3001, 0x0000}},
	}
};

static const phy_init_config training_16g_table_46 = {
	0x00020000, 7, false,
	{
		{{0x0012, 0xa1a1}}, {{0x0017, 0x0040}}, {{0x000a, 0x0040}}, {{0x0186, 0x00a1}},
		{{0x0187, 0x0040}}, {{0x0010, 0x005a}}, {{0x0011, 0x006f}},
	}
};

static const phy_init_config training_16g_table_47 = {
	0x00090000, 2, false,
	{
		{{0x080b, 0x002f}}, {{0x080c, 0x006f}},
	}
};

static const phy_init_config training_16g_table_48 = {
	0x00010000, 12, false,
	{
		{{0x00a5, 0x0001}}, {{0x10a5, 0x0001}}, {{0x20a5, 0x0001}}, {{0x30a5, 0x0001}},
		{{0x0014, 0x3232}}, {{0x1014, 0x3232}}, {{0x2014, 0x3232}}, {{0x3014, 0x3232}},
		{{0x000f, 0x0a86}}, {{0x100f, 0x0a86}}, {{0x200f, 0x0a86}}, {{0x300f, 0x0a86}},
	}
};

static const phy_init_config training_16g_table_49 = {
	0x00020000, 20, false,
	{
		{{0x0035, 0x0c04}}, {{0x0036, 0x0c04}}, {{0x0037, 0x0410}}, {{0x0037, 0x0450}},
		{{0x0038, 0x1b14}}, {{0x0039, 0x0c14}}, {{0x003a, 0x0c14}}, {{0x003b, 0x0420}},
		{{0x003c, 0x2b24}}, {{0x003d, 0x0c00}}, {{0x003e, 0x0c00}}, {{0x003f, 0x040c}},
		{{0x0040, 0x1310}}, {{0x002c, 0x0833}}, {{0x002d, 0x0833}}, {{0x0030, 0x0833}},
		{{0x002e, 0x0813}}, {{0x002f, 0x0813}}, {{0x000c, 0x0000}}, {{0x001b, 0x0000}},
	}
};

static const phy_init_config training_16g_table_50 = {
	0x00010000, 4, false,
	{
		{{0x0007, 0x0000}}, {{0x1007, 0x0000}}, {{0x2007, 0x0000}}, {{0x3007, 0x0000}},
	}
};

static const phy_init_config training_16g_table_51 = {
	0x000c0000, 1, false,
	{
		{{0x0080, 0x0003}},
	}
};

static const phy_init_config training_16g_table_52 = {
	0x000d0000, 1, false,
	{
		{{0x0000, 0x0000}},
	}
};

static const phy_init_config training_16g_table_53 = {
	0x00058000, 1234, true,
	{
		{{0x0100, 0x0000}}, {{0x0000, 0x10a8}}, {{0x0004, 0x0004}}, {{0x0000, 0x0000}},
		{{0x125f, 0x0004}}, {{0x0000, 0x0001}}, {{0x0000, 0x0100}}, {{0x000f, 0x0000}},
		{{0x0000, 0x0000}}, {{0x0310, 0x0000}}, {{0x0000, 0x0000}}, {{0x0000, 0x0000}},
		{{0x0000, 0x0000}}, {{0x0000, 0x0000}}, {{0x0000, 0x0000}}, {{0x0000, 0x1000}},
		{{0x0003, 0x0000}}, {{0x0000, 0x0000}}, {{0x0000, 0x0000}}, {{0x0000, 0x0000}},
		{{0x0000, 0x0000}}, {{0x0000, 0x0000}}, {{0x0000, 0x7070}}, {{0x7070, 0x7777}},
		{{0x7777, 0xc1c1}}, {{0xc1c1, 0x5858}}, {{0x5858, 0x6363}}, {{0x6363, 0x2727}},
		{{0x2727, 0x2121}}, {{0x2121, 0x2828}}, {{0x2828, 0x2828}}, {{0x2828, 0x0000}},
		{{0x0000, 0x3e3e}}, {{0x3e3e, 0x1d1d}}, {{0x1d1d, 0x1010}}, {{0x1010, 0x0202}},
		{{0x0202, 0x0000}}, {{0x0000, 0x0000}}, {{0x0000, 0x1111}}, {{0x1111, 0x0000}},
		{{0x0000, 0x0000}}, {{0x0000, 0x0000}}, {{0x0000, 0x0808}}, {{0x0808, 0x0000}},
		{{0x0000, 0x0000}}, {{0x0000, 0x0000}}, {{0x0000, 0x0000}}, {{0x0000, 0x0000}},
		{{0x0000, 0x0000}}, {{0x0000, 0x0000}}, {{0x0000, 0x2020}}, {{0x2020, DISABLE_DDR_2D_TRAINING}},
		{{0x0000, 0x0000}}, {{0x0000, 0x0000}}, {{0x0000, 0x0000}}, {{0x0000, 0x0000}},
		{{0x0000, 0x0000}}, {{0x0000, 0x0000}}, {{0x002e, 0x0050}}, {{0x0000, 0x0000}},
		{{0x0000, 0x0000}}, {{0x0000, 0x0000}}, {{0x0000, 0x0000}}, {{0x0000, 0x0000}},
		{{0x0001, 0x3307}}, {{0x0033, 0x0000}}, {{0x0000, 0x0000}}, {{0x0000, 0x0000}},
		{{0x0000, 0x0000}}, {{0x0000, 0x0000}}, {{0x0000, 0x0000}}, {{0x0000, 0x0000}},
		{{0x0000, 0x0000}}, {{0x0000, 0x0000}}, {{0x0000, 0x0000}}, {{0x0000, 0x0000}},
		{{0x0000, 0x0000}}, {{0x0000, 0x0000}}, {{0x0000, 0x0000}}, {{0x0000, 0x0000}},
		{{0x0000, 0x0000}}, {{0x0000, 0x0000}}, {{0x0000, 0x0000}}, {{0x0000, 0x0000}},
		{{0x0000, 0x0000}}, {{0x0000, 0x0000}}, {{0x0000, 0x0000}}, {{0x0000, 0x0000}},
		{{0x0000, 0x0000}}, {{0x0000, 0x0000}}, {{0x0000, 0x0000}}, {{0x0000, 0x0000}},
		{{0x0000, 0x0000}}, {{0x0000, 0x0000}}, {{0x0000, 0x0000}}, {{0x0000, 0x0000}},
		{{0x0000, 0x0000}}, {{0x0000, 0x0000}}, {{0x0000, 0x0000}}, {{0x0000, 0x0000}},
		{{0x0000, 0x0000}}, {{0x0000, 0x0000}}, {{0x0000, 0x0000}}, {{0x0000, 0x0000}},
		{{0x0000, 0x0000}}, {{0x0000, 0x0000}}, {{0x0000, 0x0000}}, {{0x0000, 0x0000}},
		{{0x0000, 0x0000}}, {{0x0000, 0x0000}}, {{0x0000, 0x0000}}, {{0x0000, 0x0000}},
		{{0x0000, 0x0000}}, {{0x0000, 0x0000}}, {{0x0000, 0x0000}}, {{0x0000, 0x0000}},
		{{0x0000, 0x0000}}, {{0x0000, 0x0000}}, {{0x0000, 0x0000}}, {{0x0000, 0x0000}},
		{{0x0000, 0x0000}}, {{0x0000, 0x0000}}, {{0x0000, 0x0000}}, {{0x0000, 0x0000}},
		{{0x0000, 0x0000}}, {{0x0000, 0x0000}}, {{0x0000, 0x0000}}, {{0x0000, 0x0000}},
		{{0x0000, 0x0000}}, {{0x0000, 0x0000}}, {{0x0000, 0x0000}}, {{0x0000, 0x0000}},
		{{0x0000, 0x0000}}, {{0x0000, 0x0000}}, {{0x0000, 0x0000}}, {{0x0000, 0x0000}},
		{{0x0000, 0x0000}}, {{0x0000, 0x0000}}, {{0x0000, 0x0000}}, {{0x0000, 0x0000}},
		{{0x0000, 0x0000}}, {{0x0000, 0x0000}}, {{0x0000, 0x0000}}, {{0x0000, 0x0000}},
		{{0x0000, 0x0000}}, {{0x0000, 0x0000}}, {{0x0000, 0x0000}}, {{0x0000, 0x0000}},
		{{0x0000, 0x0000}}, {{0x0000, 0x0000}}, {{0x0000, 0x0000}}, {{0x0000, 0x0000}},
		{{0x0000, 0x0000}}, {{0x0000, 0x0000}}, {{0x0000, 0x0000}}, {{0x0000, 0x0000}},
		{{0x0000, 0x0000}}, {{0x0000, 0x0000}}, {{0x0000, 0x0000}}, {{0x0000, 0x0000}},
		{{0x0000, 0x0000}}, {{0x0000, 0x0000}}, {{0x0000, 0x0000}}, {{0x0000, 0x0000}},
		{{0x0000, 0x0000}}, {{0x0000, 0x0000}}, {{0x0000, 0x0000}}, {{0x0000, 0x0000}},
		{{0x0000, 0x0000}}, {{0x0000, 0x0000}}, {{0x0000, 0x0000}}, {{0x0000, 0x0000}},
		{{0x0000, 0x0000}}, {{0x0000, 0x0000}}, {{0x0000, 0x0000}}, {{0x0000, 0x0000}},
		{{0x0000, 0x0000}}, {{0x0000, 0x0000}}, {{0x0000, 0x0000}}, {{0x0000, 0x0000}},
		{{0x0000, 0x0000}}, {{0x0000, 0x0000}}, {{0x0000, 0x0000}}, {{0x0000, 0x0000}},
		{{0x0000, 0x0000}}, {{0x0000, 0x0000}}, {{0x0000, 0x0000}}, {{0x0000, 0x0000}},
		{{0x0000, 0x0000}}, {{0x0000, 0x0000}}, {{0x0000, 0x0000}}, {{0x0000, 0x0000}},
		{{0x0000, 0x0000}}, {{0x0000, 0x0000}}, {{0x0000, 0x0000}}, {{0x0000, 0x0000}},
		{{0x0000, 0x0000}}, {{0x0000, 0x0000}}, {{0x0000, 0x0000}}, {{0x0000, 0x0000}},
		{{0x0000, 0x0000}}, {{0x0000, 0x0000}}, {{0x0000, 0x0000}}, {{0x0000, 0x0000}},
		{{0x0000, 0x0000}}, {{0x0000, 0x0000}}, {{0x0000, 0x0000}}, {{0x0000, 0x0000}},
		{{0x0000, 0x0000}}, {{0x0000, 0x0000}}, {{0x0000, 0x0000}}, {{0x0000, 0x0000}},
		{{0x0000, 0x0000}}, {{0x0000, 0x0000}}, {{0x0000, 0x0000}}, {{0x0000, 0x0000}},
		{{0x0000, 0x0000}}, {{0x0000, 0x0000}}, {{0x0000, 0x0000}}, {{0x0000, 0x0000}},
		{{0x0000, 0x0000}}, {{0x0000, 0x0000}}, {{0x0000, 0x0000}}, {{0x0000, 0x0000}},
		{{0x0000, 0x0000}}, {{0x0000, 0x0000}}, {{0x0000, 0x0000}}, {{0x0000, 0x0000}},
		{{0x0000, 0x0000}}, {{0x0000, 0x0000}}, {{0x0000, 0x0000}}, {{0x0000, 0x0000}},
		{{0x0000, 0x0000}}, {{0x0000, 0x0000}}, {{0x0000, 0x0000}}, {{0x0000, 0x0000}},
		{{0x0000, 0x0000}}, {{0x0000, 0x0000}}, {{0x0000, 0x0000}}, {{0x0000, 0x0000}},
		{{0x0000, 0x0000}}, {{0x0000, 0x0000}}, {{0x0000, 0x0000}}, {{0x0000, 0x0000}},
		{{0x0000, 0x0000}}, {{0x0000, 0x0000}}, {{0x0000, 0x0000}}, {{0x0000, 0x0000}},
		{{0x0000, 0x0000}}, {{0x0000, 0x0000}}, {{0x0000, 0x0000}}, {{0x0000, 0x0000}},
		{{0x0000, 0x0000}}, {{0x0000, 0x0000}}, {{0x0000, 0x0000}}, {{0x0000, 0x0000}},
		{{0x0000, 0x0000}}, {{0x0000, 0x0000}}, {{0x0500, 0x0000}}, {{0x0000, 0x0000}},
		{{0x0000, 0x0000}}, {{0x0000, 0x0000}}, {{0x0000, 0x0000}}, {{0x0000, 0x0000}},
		{{0x0000, 0x0000}}, {{0x6745, 0x00f2}}, {{0x0000, 0x0000}}, {{0x0000, 0x0000}},
		{{0x0000, 0x0000}}, {{0x0000, 0x0000}}, {{0x0000, 0x0004}}, {{0x0000, 0x0000}},
		{{0x0000, 0x0000}}, {{0x0000, 0x0000}}, {{0x0000, 0x0000}}, {{0x0000, 0x0000}},
		{{0x0000, 0x0000}}, {{0x0000, 0x0000}}, {{0x0000, 0x0004}}, {{0x0000, 0x0000}},
		{{0x0000, 0x0000}}, {{0x0000, 0x0000}}, {{0x0000, 0x0004}}, {{0x0e0c, 0x180f}},
		{{0x001e, 0x0000}}, {{0x0000, 0x0000}}, {{0x0000, 0x0000}}, {{0x0000, 0x0000}},
		{{0x1210, 0x0201}}, {{0x1403, 0x1c0a}}, {{0x2e29, 0x0b11}}, {{0x150d, 0x1916}},
		{{0x0e0c, 0x180f}}, {{0x131e, 0x0000}}, {{0x0000, 0x0003}}, {{0x0000, 0x0001}},
		{{0x0000, 0x0002}}, {{0x0000, 0x0009}}, {{0x0006, 0x0008}}, {{0x0002, 0x0005}},
		{{0x0024, 0x0010}}, {{0x0026, 0x0012}}, {{0x004e, 0x0050}}, {{0x0012, 0x0186}},
		{{0x0187, 0x000a}}, {{0x0017, 0x0015}}, {{0x004e, 0x000d}}, {{0x006e, 0x0002}},
		{{0x0001, 0x0060}}, {{0x0007, 0x0000}}, {{0x0011, 0x0007}}, {{0x0000, 0x005a}},
		{{0x002a, 0x0060}}, {{0x005e, 0x0028}}, {{0x005c, 0x0062}}, {{0x0020, 0x0064}},
		{{0x0066, 0x000c}}, {{0x00d9, 0x00af}}, {{0x00ad, 0x0000}}, {{0x0015, 0x0016}},
		{{0x00d0, 0x00d1}}, {{0x00d2, 0x00d3}}, {{0x00d4, 0x0005}}, {{0x000b, 0x0007}},
		{{0x0028, 0x0215}}, {{0x000a, 0x0085}}, {{0x0004, 0x0004}}, {{0x0001, 0x0001}},
		{{0x0001, 0x0003}}, {{0x0004, 0x0215}}, {{0x042b, 0x0085}}, {{0x010b, 0x0004}},
		{{0x0006, 0x0000}}, {{0x0002, 0x0002}}, {{0x0003, 0x0005}}, {{0x042b, 0x0640}},
		{{0x010b, 0x0190}}, {{0x0006, 0x0008}}, {{0x0001, 0x0003}}, {{0x0002, 0x0004}},
		{{0x0006, 0x0640}}, {{0x0855, 0x0190}}, {{0x0215, 0x0008}}, {{0x000a, 0x0002}},
		{{0x0004, 0x0003}}, {{0x0004, 0x0007}}, {{0x0855, 0x0abe}}, {{0x0215, 0x02b0}},
		{{0x0008, 0x000e}}, {{0x0001, 0x0007}}, {{0x0004, 0x0004}}, {{0x0008, 0x0abe}},
		{{0x0c80, 0x02b0}}, {{0x0320, 0x000a}}, {{0x0010, 0x0003}}, {{0x0009, 0x0004}},
		{{0x0004, 0x0008}}, {{0x0000, 0x0000}}, {{0x0000, 0x0000}}, {{0x0000, 0x0000}},
		{{0x0000, 0x0000}}, {{0x0000, 0x0000}}, {{0x0000, 0x0000}}, {{0x0000, 0x0000}},
		{{0x0000, 0x0000}}, {{0x0000, 0x0000}}, {{0x0000, 0x0000}}, {{0x0000, 0x0000}},
		{{0x0000, 0x0000}}, {{0x0000, 0x0000}}, {{0x0000, 0x0000}}, {{0x0000, 0x0000}},
		{{0x0000, 0x0000}}, {{0x0000, 0x0000}}, {{0x0000, 0x0000}}, {{0x0000, 0x0000}},
		{{0x0000, 0x0000}}, {{0x0000, 0x0000}}, {{0x0000, 0x0000}}, {{0x0000, 0x0000}},
		{{0x0000, 0x0000}}, {{0x0000, 0x0000}}, {{0x0000, 0x0000}}, {{0x0000, 0x0000}},
		{{0x0000, 0x0000}}, {{0x0000, 0x0000}}, {{0x0000, 0x0000}}, {{0x0000, 0x0000}},
		{{0x0000, 0x0000}}, {{0x0000, 0x0000}}, {{0x0028, 0x0215}}, {{0x0005, 0x0043}},
		{{0x0002, 0x0002}}, {{0x0000, 0x0000}}, {{0x0001, 0x0002}}, {{0x0003, 0x0215}},
		{{0x042b, 0x0043}}, {{0x0085, 0x0002}}, {{0x0003, 0x0000}}, {{0x0001, 0x0001}},
		{{0x0002, 0x0003}}, {{0x042b, 0x0640}}, {{0x0085, 0x00c8}}, {{0x0003, 0x0004}},
		{{0x0001, 0x0002}}, {{0x0001, 0x0002}}, {{0x0003, 0x0640}}, {{0x0855, 0x00c8}},
		{{0x010b, 0x0004}}, {{0x0005, 0x0001}}, {{0x0002, 0x0002}}, {{0x0002, 0x0004}},
		{{0x0855, 0x0abe}}, {{0x010b, 0x0158}}, {{0x0004, 0x0007}}, {{0x0001, 0x0004}},
		{{0x0002, 0x0002}}, {{0x0004, 0x0abe}}, {{0x0c80, 0x0158}}, {{0x0190, 0x0005}},
		{{0x0008, 0x0002}}, {{0x0005, 0x0002}}, {{0x0002, 0x0004}}, {{0x0c80, 0x0e95}},
		{{0x0190, 0x01d3}}, {{0x0006, 0x0009}}, {{0x0002, 0x0005}}, {{0x0003, 0x0002}},
		{{0x0005, 0x0e95}}, {{0x10ab, 0x01d3}}, {{0x0215, 0x0006}}, {{0x000b, 0x0002}},
		{{0x0007, 0x0003}}, {{0x0002, 0x0005}}, {{0x10ab, 0x12c0}}, {{0x0215, 0x0258}},
		{{0x0007, 0x000c}}, {{0x0003, 0x0008}}, {{0x0003, 0x0002}}, {{0x0005, 0x12c0}},
		{{0x157c, 0x0258}}, {{0x02b0, 0x0008}}, {{0x000e, 0x0003}}, {{0x0009, 0x0004}},
		{{0x0002, 0x0006}}, {{0x157c, 0x1770}}, {{0x02b0, 0x02ee}}, {{0x0009, 0x000f}},
		{{0x0004, 0x000a}}, {{0x0004, 0x0002}}, {{0x0006, 0x1770}}, {{0x1900, 0x02ee}},
		{{0x0320, 0x0009}}, {{0x0010, 0x0004}}, {{0x000b, 0x0004}}, {{0x0002, 0x0006}},
		{{0x0028, 0x0215}}, {{0x000a, 0x0085}}, {{0x0006, 0x0006}}, {{0x0006, 0x0000}},
		{{0x0000, 0x0000}}, {{0x0001, 0x0006}}, {{0x0007, 0x0215}}, {{0x042b, 0x0085}},
		{{0x010b, 0x0008}}, {{0x0008, 0x0008}}, {{0x0000, 0x0000}}, {{0x0000, 0x0002}},
		{{0x0007, 0x0009}}, {{0x042b, 0x0640}}, {{0x010b, 0x0190}}, {{0x000a, 0x000a}},
		{{0x000c, 0x0001}}, {{0x0001, 0x0003}}, {{0x0002, 0x0008}}, {{0x000a, 0x0640}},
		{{0x0855, 0x0190}}, {{0x0215, 0x000c}}, {{0x000e, 0x000e}}, {{0x0002, 0x0004}},
		{{0x0004, 0x0003}}, {{0x0008, 0x000b}}, {{0x0855, 0x0abe}}, {{0x0215, 0x02b0}},
		{{0x0010, 0x0010}}, {{0x0012, 0x0003}}, {{0x0003, 0x0005}}, {{0x0004, 0x000a}},
		{{0x000e, 0x0abe}}, {{0x0c80, 0x02b0}}, {{0x0320, 0x0012}}, {{0x0014, 0x0014}},
		{{0x0005, 0x0007}}, {{0x0007, 0x0004}}, {{0x000a, 0x000e}}, {{0x0000, 0x0000}},
		{{0x0000, 0x0000}}, {{0x0000, 0x0000}}, {{0x0000, 0x0000}}, {{0x0000, 0x0000}},
		{{0x0000, 0x0000}}, {{0x0000, 0x0000}}, {{0x0000, 0x0000}}, {{0x0000, 0x0000}},
		{{0x0000, 0x0000}}, {{0x0000, 0x0000}}, {{0x0000, 0x0000}}, {{0x0000, 0x0000}},
		{{0x0000, 0x0000}}, {{0x0000, 0x0000}}, {{0x0000, 0x0000}}, {{0x0000, 0x0000}},
		{{0x0000, 0x0000}}, {{0x0000, 0x0000}}, {{0x0000, 0x0000}}, {{0x0000, 0x0000}},
		{{0x0000, 0x0000}}, {{0x0000, 0x0000}}, {{0x0000, 0x0000}}, {{0x0000, 0x0000}},
		{{0x0000, 0x0000}}, {{0x0000, 0x0000}}, {{0x0000, 0x0000}}, {{0x0000, 0x0000}},
		{{0x0000, 0x0000}}, {{0x0000, 0x0000}}, {{0x0000, 0x0000}}, {{0x0000, 0x0000}},
		{{0x0000, 0x0000}}, {{0x0000, 0x0000}}, {{0x0000, 0x0000}}, {{0x0000, 0x0000}},
		{{0x0000, 0x0000}}, {{0x0000, 0x0000}}, {{0x0028, 0x0215}}, {{0x0005, 0x0043}},
		{{0x0003, 0x0003}}, {{0x0003, 0x0000}}, {{0x0000, 0x0000}}, {{0x0001, 0x0003}},
		{{0x0004, 0x0215}}, {{0x042b, 0x0043}}, {{0x0085, 0x0004}}, {{0x0004, 0x0004}},
		{{0x0000, 0x0000}}, {{0x0000, 0x0001}}, {{0x0004, 0x0005}}, {{0x042b, 0x0640}},
		{{0x0085, 0x00c8}}, {{0x0005, 0x0005}}, {{0x0005, 0x0001}}, {{0x0001, 0x0002}},
		{{0x0001, 0x0004}}, {{0x0005, 0x0640}}, {{0x0855, 0x00c8}}, {{0x010b, 0x0006}},
		{{0x0007, 0x0007}}, {{0x0001, 0x0002}}, {{0x0002, 0x0002}}, {{0x0004, 0x0006}},
		{{0x0855, 0x0abe}}, {{0x010b, 0x0158}}, {{0x0008, 0x0008}}, {{0x0009, 0x0002}},
		{{0x0002, 0x0003}}, {{0x0002, 0x0005}}, {{0x0007, 0x0abe}}, {{0x0c80, 0x0158}},
		{{0x0190, 0x0009}}, {{0x000a, 0x000a}}, {{0x0003, 0x0004}}, {{0x0004, 0x0002}},
		{{0x0005, 0x0007}}, {{0x0c80, 0x0e95}}, {{0x0190, 0x01d3}}, {{0x000a, 0x000b}},
		{{0x000c, 0x0003}}, {{0x0004, 0x0005}}, {{0x0003, 0x0005}}, {{0x0008, 0x0e95}},
		{{0x10ab, 0x01d3}}, {{0x0215, 0x000c}}, {{0x000d, 0x000e}}, {{0x0004, 0x0005}},
		{{0x0006, 0x0003}}, {{0x0006, 0x0009}}, {{0x10ab, 0x12c0}}, {{0x0215, 0x0258}},
		{{0x000d, 0x000e}}, {{0x000f, 0x0005}}, {{0x0006, 0x0007}}, {{0x0003, 0x0006}},
		{{0x0009, 0x12c0}}, {{0x157c, 0x0258}}, {{0x02b0, 0x000f}}, {{0x0010, 0x0011}},
		{{0x0006, 0x0007}}, {{0x0008, 0x0004}}, {{0x0006, 0x000a}}, {{0x157c, 0x1770}},
		{{0x02b0, 0x02ee}}, {{0x0010, 0x0011}}, {{0x0013, 0x0006}}, {{0x0007, 0x0009}},
		{{0x0004, 0x0007}}, {{0x000b, 0x1770}}, {{0x1900, 0x02ee}}, {{0x0320, 0x0011}},
		{{0x0012, 0x0014}}, {{0x0007, 0x0008}}, {{0x000a, 0x0004}}, {{0x0007, 0x000b}},
		{{0x0607, 0x0405}}, {{0x0203, 0x0001}}, {{0x0a09, 0x0c0b}}, {{0x0e0d, 0x000f}},
		{{0x008b, 0x0001}},
	}
};

const phy_init_config* lp5_pre_train_table[] = {
	&training_16g_table_0,
	&training_16g_table_1,
	&training_16g_table_2,
	&training_16g_table_3,
	&training_16g_table_4,
	&training_16g_table_5,
	&training_16g_table_6,
	&training_16g_table_7,
	&training_16g_table_8,
	&training_16g_table_9,
	&training_16g_table_10,
	&training_fw_table,
	&training_16g_table_11,
	&training_16g_table_12,
	&training_16g_table_13,
	&training_16g_table_14,
	&training_16g_table_15,
	&training_16g_table_16,
	&training_16g_table_17,
	&training_16g_table_18,
	&training_16g_table_19,
	&training_16g_table_20,
	&training_16g_table_21,
	&training_16g_table_22,
	&training_16g_table_23,
	&training_16g_table_24,
	&training_16g_table_25,
	&training_16g_table_26,
	&training_16g_table_27,
	&training_16g_table_28,
	&training_16g_table_29,
	&training_16g_table_30,
	&training_16g_table_31,
	&training_16g_table_32,
	&training_16g_table_33,
	&training_16g_table_34,
	&training_16g_table_35,
	&training_16g_table_36,
	&training_16g_table_37,
	&training_16g_table_38,
	&training_16g_table_39,
	&training_16g_table_40,
	&training_16g_table_41,
	&training_16g_table_42,
	&training_16g_table_43,
	&training_16g_table_44,
	&training_16g_table_45,
	&training_16g_table_46,
	&training_16g_table_47,
	&training_16g_table_48,
	&training_16g_table_49,
	&training_16g_table_50,
	&training_16g_table_51,
	&training_16g_table_52,
	&training_16g_table_53,
	NULL,
};

#else

static const phy_init_config training_4g_table_0 = {
	0x00020000, 2, false,
	{
		{{0x0060, 0x0002}}, {{0x00a5, 0x0001}},
	}
};

static const phy_init_config training_4g_table_1 = {
	0x000d0000, 1, false,
	{
		{{0x0036, 0x0000}},
	}
};

static const phy_init_config training_4g_table_2 = {
	0x00020000, 7, false,
	{
		{{0x00bd, 0x00ff}}, {{0x0300, 0x0808}}, {{0x0303, 0x0009}}, {{0x0302, 0x0026}},
		{{0x0328, 0x0000}}, {{0x0301, 0x0003}}, {{0x030b, 0x0000}},
	}
};

static const phy_init_config training_4g_table_3 = {
	0x00030000, 8, false,
	{
		{{0x00a7, 0x0000}}, {{0x10a7, 0x0000}}, {{0x00ae, 0x0280}}, {{0x00ad, 0x0280}},
		{{0x00ac, 0x0280}}, {{0x10ae, 0x0280}}, {{0x10ad, 0x0280}}, {{0x10ac, 0x0280}},
	}
};

static const phy_init_config training_4g_table_4 = {
	0x000c0000, 1, false,
	{
		{{0x0086, 0x0001}},
	}
};

static const phy_init_config training_4g_table_5 = {
	0x00020000, 1, false,
	{
		{{0x011b, 0x0000}},
	}
};

static const phy_init_config training_4g_table_6 = {
	0x00010000, 4, false,
	{
		{{0x00a3, 0x0911}}, {{0x10a3, 0x091d}}, {{0x20a3, 0x0911}}, {{0x30a3, 0x091d}},
	}
};

static const phy_init_config training_4g_table_7 = {
	0x000c0000, 12, false,
	{
		{{0x00f1, 0x6000}}, {{0x00f2, 0x00a9}}, {{0x00f3, 0x8000}}, {{0x00f4, 0x0005}},
		{{0x00f5, 0x4000}}, {{0x00f6, 0x0002}}, {{0x00f7, 0xf000}}, {{0x00f9, 0x6000}},
		{{0x00fa, 0x00a9}}, {{0x00fb, 0x8000}}, {{0x00fd, 0x4000}}, {{0x00ff, 0xf000}},
	}
};

static const phy_init_config training_4g_table_8 = {
	0x00090000, 1, false,
	{
		{{0x08ff, 0x000f}},
	}
};

static const phy_init_config training_4g_table_9 = {
	0x00010000, 4, false,
	{
		{{0x0093, 0x0000}}, {{0x1093, 0x0000}}, {{0x2093, 0x0000}}, {{0x3093, 0x0000}},
	}
};

static const phy_init_config training_4g_table_10 = {
	0x00020000, 1, false,
	{
		{{0x0051, 0x0003}},
	}
};

static const phy_init_config training_4g_table_11 = {
	0x00090000, 1, false,
	{
		{{0x0802, 0x0001}},
	}
};

static const phy_init_config training_4g_table_12 = {
	0x00020000, 4, false,
	{
		{{0x004c, 0x2e8f}}, {{0x004d, 0x0000}}, {{0x0002, 0x0002}}, {{0x0000, 0x0002}},
	}
};

static const phy_init_config training_4g_table_13 = {
	0x00090000, 2, false,
	{
		{{0x0801, 0x004d}}, {{0x0809, 0x7000}},
	}
};

static const phy_init_config training_4g_table_14 = {
	0x00010000, 24, false,
	{
		{{0x005e, 0x0366}}, {{0x0060, 0x0366}}, {{0x0062, 0x0366}}, {{0x0064, 0x0366}},
		{{0x105e, 0x0366}}, {{0x1060, 0x0366}}, {{0x1062, 0x0366}}, {{0x1064, 0x0366}},
		{{0x205e, 0x0366}}, {{0x2060, 0x0366}}, {{0x2062, 0x0366}}, {{0x2064, 0x0366}},
		{{0x305e, 0x0366}}, {{0x3060, 0x0366}}, {{0x3062, 0x0366}}, {{0x3064, 0x0366}},
		{{0x0005, 0x0000}}, {{0x000b, 0x0000}}, {{0x1005, 0x0000}}, {{0x100b, 0x0000}},
		{{0x2005, 0x0000}}, {{0x200b, 0x0000}}, {{0x3005, 0x0000}}, {{0x300b, 0x0000}},
	}
};

static const phy_init_config training_4g_table_15 = {
	0x00020000, 2, false,
	{
		{{0x0007, 0x0200}}, {{0x0013, 0x002c}},
	}
};

static const phy_init_config training_4g_table_16 = {
	0x00030000, 6, false,
	{
		{{0x0038, 0x0003}}, {{0x0039, 0x0003}}, {{0x003a, 0x0003}}, {{0x1038, 0x0003}},
		{{0x1039, 0x0003}}, {{0x103a, 0x0003}},
	}
};

static const phy_init_config training_4g_table_17 = {
	0x00010000, 28, false,
	{
		{{0x0038, 0x0003}}, {{0x003a, 0x0003}}, {{0x1038, 0x0003}}, {{0x103a, 0x0003}},
		{{0x2038, 0x0003}}, {{0x203a, 0x0003}}, {{0x3038, 0x0003}}, {{0x303a, 0x0003}},
		{{0x003b, 0x0003}}, {{0x103b, 0x0003}}, {{0x203b, 0x0003}}, {{0x303b, 0x0003}},
		{{0x0009, 0x0000}}, {{0x0037, 0x0000}}, {{0x1009, 0x0000}}, {{0x1037, 0x0000}},
		{{0x2009, 0x0000}}, {{0x2037, 0x0000}}, {{0x3009, 0x0000}}, {{0x3037, 0x0000}},
		{{0x0004, 0x0000}}, {{0x0003, 0x0000}}, {{0x1004, 0x0000}}, {{0x1003, 0x0000}},
		{{0x2004, 0x0000}}, {{0x2003, 0x0000}}, {{0x3004, 0x0000}}, {{0x3003, 0x0000}},
	}
};

static const phy_init_config training_4g_table_18 = {
	0x00020000, 1, false,
	{
		{{0x0004, 0x0320}},
	}
};

static const phy_init_config training_4g_table_19 = {
	0x00030000, 8, false,
	{
		{{0x0050, 0x002c}}, {{0x0051, 0x002c}}, {{0x0052, 0x002c}}, {{0x0053, 0x002c}},
		{{0x1050, 0x002c}}, {{0x1051, 0x002c}}, {{0x1052, 0x002c}}, {{0x1053, 0x002c}},
	}
};

static const phy_init_config training_4g_table_20 = {
	0x00010000, 144, false,
	{
		{{0x004e, 0x002c}}, {{0x004f, 0x002c}}, {{0x0050, 0x002c}}, {{0x0051, 0x002c}},
		{{0x014e, 0x002c}}, {{0x014f, 0x002c}}, {{0x0150, 0x002c}}, {{0x0151, 0x002c}},
		{{0x024e, 0x002c}}, {{0x024f, 0x002c}}, {{0x0250, 0x002c}}, {{0x0251, 0x002c}},
		{{0x034e, 0x002c}}, {{0x034f, 0x002c}}, {{0x0350, 0x002c}}, {{0x0351, 0x002c}},
		{{0x044e, 0x002c}}, {{0x044f, 0x002c}}, {{0x0450, 0x002c}}, {{0x0451, 0x002c}},
		{{0x054e, 0x002c}}, {{0x054f, 0x002c}}, {{0x0550, 0x002c}}, {{0x0551, 0x002c}},
		{{0x064e, 0x002c}}, {{0x064f, 0x002c}}, {{0x0650, 0x002c}}, {{0x0651, 0x002c}},
		{{0x074e, 0x002c}}, {{0x074f, 0x002c}}, {{0x0750, 0x002c}}, {{0x0751, 0x002c}},
		{{0x084e, 0x002c}}, {{0x084f, 0x002c}}, {{0x0850, 0x002c}}, {{0x0851, 0x002c}},
		{{0x104e, 0x002c}}, {{0x104f, 0x002c}}, {{0x1050, 0x002c}}, {{0x1051, 0x002c}},
		{{0x114e, 0x002c}}, {{0x114f, 0x002c}}, {{0x1150, 0x002c}}, {{0x1151, 0x002c}},
		{{0x124e, 0x002c}}, {{0x124f, 0x002c}}, {{0x1250, 0x002c}}, {{0x1251, 0x002c}},
		{{0x134e, 0x002c}}, {{0x134f, 0x002c}}, {{0x1350, 0x002c}}, {{0x1351, 0x002c}},
		{{0x144e, 0x002c}}, {{0x144f, 0x002c}}, {{0x1450, 0x002c}}, {{0x1451, 0x002c}},
		{{0x154e, 0x002c}}, {{0x154f, 0x002c}}, {{0x1550, 0x002c}}, {{0x1551, 0x002c}},
		{{0x164e, 0x002c}}, {{0x164f, 0x002c}}, {{0x1650, 0x002c}}, {{0x1651, 0x002c}},
		{{0x174e, 0x002c}}, {{0x174f, 0x002c}}, {{0x1750, 0x002c}}, {{0x1751, 0x002c}},
		{{0x184e, 0x002c}}, {{0x184f, 0x002c}}, {{0x1850, 0x002c}}, {{0x1851, 0x002c}},
		{{0x204e, 0x002c}}, {{0x204f, 0x002c}}, {{0x2050, 0x002c}}, {{0x2051, 0x002c}},
		{{0x214e, 0x002c}}, {{0x214f, 0x002c}}, {{0x2150, 0x002c}}, {{0x2151, 0x002c}},
		{{0x224e, 0x002c}}, {{0x224f, 0x002c}}, {{0x2250, 0x002c}}, {{0x2251, 0x002c}},
		{{0x234e, 0x002c}}, {{0x234f, 0x002c}}, {{0x2350, 0x002c}}, {{0x2351, 0x002c}},
		{{0x244e, 0x002c}}, {{0x244f, 0x002c}}, {{0x2450, 0x002c}}, {{0x2451, 0x002c}},
		{{0x254e, 0x002c}}, {{0x254f, 0x002c}}, {{0x2550, 0x002c}}, {{0x2551, 0x002c}},
		{{0x264e, 0x002c}}, {{0x264f, 0x002c}}, {{0x2650, 0x002c}}, {{0x2651, 0x002c}},
		{{0x274e, 0x002c}}, {{0x274f, 0x002c}}, {{0x2750, 0x002c}}, {{0x2751, 0x002c}},
		{{0x284e, 0x002c}}, {{0x284f, 0x002c}}, {{0x2850, 0x002c}}, {{0x2851, 0x002c}},
		{{0x304e, 0x002c}}, {{0x304f, 0x002c}}, {{0x3050, 0x002c}}, {{0x3051, 0x002c}},
		{{0x314e, 0x002c}}, {{0x314f, 0x002c}}, {{0x3150, 0x002c}}, {{0x3151, 0x002c}},
		{{0x324e, 0x002c}}, {{0x324f, 0x002c}}, {{0x3250, 0x002c}}, {{0x3251, 0x002c}},
		{{0x334e, 0x002c}}, {{0x334f, 0x002c}}, {{0x3350, 0x002c}}, {{0x3351, 0x002c}},
		{{0x344e, 0x002c}}, {{0x344f, 0x002c}}, {{0x3450, 0x002c}}, {{0x3451, 0x002c}},
		{{0x354e, 0x002c}}, {{0x354f, 0x002c}}, {{0x3550, 0x002c}}, {{0x3551, 0x002c}},
		{{0x364e, 0x002c}}, {{0x364f, 0x002c}}, {{0x3650, 0x002c}}, {{0x3651, 0x002c}},
		{{0x374e, 0x002c}}, {{0x374f, 0x002c}}, {{0x3750, 0x002c}}, {{0x3751, 0x002c}},
		{{0x384e, 0x002c}}, {{0x384f, 0x002c}}, {{0x3850, 0x002c}}, {{0x3851, 0x002c}},
	}
};

static const phy_init_config training_4g_table_21 = {
	0x00030000, 6, false,
	{
		{{0x0030, 0x0000}}, {{0x0031, 0x0000}}, {{0x0035, 0x0000}}, {{0x1030, 0x0000}},
		{{0x1031, 0x0000}}, {{0x1035, 0x0000}},
	}
};

static const phy_init_config training_4g_table_22 = {
	0x00010000, 12, false,
	{
		{{0x0030, 0x0000}}, {{0x0035, 0x0000}}, {{0x0036, 0x0000}}, {{0x1030, 0x0000}},
		{{0x1035, 0x0000}}, {{0x1036, 0x0000}}, {{0x2030, 0x0000}}, {{0x2035, 0x0000}},
		{{0x2036, 0x0000}}, {{0x3030, 0x0000}}, {{0x3035, 0x0000}}, {{0x3036, 0x0000}},
	}
};

static const phy_init_config training_4g_table_23 = {
	0x00030000, 2, false,
	{
		{{0x003c, 0x0005}}, {{0x103c, 0x0005}},
	}
};

static const phy_init_config training_4g_table_24 = {
	0x00010000, 12, false,
	{
		{{0x003c, 0x0005}}, {{0x003d, 0x0005}}, {{0x003e, 0x0005}}, {{0x103c, 0x0005}},
		{{0x103d, 0x0005}}, {{0x103e, 0x0005}}, {{0x203c, 0x0005}}, {{0x203d, 0x0005}},
		{{0x203e, 0x0005}}, {{0x303c, 0x0005}}, {{0x303d, 0x0005}}, {{0x303e, 0x0005}},
	}
};

static const phy_init_config training_4g_table_25 = {
	0x00020000, 5, false,
	{
		{{0x0003, 0x0001}}, {{0x0001, 0x1122}}, {{0x0009, 0x0000}}, {{0x0008, 0x0001}},
		{{0x00d9, 0x0000}},
	}
};

static const phy_init_config training_4g_table_26 = {
	0x00030000, 2, false,
	{
		{{0x0eef, 0x0000}}, {{0x1eef, 0x0000}},
	}
};

static const phy_init_config training_4g_table_27 = {
	0x00020000, 1, false,
	{
		{{0x0014, 0x1300}},
	}
};

static const phy_init_config training_4g_table_28 = {
	0x00090000, 1, false,
	{
		{{0x080a, 0x1300}},
	}
};

static const phy_init_config training_4g_table_29 = {
	0x00010000, 2, false,
	{
		{{0x0040, 0x0f0f}}, {{0x0042, 0x0f0f}},
	}
};

static const phy_init_config training_4g_table_30 = {
	0x00090000, 1, false,
	{
		{{0x080d, 0x0000}},
	}
};

static const phy_init_config training_4g_table_31 = {
	0x00010000, 5, false,
	{
		{{0x0043, 0x0f0f}}, {{0x0044, 0x0f0f}}, {{0x0045, 0x0f0f}}, {{0x1040, 0x0f0f}},
		{{0x1042, 0x0f0f}},
	}
};

static const phy_init_config training_4g_table_32 = {
	0x00090000, 1, false,
	{
		{{0x080d, 0x0000}},
	}
};

static const phy_init_config training_4g_table_33 = {
	0x00010000, 5, false,
	{
		{{0x1043, 0x0f0f}}, {{0x1044, 0x0f0f}}, {{0x1045, 0x0f0f}}, {{0x2040, 0x0f0f}},
		{{0x2042, 0x0f0f}},
	}
};

static const phy_init_config training_4g_table_34 = {
	0x00090000, 1, false,
	{
		{{0x080d, 0x0000}},
	}
};

static const phy_init_config training_4g_table_35 = {
	0x00010000, 5, false,
	{
		{{0x2043, 0x0f0f}}, {{0x2044, 0x0f0f}}, {{0x2045, 0x0f0f}}, {{0x3040, 0x0f0f}},
		{{0x3042, 0x0f0f}},
	}
};

static const phy_init_config training_4g_table_36 = {
	0x00090000, 1, false,
	{
		{{0x080d, 0x0000}},
	}
};

static const phy_init_config training_4g_table_37 = {
	0x00010000, 3, false,
	{
		{{0x3043, 0x0f0f}}, {{0x3044, 0x0f0f}}, {{0x3045, 0x0f0f}},
	}
};

static const phy_init_config training_4g_table_38 = {
	0x00030000, 10, false,
	{
		{{0x0040, 0x0e0e}}, {{0x0041, 0x0f0f}}, {{0x0042, 0x0f0f}}, {{0x0043, 0x0f0f}},
		{{0x0330, 0x0033}}, {{0x1040, 0x0e0e}}, {{0x1041, 0x0f0f}}, {{0x1042, 0x0f0f}},
		{{0x1043, 0x0f0f}}, {{0x1330, 0x0033}},
	}
};

static const phy_init_config training_4g_table_39 = {
	0x00020000, 1, false,
	{
		{{0x0331, 0x0033}},
	}
};

static const phy_init_config training_4g_table_40 = {
	0x00010000, 20, false,
	{
		{{0x0048, 0x0e00}}, {{0x004a, 0x0e00}}, {{0x004b, 0x0e00}}, {{0x004c, 0x0e00}},
		{{0x004d, 0x0e00}}, {{0x1048, 0x0e00}}, {{0x104a, 0x0e00}}, {{0x104b, 0x0e00}},
		{{0x104c, 0x0e00}}, {{0x104d, 0x0e00}}, {{0x2048, 0x0e00}}, {{0x204a, 0x0e00}},
		{{0x204b, 0x0e00}}, {{0x204c, 0x0e00}}, {{0x204d, 0x0e00}}, {{0x3048, 0x0e00}},
		{{0x304a, 0x0e00}}, {{0x304b, 0x0e00}}, {{0x304c, 0x0e00}}, {{0x304d, 0x0e00}},
	}
};

static const phy_init_config training_4g_table_41 = {
	0x00030000, 14, false,
	{
		{{0x0048, 0x0c00}}, {{0x0049, 0x0c00}}, {{0x004a, 0x0c00}}, {{0x004b, 0x0c00}},
		{{0x1048, 0x0c00}}, {{0x1049, 0x0c00}}, {{0x104a, 0x0c00}}, {{0x104b, 0x0c00}},
		{{0x0033, 0x0000}}, {{0x0034, 0x0000}}, {{0x002e, 0x0000}}, {{0x1033, 0x0000}},
		{{0x1034, 0x0000}}, {{0x102e, 0x0000}},
	}
};

static const phy_init_config training_4g_table_42 = {
	0x00010000, 12, false,
	{
		{{0x0033, 0x0000}}, {{0x002e, 0x0000}}, {{0x002f, 0x0000}}, {{0x1033, 0x0000}},
		{{0x102e, 0x0000}}, {{0x102f, 0x0000}}, {{0x2033, 0x0000}}, {{0x202e, 0x0000}},
		{{0x202f, 0x0000}}, {{0x3033, 0x0000}}, {{0x302e, 0x0000}}, {{0x302f, 0x0000}},
	}
};

static const phy_init_config training_4g_table_43 = {
	0x00020000, 1, false,
	{
		{{0x0015, 0x0000}},
	}
};

static const phy_init_config training_4g_table_44 = {
	0x00090000, 1, false,
	{
		{{0x0806, 0x0000}},
	}
};

static const phy_init_config training_4g_table_45 = {
	0x00010000, 12, false,
	{
		{{0x00e8, 0x0000}}, {{0x00e9, 0x0035}}, {{0x10e8, 0x0000}}, {{0x10e9, 0x0035}},
		{{0x20e8, 0x0000}}, {{0x20e9, 0x0035}}, {{0x30e8, 0x0000}}, {{0x30e9, 0x0035}},
		{{0x0001, 0x0000}}, {{0x1001, 0x0000}}, {{0x2001, 0x0000}}, {{0x3001, 0x0000}},
	}
};

static const phy_init_config training_4g_table_46 = {
	0x00020000, 7, false,
	{
		{{0x0012, 0xa1a1}}, {{0x0017, 0x0040}}, {{0x000a, 0x0040}}, {{0x0186, 0x00a1}},
		{{0x0187, 0x0040}}, {{0x0010, 0x005a}}, {{0x0011, 0x006f}},
	}
};

static const phy_init_config training_4g_table_47 = {
	0x00090000, 2, false,
	{
		{{0x080b, 0x002f}}, {{0x080c, 0x006f}},
	}
};

static const phy_init_config training_4g_table_48 = {
	0x00010000, 12, false,
	{
		{{0x00a5, 0x0001}}, {{0x10a5, 0x0001}}, {{0x20a5, 0x0001}}, {{0x30a5, 0x0001}},
		{{0x0014, 0x3232}}, {{0x1014, 0x3232}}, {{0x2014, 0x3232}}, {{0x3014, 0x3232}},
		{{0x000f, 0x1086}}, {{0x100f, 0x1086}}, {{0x200f, 0x1086}}, {{0x300f, 0x1086}},
	}
};

static const phy_init_config training_4g_table_49 = {
	0x00020000, 20, false,
	{
		{{0x0035, 0x100c}}, {{0x0036, 0x100c}}, {{0x0037, 0x041c}}, {{0x0037, 0x045c}},
		{{0x0038, 0x1b20}}, {{0x0039, 0x101c}}, {{0x003a, 0x101c}}, {{0x003b, 0x042c}},
		{{0x003c, 0x2f30}}, {{0x003d, 0x1004}}, {{0x003e, 0x1004}}, {{0x003f, 0x0414}},
		{{0x0040, 0x1318}}, {{0x002c, 0x0843}}, {{0x002d, 0x0843}}, {{0x0030, 0x0843}},
		{{0x002e, 0x081f}}, {{0x002f, 0x081f}}, {{0x000c, 0x0000}}, {{0x001b, 0x0000}},
	}
};

static const phy_init_config training_4g_table_50 = {
	0x00010000, 4, false,
	{
		{{0x0007, 0x0000}}, {{0x1007, 0x0000}}, {{0x2007, 0x0000}}, {{0x3007, 0x0000}},
	}
};

static const phy_init_config training_4g_table_51 = {
	0x000c0000, 1, false,
	{
		{{0x0080, 0x0003}},
	}
};

static const phy_init_config training_4g_table_52 = {
	0x000d0000, 1, false,
	{
		{{0x0000, 0x0000}},
	}
};

static const phy_init_config training_4g_table_53 = {
	0x00058000, 1234, true,
	{
		{{0x0100, 0x0000}}, {{0x0030, 0x1900}}, {{0x0004, 0x0004}}, {{0x0000, 0x0000}},
		{{0x125f, 0x0004}}, {{0x0000, 0x0001}}, {{0x0000, 0x0100}}, {{0x0000, 0x0000}},
		{{0x0000, 0x0000}}, {{0x0110, 0x0000}}, {{0x0000, 0x0000}}, {{0x0000, 0x0000}},
		{{0x0000, 0x0000}}, {{0x0000, 0x0000}}, {{0x0000, 0x0000}}, {{0x0000, 0x1000}},
		{{0x0001, 0x0000}}, {{0x0000, 0x0000}}, {{0x0000, 0x0000}}, {{0x0000, 0x0000}},
		{{0x0000, 0x0000}}, {{0x0000, 0x0000}}, {{0x0000, 0xb0b0}}, {{0xb0b0, 0xbbbb}},
		{{0xbbbb, 0x4141}}, {{0x4141, 0x5858}}, {{0x5858, 0x6c6c}}, {{0x6c6c, 0x2727}},
		{{0x2727, 0x0202}}, {{0x0202, 0x1e1e}}, {{0x1e1e, 0x1e1e}}, {{0x1e1e, 0x0000}},
		{{0x0000, 0x2e2e}}, {{0x2e2e, 0x1d1d}}, {{0x1d1d, 0x0000}}, {{0x0000, 0x0202}},
		{{0x0202, 0x0000}}, {{0x0000, 0x0000}}, {{0x0000, 0x1111}}, {{0x1111, 0x0000}},
		{{0x0000, 0x0000}}, {{0x0000, 0x0000}}, {{0x0000, 0x0808}}, {{0x0808, 0x0000}},
		{{0x0000, 0x0000}}, {{0x0000, 0x0000}}, {{0x0000, 0x0000}}, {{0x0000, 0x0000}},
		{{0x0000, 0x0000}}, {{0x0000, 0x0000}}, {{0x0000, 0x4040}}, {{0x4040, DISABLE_DDR_2D_TRAINING}},
		{{0x0000, 0x0000}}, {{0x0000, 0x0000}}, {{0x0000, 0x0000}}, {{0x0000, 0x0000}},
		{{0x0000, 0x0000}}, {{0x0000, 0x0000}}, {{0x002e, 0x0050}}, {{0x0000, 0x0000}},
		{{0x0000, 0x0000}}, {{0x0000, 0x0000}}, {{0x0000, 0x0000}}, {{0x0000, 0x0000}},
		{{0x0001, 0x4307}}, {{0x0043, 0x0000}}, {{0x0000, 0x0000}}, {{0x0000, 0x0000}},
		{{0x0000, 0x0000}}, {{0x0000, 0x0000}}, {{0x0000, 0x0000}}, {{0x0000, 0x0000}},
		{{0x0000, 0x0000}}, {{0x0000, 0x0000}}, {{0x0000, 0x0000}}, {{0x0000, 0x0000}},
		{{0x0000, 0x0000}}, {{0x0000, 0x0000}}, {{0x0000, 0x0000}}, {{0x0000, 0x0000}},
		{{0x0000, 0x0000}}, {{0x0000, 0x0000}}, {{0x0000, 0x0000}}, {{0x0000, 0x0000}},
		{{0x0000, 0x0000}}, {{0x0000, 0x0000}}, {{0x0000, 0x0000}}, {{0x0000, 0x0000}},
		{{0x0000, 0x0000}}, {{0x0000, 0x0000}}, {{0x0000, 0x0000}}, {{0x0000, 0x0000}},
		{{0x0000, 0x0000}}, {{0x0000, 0x0000}}, {{0x0000, 0x0000}}, {{0x0000, 0x0000}},
		{{0x0000, 0x0000}}, {{0x0000, 0x0000}}, {{0x0000, 0x0000}}, {{0x0000, 0x0000}},
		{{0x0000, 0x0000}}, {{0x0000, 0x0000}}, {{0x0000, 0x0000}}, {{0x0000, 0x0000}},
		{{0x0000, 0x0000}}, {{0x0000, 0x0000}}, {{0x0000, 0x0000}}, {{0x0000, 0x0000}},
		{{0x0000, 0x0000}}, {{0x0000, 0x0000}}, {{0x0000, 0x0000}}, {{0x0000, 0x0000}},
		{{0x0000, 0x0000}}, {{0x0000, 0x0000}}, {{0x0000, 0x0000}}, {{0x0000, 0x0000}},
		{{0x0000, 0x0000}}, {{0x0000, 0x0000}}, {{0x0000, 0x0000}}, {{0x0000, 0x0000}},
		{{0x0000, 0x0000}}, {{0x0000, 0x0000}}, {{0x0000, 0x0000}}, {{0x0000, 0x0000}},
		{{0x0000, 0x0000}}, {{0x0000, 0x0000}}, {{0x0000, 0x0000}}, {{0x0000, 0x0000}},
		{{0x0000, 0x0000}}, {{0x0000, 0x0000}}, {{0x0000, 0x0000}}, {{0x0000, 0x0000}},
		{{0x0000, 0x0000}}, {{0x0000, 0x0000}}, {{0x0000, 0x0000}}, {{0x0000, 0x0000}},
		{{0x0000, 0x0000}}, {{0x0000, 0x0000}}, {{0x0000, 0x0000}}, {{0x0000, 0x0000}},
		{{0x0000, 0x0000}}, {{0x0000, 0x0000}}, {{0x0000, 0x0000}}, {{0x0000, 0x0000}},
		{{0x0000, 0x0000}}, {{0x0000, 0x0000}}, {{0x0000, 0x0000}}, {{0x0000, 0x0000}},
		{{0x0000, 0x0000}}, {{0x0000, 0x0000}}, {{0x0000, 0x0000}}, {{0x0000, 0x0000}},
		{{0x0000, 0x0000}}, {{0x0000, 0x0000}}, {{0x0000, 0x0000}}, {{0x0000, 0x0000}},
		{{0x0000, 0x0000}}, {{0x0000, 0x0000}}, {{0x0000, 0x0000}}, {{0x0000, 0x0000}},
		{{0x0000, 0x0000}}, {{0x0000, 0x0000}}, {{0x0000, 0x0000}}, {{0x0000, 0x0000}},
		{{0x0000, 0x0000}}, {{0x0000, 0x0000}}, {{0x0000, 0x0000}}, {{0x0000, 0x0000}},
		{{0x0000, 0x0000}}, {{0x0000, 0x0000}}, {{0x0000, 0x0000}}, {{0x0000, 0x0000}},
		{{0x0000, 0x0000}}, {{0x0000, 0x0000}}, {{0x0000, 0x0000}}, {{0x0000, 0x0000}},
		{{0x0000, 0x0000}}, {{0x0000, 0x0000}}, {{0x0000, 0x0000}}, {{0x0000, 0x0000}},
		{{0x0000, 0x0000}}, {{0x0000, 0x0000}}, {{0x0000, 0x0000}}, {{0x0000, 0x0000}},
		{{0x0000, 0x0000}}, {{0x0000, 0x0000}}, {{0x0000, 0x0000}}, {{0x0000, 0x0000}},
		{{0x0000, 0x0000}}, {{0x0000, 0x0000}}, {{0x0000, 0x0000}}, {{0x0000, 0x0000}},
		{{0x0000, 0x0000}}, {{0x0000, 0x0000}}, {{0x0000, 0x0000}}, {{0x0000, 0x0000}},
		{{0x0000, 0x0000}}, {{0x0000, 0x0000}}, {{0x0000, 0x0000}}, {{0x0000, 0x0000}},
		{{0x0000, 0x0000}}, {{0x0000, 0x0000}}, {{0x0000, 0x0000}}, {{0x0000, 0x0000}},
		{{0x0000, 0x0000}}, {{0x0000, 0x0000}}, {{0x0000, 0x0000}}, {{0x0000, 0x0000}},
		{{0x0000, 0x0000}}, {{0x0000, 0x0000}}, {{0x0000, 0x0000}}, {{0x0000, 0x0000}},
		{{0x0000, 0x0000}}, {{0x0000, 0x0000}}, {{0x0000, 0x0000}}, {{0x0000, 0x0000}},
		{{0x0000, 0x0000}}, {{0x0000, 0x0000}}, {{0x0000, 0x0000}}, {{0x0000, 0x0000}},
		{{0x0000, 0x0000}}, {{0x0000, 0x0000}}, {{0x0000, 0x0000}}, {{0x0000, 0x0000}},
		{{0x0000, 0x0000}}, {{0x0000, 0x0000}}, {{0x0000, 0x0000}}, {{0x0000, 0x0000}},
		{{0x0000, 0x0000}}, {{0x0000, 0x0000}}, {{0x0000, 0x0000}}, {{0x0000, 0x0000}},
		{{0x0000, 0x0000}}, {{0x0000, 0x0000}}, {{0x0000, 0x0000}}, {{0x0000, 0x0000}},
		{{0x0000, 0x0000}}, {{0x0000, 0x0000}}, {{0x0000, 0x0000}}, {{0x0000, 0x0000}},
		{{0x0000, 0x0000}}, {{0x0000, 0x0000}}, {{0x0000, 0x0000}}, {{0x0000, 0x0000}},
		{{0x0000, 0x0000}}, {{0x0000, 0x0000}}, {{0x0000, 0x0000}}, {{0x0000, 0x0000}},
		{{0x0000, 0x0000}}, {{0x0000, 0x0000}}, {{0x0000, 0x0000}}, {{0x0000, 0x0000}},
		{{0x0000, 0x0000}}, {{0x0000, 0x0000}}, {{0x0000, 0x0000}}, {{0x0000, 0x0000}},
		{{0x0000, 0x0000}}, {{0x0000, 0x0000}}, {{0x0500, 0x0000}}, {{0x0000, 0x0000}},
		{{0x0000, 0x0000}}, {{0x0000, 0x0000}}, {{0x0000, 0x0000}}, {{0x0000, 0x0000}},
		{{0x0000, 0x0000}}, {{0x6745, 0x00f2}}, {{0x0000, 0x0000}}, {{0x0000, 0x0000}},
		{{0x0000, 0x0000}}, {{0x0000, 0x0000}}, {{0x0000, 0x0004}}, {{0x0000, 0x0000}},
		{{0x0000, 0x0000}}, {{0x0000, 0x0000}}, {{0x0000, 0x0000}}, {{0x0000, 0x0000}},
		{{0x0000, 0x0000}}, {{0x0000, 0x0000}}, {{0x0000, 0x0004}}, {{0x0000, 0x0000}},
		{{0x0000, 0x0000}}, {{0x0000, 0x0000}}, {{0x0000, 0x0004}}, {{0x0e0c, 0x180f}},
		{{0x001e, 0x0000}}, {{0x0000, 0x0000}}, {{0x0000, 0x0000}}, {{0x0000, 0x0000}},
		{{0x1210, 0x0201}}, {{0x1403, 0x1c0a}}, {{0x2e29, 0x0b11}}, {{0x150d, 0x1916}},
		{{0x0e0c, 0x180f}}, {{0x131e, 0x0000}}, {{0x0000, 0x0003}}, {{0x0000, 0x0001}},
		{{0x0000, 0x0002}}, {{0x0000, 0x0009}}, {{0x0006, 0x0008}}, {{0x0002, 0x0005}},
		{{0x0024, 0x0010}}, {{0x0026, 0x0012}}, {{0x004e, 0x0050}}, {{0x0012, 0x0186}},
		{{0x0187, 0x000a}}, {{0x0017, 0x0015}}, {{0x004e, 0x000d}}, {{0x006e, 0x0002}},
		{{0x0001, 0x0060}}, {{0x0007, 0x0000}}, {{0x0011, 0x0007}}, {{0x0000, 0x005a}},
		{{0x002a, 0x0060}}, {{0x005e, 0x0028}}, {{0x005c, 0x0062}}, {{0x0020, 0x0064}},
		{{0x0066, 0x000c}}, {{0x00d9, 0x00af}}, {{0x00ad, 0x0000}}, {{0x0015, 0x0016}},
		{{0x00d0, 0x00d1}}, {{0x00d2, 0x00d3}}, {{0x00d4, 0x0005}}, {{0x000b, 0x0007}},
		{{0x0028, 0x0215}}, {{0x000a, 0x0085}}, {{0x0004, 0x0004}}, {{0x0001, 0x0001}},
		{{0x0001, 0x0003}}, {{0x0004, 0x0215}}, {{0x042b, 0x0085}}, {{0x010b, 0x0004}},
		{{0x0006, 0x0000}}, {{0x0002, 0x0002}}, {{0x0003, 0x0005}}, {{0x042b, 0x0640}},
		{{0x010b, 0x0190}}, {{0x0006, 0x0008}}, {{0x0001, 0x0003}}, {{0x0002, 0x0004}},
		{{0x0006, 0x0640}}, {{0x0855, 0x0190}}, {{0x0215, 0x0008}}, {{0x000a, 0x0002}},
		{{0x0004, 0x0003}}, {{0x0004, 0x0007}}, {{0x0855, 0x0abe}}, {{0x0215, 0x02b0}},
		{{0x0008, 0x000e}}, {{0x0001, 0x0007}}, {{0x0004, 0x0004}}, {{0x0008, 0x0abe}},
		{{0x0c80, 0x02b0}}, {{0x0320, 0x000a}}, {{0x0010, 0x0003}}, {{0x0009, 0x0004}},
		{{0x0004, 0x0008}}, {{0x0000, 0x0000}}, {{0x0000, 0x0000}}, {{0x0000, 0x0000}},
		{{0x0000, 0x0000}}, {{0x0000, 0x0000}}, {{0x0000, 0x0000}}, {{0x0000, 0x0000}},
		{{0x0000, 0x0000}}, {{0x0000, 0x0000}}, {{0x0000, 0x0000}}, {{0x0000, 0x0000}},
		{{0x0000, 0x0000}}, {{0x0000, 0x0000}}, {{0x0000, 0x0000}}, {{0x0000, 0x0000}},
		{{0x0000, 0x0000}}, {{0x0000, 0x0000}}, {{0x0000, 0x0000}}, {{0x0000, 0x0000}},
		{{0x0000, 0x0000}}, {{0x0000, 0x0000}}, {{0x0000, 0x0000}}, {{0x0000, 0x0000}},
		{{0x0000, 0x0000}}, {{0x0000, 0x0000}}, {{0x0000, 0x0000}}, {{0x0000, 0x0000}},
		{{0x0000, 0x0000}}, {{0x0000, 0x0000}}, {{0x0000, 0x0000}}, {{0x0000, 0x0000}},
		{{0x0000, 0x0000}}, {{0x0000, 0x0000}}, {{0x0028, 0x0215}}, {{0x0005, 0x0043}},
		{{0x0002, 0x0002}}, {{0x0000, 0x0000}}, {{0x0001, 0x0002}}, {{0x0003, 0x0215}},
		{{0x042b, 0x0043}}, {{0x0085, 0x0002}}, {{0x0003, 0x0000}}, {{0x0001, 0x0001}},
		{{0x0002, 0x0003}}, {{0x042b, 0x0640}}, {{0x0085, 0x00c8}}, {{0x0003, 0x0004}},
		{{0x0001, 0x0002}}, {{0x0001, 0x0002}}, {{0x0003, 0x0640}}, {{0x0855, 0x00c8}},
		{{0x010b, 0x0004}}, {{0x0005, 0x0001}}, {{0x0002, 0x0002}}, {{0x0002, 0x0004}},
		{{0x0855, 0x0abe}}, {{0x010b, 0x0158}}, {{0x0004, 0x0007}}, {{0x0001, 0x0004}},
		{{0x0002, 0x0002}}, {{0x0004, 0x0abe}}, {{0x0c80, 0x0158}}, {{0x0190, 0x0005}},
		{{0x0008, 0x0002}}, {{0x0005, 0x0002}}, {{0x0002, 0x0004}}, {{0x0c80, 0x0e95}},
		{{0x0190, 0x01d3}}, {{0x0006, 0x0009}}, {{0x0002, 0x0005}}, {{0x0003, 0x0002}},
		{{0x0005, 0x0e95}}, {{0x10ab, 0x01d3}}, {{0x0215, 0x0006}}, {{0x000b, 0x0002}},
		{{0x0007, 0x0003}}, {{0x0002, 0x0005}}, {{0x10ab, 0x12c0}}, {{0x0215, 0x0258}},
		{{0x0007, 0x000c}}, {{0x0003, 0x0008}}, {{0x0003, 0x0002}}, {{0x0005, 0x12c0}},
		{{0x157c, 0x0258}}, {{0x02b0, 0x0008}}, {{0x000e, 0x0003}}, {{0x0009, 0x0004}},
		{{0x0002, 0x0006}}, {{0x157c, 0x1770}}, {{0x02b0, 0x02ee}}, {{0x0009, 0x000f}},
		{{0x0004, 0x000a}}, {{0x0004, 0x0002}}, {{0x0006, 0x1770}}, {{0x1900, 0x02ee}},
		{{0x0320, 0x0009}}, {{0x0010, 0x0004}}, {{0x000b, 0x0004}}, {{0x0002, 0x0006}},
		{{0x0028, 0x0215}}, {{0x000a, 0x0085}}, {{0x0006, 0x0006}}, {{0x0006, 0x0000}},
		{{0x0000, 0x0000}}, {{0x0001, 0x0006}}, {{0x0007, 0x0215}}, {{0x042b, 0x0085}},
		{{0x010b, 0x0008}}, {{0x0008, 0x0008}}, {{0x0000, 0x0000}}, {{0x0000, 0x0002}},
		{{0x0007, 0x0009}}, {{0x042b, 0x0640}}, {{0x010b, 0x0190}}, {{0x000a, 0x000a}},
		{{0x000c, 0x0001}}, {{0x0001, 0x0003}}, {{0x0002, 0x0008}}, {{0x000a, 0x0640}},
		{{0x0855, 0x0190}}, {{0x0215, 0x000c}}, {{0x000e, 0x000e}}, {{0x0002, 0x0004}},
		{{0x0004, 0x0003}}, {{0x0008, 0x000b}}, {{0x0855, 0x0abe}}, {{0x0215, 0x02b0}},
		{{0x0010, 0x0010}}, {{0x0012, 0x0003}}, {{0x0003, 0x0005}}, {{0x0004, 0x000a}},
		{{0x000e, 0x0abe}}, {{0x0c80, 0x02b0}}, {{0x0320, 0x0012}}, {{0x0014, 0x0014}},
		{{0x0005, 0x0007}}, {{0x0007, 0x0004}}, {{0x000a, 0x000e}}, {{0x0000, 0x0000}},
		{{0x0000, 0x0000}}, {{0x0000, 0x0000}}, {{0x0000, 0x0000}}, {{0x0000, 0x0000}},
		{{0x0000, 0x0000}}, {{0x0000, 0x0000}}, {{0x0000, 0x0000}}, {{0x0000, 0x0000}},
		{{0x0000, 0x0000}}, {{0x0000, 0x0000}}, {{0x0000, 0x0000}}, {{0x0000, 0x0000}},
		{{0x0000, 0x0000}}, {{0x0000, 0x0000}}, {{0x0000, 0x0000}}, {{0x0000, 0x0000}},
		{{0x0000, 0x0000}}, {{0x0000, 0x0000}}, {{0x0000, 0x0000}}, {{0x0000, 0x0000}},
		{{0x0000, 0x0000}}, {{0x0000, 0x0000}}, {{0x0000, 0x0000}}, {{0x0000, 0x0000}},
		{{0x0000, 0x0000}}, {{0x0000, 0x0000}}, {{0x0000, 0x0000}}, {{0x0000, 0x0000}},
		{{0x0000, 0x0000}}, {{0x0000, 0x0000}}, {{0x0000, 0x0000}}, {{0x0000, 0x0000}},
		{{0x0000, 0x0000}}, {{0x0000, 0x0000}}, {{0x0000, 0x0000}}, {{0x0000, 0x0000}},
		{{0x0000, 0x0000}}, {{0x0000, 0x0000}}, {{0x0028, 0x0215}}, {{0x0005, 0x0043}},
		{{0x0003, 0x0003}}, {{0x0003, 0x0000}}, {{0x0000, 0x0000}}, {{0x0001, 0x0003}},
		{{0x0004, 0x0215}}, {{0x042b, 0x0043}}, {{0x0085, 0x0004}}, {{0x0004, 0x0004}},
		{{0x0000, 0x0000}}, {{0x0000, 0x0001}}, {{0x0004, 0x0005}}, {{0x042b, 0x0640}},
		{{0x0085, 0x00c8}}, {{0x0005, 0x0005}}, {{0x0005, 0x0001}}, {{0x0001, 0x0002}},
		{{0x0001, 0x0004}}, {{0x0005, 0x0640}}, {{0x0855, 0x00c8}}, {{0x010b, 0x0006}},
		{{0x0007, 0x0007}}, {{0x0001, 0x0002}}, {{0x0002, 0x0002}}, {{0x0004, 0x0006}},
		{{0x0855, 0x0abe}}, {{0x010b, 0x0158}}, {{0x0008, 0x0008}}, {{0x0009, 0x0002}},
		{{0x0002, 0x0003}}, {{0x0002, 0x0005}}, {{0x0007, 0x0abe}}, {{0x0c80, 0x0158}},
		{{0x0190, 0x0009}}, {{0x000a, 0x000a}}, {{0x0003, 0x0004}}, {{0x0004, 0x0002}},
		{{0x0005, 0x0007}}, {{0x0c80, 0x0e95}}, {{0x0190, 0x01d3}}, {{0x000a, 0x000b}},
		{{0x000c, 0x0003}}, {{0x0004, 0x0005}}, {{0x0003, 0x0005}}, {{0x0008, 0x0e95}},
		{{0x10ab, 0x01d3}}, {{0x0215, 0x000c}}, {{0x000d, 0x000e}}, {{0x0004, 0x0005}},
		{{0x0006, 0x0003}}, {{0x0006, 0x0009}}, {{0x10ab, 0x12c0}}, {{0x0215, 0x0258}},
		{{0x000d, 0x000e}}, {{0x000f, 0x0005}}, {{0x0006, 0x0007}}, {{0x0003, 0x0006}},
		{{0x0009, 0x12c0}}, {{0x157c, 0x0258}}, {{0x02b0, 0x000f}}, {{0x0010, 0x0011}},
		{{0x0006, 0x0007}}, {{0x0008, 0x0004}}, {{0x0006, 0x000a}}, {{0x157c, 0x1770}},
		{{0x02b0, 0x02ee}}, {{0x0010, 0x0011}}, {{0x0013, 0x0006}}, {{0x0007, 0x0009}},
		{{0x0004, 0x0007}}, {{0x000b, 0x1770}}, {{0x1900, 0x02ee}}, {{0x0320, 0x0011}},
		{{0x0012, 0x0014}}, {{0x0007, 0x0008}}, {{0x000a, 0x0004}}, {{0x0007, 0x000b}},
		{{0x0607, 0x0405}}, {{0x0203, 0x0001}}, {{0x0a09, 0x0c0b}}, {{0x0e0d, 0x000f}},
		{{0x008b, 0x0001}},
	}
};

const phy_init_config* lp5_4g_pre_train_table[] = {
	&training_4g_table_0,
	&training_4g_table_1,
	&training_4g_table_2,
	&training_4g_table_3,
	&training_4g_table_4,
	&training_4g_table_5,
	&training_4g_table_6,
	&training_4g_table_7,
	&training_4g_table_8,
	&training_4g_table_9,
	&training_4g_table_10,
	&training_fw_table,
	&training_4g_table_11,
	&training_4g_table_12,
	&training_4g_table_13,
	&training_4g_table_14,
	&training_4g_table_15,
	&training_4g_table_16,
	&training_4g_table_17,
	&training_4g_table_18,
	&training_4g_table_19,
	&training_4g_table_20,
	&training_4g_table_21,
	&training_4g_table_22,
	&training_4g_table_23,
	&training_4g_table_24,
	&training_4g_table_25,
	&training_4g_table_26,
	&training_4g_table_27,
	&training_4g_table_28,
	&training_4g_table_29,
	&training_4g_table_30,
	&training_4g_table_31,
	&training_4g_table_32,
	&training_4g_table_33,
	&training_4g_table_34,
	&training_4g_table_35,
	&training_4g_table_36,
	&training_4g_table_37,
	&training_4g_table_38,
	&training_4g_table_39,
	&training_4g_table_40,
	&training_4g_table_41,
	&training_4g_table_42,
	&training_4g_table_43,
	&training_4g_table_44,
	&training_4g_table_45,
	&training_4g_table_46,
	&training_4g_table_47,
	&training_4g_table_48,
	&training_4g_table_49,
	&training_4g_table_50,
	&training_4g_table_51,
	&training_4g_table_52,
	&training_4g_table_53,
	NULL,
};

static const phy_init_config training_8g_table_0 = {
	0x00020000, 2, false,
	{
		{{0x0060, 0x0002}}, {{0x00a5, 0x0001}},
	}
};

static const phy_init_config training_8g_table_1 = {
	0x000d0000, 1, false,
	{
		{{0x0036, 0x0000}},
	}
};

static const phy_init_config training_8g_table_2 = {
	0x00020000, 7, false,
	{
		{{0x00bd, 0x00ff}}, {{0x0300, 0x0808}}, {{0x0303, 0x0009}}, {{0x0302, 0x0026}},
		{{0x0328, 0x0000}}, {{0x0301, 0x0003}}, {{0x030b, 0x0000}},
	}
};

static const phy_init_config training_8g_table_3 = {
	0x00030000, 8, false,
	{
		{{0x00a7, 0x0000}}, {{0x10a7, 0x0000}}, {{0x00ae, 0x0080}}, {{0x00ad, 0x0080}},
		{{0x00ac, 0x0080}}, {{0x10ae, 0x0080}}, {{0x10ad, 0x0080}}, {{0x10ac, 0x0080}},
	}
};

static const phy_init_config training_8g_table_4 = {
	0x000c0000, 1, false,
	{
		{{0x0086, 0x0001}},
	}
};

static const phy_init_config training_8g_table_5 = {
	0x00020000, 1, false,
	{
		{{0x011b, 0x0000}},
	}
};

static const phy_init_config training_8g_table_6 = {
	0x00010000, 4, false,
	{
		{{0x00a3, 0x0b33}}, {{0x10a3, 0x0b3f}}, {{0x20a3, 0x0b33}}, {{0x30a3, 0x0b3f}},
	}
};

static const phy_init_config training_8g_table_7 = {
	0x000c0000, 12, false,
	{
		{{0x00f1, 0x6000}}, {{0x00f2, 0x00a9}}, {{0x00f3, 0x8000}}, {{0x00f4, 0x0005}},
		{{0x00f5, 0x4000}}, {{0x00f6, 0x0002}}, {{0x00f7, 0xf000}}, {{0x00f9, 0x6000}},
		{{0x00fa, 0x00a9}}, {{0x00fb, 0x8000}}, {{0x00fd, 0x4000}}, {{0x00ff, 0xf000}},
	}
};

static const phy_init_config training_8g_table_8 = {
	0x00090000, 1, false,
	{
		{{0x08ff, 0x000f}},
	}
};

static const phy_init_config training_8g_table_9 = {
	0x00010000, 4, false,
	{
		{{0x0093, 0x0000}}, {{0x1093, 0x0000}}, {{0x2093, 0x0000}}, {{0x3093, 0x0000}},
	}
};

static const phy_init_config training_8g_table_10 = {
	0x00020000, 1, false,
	{
		{{0x0051, 0x0003}},
	}
};

static const phy_init_config training_8g_table_11 = {
	0x00090000, 1, false,
	{
		{{0x0802, 0x0001}},
	}
};

static const phy_init_config training_8g_table_12 = {
	0x00020000, 4, false,
	{
		{{0x004c, 0x2e8f}}, {{0x004d, 0x0000}}, {{0x0002, 0x0002}}, {{0x0000, 0x0002}},
	}
};

static const phy_init_config training_8g_table_13 = {
	0x00090000, 2, false,
	{
		{{0x0801, 0x004d}}, {{0x0809, 0x7000}},
	}
};

static const phy_init_config training_8g_table_14 = {
	0x00010000, 40, false,
	{
		{{0x005e, 0x0366}}, {{0x0060, 0x0366}}, {{0x0062, 0x0366}}, {{0x0064, 0x0366}},
		{{0x005f, 0x0366}}, {{0x0061, 0x0366}}, {{0x0063, 0x0366}}, {{0x0065, 0x0366}},
		{{0x105e, 0x0366}}, {{0x1060, 0x0366}}, {{0x1062, 0x0366}}, {{0x1064, 0x0366}},
		{{0x105f, 0x0366}}, {{0x1061, 0x0366}}, {{0x1063, 0x0366}}, {{0x1065, 0x0366}},
		{{0x205e, 0x0366}}, {{0x2060, 0x0366}}, {{0x2062, 0x0366}}, {{0x2064, 0x0366}},
		{{0x205f, 0x0366}}, {{0x2061, 0x0366}}, {{0x2063, 0x0366}}, {{0x2065, 0x0366}},
		{{0x305e, 0x0366}}, {{0x3060, 0x0366}}, {{0x3062, 0x0366}}, {{0x3064, 0x0366}},
		{{0x305f, 0x0366}}, {{0x3061, 0x0366}}, {{0x3063, 0x0366}}, {{0x3065, 0x0366}},
		{{0x0005, 0x0000}}, {{0x000b, 0x0000}}, {{0x1005, 0x0000}}, {{0x100b, 0x0000}},
		{{0x2005, 0x0000}}, {{0x200b, 0x0000}}, {{0x3005, 0x0000}}, {{0x300b, 0x0000}},
	}
};

static const phy_init_config training_8g_table_15 = {
	0x00020000, 2, false,
	{
		{{0x0007, 0x0200}}, {{0x0013, 0x002c}},
	}
};

static const phy_init_config training_8g_table_16 = {
	0x00030000, 6, false,
	{
		{{0x0038, 0x0003}}, {{0x0039, 0x0003}}, {{0x003a, 0x0003}}, {{0x1038, 0x0003}},
		{{0x1039, 0x0003}}, {{0x103a, 0x0003}},
	}
};

static const phy_init_config training_8g_table_17 = {
	0x00010000, 28, false,
	{
		{{0x0038, 0x0003}}, {{0x003a, 0x0003}}, {{0x1038, 0x0003}}, {{0x103a, 0x0003}},
		{{0x2038, 0x0003}}, {{0x203a, 0x0003}}, {{0x3038, 0x0003}}, {{0x303a, 0x0003}},
		{{0x003b, 0x0003}}, {{0x103b, 0x0003}}, {{0x203b, 0x0003}}, {{0x303b, 0x0003}},
		{{0x0009, 0x0000}}, {{0x0037, 0x0000}}, {{0x1009, 0x0000}}, {{0x1037, 0x0000}},
		{{0x2009, 0x0000}}, {{0x2037, 0x0000}}, {{0x3009, 0x0000}}, {{0x3037, 0x0000}},
		{{0x0004, 0x0000}}, {{0x0003, 0x0000}}, {{0x1004, 0x0000}}, {{0x1003, 0x0000}},
		{{0x2004, 0x0000}}, {{0x2003, 0x0000}}, {{0x3004, 0x0000}}, {{0x3003, 0x0000}},
	}
};

static const phy_init_config training_8g_table_18 = {
	0x00020000, 1, false,
	{
		{{0x0004, 0x0320}},
	}
};

static const phy_init_config training_8g_table_19 = {
	0x00030000, 8, false,
	{
		{{0x0050, 0x002c}}, {{0x0051, 0x002c}}, {{0x0052, 0x002c}}, {{0x0053, 0x002c}},
		{{0x1050, 0x002c}}, {{0x1051, 0x002c}}, {{0x1052, 0x002c}}, {{0x1053, 0x002c}},
	}
};

static const phy_init_config training_8g_table_20 = {
	0x00010000, 144, false,
	{
		{{0x004e, 0x002c}}, {{0x004f, 0x002c}}, {{0x0050, 0x002c}}, {{0x0051, 0x002c}},
		{{0x014e, 0x002c}}, {{0x014f, 0x002c}}, {{0x0150, 0x002c}}, {{0x0151, 0x002c}},
		{{0x024e, 0x002c}}, {{0x024f, 0x002c}}, {{0x0250, 0x002c}}, {{0x0251, 0x002c}},
		{{0x034e, 0x002c}}, {{0x034f, 0x002c}}, {{0x0350, 0x002c}}, {{0x0351, 0x002c}},
		{{0x044e, 0x002c}}, {{0x044f, 0x002c}}, {{0x0450, 0x002c}}, {{0x0451, 0x002c}},
		{{0x054e, 0x002c}}, {{0x054f, 0x002c}}, {{0x0550, 0x002c}}, {{0x0551, 0x002c}},
		{{0x064e, 0x002c}}, {{0x064f, 0x002c}}, {{0x0650, 0x002c}}, {{0x0651, 0x002c}},
		{{0x074e, 0x002c}}, {{0x074f, 0x002c}}, {{0x0750, 0x002c}}, {{0x0751, 0x002c}},
		{{0x084e, 0x002c}}, {{0x084f, 0x002c}}, {{0x0850, 0x002c}}, {{0x0851, 0x002c}},
		{{0x104e, 0x002c}}, {{0x104f, 0x002c}}, {{0x1050, 0x002c}}, {{0x1051, 0x002c}},
		{{0x114e, 0x002c}}, {{0x114f, 0x002c}}, {{0x1150, 0x002c}}, {{0x1151, 0x002c}},
		{{0x124e, 0x002c}}, {{0x124f, 0x002c}}, {{0x1250, 0x002c}}, {{0x1251, 0x002c}},
		{{0x134e, 0x002c}}, {{0x134f, 0x002c}}, {{0x1350, 0x002c}}, {{0x1351, 0x002c}},
		{{0x144e, 0x002c}}, {{0x144f, 0x002c}}, {{0x1450, 0x002c}}, {{0x1451, 0x002c}},
		{{0x154e, 0x002c}}, {{0x154f, 0x002c}}, {{0x1550, 0x002c}}, {{0x1551, 0x002c}},
		{{0x164e, 0x002c}}, {{0x164f, 0x002c}}, {{0x1650, 0x002c}}, {{0x1651, 0x002c}},
		{{0x174e, 0x002c}}, {{0x174f, 0x002c}}, {{0x1750, 0x002c}}, {{0x1751, 0x002c}},
		{{0x184e, 0x002c}}, {{0x184f, 0x002c}}, {{0x1850, 0x002c}}, {{0x1851, 0x002c}},
		{{0x204e, 0x002c}}, {{0x204f, 0x002c}}, {{0x2050, 0x002c}}, {{0x2051, 0x002c}},
		{{0x214e, 0x002c}}, {{0x214f, 0x002c}}, {{0x2150, 0x002c}}, {{0x2151, 0x002c}},
		{{0x224e, 0x002c}}, {{0x224f, 0x002c}}, {{0x2250, 0x002c}}, {{0x2251, 0x002c}},
		{{0x234e, 0x002c}}, {{0x234f, 0x002c}}, {{0x2350, 0x002c}}, {{0x2351, 0x002c}},
		{{0x244e, 0x002c}}, {{0x244f, 0x002c}}, {{0x2450, 0x002c}}, {{0x2451, 0x002c}},
		{{0x254e, 0x002c}}, {{0x254f, 0x002c}}, {{0x2550, 0x002c}}, {{0x2551, 0x002c}},
		{{0x264e, 0x002c}}, {{0x264f, 0x002c}}, {{0x2650, 0x002c}}, {{0x2651, 0x002c}},
		{{0x274e, 0x002c}}, {{0x274f, 0x002c}}, {{0x2750, 0x002c}}, {{0x2751, 0x002c}},
		{{0x284e, 0x002c}}, {{0x284f, 0x002c}}, {{0x2850, 0x002c}}, {{0x2851, 0x002c}},
		{{0x304e, 0x002c}}, {{0x304f, 0x002c}}, {{0x3050, 0x002c}}, {{0x3051, 0x002c}},
		{{0x314e, 0x002c}}, {{0x314f, 0x002c}}, {{0x3150, 0x002c}}, {{0x3151, 0x002c}},
		{{0x324e, 0x002c}}, {{0x324f, 0x002c}}, {{0x3250, 0x002c}}, {{0x3251, 0x002c}},
		{{0x334e, 0x002c}}, {{0x334f, 0x002c}}, {{0x3350, 0x002c}}, {{0x3351, 0x002c}},
		{{0x344e, 0x002c}}, {{0x344f, 0x002c}}, {{0x3450, 0x002c}}, {{0x3451, 0x002c}},
		{{0x354e, 0x002c}}, {{0x354f, 0x002c}}, {{0x3550, 0x002c}}, {{0x3551, 0x002c}},
		{{0x364e, 0x002c}}, {{0x364f, 0x002c}}, {{0x3650, 0x002c}}, {{0x3651, 0x002c}},
		{{0x374e, 0x002c}}, {{0x374f, 0x002c}}, {{0x3750, 0x002c}}, {{0x3751, 0x002c}},
		{{0x384e, 0x002c}}, {{0x384f, 0x002c}}, {{0x3850, 0x002c}}, {{0x3851, 0x002c}},
	}
};

static const phy_init_config training_8g_table_21 = {
	0x00030000, 6, false,
	{
		{{0x0030, 0x0000}}, {{0x0031, 0x0000}}, {{0x0035, 0x0000}}, {{0x1030, 0x0000}},
		{{0x1031, 0x0000}}, {{0x1035, 0x0000}},
	}
};

static const phy_init_config training_8g_table_22 = {
	0x00010000, 12, false,
	{
		{{0x0030, 0x0000}}, {{0x0035, 0x0000}}, {{0x0036, 0x0000}}, {{0x1030, 0x0000}},
		{{0x1035, 0x0000}}, {{0x1036, 0x0000}}, {{0x2030, 0x0000}}, {{0x2035, 0x0000}},
		{{0x2036, 0x0000}}, {{0x3030, 0x0000}}, {{0x3035, 0x0000}}, {{0x3036, 0x0000}},
	}
};

static const phy_init_config training_8g_table_23 = {
	0x00030000, 2, false,
	{
		{{0x003c, 0x0005}}, {{0x103c, 0x0005}},
	}
};

static const phy_init_config training_8g_table_24 = {
	0x00010000, 12, false,
	{
		{{0x003c, 0x0005}}, {{0x003d, 0x0005}}, {{0x003e, 0x0005}}, {{0x103c, 0x0005}},
		{{0x103d, 0x0005}}, {{0x103e, 0x0005}}, {{0x203c, 0x0005}}, {{0x203d, 0x0005}},
		{{0x203e, 0x0005}}, {{0x303c, 0x0005}}, {{0x303d, 0x0005}}, {{0x303e, 0x0005}},
	}
};

static const phy_init_config training_8g_table_25 = {
	0x00020000, 5, false,
	{
		{{0x0003, 0x0001}}, {{0x0001, 0x1122}}, {{0x0009, 0x0000}}, {{0x0008, 0x0001}},
		{{0x00d9, 0x0000}},
	}
};

static const phy_init_config training_8g_table_26 = {
	0x00030000, 2, false,
	{
		{{0x0eef, 0x0000}}, {{0x1eef, 0x0000}},
	}
};

static const phy_init_config training_8g_table_27 = {
	0x00020000, 1, false,
	{
		{{0x0014, 0x1300}},
	}
};

static const phy_init_config training_8g_table_28 = {
	0x00090000, 1, false,
	{
		{{0x080a, 0x1300}},
	}
};

static const phy_init_config training_8g_table_29 = {
	0x00010000, 2, false,
	{
		{{0x0040, 0x0f0f}}, {{0x0042, 0x0f0f}},
	}
};

static const phy_init_config training_8g_table_30 = {
	0x00090000, 1, false,
	{
		{{0x080d, 0x0000}},
	}
};

static const phy_init_config training_8g_table_31 = {
	0x00010000, 5, false,
	{
		{{0x0043, 0x0000}}, {{0x0044, 0x0f0f}}, {{0x0045, 0x0f0f}}, {{0x1040, 0x0f0f}},
		{{0x1042, 0x0f0f}},
	}
};

static const phy_init_config training_8g_table_32 = {
	0x00090000, 1, false,
	{
		{{0x080d, 0x0000}},
	}
};

static const phy_init_config training_8g_table_33 = {
	0x00010000, 5, false,
	{
		{{0x1043, 0x0000}}, {{0x1044, 0x0f0f}}, {{0x1045, 0x0f0f}}, {{0x2040, 0x0f0f}},
		{{0x2042, 0x0f0f}},
	}
};

static const phy_init_config training_8g_table_34 = {
	0x00090000, 1, false,
	{
		{{0x080d, 0x0000}},
	}
};

static const phy_init_config training_8g_table_35 = {
	0x00010000, 5, false,
	{
		{{0x2043, 0x0000}}, {{0x2044, 0x0f0f}}, {{0x2045, 0x0f0f}}, {{0x3040, 0x0f0f}},
		{{0x3042, 0x0f0f}},
	}
};

static const phy_init_config training_8g_table_36 = {
	0x00090000, 1, false,
	{
		{{0x080d, 0x0000}},
	}
};

static const phy_init_config training_8g_table_37 = {
	0x00010000, 3, false,
	{
		{{0x3043, 0x0000}}, {{0x3044, 0x0f0f}}, {{0x3045, 0x0f0f}},
	}
};

static const phy_init_config training_8g_table_38 = {
	0x00030000, 10, false,
	{
		{{0x0040, 0x0f0f}}, {{0x0041, 0x0f0f}}, {{0x0042, 0x0f0f}}, {{0x0043, 0x0f0f}},
		{{0x0330, 0x0033}}, {{0x1040, 0x0f0f}}, {{0x1041, 0x0f0f}}, {{0x1042, 0x0f0f}},
		{{0x1043, 0x0f0f}}, {{0x1330, 0x0033}},
	}
};

static const phy_init_config training_8g_table_39 = {
	0x00020000, 1, false,
	{
		{{0x0331, 0x0033}},
	}
};

static const phy_init_config training_8g_table_40 = {
	0x00010000, 20, false,
	{
		{{0x0048, 0x0e00}}, {{0x004a, 0x0e00}}, {{0x004b, 0x0e00}}, {{0x004c, 0x0e00}},
		{{0x004d, 0x0e00}}, {{0x1048, 0x0e00}}, {{0x104a, 0x0e00}}, {{0x104b, 0x0e00}},
		{{0x104c, 0x0e00}}, {{0x104d, 0x0e00}}, {{0x2048, 0x0e00}}, {{0x204a, 0x0e00}},
		{{0x204b, 0x0e00}}, {{0x204c, 0x0e00}}, {{0x204d, 0x0e00}}, {{0x3048, 0x0e00}},
		{{0x304a, 0x0e00}}, {{0x304b, 0x0e00}}, {{0x304c, 0x0e00}}, {{0x304d, 0x0e00}},
	}
};

static const phy_init_config training_8g_table_41 = {
	0x00030000, 14, false,
	{
		{{0x0048, 0x0c00}}, {{0x0049, 0x0c00}}, {{0x004a, 0x0c00}}, {{0x004b, 0x0c00}},
		{{0x1048, 0x0c00}}, {{0x1049, 0x0c00}}, {{0x104a, 0x0c00}}, {{0x104b, 0x0c00}},
		{{0x0033, 0x0000}}, {{0x0034, 0x0000}}, {{0x002e, 0x0000}}, {{0x1033, 0x0000}},
		{{0x1034, 0x0000}}, {{0x102e, 0x0000}},
	}
};

static const phy_init_config training_8g_table_42 = {
	0x00010000, 12, false,
	{
		{{0x0033, 0x0000}}, {{0x002e, 0x0000}}, {{0x002f, 0x0000}}, {{0x1033, 0x0000}},
		{{0x102e, 0x0000}}, {{0x102f, 0x0000}}, {{0x2033, 0x0000}}, {{0x202e, 0x0000}},
		{{0x202f, 0x0000}}, {{0x3033, 0x0000}}, {{0x302e, 0x0000}}, {{0x302f, 0x0000}},
	}
};

static const phy_init_config training_8g_table_43 = {
	0x00020000, 1, false,
	{
		{{0x0015, 0x0000}},
	}
};

static const phy_init_config training_8g_table_44 = {
	0x00090000, 1, false,
	{
		{{0x0806, 0x0000}},
	}
};

static const phy_init_config training_8g_table_45 = {
	0x00010000, 12, false,
	{
		{{0x00e8, 0x0000}}, {{0x00e9, 0x0035}}, {{0x10e8, 0x0000}}, {{0x10e9, 0x0035}},
		{{0x20e8, 0x0000}}, {{0x20e9, 0x0035}}, {{0x30e8, 0x0000}}, {{0x30e9, 0x0035}},
		{{0x0001, 0x0000}}, {{0x1001, 0x0000}}, {{0x2001, 0x0000}}, {{0x3001, 0x0000}},
	}
};

static const phy_init_config training_8g_table_46 = {
	0x00020000, 7, false,
	{
		{{0x0012, 0xa1a1}}, {{0x0017, 0x0040}}, {{0x000a, 0x0040}}, {{0x0186, 0x00a1}},
		{{0x0187, 0x0040}}, {{0x0010, 0x005a}}, {{0x0011, 0x006f}},
	}
};

static const phy_init_config training_8g_table_47 = {
	0x00090000, 2, false,
	{
		{{0x080b, 0x002f}}, {{0x080c, 0x006f}},
	}
};

static const phy_init_config training_8g_table_48 = {
	0x00010000, 12, false,
	{
		{{0x00a5, 0x0001}}, {{0x10a5, 0x0001}}, {{0x20a5, 0x0001}}, {{0x30a5, 0x0001}},
		{{0x0014, 0x3232}}, {{0x1014, 0x3232}}, {{0x2014, 0x3232}}, {{0x3014, 0x3232}},
		{{0x000f, 0x1086}}, {{0x100f, 0x1086}}, {{0x200f, 0x1086}}, {{0x300f, 0x1086}},
	}
};

static const phy_init_config training_8g_table_49 = {
	0x00020000, 20, false,
	{
		{{0x0035, 0x100c}}, {{0x0036, 0x100c}}, {{0x0037, 0x041c}}, {{0x0037, 0x045c}},
		{{0x0038, 0x1b20}}, {{0x0039, 0x101c}}, {{0x003a, 0x101c}}, {{0x003b, 0x042c}},
		{{0x003c, 0x2f30}}, {{0x003d, 0x1004}}, {{0x003e, 0x1004}}, {{0x003f, 0x0414}},
		{{0x0040, 0x1318}}, {{0x002c, 0x0843}}, {{0x002d, 0x0843}}, {{0x0030, 0x0843}},
		{{0x002e, 0x081f}}, {{0x002f, 0x081f}}, {{0x000c, 0x0000}}, {{0x001b, 0x0000}},
	}
};

static const phy_init_config training_8g_table_50 = {
	0x00010000, 4, false,
	{
		{{0x0007, 0x0000}}, {{0x1007, 0x0000}}, {{0x2007, 0x0000}}, {{0x3007, 0x0000}},
	}
};

static const phy_init_config training_8g_table_51 = {
	0x000c0000, 1, false,
	{
		{{0x0080, 0x0003}},
	}
};

static const phy_init_config training_8g_table_52 = {
	0x000d0000, 1, false,
	{
		{{0x0000, 0x0000}},
	}
};

static const phy_init_config training_8g_table_53 = {
	0x00058000, 1234, true,
	{
		{{0x0100, 0x0000}}, {{0x0030, 0x1900}}, {{0x0004, 0x0004}}, {{0x0000, 0x0000}},
		{{0x125f, 0x0004}}, {{0x0000, 0x0001}}, {{0x0000, 0x0100}}, {{0x0000, 0x0000}},
		{{0x0000, 0x0000}}, {{0x0310, 0x0000}}, {{0x0000, 0x0000}}, {{0x0000, 0x0000}},
		{{0x0000, 0x0000}}, {{0x0000, 0x0000}}, {{0x0000, 0x0000}}, {{0x0000, 0x1000}},
		{{0x0003, 0x0000}}, {{0x0000, 0x0000}}, {{0x0000, 0x0000}}, {{0x0000, 0x0000}},
		{{0x0000, 0x0000}}, {{0x0000, 0x0000}}, {{0x0000, 0xb0b0}}, {{0xb0b0, 0xbbbb}},
		{{0xbbbb, 0x4141}}, {{0x4141, 0x5858}}, {{0x5858, 0x6c6c}}, {{0x6c6c, 0x2727}},
		{{0x2727, 0x0202}}, {{0x0202, 0x1e1e}}, {{0x1e1e, 0x1e1e}}, {{0x1e1e, 0x0000}},
		{{0x0000, 0x2e2e}}, {{0x2e2e, 0x1d1d}}, {{0x1d1d, 0x0000}}, {{0x0000, 0x0202}},
		{{0x0202, 0x0000}}, {{0x0000, 0x0000}}, {{0x0000, 0x1111}}, {{0x1111, 0x0000}},
		{{0x0000, 0x0000}}, {{0x0000, 0x0000}}, {{0x0000, 0x0808}}, {{0x0808, 0x0000}},
		{{0x0000, 0x0000}}, {{0x0000, 0x0000}}, {{0x0000, 0x0000}}, {{0x0000, 0x0000}},
		{{0x0000, 0x0000}}, {{0x0000, 0x0000}}, {{0x0000, 0x4040}}, {{0x4040, DISABLE_DDR_2D_TRAINING}},
		{{0x0000, 0x0000}}, {{0x0000, 0x0000}}, {{0x0000, 0x0000}}, {{0x0000, 0x0000}},
		{{0x0000, 0x0000}}, {{0x0000, 0x0000}}, {{0x002e, 0x0050}}, {{0x0000, 0x0000}},
		{{0x0000, 0x0000}}, {{0x0000, 0x0000}}, {{0x0000, 0x0000}}, {{0x0000, 0x0000}},
		{{0x0001, 0x4307}}, {{0x0043, 0x0000}}, {{0x0000, 0x0000}}, {{0x0000, 0x0000}},
		{{0x0000, 0x0000}}, {{0x0000, 0x0000}}, {{0x0000, 0x0000}}, {{0x0000, 0x0000}},
		{{0x0000, 0x0000}}, {{0x0000, 0x0000}}, {{0x0000, 0x0000}}, {{0x0000, 0x0000}},
		{{0x0000, 0x0000}}, {{0x0000, 0x0000}}, {{0x0000, 0x0000}}, {{0x0000, 0x0000}},
		{{0x0000, 0x0000}}, {{0x0000, 0x0000}}, {{0x0000, 0x0000}}, {{0x0000, 0x0000}},
		{{0x0000, 0x0000}}, {{0x0000, 0x0000}}, {{0x0000, 0x0000}}, {{0x0000, 0x0000}},
		{{0x0000, 0x0000}}, {{0x0000, 0x0000}}, {{0x0000, 0x0000}}, {{0x0000, 0x0000}},
		{{0x0000, 0x0000}}, {{0x0000, 0x0000}}, {{0x0000, 0x0000}}, {{0x0000, 0x0000}},
		{{0x0000, 0x0000}}, {{0x0000, 0x0000}}, {{0x0000, 0x0000}}, {{0x0000, 0x0000}},
		{{0x0000, 0x0000}}, {{0x0000, 0x0000}}, {{0x0000, 0x0000}}, {{0x0000, 0x0000}},
		{{0x0000, 0x0000}}, {{0x0000, 0x0000}}, {{0x0000, 0x0000}}, {{0x0000, 0x0000}},
		{{0x0000, 0x0000}}, {{0x0000, 0x0000}}, {{0x0000, 0x0000}}, {{0x0000, 0x0000}},
		{{0x0000, 0x0000}}, {{0x0000, 0x0000}}, {{0x0000, 0x0000}}, {{0x0000, 0x0000}},
		{{0x0000, 0x0000}}, {{0x0000, 0x0000}}, {{0x0000, 0x0000}}, {{0x0000, 0x0000}},
		{{0x0000, 0x0000}}, {{0x0000, 0x0000}}, {{0x0000, 0x0000}}, {{0x0000, 0x0000}},
		{{0x0000, 0x0000}}, {{0x0000, 0x0000}}, {{0x0000, 0x0000}}, {{0x0000, 0x0000}},
		{{0x0000, 0x0000}}, {{0x0000, 0x0000}}, {{0x0000, 0x0000}}, {{0x0000, 0x0000}},
		{{0x0000, 0x0000}}, {{0x0000, 0x0000}}, {{0x0000, 0x0000}}, {{0x0000, 0x0000}},
		{{0x0000, 0x0000}}, {{0x0000, 0x0000}}, {{0x0000, 0x0000}}, {{0x0000, 0x0000}},
		{{0x0000, 0x0000}}, {{0x0000, 0x0000}}, {{0x0000, 0x0000}}, {{0x0000, 0x0000}},
		{{0x0000, 0x0000}}, {{0x0000, 0x0000}}, {{0x0000, 0x0000}}, {{0x0000, 0x0000}},
		{{0x0000, 0x0000}}, {{0x0000, 0x0000}}, {{0x0000, 0x0000}}, {{0x0000, 0x0000}},
		{{0x0000, 0x0000}}, {{0x0000, 0x0000}}, {{0x0000, 0x0000}}, {{0x0000, 0x0000}},
		{{0x0000, 0x0000}}, {{0x0000, 0x0000}}, {{0x0000, 0x0000}}, {{0x0000, 0x0000}},
		{{0x0000, 0x0000}}, {{0x0000, 0x0000}}, {{0x0000, 0x0000}}, {{0x0000, 0x0000}},
		{{0x0000, 0x0000}}, {{0x0000, 0x0000}}, {{0x0000, 0x0000}}, {{0x0000, 0x0000}},
		{{0x0000, 0x0000}}, {{0x0000, 0x0000}}, {{0x0000, 0x0000}}, {{0x0000, 0x0000}},
		{{0x0000, 0x0000}}, {{0x0000, 0x0000}}, {{0x0000, 0x0000}}, {{0x0000, 0x0000}},
		{{0x0000, 0x0000}}, {{0x0000, 0x0000}}, {{0x0000, 0x0000}}, {{0x0000, 0x0000}},
		{{0x0000, 0x0000}}, {{0x0000, 0x0000}}, {{0x0000, 0x0000}}, {{0x0000, 0x0000}},
		{{0x0000, 0x0000}}, {{0x0000, 0x0000}}, {{0x0000, 0x0000}}, {{0x0000, 0x0000}},
		{{0x0000, 0x0000}}, {{0x0000, 0x0000}}, {{0x0000, 0x0000}}, {{0x0000, 0x0000}},
		{{0x0000, 0x0000}}, {{0x0000, 0x0000}}, {{0x0000, 0x0000}}, {{0x0000, 0x0000}},
		{{0x0000, 0x0000}}, {{0x0000, 0x0000}}, {{0x0000, 0x0000}}, {{0x0000, 0x0000}},
		{{0x0000, 0x0000}}, {{0x0000, 0x0000}}, {{0x0000, 0x0000}}, {{0x0000, 0x0000}},
		{{0x0000, 0x0000}}, {{0x0000, 0x0000}}, {{0x0000, 0x0000}}, {{0x0000, 0x0000}},
		{{0x0000, 0x0000}}, {{0x0000, 0x0000}}, {{0x0000, 0x0000}}, {{0x0000, 0x0000}},
		{{0x0000, 0x0000}}, {{0x0000, 0x0000}}, {{0x0000, 0x0000}}, {{0x0000, 0x0000}},
		{{0x0000, 0x0000}}, {{0x0000, 0x0000}}, {{0x0000, 0x0000}}, {{0x0000, 0x0000}},
		{{0x0000, 0x0000}}, {{0x0000, 0x0000}}, {{0x0000, 0x0000}}, {{0x0000, 0x0000}},
		{{0x0000, 0x0000}}, {{0x0000, 0x0000}}, {{0x0000, 0x0000}}, {{0x0000, 0x0000}},
		{{0x0000, 0x0000}}, {{0x0000, 0x0000}}, {{0x0000, 0x0000}}, {{0x0000, 0x0000}},
		{{0x0000, 0x0000}}, {{0x0000, 0x0000}}, {{0x0000, 0x0000}}, {{0x0000, 0x0000}},
		{{0x0000, 0x0000}}, {{0x0000, 0x0000}}, {{0x0000, 0x0000}}, {{0x0000, 0x0000}},
		{{0x0000, 0x0000}}, {{0x0000, 0x0000}}, {{0x0000, 0x0000}}, {{0x0000, 0x0000}},
		{{0x0000, 0x0000}}, {{0x0000, 0x0000}}, {{0x0000, 0x0000}}, {{0x0000, 0x0000}},
		{{0x0000, 0x0000}}, {{0x0000, 0x0000}}, {{0x0000, 0x0000}}, {{0x0000, 0x0000}},
		{{0x0000, 0x0000}}, {{0x0000, 0x0000}}, {{0x0000, 0x0000}}, {{0x0000, 0x0000}},
		{{0x0000, 0x0000}}, {{0x0000, 0x0000}}, {{0x0500, 0x0000}}, {{0x0000, 0x0000}},
		{{0x0000, 0x0000}}, {{0x0000, 0x0000}}, {{0x0000, 0x0000}}, {{0x0000, 0x0000}},
		{{0x0000, 0x0000}}, {{0x6745, 0x00f2}}, {{0x0000, 0x0000}}, {{0x0000, 0x0000}},
		{{0x0000, 0x0000}}, {{0x0000, 0x0000}}, {{0x0000, 0x0004}}, {{0x0000, 0x0000}},
		{{0x0000, 0x0000}}, {{0x0000, 0x0000}}, {{0x0000, 0x0000}}, {{0x0000, 0x0000}},
		{{0x0000, 0x0000}}, {{0x0000, 0x0000}}, {{0x0000, 0x0004}}, {{0x0000, 0x0000}},
		{{0x0000, 0x0000}}, {{0x0000, 0x0000}}, {{0x0000, 0x0004}}, {{0x0e0c, 0x180f}},
		{{0x001e, 0x0000}}, {{0x0000, 0x0000}}, {{0x0000, 0x0000}}, {{0x0000, 0x0000}},
		{{0x1210, 0x0201}}, {{0x1403, 0x1c0a}}, {{0x2e29, 0x0b11}}, {{0x150d, 0x1916}},
		{{0x0e0c, 0x180f}}, {{0x131e, 0x0000}}, {{0x0000, 0x0003}}, {{0x0000, 0x0001}},
		{{0x0000, 0x0002}}, {{0x0000, 0x0009}}, {{0x0006, 0x0008}}, {{0x0002, 0x0005}},
		{{0x0024, 0x0010}}, {{0x0026, 0x0012}}, {{0x004e, 0x0050}}, {{0x0012, 0x0186}},
		{{0x0187, 0x000a}}, {{0x0017, 0x0015}}, {{0x004e, 0x000d}}, {{0x006e, 0x0002}},
		{{0x0001, 0x0060}}, {{0x0007, 0x0000}}, {{0x0011, 0x0007}}, {{0x0000, 0x005a}},
		{{0x002a, 0x0060}}, {{0x005e, 0x0028}}, {{0x005c, 0x0062}}, {{0x0020, 0x0064}},
		{{0x0066, 0x000c}}, {{0x00d9, 0x00af}}, {{0x00ad, 0x0000}}, {{0x0015, 0x0016}},
		{{0x00d0, 0x00d1}}, {{0x00d2, 0x00d3}}, {{0x00d4, 0x0005}}, {{0x000b, 0x0007}},
		{{0x0028, 0x0215}}, {{0x000a, 0x0085}}, {{0x0004, 0x0004}}, {{0x0001, 0x0001}},
		{{0x0001, 0x0003}}, {{0x0004, 0x0215}}, {{0x042b, 0x0085}}, {{0x010b, 0x0004}},
		{{0x0006, 0x0000}}, {{0x0002, 0x0002}}, {{0x0003, 0x0005}}, {{0x042b, 0x0640}},
		{{0x010b, 0x0190}}, {{0x0006, 0x0008}}, {{0x0001, 0x0003}}, {{0x0002, 0x0004}},
		{{0x0006, 0x0640}}, {{0x0855, 0x0190}}, {{0x0215, 0x0008}}, {{0x000a, 0x0002}},
		{{0x0004, 0x0003}}, {{0x0004, 0x0007}}, {{0x0855, 0x0abe}}, {{0x0215, 0x02b0}},
		{{0x0008, 0x000e}}, {{0x0001, 0x0007}}, {{0x0004, 0x0004}}, {{0x0008, 0x0abe}},
		{{0x0c80, 0x02b0}}, {{0x0320, 0x000a}}, {{0x0010, 0x0003}}, {{0x0009, 0x0004}},
		{{0x0004, 0x0008}}, {{0x0000, 0x0000}}, {{0x0000, 0x0000}}, {{0x0000, 0x0000}},
		{{0x0000, 0x0000}}, {{0x0000, 0x0000}}, {{0x0000, 0x0000}}, {{0x0000, 0x0000}},
		{{0x0000, 0x0000}}, {{0x0000, 0x0000}}, {{0x0000, 0x0000}}, {{0x0000, 0x0000}},
		{{0x0000, 0x0000}}, {{0x0000, 0x0000}}, {{0x0000, 0x0000}}, {{0x0000, 0x0000}},
		{{0x0000, 0x0000}}, {{0x0000, 0x0000}}, {{0x0000, 0x0000}}, {{0x0000, 0x0000}},
		{{0x0000, 0x0000}}, {{0x0000, 0x0000}}, {{0x0000, 0x0000}}, {{0x0000, 0x0000}},
		{{0x0000, 0x0000}}, {{0x0000, 0x0000}}, {{0x0000, 0x0000}}, {{0x0000, 0x0000}},
		{{0x0000, 0x0000}}, {{0x0000, 0x0000}}, {{0x0000, 0x0000}}, {{0x0000, 0x0000}},
		{{0x0000, 0x0000}}, {{0x0000, 0x0000}}, {{0x0028, 0x0215}}, {{0x0005, 0x0043}},
		{{0x0002, 0x0002}}, {{0x0000, 0x0000}}, {{0x0001, 0x0002}}, {{0x0003, 0x0215}},
		{{0x042b, 0x0043}}, {{0x0085, 0x0002}}, {{0x0003, 0x0000}}, {{0x0001, 0x0001}},
		{{0x0002, 0x0003}}, {{0x042b, 0x0640}}, {{0x0085, 0x00c8}}, {{0x0003, 0x0004}},
		{{0x0001, 0x0002}}, {{0x0001, 0x0002}}, {{0x0003, 0x0640}}, {{0x0855, 0x00c8}},
		{{0x010b, 0x0004}}, {{0x0005, 0x0001}}, {{0x0002, 0x0002}}, {{0x0002, 0x0004}},
		{{0x0855, 0x0abe}}, {{0x010b, 0x0158}}, {{0x0004, 0x0007}}, {{0x0001, 0x0004}},
		{{0x0002, 0x0002}}, {{0x0004, 0x0abe}}, {{0x0c80, 0x0158}}, {{0x0190, 0x0005}},
		{{0x0008, 0x0002}}, {{0x0005, 0x0002}}, {{0x0002, 0x0004}}, {{0x0c80, 0x0e95}},
		{{0x0190, 0x01d3}}, {{0x0006, 0x0009}}, {{0x0002, 0x0005}}, {{0x0003, 0x0002}},
		{{0x0005, 0x0e95}}, {{0x10ab, 0x01d3}}, {{0x0215, 0x0006}}, {{0x000b, 0x0002}},
		{{0x0007, 0x0003}}, {{0x0002, 0x0005}}, {{0x10ab, 0x12c0}}, {{0x0215, 0x0258}},
		{{0x0007, 0x000c}}, {{0x0003, 0x0008}}, {{0x0003, 0x0002}}, {{0x0005, 0x12c0}},
		{{0x157c, 0x0258}}, {{0x02b0, 0x0008}}, {{0x000e, 0x0003}}, {{0x0009, 0x0004}},
		{{0x0002, 0x0006}}, {{0x157c, 0x1770}}, {{0x02b0, 0x02ee}}, {{0x0009, 0x000f}},
		{{0x0004, 0x000a}}, {{0x0004, 0x0002}}, {{0x0006, 0x1770}}, {{0x1900, 0x02ee}},
		{{0x0320, 0x0009}}, {{0x0010, 0x0004}}, {{0x000b, 0x0004}}, {{0x0002, 0x0006}},
		{{0x0028, 0x0215}}, {{0x000a, 0x0085}}, {{0x0006, 0x0006}}, {{0x0006, 0x0000}},
		{{0x0000, 0x0000}}, {{0x0001, 0x0006}}, {{0x0007, 0x0215}}, {{0x042b, 0x0085}},
		{{0x010b, 0x0008}}, {{0x0008, 0x0008}}, {{0x0000, 0x0000}}, {{0x0000, 0x0002}},
		{{0x0007, 0x0009}}, {{0x042b, 0x0640}}, {{0x010b, 0x0190}}, {{0x000a, 0x000a}},
		{{0x000c, 0x0001}}, {{0x0001, 0x0003}}, {{0x0002, 0x0008}}, {{0x000a, 0x0640}},
		{{0x0855, 0x0190}}, {{0x0215, 0x000c}}, {{0x000e, 0x000e}}, {{0x0002, 0x0004}},
		{{0x0004, 0x0003}}, {{0x0008, 0x000b}}, {{0x0855, 0x0abe}}, {{0x0215, 0x02b0}},
		{{0x0010, 0x0010}}, {{0x0012, 0x0003}}, {{0x0003, 0x0005}}, {{0x0004, 0x000a}},
		{{0x000e, 0x0abe}}, {{0x0c80, 0x02b0}}, {{0x0320, 0x0012}}, {{0x0014, 0x0014}},
		{{0x0005, 0x0007}}, {{0x0007, 0x0004}}, {{0x000a, 0x000e}}, {{0x0000, 0x0000}},
		{{0x0000, 0x0000}}, {{0x0000, 0x0000}}, {{0x0000, 0x0000}}, {{0x0000, 0x0000}},
		{{0x0000, 0x0000}}, {{0x0000, 0x0000}}, {{0x0000, 0x0000}}, {{0x0000, 0x0000}},
		{{0x0000, 0x0000}}, {{0x0000, 0x0000}}, {{0x0000, 0x0000}}, {{0x0000, 0x0000}},
		{{0x0000, 0x0000}}, {{0x0000, 0x0000}}, {{0x0000, 0x0000}}, {{0x0000, 0x0000}},
		{{0x0000, 0x0000}}, {{0x0000, 0x0000}}, {{0x0000, 0x0000}}, {{0x0000, 0x0000}},
		{{0x0000, 0x0000}}, {{0x0000, 0x0000}}, {{0x0000, 0x0000}}, {{0x0000, 0x0000}},
		{{0x0000, 0x0000}}, {{0x0000, 0x0000}}, {{0x0000, 0x0000}}, {{0x0000, 0x0000}},
		{{0x0000, 0x0000}}, {{0x0000, 0x0000}}, {{0x0000, 0x0000}}, {{0x0000, 0x0000}},
		{{0x0000, 0x0000}}, {{0x0000, 0x0000}}, {{0x0000, 0x0000}}, {{0x0000, 0x0000}},
		{{0x0000, 0x0000}}, {{0x0000, 0x0000}}, {{0x0028, 0x0215}}, {{0x0005, 0x0043}},
		{{0x0003, 0x0003}}, {{0x0003, 0x0000}}, {{0x0000, 0x0000}}, {{0x0001, 0x0003}},
		{{0x0004, 0x0215}}, {{0x042b, 0x0043}}, {{0x0085, 0x0004}}, {{0x0004, 0x0004}},
		{{0x0000, 0x0000}}, {{0x0000, 0x0001}}, {{0x0004, 0x0005}}, {{0x042b, 0x0640}},
		{{0x0085, 0x00c8}}, {{0x0005, 0x0005}}, {{0x0005, 0x0001}}, {{0x0001, 0x0002}},
		{{0x0001, 0x0004}}, {{0x0005, 0x0640}}, {{0x0855, 0x00c8}}, {{0x010b, 0x0006}},
		{{0x0007, 0x0007}}, {{0x0001, 0x0002}}, {{0x0002, 0x0002}}, {{0x0004, 0x0006}},
		{{0x0855, 0x0abe}}, {{0x010b, 0x0158}}, {{0x0008, 0x0008}}, {{0x0009, 0x0002}},
		{{0x0002, 0x0003}}, {{0x0002, 0x0005}}, {{0x0007, 0x0abe}}, {{0x0c80, 0x0158}},
		{{0x0190, 0x0009}}, {{0x000a, 0x000a}}, {{0x0003, 0x0004}}, {{0x0004, 0x0002}},
		{{0x0005, 0x0007}}, {{0x0c80, 0x0e95}}, {{0x0190, 0x01d3}}, {{0x000a, 0x000b}},
		{{0x000c, 0x0003}}, {{0x0004, 0x0005}}, {{0x0003, 0x0005}}, {{0x0008, 0x0e95}},
		{{0x10ab, 0x01d3}}, {{0x0215, 0x000c}}, {{0x000d, 0x000e}}, {{0x0004, 0x0005}},
		{{0x0006, 0x0003}}, {{0x0006, 0x0009}}, {{0x10ab, 0x12c0}}, {{0x0215, 0x0258}},
		{{0x000d, 0x000e}}, {{0x000f, 0x0005}}, {{0x0006, 0x0007}}, {{0x0003, 0x0006}},
		{{0x0009, 0x12c0}}, {{0x157c, 0x0258}}, {{0x02b0, 0x000f}}, {{0x0010, 0x0011}},
		{{0x0006, 0x0007}}, {{0x0008, 0x0004}}, {{0x0006, 0x000a}}, {{0x157c, 0x1770}},
		{{0x02b0, 0x02ee}}, {{0x0010, 0x0011}}, {{0x0013, 0x0006}}, {{0x0007, 0x0009}},
		{{0x0004, 0x0007}}, {{0x000b, 0x1770}}, {{0x1900, 0x02ee}}, {{0x0320, 0x0011}},
		{{0x0012, 0x0014}}, {{0x0007, 0x0008}}, {{0x000a, 0x0004}}, {{0x0007, 0x000b}},
		{{0x0607, 0x0405}}, {{0x0203, 0x0001}}, {{0x0a09, 0x0c0b}}, {{0x0e0d, 0x000f}},
		{{0x008b, 0x0001}},
	}
};

const phy_init_config* lp5_8g_pre_train_table[] = {
	&training_8g_table_0,
	&training_8g_table_1,
	&training_8g_table_2,
	&training_8g_table_3,
	&training_8g_table_4,
	&training_8g_table_5,
	&training_8g_table_6,
	&training_8g_table_7,
	&training_8g_table_8,
	&training_8g_table_9,
	&training_8g_table_10,
	&training_fw_table,
	&training_8g_table_11,
	&training_8g_table_12,
	&training_8g_table_13,
	&training_8g_table_14,
	&training_8g_table_15,
	&training_8g_table_16,
	&training_8g_table_17,
	&training_8g_table_18,
	&training_8g_table_19,
	&training_8g_table_20,
	&training_8g_table_21,
	&training_8g_table_22,
	&training_8g_table_23,
	&training_8g_table_24,
	&training_8g_table_25,
	&training_8g_table_26,
	&training_8g_table_27,
	&training_8g_table_28,
	&training_8g_table_29,
	&training_8g_table_30,
	&training_8g_table_31,
	&training_8g_table_32,
	&training_8g_table_33,
	&training_8g_table_34,
	&training_8g_table_35,
	&training_8g_table_36,
	&training_8g_table_37,
	&training_8g_table_38,
	&training_8g_table_39,
	&training_8g_table_40,
	&training_8g_table_41,
	&training_8g_table_42,
	&training_8g_table_43,
	&training_8g_table_44,
	&training_8g_table_45,
	&training_8g_table_46,
	&training_8g_table_47,
	&training_8g_table_48,
	&training_8g_table_49,
	&training_8g_table_50,
	&training_8g_table_51,
	&training_8g_table_52,
	&training_8g_table_53,
	NULL,
};

static const phy_init_config training_16g_5500_table_0 = {
	0x00020000, 2, false,
	{
		{{0x0060, 0x0002}}, {{0x00a5, 0x0001}},
	}
};

static const phy_init_config training_16g_5500_table_1 = {
	0x000d0000, 1, false,
	{
		{{0x0036, 0x0000}},
	}
};

static const phy_init_config training_16g_5500_table_2 = {
	0x00020000, 7, false,
	{
		{{0x00bd, 0x00ff}}, {{0x0300, 0x0808}}, {{0x0303, 0x0009}}, {{0x0302, 0x0026}},
		{{0x0328, 0x0000}}, {{0x0301, 0x0003}}, {{0x030b, 0x0000}},
	}
};

static const phy_init_config training_16g_5500_table_3 = {
	0x00030000, 8, false,
	{
		{{0x00a7, 0x0000}}, {{0x10a7, 0x0000}}, {{0x00ae, 0x0080}}, {{0x00ad, 0x0080}},
		{{0x00ac, 0x0080}}, {{0x10ae, 0x0080}}, {{0x10ad, 0x0080}}, {{0x10ac, 0x0080}},
	}
};

static const phy_init_config training_16g_5500_table_4 = {
	0x000c0000, 1, false,
	{
		{{0x0086, 0x0001}},
	}
};

static const phy_init_config training_16g_5500_table_5 = {
	0x00020000, 1, false,
	{
		{{0x011b, 0x0000}},
	}
};

static const phy_init_config training_16g_5500_table_6 = {
	0x00010000, 4, false,
	{
		{{0x00a3, 0x0b33}}, {{0x10a3, 0x0b33}}, {{0x20a3, 0x0b33}}, {{0x30a3, 0x0b33}},
	}
};

static const phy_init_config training_16g_5500_table_7 = {
	0x000c0000, 12, false,
	{
		{{0x00f1, 0x6000}}, {{0x00f2, 0x00a9}}, {{0x00f3, 0x8000}}, {{0x00f4, 0x0005}},
		{{0x00f5, 0x4000}}, {{0x00f6, 0x0002}}, {{0x00f7, 0xf000}}, {{0x00f9, 0x6000}},
		{{0x00fa, 0x00a9}}, {{0x00fb, 0x8000}}, {{0x00fd, 0x4000}}, {{0x00ff, 0xf000}},
	}
};

static const phy_init_config training_16g_5500_table_8 = {
	0x00090000, 1, false,
	{
		{{0x08ff, 0x000f}},
	}
};

static const phy_init_config training_16g_5500_table_9 = {
	0x00010000, 4, false,
	{
		{{0x0093, 0x0000}}, {{0x1093, 0x0000}}, {{0x2093, 0x0000}}, {{0x3093, 0x0000}},
	}
};

static const phy_init_config training_16g_5500_table_10 = {
	0x00020000, 1, false,
	{
		{{0x0051, 0x0003}},
	}
};

static const phy_init_config training_16g_5500_table_11 = {
	0x00090000, 1, false,
	{
		{{0x0802, 0x0001}},
	}
};

static const phy_init_config training_16g_5500_table_12 = {
	0x00020000, 4, false,
	{
		{{0x004c, 0x2e8f}}, {{0x004d, 0x0000}}, {{0x0002, 0x0002}}, {{0x0000, 0x0002}},
	}
};

static const phy_init_config training_16g_5500_table_13 = {
	0x00090000, 2, false,
	{
		{{0x0801, 0x0042}}, {{0x0809, 0x7000}},
	}
};

static const phy_init_config training_16g_5500_table_14 = {
	0x00010000, 40, false,
	{
		{{0x005e, 0x0366}}, {{0x0060, 0x0366}}, {{0x0062, 0x0366}}, {{0x0064, 0x0366}},
		{{0x005f, 0x0366}}, {{0x0061, 0x0366}}, {{0x0063, 0x0366}}, {{0x0065, 0x0366}},
		{{0x105e, 0x0366}}, {{0x1060, 0x0366}}, {{0x1062, 0x0366}}, {{0x1064, 0x0366}},
		{{0x105f, 0x0366}}, {{0x1061, 0x0366}}, {{0x1063, 0x0366}}, {{0x1065, 0x0366}},
		{{0x205e, 0x0366}}, {{0x2060, 0x0366}}, {{0x2062, 0x0366}}, {{0x2064, 0x0366}},
		{{0x205f, 0x0366}}, {{0x2061, 0x0366}}, {{0x2063, 0x0366}}, {{0x2065, 0x0366}},
		{{0x305e, 0x0366}}, {{0x3060, 0x0366}}, {{0x3062, 0x0366}}, {{0x3064, 0x0366}},
		{{0x305f, 0x0366}}, {{0x3061, 0x0366}}, {{0x3063, 0x0366}}, {{0x3065, 0x0366}},
		{{0x0005, 0x0000}}, {{0x000b, 0x0000}}, {{0x1005, 0x0000}}, {{0x100b, 0x0000}},
		{{0x2005, 0x0000}}, {{0x200b, 0x0000}}, {{0x3005, 0x0000}}, {{0x300b, 0x0000}},
	}
};

static const phy_init_config training_16g_5500_table_15 = {
	0x00020000, 2, false,
	{
		{{0x0007, 0x0200}}, {{0x0013, 0x002c}},
	}
};

static const phy_init_config training_16g_5500_table_16 = {
	0x00030000, 6, false,
	{
		{{0x0038, 0x0003}}, {{0x0039, 0x0003}}, {{0x003a, 0x0003}}, {{0x1038, 0x0003}},
		{{0x1039, 0x0003}}, {{0x103a, 0x0003}},
	}
};

static const phy_init_config training_16g_5500_table_17 = {
	0x00010000, 28, false,
	{
		{{0x0038, 0x0003}}, {{0x003a, 0x0003}}, {{0x1038, 0x0003}}, {{0x103a, 0x0003}},
		{{0x2038, 0x0003}}, {{0x203a, 0x0003}}, {{0x3038, 0x0003}}, {{0x303a, 0x0003}},
		{{0x003b, 0x0003}}, {{0x103b, 0x0003}}, {{0x203b, 0x0003}}, {{0x303b, 0x0003}},
		{{0x0009, 0x0000}}, {{0x0037, 0x0000}}, {{0x1009, 0x0000}}, {{0x1037, 0x0000}},
		{{0x2009, 0x0000}}, {{0x2037, 0x0000}}, {{0x3009, 0x0000}}, {{0x3037, 0x0000}},
		{{0x0004, 0x0000}}, {{0x0003, 0x0000}}, {{0x1004, 0x0000}}, {{0x1003, 0x0000}},
		{{0x2004, 0x0000}}, {{0x2003, 0x0000}}, {{0x3004, 0x0000}}, {{0x3003, 0x0000}},
	}
};

static const phy_init_config training_16g_5500_table_18 = {
	0x00020000, 1, false,
	{
		{{0x0004, 0x02af}},
	}
};

static const phy_init_config training_16g_5500_table_19 = {
	0x00030000, 8, false,
	{
		{{0x0050, 0x002c}}, {{0x0051, 0x002c}}, {{0x0052, 0x002c}}, {{0x0053, 0x002c}},
		{{0x1050, 0x002c}}, {{0x1051, 0x002c}}, {{0x1052, 0x002c}}, {{0x1053, 0x002c}},
	}
};

static const phy_init_config training_16g_5500_table_20 = {
	0x00010000, 144, false,
	{
		{{0x004e, 0x002c}}, {{0x004f, 0x002c}}, {{0x0050, 0x002c}}, {{0x0051, 0x002c}},
		{{0x014e, 0x002c}}, {{0x014f, 0x002c}}, {{0x0150, 0x002c}}, {{0x0151, 0x002c}},
		{{0x024e, 0x002c}}, {{0x024f, 0x002c}}, {{0x0250, 0x002c}}, {{0x0251, 0x002c}},
		{{0x034e, 0x002c}}, {{0x034f, 0x002c}}, {{0x0350, 0x002c}}, {{0x0351, 0x002c}},
		{{0x044e, 0x002c}}, {{0x044f, 0x002c}}, {{0x0450, 0x002c}}, {{0x0451, 0x002c}},
		{{0x054e, 0x002c}}, {{0x054f, 0x002c}}, {{0x0550, 0x002c}}, {{0x0551, 0x002c}},
		{{0x064e, 0x002c}}, {{0x064f, 0x002c}}, {{0x0650, 0x002c}}, {{0x0651, 0x002c}},
		{{0x074e, 0x002c}}, {{0x074f, 0x002c}}, {{0x0750, 0x002c}}, {{0x0751, 0x002c}},
		{{0x084e, 0x002c}}, {{0x084f, 0x002c}}, {{0x0850, 0x002c}}, {{0x0851, 0x002c}},
		{{0x104e, 0x002c}}, {{0x104f, 0x002c}}, {{0x1050, 0x002c}}, {{0x1051, 0x002c}},
		{{0x114e, 0x002c}}, {{0x114f, 0x002c}}, {{0x1150, 0x002c}}, {{0x1151, 0x002c}},
		{{0x124e, 0x002c}}, {{0x124f, 0x002c}}, {{0x1250, 0x002c}}, {{0x1251, 0x002c}},
		{{0x134e, 0x002c}}, {{0x134f, 0x002c}}, {{0x1350, 0x002c}}, {{0x1351, 0x002c}},
		{{0x144e, 0x002c}}, {{0x144f, 0x002c}}, {{0x1450, 0x002c}}, {{0x1451, 0x002c}},
		{{0x154e, 0x002c}}, {{0x154f, 0x002c}}, {{0x1550, 0x002c}}, {{0x1551, 0x002c}},
		{{0x164e, 0x002c}}, {{0x164f, 0x002c}}, {{0x1650, 0x002c}}, {{0x1651, 0x002c}},
		{{0x174e, 0x002c}}, {{0x174f, 0x002c}}, {{0x1750, 0x002c}}, {{0x1751, 0x002c}},
		{{0x184e, 0x002c}}, {{0x184f, 0x002c}}, {{0x1850, 0x002c}}, {{0x1851, 0x002c}},
		{{0x204e, 0x002c}}, {{0x204f, 0x002c}}, {{0x2050, 0x002c}}, {{0x2051, 0x002c}},
		{{0x214e, 0x002c}}, {{0x214f, 0x002c}}, {{0x2150, 0x002c}}, {{0x2151, 0x002c}},
		{{0x224e, 0x002c}}, {{0x224f, 0x002c}}, {{0x2250, 0x002c}}, {{0x2251, 0x002c}},
		{{0x234e, 0x002c}}, {{0x234f, 0x002c}}, {{0x2350, 0x002c}}, {{0x2351, 0x002c}},
		{{0x244e, 0x002c}}, {{0x244f, 0x002c}}, {{0x2450, 0x002c}}, {{0x2451, 0x002c}},
		{{0x254e, 0x002c}}, {{0x254f, 0x002c}}, {{0x2550, 0x002c}}, {{0x2551, 0x002c}},
		{{0x264e, 0x002c}}, {{0x264f, 0x002c}}, {{0x2650, 0x002c}}, {{0x2651, 0x002c}},
		{{0x274e, 0x002c}}, {{0x274f, 0x002c}}, {{0x2750, 0x002c}}, {{0x2751, 0x002c}},
		{{0x284e, 0x002c}}, {{0x284f, 0x002c}}, {{0x2850, 0x002c}}, {{0x2851, 0x002c}},
		{{0x304e, 0x002c}}, {{0x304f, 0x002c}}, {{0x3050, 0x002c}}, {{0x3051, 0x002c}},
		{{0x314e, 0x002c}}, {{0x314f, 0x002c}}, {{0x3150, 0x002c}}, {{0x3151, 0x002c}},
		{{0x324e, 0x002c}}, {{0x324f, 0x002c}}, {{0x3250, 0x002c}}, {{0x3251, 0x002c}},
		{{0x334e, 0x002c}}, {{0x334f, 0x002c}}, {{0x3350, 0x002c}}, {{0x3351, 0x002c}},
		{{0x344e, 0x002c}}, {{0x344f, 0x002c}}, {{0x3450, 0x002c}}, {{0x3451, 0x002c}},
		{{0x354e, 0x002c}}, {{0x354f, 0x002c}}, {{0x3550, 0x002c}}, {{0x3551, 0x002c}},
		{{0x364e, 0x002c}}, {{0x364f, 0x002c}}, {{0x3650, 0x002c}}, {{0x3651, 0x002c}},
		{{0x374e, 0x002c}}, {{0x374f, 0x002c}}, {{0x3750, 0x002c}}, {{0x3751, 0x002c}},
		{{0x384e, 0x002c}}, {{0x384f, 0x002c}}, {{0x3850, 0x002c}}, {{0x3851, 0x002c}},
	}
};

static const phy_init_config training_16g_5500_table_21 = {
	0x00030000, 6, false,
	{
		{{0x0030, 0x0000}}, {{0x0031, 0x0000}}, {{0x0035, 0x0000}}, {{0x1030, 0x0000}},
		{{0x1031, 0x0000}}, {{0x1035, 0x0000}},
	}
};

static const phy_init_config training_16g_5500_table_22 = {
	0x00010000, 12, false,
	{
		{{0x0030, 0x0000}}, {{0x0035, 0x0000}}, {{0x0036, 0x0000}}, {{0x1030, 0x0000}},
		{{0x1035, 0x0000}}, {{0x1036, 0x0000}}, {{0x2030, 0x0000}}, {{0x2035, 0x0000}},
		{{0x2036, 0x0000}}, {{0x3030, 0x0000}}, {{0x3035, 0x0000}}, {{0x3036, 0x0000}},
	}
};

static const phy_init_config training_16g_5500_table_23 = {
	0x00030000, 2, false,
	{
		{{0x003c, 0x0005}}, {{0x103c, 0x0005}},
	}
};

static const phy_init_config training_16g_5500_table_24 = {
	0x00010000, 12, false,
	{
		{{0x003c, 0x0005}}, {{0x003d, 0x0005}}, {{0x003e, 0x0005}}, {{0x103c, 0x0005}},
		{{0x103d, 0x0005}}, {{0x103e, 0x0005}}, {{0x203c, 0x0005}}, {{0x203d, 0x0005}},
		{{0x203e, 0x0005}}, {{0x303c, 0x0005}}, {{0x303d, 0x0005}}, {{0x303e, 0x0005}},
	}
};

static const phy_init_config training_16g_5500_table_25 = {
	0x00020000, 5, false,
	{
		{{0x0003, 0x0001}}, {{0x0001, 0x1122}}, {{0x0009, 0x0000}}, {{0x0008, 0x0001}},
		{{0x00d9, 0x0000}},
	}
};

static const phy_init_config training_16g_5500_table_26 = {
	0x00030000, 2, false,
	{
		{{0x0eef, 0x0000}}, {{0x1eef, 0x0000}},
	}
};

static const phy_init_config training_16g_5500_table_27 = {
	0x00020000, 1, false,
	{
		{{0x0014, 0x1300}},
	}
};

static const phy_init_config training_16g_5500_table_28 = {
	0x00090000, 1, false,
	{
		{{0x080a, 0x1300}},
	}
};

static const phy_init_config training_16g_5500_table_29 = {
	0x00010000, 2, false,
	{
		{{0x0040, 0x0f0f}}, {{0x0042, 0x0f0f}},
	}
};

static const phy_init_config training_16g_5500_table_30 = {
	0x00090000, 1, false,
	{
		{{0x080d, 0x0000}},
	}
};

static const phy_init_config training_16g_5500_table_31 = {
	0x00010000, 5, false,
	{
		{{0x0043, 0x0f0f}}, {{0x0044, 0x0f0f}}, {{0x0045, 0x0f0f}}, {{0x1040, 0x0f0f}},
		{{0x1042, 0x0f0f}},
	}
};

static const phy_init_config training_16g_5500_table_32 = {
	0x00090000, 1, false,
	{
		{{0x080d, 0x0000}},
	}
};

static const phy_init_config training_16g_5500_table_33 = {
	0x00010000, 5, false,
	{
		{{0x1043, 0x0f0f}}, {{0x1044, 0x0f0f}}, {{0x1045, 0x0f0f}}, {{0x2040, 0x0f0f}},
		{{0x2042, 0x0f0f}},
	}
};

static const phy_init_config training_16g_5500_table_34 = {
	0x00090000, 1, false,
	{
		{{0x080d, 0x0000}},
	}
};

static const phy_init_config training_16g_5500_table_35 = {
	0x00010000, 5, false,
	{
		{{0x2043, 0x0f0f}}, {{0x2044, 0x0f0f}}, {{0x2045, 0x0f0f}}, {{0x3040, 0x0f0f}},
		{{0x3042, 0x0f0f}},
	}
};

static const phy_init_config training_16g_5500_table_36 = {
	0x00090000, 1, false,
	{
		{{0x080d, 0x0000}},
	}
};

static const phy_init_config training_16g_5500_table_37 = {
	0x00010000, 3, false,
	{
		{{0x3043, 0x0f0f}}, {{0x3044, 0x0f0f}}, {{0x3045, 0x0f0f}},
	}
};

static const phy_init_config training_16g_5500_table_38 = {
	0x00030000, 10, false,
	{
		{{0x0040, 0x0e0e}}, {{0x0041, 0x0f0f}}, {{0x0042, 0x0f0f}}, {{0x0043, 0x0f0f}},
		{{0x0330, 0x0033}}, {{0x1040, 0x0e0e}}, {{0x1041, 0x0f0f}}, {{0x1042, 0x0f0f}},
		{{0x1043, 0x0f0f}}, {{0x1330, 0x0033}},
	}
};

static const phy_init_config training_16g_5500_table_39 = {
	0x00020000, 1, false,
	{
		{{0x0331, 0x0033}},
	}
};

static const phy_init_config training_16g_5500_table_40 = {
	0x00010000, 20, false,
	{
		{{0x0048, 0x0e00}}, {{0x004a, 0x0e00}}, {{0x004b, 0x0e00}}, {{0x004c, 0x0e00}},
		{{0x004d, 0x0e00}}, {{0x1048, 0x0e00}}, {{0x104a, 0x0e00}}, {{0x104b, 0x0e00}},
		{{0x104c, 0x0e00}}, {{0x104d, 0x0e00}}, {{0x2048, 0x0e00}}, {{0x204a, 0x0e00}},
		{{0x204b, 0x0e00}}, {{0x204c, 0x0e00}}, {{0x204d, 0x0e00}}, {{0x3048, 0x0e00}},
		{{0x304a, 0x0e00}}, {{0x304b, 0x0e00}}, {{0x304c, 0x0e00}}, {{0x304d, 0x0e00}},
	}
};

static const phy_init_config training_16g_5500_table_41 = {
	0x00030000, 14, false,
	{
		{{0x0048, 0x0c00}}, {{0x0049, 0x0c00}}, {{0x004a, 0x0c00}}, {{0x004b, 0x0c00}},
		{{0x1048, 0x0c00}}, {{0x1049, 0x0c00}}, {{0x104a, 0x0c00}}, {{0x104b, 0x0c00}},
		{{0x0033, 0x0000}}, {{0x0034, 0x0000}}, {{0x002e, 0x0000}}, {{0x1033, 0x0000}},
		{{0x1034, 0x0000}}, {{0x102e, 0x0000}},
	}
};

static const phy_init_config training_16g_5500_table_42 = {
	0x00010000, 12, false,
	{
		{{0x0033, 0x0000}}, {{0x002e, 0x0000}}, {{0x002f, 0x0000}}, {{0x1033, 0x0000}},
		{{0x102e, 0x0000}}, {{0x102f, 0x0000}}, {{0x2033, 0x0000}}, {{0x202e, 0x0000}},
		{{0x202f, 0x0000}}, {{0x3033, 0x0000}}, {{0x302e, 0x0000}}, {{0x302f, 0x0000}},
	}
};

static const phy_init_config training_16g_5500_table_43 = {
	0x00020000, 1, false,
	{
		{{0x0015, 0x0000}},
	}
};

static const phy_init_config training_16g_5500_table_44 = {
	0x00090000, 1, false,
	{
		{{0x0806, 0x0000}},
	}
};

static const phy_init_config training_16g_5500_table_45 = {
	0x00010000, 12, false,
	{
		{{0x00e8, 0x0000}}, {{0x00e9, 0x0035}}, {{0x10e8, 0x0000}}, {{0x10e9, 0x0035}},
		{{0x20e8, 0x0000}}, {{0x20e9, 0x0035}}, {{0x30e8, 0x0000}}, {{0x30e9, 0x0035}},
		{{0x0001, 0x0000}}, {{0x1001, 0x0000}}, {{0x2001, 0x0000}}, {{0x3001, 0x0000}},
	}
};

static const phy_init_config training_16g_5500_table_46 = {
	0x00020000, 7, false,
	{
		{{0x0012, 0xa1a1}}, {{0x0017, 0x0040}}, {{0x000a, 0x0040}}, {{0x0186, 0x00a1}},
		{{0x0187, 0x0040}}, {{0x0010, 0x005a}}, {{0x0011, 0x006f}},
	}
};

static const phy_init_config training_16g_5500_table_47 = {
	0x00090000, 2, false,
	{
		{{0x080b, 0x002f}}, {{0x080c, 0x006f}},
	}
};

static const phy_init_config training_16g_5500_table_48 = {
	0x00010000, 12, false,
	{
		{{0x00a5, 0x0001}}, {{0x10a5, 0x0001}}, {{0x20a5, 0x0001}}, {{0x30a5, 0x0001}},
		{{0x0014, 0x3232}}, {{0x1014, 0x3232}}, {{0x2014, 0x3232}}, {{0x3014, 0x3232}},
		{{0x000f, 0x0d86}}, {{0x100f, 0x0d86}}, {{0x200f, 0x0d86}}, {{0x300f, 0x0d86}},
	}
};

static const phy_init_config training_16g_5500_table_49 = {
	0x00020000, 20, false,
	{
		{{0x0035, 0x1008}}, {{0x0036, 0x1008}}, {{0x0037, 0x0418}}, {{0x0037, 0x0458}},
		{{0x0038, 0x1b1c}}, {{0x0039, 0x101c}}, {{0x003a, 0x101c}}, {{0x003b, 0x042c}},
		{{0x003c, 0x2b30}}, {{0x003d, 0x1004}}, {{0x003e, 0x1004}}, {{0x003f, 0x0414}},
		{{0x0040, 0x1318}}, {{0x002c, 0x083f}}, {{0x002d, 0x083f}}, {{0x0030, 0x083f}},
		{{0x002e, 0x081b}}, {{0x002f, 0x081b}}, {{0x000c, 0x0000}}, {{0x001b, 0x0000}},
	}
};

static const phy_init_config training_16g_5500_table_50 = {
	0x00010000, 4, false,
	{
		{{0x0007, 0x0000}}, {{0x1007, 0x0000}}, {{0x2007, 0x0000}}, {{0x3007, 0x0000}},
	}
};

static const phy_init_config training_16g_5500_table_51 = {
	0x000c0000, 1, false,
	{
		{{0x0080, 0x0003}},
	}
};

static const phy_init_config training_16g_5500_table_52 = {
	0x000d0000, 1, false,
	{
		{{0x0000, 0x0000}},
	}
};

static const phy_init_config training_16g_5500_table_53 = {
	0x00058000, 1234, true,
	{
		{{0x0100, 0x0000}}, {{0x0000, 0x1578}}, {{0x0004, 0x0004}}, {{0x0000, 0x0000}},
		{{0x125f, 0x0004}}, {{0x0000, 0x0001}}, {{0x0000, 0x0100}}, {{0x000f, 0x0000}},
		{{0x0000, 0x0000}}, {{0x0310, 0x0000}}, {{0x0000, 0x0000}}, {{0x0000, 0x0000}},
		{{0x0000, 0x0000}}, {{0x0000, 0x0000}}, {{0x0000, 0x0000}}, {{0x0000, 0x1000}},
		{{0x0003, 0x0000}}, {{0x0000, 0x0000}}, {{0x0000, 0x0000}}, {{0x0000, 0x0000}},
		{{0x0000, 0x0000}}, {{0x0000, 0x0000}}, {{0x0000, 0x9090}}, {{0x9090, 0x9999}},
		{{0x9999, 0x4141}}, {{0x4141, 0x5858}}, {{0x5858, 0x6c6c}}, {{0x6c6c, 0x2727}},
		{{0x2727, 0x0202}}, {{0x0202, 0x1e1e}}, {{0x1e1e, 0x1e1e}}, {{0x1e1e, 0x0000}},
		{{0x0000, 0x3e3e}}, {{0x3e3e, 0x1d1d}}, {{0x1d1d, 0x1010}}, {{0x1010, 0x0202}},
		{{0x0202, 0x0000}}, {{0x0000, 0x0000}}, {{0x0000, 0x1111}}, {{0x1111, 0x0000}},
		{{0x0000, 0x0000}}, {{0x0000, 0x0000}}, {{0x0000, 0x0808}}, {{0x0808, 0x0000}},
		{{0x0000, 0x0000}}, {{0x0000, 0x0000}}, {{0x0000, 0x0000}}, {{0x0000, 0x0000}},
		{{0x0000, 0x0000}}, {{0x0000, 0x0000}}, {{0x0000, 0x4040}}, {{0x4040, DISABLE_DDR_2D_TRAINING}},
		{{0x0000, 0x0000}}, {{0x0000, 0x0000}}, {{0x0000, 0x0000}}, {{0x0000, 0x0000}},
		{{0x0000, 0x0000}}, {{0x0000, 0x0000}}, {{0x002e, 0x0050}}, {{0x0000, 0x0000}},
		{{0x0000, 0x0000}}, {{0x0000, 0x0000}}, {{0x0000, 0x0000}}, {{0x0000, 0x0000}},
		{{0x0001, 0x3f07}}, {{0x003f, 0x0000}}, {{0x0000, 0x0000}}, {{0x0000, 0x0000}},
		{{0x0000, 0x0000}}, {{0x0000, 0x0000}}, {{0x0000, 0x0000}}, {{0x0000, 0x0000}},
		{{0x0000, 0x0000}}, {{0x0000, 0x0000}}, {{0x0000, 0x0000}}, {{0x0000, 0x0000}},
		{{0x0000, 0x0000}}, {{0x0000, 0x0000}}, {{0x0000, 0x0000}}, {{0x0000, 0x0000}},
		{{0x0000, 0x0000}}, {{0x0000, 0x0000}}, {{0x0000, 0x0000}}, {{0x0000, 0x0000}},
		{{0x0000, 0x0000}}, {{0x0000, 0x0000}}, {{0x0000, 0x0000}}, {{0x0000, 0x0000}},
		{{0x0000, 0x0000}}, {{0x0000, 0x0000}}, {{0x0000, 0x0000}}, {{0x0000, 0x0000}},
		{{0x0000, 0x0000}}, {{0x0000, 0x0000}}, {{0x0000, 0x0000}}, {{0x0000, 0x0000}},
		{{0x0000, 0x0000}}, {{0x0000, 0x0000}}, {{0x0000, 0x0000}}, {{0x0000, 0x0000}},
		{{0x0000, 0x0000}}, {{0x0000, 0x0000}}, {{0x0000, 0x0000}}, {{0x0000, 0x0000}},
		{{0x0000, 0x0000}}, {{0x0000, 0x0000}}, {{0x0000, 0x0000}}, {{0x0000, 0x0000}},
		{{0x0000, 0x0000}}, {{0x0000, 0x0000}}, {{0x0000, 0x0000}}, {{0x0000, 0x0000}},
		{{0x0000, 0x0000}}, {{0x0000, 0x0000}}, {{0x0000, 0x0000}}, {{0x0000, 0x0000}},
		{{0x0000, 0x0000}}, {{0x0000, 0x0000}}, {{0x0000, 0x0000}}, {{0x0000, 0x0000}},
		{{0x0000, 0x0000}}, {{0x0000, 0x0000}}, {{0x0000, 0x0000}}, {{0x0000, 0x0000}},
		{{0x0000, 0x0000}}, {{0x0000, 0x0000}}, {{0x0000, 0x0000}}, {{0x0000, 0x0000}},
		{{0x0000, 0x0000}}, {{0x0000, 0x0000}}, {{0x0000, 0x0000}}, {{0x0000, 0x0000}},
		{{0x0000, 0x0000}}, {{0x0000, 0x0000}}, {{0x0000, 0x0000}}, {{0x0000, 0x0000}},
		{{0x0000, 0x0000}}, {{0x0000, 0x0000}}, {{0x0000, 0x0000}}, {{0x0000, 0x0000}},
		{{0x0000, 0x0000}}, {{0x0000, 0x0000}}, {{0x0000, 0x0000}}, {{0x0000, 0x0000}},
		{{0x0000, 0x0000}}, {{0x0000, 0x0000}}, {{0x0000, 0x0000}}, {{0x0000, 0x0000}},
		{{0x0000, 0x0000}}, {{0x0000, 0x0000}}, {{0x0000, 0x0000}}, {{0x0000, 0x0000}},
		{{0x0000, 0x0000}}, {{0x0000, 0x0000}}, {{0x0000, 0x0000}}, {{0x0000, 0x0000}},
		{{0x0000, 0x0000}}, {{0x0000, 0x0000}}, {{0x0000, 0x0000}}, {{0x0000, 0x0000}},
		{{0x0000, 0x0000}}, {{0x0000, 0x0000}}, {{0x0000, 0x0000}}, {{0x0000, 0x0000}},
		{{0x0000, 0x0000}}, {{0x0000, 0x0000}}, {{0x0000, 0x0000}}, {{0x0000, 0x0000}},
		{{0x0000, 0x0000}}, {{0x0000, 0x0000}}, {{0x0000, 0x0000}}, {{0x0000, 0x0000}},
		{{0x0000, 0x0000}}, {{0x0000, 0x0000}}, {{0x0000, 0x0000}}, {{0x0000, 0x0000}},
		{{0x0000, 0x0000}}, {{0x0000, 0x0000}}, {{0x0000, 0x0000}}, {{0x0000, 0x0000}},
		{{0x0000, 0x0000}}, {{0x0000, 0x0000}}, {{0x0000, 0x0000}}, {{0x0000, 0x0000}},
		{{0x0000, 0x0000}}, {{0x0000, 0x0000}}, {{0x0000, 0x0000}}, {{0x0000, 0x0000}},
		{{0x0000, 0x0000}}, {{0x0000, 0x0000}}, {{0x0000, 0x0000}}, {{0x0000, 0x0000}},
		{{0x0000, 0x0000}}, {{0x0000, 0x0000}}, {{0x0000, 0x0000}}, {{0x0000, 0x0000}},
		{{0x0000, 0x0000}}, {{0x0000, 0x0000}}, {{0x0000, 0x0000}}, {{0x0000, 0x0000}},
		{{0x0000, 0x0000}}, {{0x0000, 0x0000}}, {{0x0000, 0x0000}}, {{0x0000, 0x0000}},
		{{0x0000, 0x0000}}, {{0x0000, 0x0000}}, {{0x0000, 0x0000}}, {{0x0000, 0x0000}},
		{{0x0000, 0x0000}}, {{0x0000, 0x0000}}, {{0x0000, 0x0000}}, {{0x0000, 0x0000}},
		{{0x0000, 0x0000}}, {{0x0000, 0x0000}}, {{0x0000, 0x0000}}, {{0x0000, 0x0000}},
		{{0x0000, 0x0000}}, {{0x0000, 0x0000}}, {{0x0000, 0x0000}}, {{0x0000, 0x0000}},
		{{0x0000, 0x0000}}, {{0x0000, 0x0000}}, {{0x0000, 0x0000}}, {{0x0000, 0x0000}},
		{{0x0000, 0x0000}}, {{0x0000, 0x0000}}, {{0x0000, 0x0000}}, {{0x0000, 0x0000}},
		{{0x0000, 0x0000}}, {{0x0000, 0x0000}}, {{0x0000, 0x0000}}, {{0x0000, 0x0000}},
		{{0x0000, 0x0000}}, {{0x0000, 0x0000}}, {{0x0000, 0x0000}}, {{0x0000, 0x0000}},
		{{0x0000, 0x0000}}, {{0x0000, 0x0000}}, {{0x0000, 0x0000}}, {{0x0000, 0x0000}},
		{{0x0000, 0x0000}}, {{0x0000, 0x0000}}, {{0x0000, 0x0000}}, {{0x0000, 0x0000}},
		{{0x0000, 0x0000}}, {{0x0000, 0x0000}}, {{0x0000, 0x0000}}, {{0x0000, 0x0000}},
		{{0x0000, 0x0000}}, {{0x0000, 0x0000}}, {{0x0000, 0x0000}}, {{0x0000, 0x0000}},
		{{0x0000, 0x0000}}, {{0x0000, 0x0000}}, {{0x0000, 0x0000}}, {{0x0000, 0x0000}},
		{{0x0000, 0x0000}}, {{0x0000, 0x0000}}, {{0x0500, 0x0000}}, {{0x0000, 0x0000}},
		{{0x0000, 0x0000}}, {{0x0000, 0x0000}}, {{0x0000, 0x0000}}, {{0x0000, 0x0000}},
		{{0x0000, 0x0000}}, {{0x6745, 0x00f2}}, {{0x0000, 0x0000}}, {{0x0000, 0x0000}},
		{{0x0000, 0x0000}}, {{0x0000, 0x0000}}, {{0x0000, 0x0004}}, {{0x0000, 0x0000}},
		{{0x0000, 0x0000}}, {{0x0000, 0x0000}}, {{0x0000, 0x0000}}, {{0x0000, 0x0000}},
		{{0x0000, 0x0000}}, {{0x0000, 0x0000}}, {{0x0000, 0x0004}}, {{0x0000, 0x0000}},
		{{0x0000, 0x0000}}, {{0x0000, 0x0000}}, {{0x0000, 0x0004}}, {{0x0e0c, 0x180f}},
		{{0x001e, 0x0000}}, {{0x0000, 0x0000}}, {{0x0000, 0x0000}}, {{0x0000, 0x0000}},
		{{0x1210, 0x0201}}, {{0x1403, 0x1c0a}}, {{0x2e29, 0x0b11}}, {{0x150d, 0x1916}},
		{{0x0e0c, 0x180f}}, {{0x131e, 0x0000}}, {{0x0000, 0x0003}}, {{0x0000, 0x0001}},
		{{0x0000, 0x0002}}, {{0x0000, 0x0009}}, {{0x0006, 0x0008}}, {{0x0002, 0x0005}},
		{{0x0024, 0x0010}}, {{0x0026, 0x0012}}, {{0x004e, 0x0050}}, {{0x0012, 0x0186}},
		{{0x0187, 0x000a}}, {{0x0017, 0x0015}}, {{0x004e, 0x000d}}, {{0x006e, 0x0002}},
		{{0x0001, 0x0060}}, {{0x0007, 0x0000}}, {{0x0011, 0x0007}}, {{0x0000, 0x005a}},
		{{0x002a, 0x0060}}, {{0x005e, 0x0028}}, {{0x005c, 0x0062}}, {{0x0020, 0x0064}},
		{{0x0066, 0x000c}}, {{0x00d9, 0x00af}}, {{0x00ad, 0x0000}}, {{0x0015, 0x0016}},
		{{0x00d0, 0x00d1}}, {{0x00d2, 0x00d3}}, {{0x00d4, 0x0005}}, {{0x000b, 0x0007}},
		{{0x0028, 0x0215}}, {{0x000a, 0x0085}}, {{0x0004, 0x0004}}, {{0x0001, 0x0001}},
		{{0x0001, 0x0003}}, {{0x0004, 0x0215}}, {{0x042b, 0x0085}}, {{0x010b, 0x0004}},
		{{0x0006, 0x0000}}, {{0x0002, 0x0002}}, {{0x0003, 0x0005}}, {{0x042b, 0x0640}},
		{{0x010b, 0x0190}}, {{0x0006, 0x0008}}, {{0x0001, 0x0003}}, {{0x0002, 0x0004}},
		{{0x0006, 0x0640}}, {{0x0855, 0x0190}}, {{0x0215, 0x0008}}, {{0x000a, 0x0002}},
		{{0x0004, 0x0003}}, {{0x0004, 0x0007}}, {{0x0855, 0x0abe}}, {{0x0215, 0x02b0}},
		{{0x0008, 0x000e}}, {{0x0001, 0x0007}}, {{0x0004, 0x0004}}, {{0x0008, 0x0abe}},
		{{0x0c80, 0x02b0}}, {{0x0320, 0x000a}}, {{0x0010, 0x0003}}, {{0x0009, 0x0004}},
		{{0x0004, 0x0008}}, {{0x0000, 0x0000}}, {{0x0000, 0x0000}}, {{0x0000, 0x0000}},
		{{0x0000, 0x0000}}, {{0x0000, 0x0000}}, {{0x0000, 0x0000}}, {{0x0000, 0x0000}},
		{{0x0000, 0x0000}}, {{0x0000, 0x0000}}, {{0x0000, 0x0000}}, {{0x0000, 0x0000}},
		{{0x0000, 0x0000}}, {{0x0000, 0x0000}}, {{0x0000, 0x0000}}, {{0x0000, 0x0000}},
		{{0x0000, 0x0000}}, {{0x0000, 0x0000}}, {{0x0000, 0x0000}}, {{0x0000, 0x0000}},
		{{0x0000, 0x0000}}, {{0x0000, 0x0000}}, {{0x0000, 0x0000}}, {{0x0000, 0x0000}},
		{{0x0000, 0x0000}}, {{0x0000, 0x0000}}, {{0x0000, 0x0000}}, {{0x0000, 0x0000}},
		{{0x0000, 0x0000}}, {{0x0000, 0x0000}}, {{0x0000, 0x0000}}, {{0x0000, 0x0000}},
		{{0x0000, 0x0000}}, {{0x0000, 0x0000}}, {{0x0028, 0x0215}}, {{0x0005, 0x0043}},
		{{0x0002, 0x0002}}, {{0x0000, 0x0000}}, {{0x0001, 0x0002}}, {{0x0003, 0x0215}},
		{{0x042b, 0x0043}}, {{0x0085, 0x0002}}, {{0x0003, 0x0000}}, {{0x0001, 0x0001}},
		{{0x0002, 0x0003}}, {{0x042b, 0x0640}}, {{0x0085, 0x00c8}}, {{0x0003, 0x0004}},
		{{0x0001, 0x0002}}, {{0x0001, 0x0002}}, {{0x0003, 0x0640}}, {{0x0855, 0x00c8}},
		{{0x010b, 0x0004}}, {{0x0005, 0x0001}}, {{0x0002, 0x0002}}, {{0x0002, 0x0004}},
		{{0x0855, 0x0abe}}, {{0x010b, 0x0158}}, {{0x0004, 0x0007}}, {{0x0001, 0x0004}},
		{{0x0002, 0x0002}}, {{0x0004, 0x0abe}}, {{0x0c80, 0x0158}}, {{0x0190, 0x0005}},
		{{0x0008, 0x0002}}, {{0x0005, 0x0002}}, {{0x0002, 0x0004}}, {{0x0c80, 0x0e95}},
		{{0x0190, 0x01d3}}, {{0x0006, 0x0009}}, {{0x0002, 0x0005}}, {{0x0003, 0x0002}},
		{{0x0005, 0x0e95}}, {{0x10ab, 0x01d3}}, {{0x0215, 0x0006}}, {{0x000b, 0x0002}},
		{{0x0007, 0x0003}}, {{0x0002, 0x0005}}, {{0x10ab, 0x12c0}}, {{0x0215, 0x0258}},
		{{0x0007, 0x000c}}, {{0x0003, 0x0008}}, {{0x0003, 0x0002}}, {{0x0005, 0x12c0}},
		{{0x157c, 0x0258}}, {{0x02b0, 0x0008}}, {{0x000e, 0x0003}}, {{0x0009, 0x0004}},
		{{0x0002, 0x0006}}, {{0x157c, 0x1770}}, {{0x02b0, 0x02ee}}, {{0x0009, 0x000f}},
		{{0x0004, 0x000a}}, {{0x0004, 0x0002}}, {{0x0006, 0x1770}}, {{0x1900, 0x02ee}},
		{{0x0320, 0x0009}}, {{0x0010, 0x0004}}, {{0x000b, 0x0004}}, {{0x0002, 0x0006}},
		{{0x0028, 0x0215}}, {{0x000a, 0x0085}}, {{0x0006, 0x0006}}, {{0x0006, 0x0000}},
		{{0x0000, 0x0000}}, {{0x0001, 0x0006}}, {{0x0007, 0x0215}}, {{0x042b, 0x0085}},
		{{0x010b, 0x0008}}, {{0x0008, 0x0008}}, {{0x0000, 0x0000}}, {{0x0000, 0x0002}},
		{{0x0007, 0x0009}}, {{0x042b, 0x0640}}, {{0x010b, 0x0190}}, {{0x000a, 0x000a}},
		{{0x000c, 0x0001}}, {{0x0001, 0x0003}}, {{0x0002, 0x0008}}, {{0x000a, 0x0640}},
		{{0x0855, 0x0190}}, {{0x0215, 0x000c}}, {{0x000e, 0x000e}}, {{0x0002, 0x0004}},
		{{0x0004, 0x0003}}, {{0x0008, 0x000b}}, {{0x0855, 0x0abe}}, {{0x0215, 0x02b0}},
		{{0x0010, 0x0010}}, {{0x0012, 0x0003}}, {{0x0003, 0x0005}}, {{0x0004, 0x000a}},
		{{0x000e, 0x0abe}}, {{0x0c80, 0x02b0}}, {{0x0320, 0x0012}}, {{0x0014, 0x0014}},
		{{0x0005, 0x0007}}, {{0x0007, 0x0004}}, {{0x000a, 0x000e}}, {{0x0000, 0x0000}},
		{{0x0000, 0x0000}}, {{0x0000, 0x0000}}, {{0x0000, 0x0000}}, {{0x0000, 0x0000}},
		{{0x0000, 0x0000}}, {{0x0000, 0x0000}}, {{0x0000, 0x0000}}, {{0x0000, 0x0000}},
		{{0x0000, 0x0000}}, {{0x0000, 0x0000}}, {{0x0000, 0x0000}}, {{0x0000, 0x0000}},
		{{0x0000, 0x0000}}, {{0x0000, 0x0000}}, {{0x0000, 0x0000}}, {{0x0000, 0x0000}},
		{{0x0000, 0x0000}}, {{0x0000, 0x0000}}, {{0x0000, 0x0000}}, {{0x0000, 0x0000}},
		{{0x0000, 0x0000}}, {{0x0000, 0x0000}}, {{0x0000, 0x0000}}, {{0x0000, 0x0000}},
		{{0x0000, 0x0000}}, {{0x0000, 0x0000}}, {{0x0000, 0x0000}}, {{0x0000, 0x0000}},
		{{0x0000, 0x0000}}, {{0x0000, 0x0000}}, {{0x0000, 0x0000}}, {{0x0000, 0x0000}},
		{{0x0000, 0x0000}}, {{0x0000, 0x0000}}, {{0x0000, 0x0000}}, {{0x0000, 0x0000}},
		{{0x0000, 0x0000}}, {{0x0000, 0x0000}}, {{0x0028, 0x0215}}, {{0x0005, 0x0043}},
		{{0x0003, 0x0003}}, {{0x0003, 0x0000}}, {{0x0000, 0x0000}}, {{0x0001, 0x0003}},
		{{0x0004, 0x0215}}, {{0x042b, 0x0043}}, {{0x0085, 0x0004}}, {{0x0004, 0x0004}},
		{{0x0000, 0x0000}}, {{0x0000, 0x0001}}, {{0x0004, 0x0005}}, {{0x042b, 0x0640}},
		{{0x0085, 0x00c8}}, {{0x0005, 0x0005}}, {{0x0005, 0x0001}}, {{0x0001, 0x0002}},
		{{0x0001, 0x0004}}, {{0x0005, 0x0640}}, {{0x0855, 0x00c8}}, {{0x010b, 0x0006}},
		{{0x0007, 0x0007}}, {{0x0001, 0x0002}}, {{0x0002, 0x0002}}, {{0x0004, 0x0006}},
		{{0x0855, 0x0abe}}, {{0x010b, 0x0158}}, {{0x0008, 0x0008}}, {{0x0009, 0x0002}},
		{{0x0002, 0x0003}}, {{0x0002, 0x0005}}, {{0x0007, 0x0abe}}, {{0x0c80, 0x0158}},
		{{0x0190, 0x0009}}, {{0x000a, 0x000a}}, {{0x0003, 0x0004}}, {{0x0004, 0x0002}},
		{{0x0005, 0x0007}}, {{0x0c80, 0x0e95}}, {{0x0190, 0x01d3}}, {{0x000a, 0x000b}},
		{{0x000c, 0x0003}}, {{0x0004, 0x0005}}, {{0x0003, 0x0005}}, {{0x0008, 0x0e95}},
		{{0x10ab, 0x01d3}}, {{0x0215, 0x000c}}, {{0x000d, 0x000e}}, {{0x0004, 0x0005}},
		{{0x0006, 0x0003}}, {{0x0006, 0x0009}}, {{0x10ab, 0x12c0}}, {{0x0215, 0x0258}},
		{{0x000d, 0x000e}}, {{0x000f, 0x0005}}, {{0x0006, 0x0007}}, {{0x0003, 0x0006}},
		{{0x0009, 0x12c0}}, {{0x157c, 0x0258}}, {{0x02b0, 0x000f}}, {{0x0010, 0x0011}},
		{{0x0006, 0x0007}}, {{0x0008, 0x0004}}, {{0x0006, 0x000a}}, {{0x157c, 0x1770}},
		{{0x02b0, 0x02ee}}, {{0x0010, 0x0011}}, {{0x0013, 0x0006}}, {{0x0007, 0x0009}},
		{{0x0004, 0x0007}}, {{0x000b, 0x1770}}, {{0x1900, 0x02ee}}, {{0x0320, 0x0011}},
		{{0x0012, 0x0014}}, {{0x0007, 0x0008}}, {{0x000a, 0x0004}}, {{0x0007, 0x000b}},
		{{0x0607, 0x0405}}, {{0x0203, 0x0001}}, {{0x0a09, 0x0c0b}}, {{0x0e0d, 0x000f}},
		{{0x008b, 0x0001}},
	}
};

const phy_init_config* lp5_16g_5500_pre_train_table[] = {
	&training_16g_5500_table_0,
	&training_16g_5500_table_1,
	&training_16g_5500_table_2,
	&training_16g_5500_table_3,
	&training_16g_5500_table_4,
	&training_16g_5500_table_5,
	&training_16g_5500_table_6,
	&training_16g_5500_table_7,
	&training_16g_5500_table_8,
	&training_16g_5500_table_9,
	&training_16g_5500_table_10,
	&training_fw_table,
	&training_16g_5500_table_11,
	&training_16g_5500_table_12,
	&training_16g_5500_table_13,
	&training_16g_5500_table_14,
	&training_16g_5500_table_15,
	&training_16g_5500_table_16,
	&training_16g_5500_table_17,
	&training_16g_5500_table_18,
	&training_16g_5500_table_19,
	&training_16g_5500_table_20,
	&training_16g_5500_table_21,
	&training_16g_5500_table_22,
	&training_16g_5500_table_23,
	&training_16g_5500_table_24,
	&training_16g_5500_table_25,
	&training_16g_5500_table_26,
	&training_16g_5500_table_27,
	&training_16g_5500_table_28,
	&training_16g_5500_table_29,
	&training_16g_5500_table_30,
	&training_16g_5500_table_31,
	&training_16g_5500_table_32,
	&training_16g_5500_table_33,
	&training_16g_5500_table_34,
	&training_16g_5500_table_35,
	&training_16g_5500_table_36,
	&training_16g_5500_table_37,
	&training_16g_5500_table_38,
	&training_16g_5500_table_39,
	&training_16g_5500_table_40,
	&training_16g_5500_table_41,
	&training_16g_5500_table_42,
	&training_16g_5500_table_43,
	&training_16g_5500_table_44,
	&training_16g_5500_table_45,
	&training_16g_5500_table_46,
	&training_16g_5500_table_47,
	&training_16g_5500_table_48,
	&training_16g_5500_table_49,
	&training_16g_5500_table_50,
	&training_16g_5500_table_51,
	&training_16g_5500_table_52,
	&training_16g_5500_table_53,
	NULL,
};

static const phy_init_config training_16g_table_0 = {
	0x00020000, 2, false,
	{
		{{0x0060, 0x0002}}, {{0x00a5, 0x0001}},
	}
};

static const phy_init_config training_16g_table_1 = {
	0x000d0000, 1, false,
	{
		{{0x0036, 0x0000}},
	}
};

static const phy_init_config training_16g_table_2 = {
	0x00020000, 7, false,
	{
		{{0x00bd, 0x00ff}}, {{0x0300, 0x0808}}, {{0x0303, 0x0009}}, {{0x0302, 0x0026}},
		{{0x0328, 0x0000}}, {{0x0301, 0x0003}}, {{0x030b, 0x0000}},
	}
};

static const phy_init_config training_16g_table_3 = {
	0x00030000, 8, false,
	{
		{{0x00a7, 0x0000}}, {{0x10a7, 0x0000}}, {{0x00ae, 0x0080}}, {{0x00ad, 0x0080}},
		{{0x00ac, 0x0080}}, {{0x10ae, 0x0080}}, {{0x10ad, 0x0080}}, {{0x10ac, 0x0080}},
	}
};

static const phy_init_config training_16g_table_4 = {
	0x000c0000, 1, false,
	{
		{{0x0086, 0x0000}},
	}
};

static const phy_init_config training_16g_table_5 = {
	0x00010000, 4, false,
	{
		{{0x00a3, 0x0b33}}, {{0x10a3, 0x0b33}}, {{0x20a3, 0x0b33}}, {{0x30a3, 0x0b33}},
	}
};

static const phy_init_config training_16g_table_6 = {
	0x000c0000, 12, false,
	{
		{{0x00f1, 0x6000}}, {{0x00f2, 0x00a9}}, {{0x00f3, 0x8000}}, {{0x00f4, 0x0005}},
		{{0x00f5, 0x4000}}, {{0x00f6, 0x0002}}, {{0x00f7, 0xf000}}, {{0x00f9, 0x6000}},
		{{0x00fa, 0x00a9}}, {{0x00fb, 0x8000}}, {{0x00fd, 0x4000}}, {{0x00ff, 0xf000}},
	}
};

static const phy_init_config training_16g_table_7 = {
	0x00090000, 1, false,
	{
		{{0x08ff, 0x000f}},
	}
};

static const phy_init_config training_16g_table_8 = {
	0x00010000, 4, false,
	{
		{{0x0093, 0x0000}}, {{0x1093, 0x0000}}, {{0x2093, 0x0000}}, {{0x3093, 0x0000}},
	}
};

static const phy_init_config training_16g_table_9 = {
	0x00020000, 1, false,
	{
		{{0x0051, 0x0003}},
	}
};

static const phy_init_config training_16g_table_10 = {
	0x00090000, 1, false,
	{
		{{0x0802, 0x0001}},
	}
};

static const phy_init_config training_16g_table_11 = {
	0x00020000, 4, false,
	{
		{{0x004c, 0x2e8f}}, {{0x004d, 0x0000}}, {{0x0002, 0x0002}}, {{0x0000, 0x0002}},
	}
};

static const phy_init_config training_16g_table_12 = {
	0x00090000, 2, false,
	{
		{{0x0801, 0x004d}}, {{0x0809, 0x7000}},
	}
};

static const phy_init_config training_16g_table_13 = {
	0x00010000, 40, false,
	{
		{{0x005e, 0x0366}}, {{0x0060, 0x0366}}, {{0x0062, 0x0366}}, {{0x0064, 0x0366}},
		{{0x005f, 0x0366}}, {{0x0061, 0x0366}}, {{0x0063, 0x0366}}, {{0x0065, 0x0366}},
		{{0x105e, 0x0366}}, {{0x1060, 0x0366}}, {{0x1062, 0x0366}}, {{0x1064, 0x0366}},
		{{0x105f, 0x0366}}, {{0x1061, 0x0366}}, {{0x1063, 0x0366}}, {{0x1065, 0x0366}},
		{{0x205e, 0x0366}}, {{0x2060, 0x0366}}, {{0x2062, 0x0366}}, {{0x2064, 0x0366}},
		{{0x205f, 0x0366}}, {{0x2061, 0x0366}}, {{0x2063, 0x0366}}, {{0x2065, 0x0366}},
		{{0x305e, 0x0366}}, {{0x3060, 0x0366}}, {{0x3062, 0x0366}}, {{0x3064, 0x0366}},
		{{0x305f, 0x0366}}, {{0x3061, 0x0366}}, {{0x3063, 0x0366}}, {{0x3065, 0x0366}},
		{{0x0005, 0x0000}}, {{0x000b, 0x0000}}, {{0x1005, 0x0000}}, {{0x100b, 0x0000}},
		{{0x2005, 0x0000}}, {{0x200b, 0x0000}}, {{0x3005, 0x0000}}, {{0x300b, 0x0000}},
	}
};

static const phy_init_config training_16g_table_14 = {
	0x00020000, 2, false,
	{
		{{0x0007, 0x0000}}, {{0x0013, 0x002c}},
	}
};

static const phy_init_config training_16g_table_15 = {
	0x00030000, 6, false,
	{
		{{0x0038, 0x0003}}, {{0x0039, 0x0003}}, {{0x003a, 0x0003}}, {{0x1038, 0x0003}},
		{{0x1039, 0x0003}}, {{0x103a, 0x0003}},
	}
};

static const phy_init_config training_16g_table_16 = {
	0x00010000, 28, false,
	{
		{{0x0038, 0x0003}}, {{0x003a, 0x0003}}, {{0x1038, 0x0003}}, {{0x103a, 0x0003}},
		{{0x2038, 0x0003}}, {{0x203a, 0x0003}}, {{0x3038, 0x0003}}, {{0x303a, 0x0003}},
		{{0x003b, 0x0003}}, {{0x103b, 0x0003}}, {{0x203b, 0x0003}}, {{0x303b, 0x0003}},
		{{0x0009, 0x0000}}, {{0x0037, 0x0000}}, {{0x1009, 0x0000}}, {{0x1037, 0x0000}},
		{{0x2009, 0x0000}}, {{0x2037, 0x0000}}, {{0x3009, 0x0000}}, {{0x3037, 0x0000}},
		{{0x0004, 0x0000}}, {{0x0003, 0x0000}}, {{0x1004, 0x0000}}, {{0x1003, 0x0000}},
		{{0x2004, 0x0000}}, {{0x2003, 0x0000}}, {{0x3004, 0x0000}}, {{0x3003, 0x0000}},
	}
};

static const phy_init_config training_16g_table_17 = {
	0x00020000, 1, false,
	{
		{{0x0004, 0x0320}},
	}
};

static const phy_init_config training_16g_table_18 = {
	0x00030000, 8, false,
	{
		{{0x0050, 0x0035}}, {{0x0051, 0x0035}}, {{0x0052, 0x0035}}, {{0x0053, 0x0035}},
		{{0x1050, 0x0035}}, {{0x1051, 0x0035}}, {{0x1052, 0x0035}}, {{0x1053, 0x0035}},
	}
};

static const phy_init_config training_16g_table_19 = {
	0x00010000, 144, false,
	{
		{{0x004e, 0x0035}}, {{0x004f, 0x0035}}, {{0x0050, 0x0035}}, {{0x0051, 0x0035}},
		{{0x014e, 0x0035}}, {{0x014f, 0x0035}}, {{0x0150, 0x0035}}, {{0x0151, 0x0035}},
		{{0x024e, 0x0035}}, {{0x024f, 0x0035}}, {{0x0250, 0x0035}}, {{0x0251, 0x0035}},
		{{0x034e, 0x0035}}, {{0x034f, 0x0035}}, {{0x0350, 0x0035}}, {{0x0351, 0x0035}},
		{{0x044e, 0x0035}}, {{0x044f, 0x0035}}, {{0x0450, 0x0035}}, {{0x0451, 0x0035}},
		{{0x054e, 0x0035}}, {{0x054f, 0x0035}}, {{0x0550, 0x0035}}, {{0x0551, 0x0035}},
		{{0x064e, 0x0035}}, {{0x064f, 0x0035}}, {{0x0650, 0x0035}}, {{0x0651, 0x0035}},
		{{0x074e, 0x0035}}, {{0x074f, 0x0035}}, {{0x0750, 0x0035}}, {{0x0751, 0x0035}},
		{{0x084e, 0x0035}}, {{0x084f, 0x0035}}, {{0x0850, 0x0035}}, {{0x0851, 0x0035}},
		{{0x104e, 0x0035}}, {{0x104f, 0x0035}}, {{0x1050, 0x0035}}, {{0x1051, 0x0035}},
		{{0x114e, 0x0035}}, {{0x114f, 0x0035}}, {{0x1150, 0x0035}}, {{0x1151, 0x0035}},
		{{0x124e, 0x0035}}, {{0x124f, 0x0035}}, {{0x1250, 0x0035}}, {{0x1251, 0x0035}},
		{{0x134e, 0x0035}}, {{0x134f, 0x0035}}, {{0x1350, 0x0035}}, {{0x1351, 0x0035}},
		{{0x144e, 0x0035}}, {{0x144f, 0x0035}}, {{0x1450, 0x0035}}, {{0x1451, 0x0035}},
		{{0x154e, 0x0035}}, {{0x154f, 0x0035}}, {{0x1550, 0x0035}}, {{0x1551, 0x0035}},
		{{0x164e, 0x0035}}, {{0x164f, 0x0035}}, {{0x1650, 0x0035}}, {{0x1651, 0x0035}},
		{{0x174e, 0x0035}}, {{0x174f, 0x0035}}, {{0x1750, 0x0035}}, {{0x1751, 0x0035}},
		{{0x184e, 0x0035}}, {{0x184f, 0x0035}}, {{0x1850, 0x0035}}, {{0x1851, 0x0035}},
		{{0x204e, 0x0035}}, {{0x204f, 0x0035}}, {{0x2050, 0x0035}}, {{0x2051, 0x0035}},
		{{0x214e, 0x0035}}, {{0x214f, 0x0035}}, {{0x2150, 0x0035}}, {{0x2151, 0x0035}},
		{{0x224e, 0x0035}}, {{0x224f, 0x0035}}, {{0x2250, 0x0035}}, {{0x2251, 0x0035}},
		{{0x234e, 0x0035}}, {{0x234f, 0x0035}}, {{0x2350, 0x0035}}, {{0x2351, 0x0035}},
		{{0x244e, 0x0035}}, {{0x244f, 0x0035}}, {{0x2450, 0x0035}}, {{0x2451, 0x0035}},
		{{0x254e, 0x0035}}, {{0x254f, 0x0035}}, {{0x2550, 0x0035}}, {{0x2551, 0x0035}},
		{{0x264e, 0x0035}}, {{0x264f, 0x0035}}, {{0x2650, 0x0035}}, {{0x2651, 0x0035}},
		{{0x274e, 0x0035}}, {{0x274f, 0x0035}}, {{0x2750, 0x0035}}, {{0x2751, 0x0035}},
		{{0x284e, 0x0035}}, {{0x284f, 0x0035}}, {{0x2850, 0x0035}}, {{0x2851, 0x0035}},
		{{0x304e, 0x0035}}, {{0x304f, 0x0035}}, {{0x3050, 0x0035}}, {{0x3051, 0x0035}},
		{{0x314e, 0x0035}}, {{0x314f, 0x0035}}, {{0x3150, 0x0035}}, {{0x3151, 0x0035}},
		{{0x324e, 0x0035}}, {{0x324f, 0x0035}}, {{0x3250, 0x0035}}, {{0x3251, 0x0035}},
		{{0x334e, 0x0035}}, {{0x334f, 0x0035}}, {{0x3350, 0x0035}}, {{0x3351, 0x0035}},
		{{0x344e, 0x0035}}, {{0x344f, 0x0035}}, {{0x3450, 0x0035}}, {{0x3451, 0x0035}},
		{{0x354e, 0x0035}}, {{0x354f, 0x0035}}, {{0x3550, 0x0035}}, {{0x3551, 0x0035}},
		{{0x364e, 0x0035}}, {{0x364f, 0x0035}}, {{0x3650, 0x0035}}, {{0x3651, 0x0035}},
		{{0x374e, 0x0035}}, {{0x374f, 0x0035}}, {{0x3750, 0x0035}}, {{0x3751, 0x0035}},
		{{0x384e, 0x0035}}, {{0x384f, 0x0035}}, {{0x3850, 0x0035}}, {{0x3851, 0x0035}},
	}
};

static const phy_init_config training_16g_table_20 = {
	0x00030000, 6, false,
	{
		{{0x0030, 0x0000}}, {{0x0031, 0x0000}}, {{0x0035, 0x0000}}, {{0x1030, 0x0000}},
		{{0x1031, 0x0000}}, {{0x1035, 0x0000}},
	}
};

static const phy_init_config training_16g_table_21 = {
	0x00010000, 12, false,
	{
		{{0x0030, 0x0000}}, {{0x0035, 0x0000}}, {{0x0036, 0x0000}}, {{0x1030, 0x0000}},
		{{0x1035, 0x0000}}, {{0x1036, 0x0000}}, {{0x2030, 0x0000}}, {{0x2035, 0x0000}},
		{{0x2036, 0x0000}}, {{0x3030, 0x0000}}, {{0x3035, 0x0000}}, {{0x3036, 0x0000}},
	}
};

static const phy_init_config training_16g_table_22 = {
	0x00030000, 2, false,
	{
		{{0x003c, 0x0005}}, {{0x103c, 0x0005}},
	}
};

static const phy_init_config training_16g_table_23 = {
	0x00010000, 12, false,
	{
		{{0x003c, 0x0005}}, {{0x003d, 0x0005}}, {{0x003e, 0x0005}}, {{0x103c, 0x0005}},
		{{0x103d, 0x0005}}, {{0x103e, 0x0005}}, {{0x203c, 0x0005}}, {{0x203d, 0x0005}},
		{{0x203e, 0x0005}}, {{0x303c, 0x0005}}, {{0x303d, 0x0005}}, {{0x303e, 0x0005}},
	}
};

static const phy_init_config training_16g_table_24 = {
	0x00020000, 5, false,
	{
		{{0x0003, 0x0001}}, {{0x0001, 0x1122}}, {{0x0009, 0x0000}}, {{0x0008, 0x0000}},
		{{0x00d9, 0x0000}},
	}
};

static const phy_init_config training_16g_table_25 = {
	0x00030000, 2, false,
	{
		{{0x0eef, 0x0000}}, {{0x1eef, 0x0000}},
	}
};

static const phy_init_config training_16g_table_26 = {
	0x00020000, 1, false,
	{
		{{0x0014, 0x1300}},
	}
};

static const phy_init_config training_16g_table_27 = {
	0x00090000, 1, false,
	{
		{{0x080a, 0x1300}},
	}
};

static const phy_init_config training_16g_table_28 = {
	0x00010000, 2, false,
	{
		{{0x0040, 0x0e0e}}, {{0x0042, 0x0e0e}},
	}
};

static const phy_init_config training_16g_table_29 = {
	0x00090000, 1, false,
	{
		{{0x080d, 0x0000}},
	}
};

static const phy_init_config training_16g_table_30 = {
	0x00010000, 5, false,
	{
		{{0x0043, 0x0e0e}}, {{0x0044, 0x0e0e}}, {{0x0045, 0x0e0e}}, {{0x1040, 0x0e0e}},
		{{0x1042, 0x0e0e}},
	}
};

static const phy_init_config training_16g_table_31 = {
	0x00090000, 1, false,
	{
		{{0x080d, 0x0000}},
	}
};

static const phy_init_config training_16g_table_32 = {
	0x00010000, 5, false,
	{
		{{0x1043, 0x0e0e}}, {{0x1044, 0x0e0e}}, {{0x1045, 0x0e0e}}, {{0x2040, 0x0e0e}},
		{{0x2042, 0x0e0e}},
	}
};

static const phy_init_config training_16g_table_33 = {
	0x00090000, 1, false,
	{
		{{0x080d, 0x0000}},
	}
};

static const phy_init_config training_16g_table_34 = {
	0x00010000, 5, false,
	{
		{{0x2043, 0x0e0e}}, {{0x2044, 0x0e0e}}, {{0x2045, 0x0e0e}}, {{0x3040, 0x0e0e}},
		{{0x3042, 0x0e0e}},
	}
};

static const phy_init_config training_16g_table_35 = {
	0x00090000, 1, false,
	{
		{{0x080d, 0x0000}},
	}
};

static const phy_init_config training_16g_table_36 = {
	0x00010000, 3, false,
	{
		{{0x3043, 0x0e0e}}, {{0x3044, 0x0e0e}}, {{0x3045, 0x0e0e}},
	}
};

static const phy_init_config training_16g_table_37 = {
	0x00030000, 10, false,
	{
		{{0x0040, 0x0e0e}}, {{0x0041, 0x0e0e}}, {{0x0042, 0x0e0e}}, {{0x0043, 0x0e0e}},
		{{0x0330, 0x0033}}, {{0x1040, 0x0e0e}}, {{0x1041, 0x0e0e}}, {{0x1042, 0x0e0e}},
		{{0x1043, 0x0e0e}}, {{0x1330, 0x0033}},
	}
};

static const phy_init_config training_16g_table_38 = {
	0x00020000, 1, false,
	{
		{{0x0331, 0x0033}},
	}
};

static const phy_init_config training_16g_table_39 = {
	0x00010000, 20, false,
	{
		{{0x0048, 0x0e00}}, {{0x004a, 0x0e00}}, {{0x004b, 0x0e00}}, {{0x004c, 0x0e00}},
		{{0x004d, 0x0e00}}, {{0x1048, 0x0e00}}, {{0x104a, 0x0e00}}, {{0x104b, 0x0e00}},
		{{0x104c, 0x0e00}}, {{0x104d, 0x0e00}}, {{0x2048, 0x0e00}}, {{0x204a, 0x0e00}},
		{{0x204b, 0x0e00}}, {{0x204c, 0x0e00}}, {{0x204d, 0x0e00}}, {{0x3048, 0x0e00}},
		{{0x304a, 0x0e00}}, {{0x304b, 0x0e00}}, {{0x304c, 0x0e00}}, {{0x304d, 0x0e00}},
	}
};

static const phy_init_config training_16g_table_40 = {
	0x00030000, 14, false,
	{
		{{0x0048, 0x0c00}}, {{0x0049, 0x0c00}}, {{0x004a, 0x0c00}}, {{0x004b, 0x0c00}},
		{{0x1048, 0x0c00}}, {{0x1049, 0x0c00}}, {{0x104a, 0x0c00}}, {{0x104b, 0x0c00}},
		{{0x0033, 0x0000}}, {{0x0034, 0x0000}}, {{0x002e, 0x0000}}, {{0x1033, 0x0000}},
		{{0x1034, 0x0000}}, {{0x102e, 0x0000}},
	}
};

static const phy_init_config training_16g_table_41 = {
	0x00010000, 12, false,
	{
		{{0x0033, 0x0000}}, {{0x002e, 0x0000}}, {{0x002f, 0x0000}}, {{0x1033, 0x0000}},
		{{0x102e, 0x0000}}, {{0x102f, 0x0000}}, {{0x2033, 0x0000}}, {{0x202e, 0x0000}},
		{{0x202f, 0x0000}}, {{0x3033, 0x0000}}, {{0x302e, 0x0000}}, {{0x302f, 0x0000}},
	}
};

static const phy_init_config training_16g_table_42 = {
	0x00020000, 1, false,
	{
		{{0x0015, 0x0000}},
	}
};

static const phy_init_config training_16g_table_43 = {
	0x00090000, 1, false,
	{
		{{0x0806, 0x0000}},
	}
};

static const phy_init_config training_16g_table_44 = {
	0x00010000, 12, false,
	{
		{{0x00e8, 0x0000}}, {{0x00e9, 0x0035}}, {{0x10e8, 0x0000}}, {{0x10e9, 0x0035}},
		{{0x20e8, 0x0000}}, {{0x20e9, 0x0035}}, {{0x30e8, 0x0000}}, {{0x30e9, 0x0035}},
		{{0x0001, 0x0000}}, {{0x1001, 0x0000}}, {{0x2001, 0x0000}}, {{0x3001, 0x0000}},
	}
};

static const phy_init_config training_16g_table_45 = {
	0x00020000, 7, false,
	{
		{{0x0012, 0xa1a1}}, {{0x0017, 0x0040}}, {{0x000a, 0x0040}}, {{0x0186, 0x00a1}},
		{{0x0187, 0x0040}}, {{0x0010, 0x005a}}, {{0x0011, 0x000f}},
	}
};

static const phy_init_config training_16g_table_46 = {
	0x00090000, 2, false,
	{
		{{0x080b, 0x000f}}, {{0x080c, 0x000f}},
	}
};

static const phy_init_config training_16g_table_47 = {
	0x00010000, 12, false,
	{
		{{0x00a5, 0x0001}}, {{0x10a5, 0x0001}}, {{0x20a5, 0x0001}}, {{0x30a5, 0x0001}},
		{{0x0014, 0x3232}}, {{0x1014, 0x3232}}, {{0x2014, 0x3232}}, {{0x3014, 0x3232}},
		{{0x000f, 0x1086}}, {{0x100f, 0x1086}}, {{0x200f, 0x1086}}, {{0x300f, 0x1086}},
	}
};

static const phy_init_config training_16g_table_48 = {
	0x00020000, 20, false,
	{
		{{0x0035, 0x100c}}, {{0x0036, 0x100c}}, {{0x0037, 0x041c}}, {{0x0037, 0x045c}},
		{{0x0038, 0x1b20}}, {{0x0039, 0x101c}}, {{0x003a, 0x101c}}, {{0x003b, 0x042c}},
		{{0x003c, 0x2f30}}, {{0x003d, 0x1004}}, {{0x003e, 0x1004}}, {{0x003f, 0x0414}},
		{{0x0040, 0x1318}}, {{0x002c, 0x0843}}, {{0x002d, 0x0843}}, {{0x0030, 0x0843}},
		{{0x002e, 0x081f}}, {{0x002f, 0x081f}}, {{0x000c, 0x0000}}, {{0x001b, 0x0000}},
	}
};

static const phy_init_config training_16g_table_49 = {
	0x00010000, 4, false,
	{
		{{0x0007, 0x0000}}, {{0x1007, 0x0000}}, {{0x2007, 0x0000}}, {{0x3007, 0x0000}},
	}
};

static const phy_init_config training_16g_table_50 = {
	0x000c0000, 1, false,
	{
		{{0x0080, 0x0003}},
	}
};

static const phy_init_config training_16g_table_51 = {
	0x000d0000, 1, false,
	{
		{{0x0000, 0x0000}},
	}
};

static const phy_init_config training_16g_table_52 = {
	0x00058000, 1234, true,
	{
		{{0x0100, 0x0000}}, {{0x0030, 0x1900}}, {{0x0004, 0x0004}}, {{0x0000, 0x0000}},
		{{0x125f, 0x0004}}, {{0x0000, 0x0001}}, {{0x0000, 0x0000}}, {{0x000f, 0x0000}},
		{{0x0000, 0x0000}}, {{0x0310, 0x0000}}, {{0x0000, 0x0000}}, {{0x0000, 0x0000}},
		{{0x0000, 0x0000}}, {{0x0000, 0x0000}}, {{0x0000, 0x0000}}, {{0x0000, 0x1000}},
		{{0x0003, 0x0000}}, {{0x0000, 0x0000}}, {{0x0000, 0x0000}}, {{0x0000, 0x0000}},
		{{0x0000, 0x0000}}, {{0x0000, 0x0000}}, {{0x0000, 0xb0b0}}, {{0xb0b0, 0xbbbb}},
		{{0xbbbb, 0x0101}}, {{0x0101, 0x5858}}, {{0x5858, 0x6363}}, {{0x6363, 0x2727}},
		{{0x2727, 0x0000}}, {{0x0000, 0x2828}}, {{0x2828, 0x2828}}, {{0x2828, 0x0000}},
		{{0x0000, 0x86ae}}, {{0x86ae, 0x0d0d}}, {{0x0d0d, 0x1010}}, {{0x1010, 0x0202}},
		{{0x0202, 0x0000}}, {{0x0000, 0x0000}}, {{0x0000, 0x0000}}, {{0x0000, 0x0000}},
		{{0x0000, 0x0000}}, {{0x0000, 0x0000}}, {{0x0000, 0x0404}}, {{0x0404, 0x0000}},
		{{0x0000, 0x0000}}, {{0x0000, 0x0000}}, {{0x0000, 0x0000}}, {{0x0000, 0x0000}},
		{{0x0000, 0x0000}}, {{0x0000, 0x0000}}, {{0x0000, 0x2020}}, {{0x2020, DISABLE_DDR_2D_TRAINING}},
		{{0x0000, 0x0000}}, {{0x0000, 0x0000}}, {{0x0000, 0x0000}}, {{0x0000, 0x0000}},
		{{0x0000, 0x0000}}, {{0x0000, 0x0000}}, {{0x002e, 0x0050}}, {{0x0000, 0x0000}},
		{{0x0000, 0x0000}}, {{0x0000, 0x0000}}, {{0x0000, 0x0000}}, {{0x0000, 0x0000}},
		{{0x0001, 0x4b00}}, {{0x0043, 0x0000}}, {{0x0000, 0x0000}}, {{0x0000, 0x0000}},
		{{0x0000, 0x0000}}, {{0x0000, 0x0000}}, {{0x0000, 0x0000}}, {{0x0000, 0x0000}},
		{{0x0000, 0x0000}}, {{0x0000, 0x0000}}, {{0x0000, 0x0000}}, {{0x0000, 0x0000}},
		{{0x0000, 0x0000}}, {{0x0000, 0x0000}}, {{0x0000, 0x0000}}, {{0x0000, 0x0000}},
		{{0x0000, 0x0000}}, {{0x0000, 0x0000}}, {{0x0000, 0x0000}}, {{0x0000, 0x0000}},
		{{0x0000, 0x0000}}, {{0x0000, 0x0000}}, {{0x0000, 0x0000}}, {{0x0000, 0x0000}},
		{{0x0000, 0x0000}}, {{0x0000, 0x0000}}, {{0x0000, 0x0000}}, {{0x0000, 0x0000}},
		{{0x0000, 0x0000}}, {{0x0000, 0x0000}}, {{0x0000, 0x0000}}, {{0x0000, 0x0000}},
		{{0x0000, 0x0000}}, {{0x0000, 0x0000}}, {{0x0000, 0x0000}}, {{0x0000, 0x0000}},
		{{0x0000, 0x0000}}, {{0x0000, 0x0000}}, {{0x0000, 0x0000}}, {{0x0000, 0x0000}},
		{{0x0000, 0x0000}}, {{0x0000, 0x0000}}, {{0x0000, 0x0000}}, {{0x0000, 0x0000}},
		{{0x0000, 0x0000}}, {{0x0000, 0x0000}}, {{0x0000, 0x0000}}, {{0x0000, 0x0000}},
		{{0x0000, 0x0000}}, {{0x0000, 0x0000}}, {{0x0000, 0x0000}}, {{0x0000, 0x0000}},
		{{0x0000, 0x0000}}, {{0x0000, 0x0000}}, {{0x0000, 0x0000}}, {{0x0000, 0x0000}},
		{{0x0000, 0x0000}}, {{0x0000, 0x0000}}, {{0x0000, 0x0000}}, {{0x0000, 0x0000}},
		{{0x0000, 0x0000}}, {{0x0000, 0x0000}}, {{0x0000, 0x0000}}, {{0x0000, 0x0000}},
		{{0x0000, 0x0000}}, {{0x0000, 0x0000}}, {{0x0000, 0x0000}}, {{0x0000, 0x0000}},
		{{0x0000, 0x0000}}, {{0x0000, 0x0000}}, {{0x0000, 0x0000}}, {{0x0000, 0x0000}},
		{{0x0000, 0x0000}}, {{0x0000, 0x0000}}, {{0x0000, 0x0000}}, {{0x0000, 0x0000}},
		{{0x0000, 0x0000}}, {{0x0000, 0x0000}}, {{0x0000, 0x0000}}, {{0x0000, 0x0000}},
		{{0x0000, 0x0000}}, {{0x0000, 0x0000}}, {{0x0000, 0x0000}}, {{0x0000, 0x0000}},
		{{0x0000, 0x0000}}, {{0x0000, 0x0000}}, {{0x0000, 0x0000}}, {{0x0000, 0x0000}},
		{{0x0000, 0x0000}}, {{0x0000, 0x0000}}, {{0x0000, 0x0000}}, {{0x0000, 0x0000}},
		{{0x0000, 0x0000}}, {{0x0000, 0x0000}}, {{0x0000, 0x0000}}, {{0x0000, 0x0000}},
		{{0x0000, 0x0000}}, {{0x0000, 0x0000}}, {{0x0000, 0x0000}}, {{0x0000, 0x0000}},
		{{0x0000, 0x0000}}, {{0x0000, 0x0000}}, {{0x0000, 0x0000}}, {{0x0000, 0x0000}},
		{{0x0000, 0x0000}}, {{0x0000, 0x0000}}, {{0x0000, 0x0000}}, {{0x0000, 0x0000}},
		{{0x0000, 0x0000}}, {{0x0000, 0x0000}}, {{0x0000, 0x0000}}, {{0x0000, 0x0000}},
		{{0x0000, 0x0000}}, {{0x0000, 0x0000}}, {{0x0000, 0x0000}}, {{0x0000, 0x0000}},
		{{0x0000, 0x0000}}, {{0x0000, 0x0000}}, {{0x0000, 0x0000}}, {{0x0000, 0x0000}},
		{{0x0000, 0x0000}}, {{0x0000, 0x0000}}, {{0x0000, 0x0000}}, {{0x0000, 0x0000}},
		{{0x0000, 0x0000}}, {{0x0000, 0x0000}}, {{0x0000, 0x0000}}, {{0x0000, 0x0000}},
		{{0x0000, 0x0000}}, {{0x0000, 0x0000}}, {{0x0000, 0x0000}}, {{0x0000, 0x0000}},
		{{0x0000, 0x0000}}, {{0x0000, 0x0000}}, {{0x0000, 0x0000}}, {{0x0000, 0x0000}},
		{{0x0000, 0x0000}}, {{0x0000, 0x0000}}, {{0x0000, 0x0000}}, {{0x0000, 0x0000}},
		{{0x0000, 0x0000}}, {{0x0000, 0x0000}}, {{0x0000, 0x0000}}, {{0x0000, 0x0000}},
		{{0x0000, 0x0000}}, {{0x0000, 0x0000}}, {{0x0000, 0x0000}}, {{0x0000, 0x0000}},
		{{0x0000, 0x0000}}, {{0x0000, 0x0000}}, {{0x0000, 0x0000}}, {{0x0000, 0x0000}},
		{{0x0000, 0x0000}}, {{0x0000, 0x0000}}, {{0x0000, 0x0000}}, {{0x0000, 0x0000}},
		{{0x0000, 0x0000}}, {{0x0000, 0x0000}}, {{0x0000, 0x0000}}, {{0x0000, 0x0000}},
		{{0x0000, 0x0000}}, {{0x0000, 0x0000}}, {{0x0000, 0x0000}}, {{0x0000, 0x0000}},
		{{0x0000, 0x0000}}, {{0x0000, 0x0000}}, {{0x0000, 0x0000}}, {{0x0000, 0x0000}},
		{{0x0000, 0x0000}}, {{0x0000, 0x0000}}, {{0x0000, 0x0000}}, {{0x0000, 0x0000}},
		{{0x0000, 0x0000}}, {{0x0000, 0x0000}}, {{0x0000, 0x0000}}, {{0x0000, 0x0000}},
		{{0x0000, 0x0000}}, {{0x0000, 0x0000}}, {{0x0000, 0x0000}}, {{0x0000, 0x0000}},
		{{0x0000, 0x0000}}, {{0x0000, 0x0000}}, {{0x0000, 0x0000}}, {{0x0000, 0x0000}},
		{{0x0000, 0x0000}}, {{0x0000, 0x0000}}, {{0x0000, 0x0000}}, {{0x0000, 0x0000}},
		{{0x0000, 0x0000}}, {{0x0000, 0x0000}}, {{0x0000, 0x0000}}, {{0x0000, 0x0000}},
		{{0x0000, 0x0000}}, {{0x0000, 0x0000}}, {{0x0500, 0x0000}}, {{0x0000, 0x0000}},
		{{0x0000, 0x0000}}, {{0x0000, 0x0000}}, {{0x0000, 0x0000}}, {{0x0000, 0x0000}},
		{{0x0000, 0x0000}}, {{0x6745, 0x00f2}}, {{0x0000, 0x0000}}, {{0x0000, 0x0000}},
		{{0x0000, 0x0000}}, {{0x0000, 0x0000}}, {{0x0000, 0x0004}}, {{0x0000, 0x0000}},
		{{0x0000, 0x0000}}, {{0x0000, 0x0000}}, {{0x0000, 0x0000}}, {{0x0000, 0x0000}},
		{{0x0000, 0x0000}}, {{0x0000, 0x0000}}, {{0x0000, 0x0004}}, {{0x0000, 0x0000}},
		{{0x0000, 0x0000}}, {{0x0000, 0x0000}}, {{0x0000, 0x0004}}, {{0x0e0c, 0x180f}},
		{{0x001e, 0x0000}}, {{0x0000, 0x0000}}, {{0x0000, 0x0000}}, {{0x0000, 0x0000}},
		{{0x1210, 0x0201}}, {{0x1403, 0x1c0a}}, {{0x2e29, 0x0b11}}, {{0x150d, 0x1916}},
		{{0x0e0c, 0x180f}}, {{0x131e, 0x0000}}, {{0x0000, 0x0003}}, {{0x0000, 0x0001}},
		{{0x0000, 0x0002}}, {{0x0000, 0x0009}}, {{0x0006, 0x0008}}, {{0x0002, 0x0005}},
		{{0x0024, 0x0010}}, {{0x0026, 0x0012}}, {{0x004e, 0x0050}}, {{0x0012, 0x0186}},
		{{0x0187, 0x000a}}, {{0x0017, 0x0015}}, {{0x004e, 0x000d}}, {{0x006e, 0x0002}},
		{{0x0001, 0x0060}}, {{0x0007, 0x0000}}, {{0x0011, 0x0007}}, {{0x0000, 0x005a}},
		{{0x002a, 0x0060}}, {{0x005e, 0x0028}}, {{0x005c, 0x0062}}, {{0x0020, 0x0064}},
		{{0x0066, 0x000c}}, {{0x00d9, 0x00af}}, {{0x00ad, 0x0000}}, {{0x0015, 0x0016}},
		{{0x00d0, 0x00d1}}, {{0x00d2, 0x00d3}}, {{0x00d4, 0x0005}}, {{0x000b, 0x0007}},
		{{0x0028, 0x0215}}, {{0x000a, 0x0085}}, {{0x0004, 0x0004}}, {{0x0001, 0x0001}},
		{{0x0001, 0x0003}}, {{0x0004, 0x0215}}, {{0x042b, 0x0085}}, {{0x010b, 0x0004}},
		{{0x0006, 0x0000}}, {{0x0002, 0x0002}}, {{0x0003, 0x0005}}, {{0x042b, 0x0640}},
		{{0x010b, 0x0190}}, {{0x0006, 0x0008}}, {{0x0001, 0x0003}}, {{0x0002, 0x0004}},
		{{0x0006, 0x0640}}, {{0x0855, 0x0190}}, {{0x0215, 0x0008}}, {{0x000a, 0x0002}},
		{{0x0004, 0x0003}}, {{0x0004, 0x0007}}, {{0x0855, 0x0abe}}, {{0x0215, 0x02b0}},
		{{0x0008, 0x000e}}, {{0x0001, 0x0007}}, {{0x0004, 0x0004}}, {{0x0008, 0x0abe}},
		{{0x0c80, 0x02b0}}, {{0x0320, 0x000a}}, {{0x0010, 0x0003}}, {{0x0009, 0x0004}},
		{{0x0004, 0x0008}}, {{0x0000, 0x0000}}, {{0x0000, 0x0000}}, {{0x0000, 0x0000}},
		{{0x0000, 0x0000}}, {{0x0000, 0x0000}}, {{0x0000, 0x0000}}, {{0x0000, 0x0000}},
		{{0x0000, 0x0000}}, {{0x0000, 0x0000}}, {{0x0000, 0x0000}}, {{0x0000, 0x0000}},
		{{0x0000, 0x0000}}, {{0x0000, 0x0000}}, {{0x0000, 0x0000}}, {{0x0000, 0x0000}},
		{{0x0000, 0x0000}}, {{0x0000, 0x0000}}, {{0x0000, 0x0000}}, {{0x0000, 0x0000}},
		{{0x0000, 0x0000}}, {{0x0000, 0x0000}}, {{0x0000, 0x0000}}, {{0x0000, 0x0000}},
		{{0x0000, 0x0000}}, {{0x0000, 0x0000}}, {{0x0000, 0x0000}}, {{0x0000, 0x0000}},
		{{0x0000, 0x0000}}, {{0x0000, 0x0000}}, {{0x0000, 0x0000}}, {{0x0000, 0x0000}},
		{{0x0000, 0x0000}}, {{0x0000, 0x0000}}, {{0x0028, 0x0215}}, {{0x0005, 0x0043}},
		{{0x0002, 0x0002}}, {{0x0000, 0x0000}}, {{0x0001, 0x0002}}, {{0x0003, 0x0215}},
		{{0x042b, 0x0043}}, {{0x0085, 0x0002}}, {{0x0003, 0x0000}}, {{0x0001, 0x0001}},
		{{0x0002, 0x0003}}, {{0x042b, 0x0640}}, {{0x0085, 0x00c8}}, {{0x0003, 0x0004}},
		{{0x0001, 0x0002}}, {{0x0001, 0x0002}}, {{0x0003, 0x0640}}, {{0x0855, 0x00c8}},
		{{0x010b, 0x0004}}, {{0x0005, 0x0001}}, {{0x0002, 0x0002}}, {{0x0002, 0x0004}},
		{{0x0855, 0x0abe}}, {{0x010b, 0x0158}}, {{0x0004, 0x0007}}, {{0x0001, 0x0004}},
		{{0x0002, 0x0002}}, {{0x0004, 0x0abe}}, {{0x0c80, 0x0158}}, {{0x0190, 0x0005}},
		{{0x0008, 0x0002}}, {{0x0005, 0x0002}}, {{0x0002, 0x0004}}, {{0x0c80, 0x0e95}},
		{{0x0190, 0x01d3}}, {{0x0006, 0x0009}}, {{0x0002, 0x0005}}, {{0x0003, 0x0002}},
		{{0x0005, 0x0e95}}, {{0x10ab, 0x01d3}}, {{0x0215, 0x0006}}, {{0x000b, 0x0002}},
		{{0x0007, 0x0003}}, {{0x0002, 0x0005}}, {{0x10ab, 0x12c0}}, {{0x0215, 0x0258}},
		{{0x0007, 0x000c}}, {{0x0003, 0x0008}}, {{0x0003, 0x0002}}, {{0x0005, 0x12c0}},
		{{0x157c, 0x0258}}, {{0x02b0, 0x0008}}, {{0x000e, 0x0003}}, {{0x0009, 0x0004}},
		{{0x0002, 0x0006}}, {{0x157c, 0x1770}}, {{0x02b0, 0x02ee}}, {{0x0009, 0x000f}},
		{{0x0004, 0x000a}}, {{0x0004, 0x0002}}, {{0x0006, 0x1770}}, {{0x1900, 0x02ee}},
		{{0x0320, 0x0009}}, {{0x0010, 0x0004}}, {{0x000b, 0x0004}}, {{0x0002, 0x0006}},
		{{0x0028, 0x0215}}, {{0x000a, 0x0085}}, {{0x0006, 0x0006}}, {{0x0006, 0x0000}},
		{{0x0000, 0x0000}}, {{0x0001, 0x0006}}, {{0x0007, 0x0215}}, {{0x042b, 0x0085}},
		{{0x010b, 0x0008}}, {{0x0008, 0x0008}}, {{0x0000, 0x0000}}, {{0x0000, 0x0002}},
		{{0x0007, 0x0009}}, {{0x042b, 0x0640}}, {{0x010b, 0x0190}}, {{0x000a, 0x000a}},
		{{0x000c, 0x0001}}, {{0x0001, 0x0003}}, {{0x0002, 0x0008}}, {{0x000a, 0x0640}},
		{{0x0855, 0x0190}}, {{0x0215, 0x000c}}, {{0x000e, 0x000e}}, {{0x0002, 0x0004}},
		{{0x0004, 0x0003}}, {{0x0008, 0x000b}}, {{0x0855, 0x0abe}}, {{0x0215, 0x02b0}},
		{{0x0010, 0x0010}}, {{0x0012, 0x0003}}, {{0x0003, 0x0005}}, {{0x0004, 0x000a}},
		{{0x000e, 0x0abe}}, {{0x0c80, 0x02b0}}, {{0x0320, 0x0012}}, {{0x0014, 0x0014}},
		{{0x0005, 0x0007}}, {{0x0007, 0x0004}}, {{0x000a, 0x000e}}, {{0x0000, 0x0000}},
		{{0x0000, 0x0000}}, {{0x0000, 0x0000}}, {{0x0000, 0x0000}}, {{0x0000, 0x0000}},
		{{0x0000, 0x0000}}, {{0x0000, 0x0000}}, {{0x0000, 0x0000}}, {{0x0000, 0x0000}},
		{{0x0000, 0x0000}}, {{0x0000, 0x0000}}, {{0x0000, 0x0000}}, {{0x0000, 0x0000}},
		{{0x0000, 0x0000}}, {{0x0000, 0x0000}}, {{0x0000, 0x0000}}, {{0x0000, 0x0000}},
		{{0x0000, 0x0000}}, {{0x0000, 0x0000}}, {{0x0000, 0x0000}}, {{0x0000, 0x0000}},
		{{0x0000, 0x0000}}, {{0x0000, 0x0000}}, {{0x0000, 0x0000}}, {{0x0000, 0x0000}},
		{{0x0000, 0x0000}}, {{0x0000, 0x0000}}, {{0x0000, 0x0000}}, {{0x0000, 0x0000}},
		{{0x0000, 0x0000}}, {{0x0000, 0x0000}}, {{0x0000, 0x0000}}, {{0x0000, 0x0000}},
		{{0x0000, 0x0000}}, {{0x0000, 0x0000}}, {{0x0000, 0x0000}}, {{0x0000, 0x0000}},
		{{0x0000, 0x0000}}, {{0x0000, 0x0000}}, {{0x0028, 0x0215}}, {{0x0005, 0x0043}},
		{{0x0003, 0x0003}}, {{0x0003, 0x0000}}, {{0x0000, 0x0000}}, {{0x0001, 0x0003}},
		{{0x0004, 0x0215}}, {{0x042b, 0x0043}}, {{0x0085, 0x0004}}, {{0x0004, 0x0004}},
		{{0x0000, 0x0000}}, {{0x0000, 0x0001}}, {{0x0004, 0x0005}}, {{0x042b, 0x0640}},
		{{0x0085, 0x00c8}}, {{0x0005, 0x0005}}, {{0x0005, 0x0001}}, {{0x0001, 0x0002}},
		{{0x0001, 0x0004}}, {{0x0005, 0x0640}}, {{0x0855, 0x00c8}}, {{0x010b, 0x0006}},
		{{0x0007, 0x0007}}, {{0x0001, 0x0002}}, {{0x0002, 0x0002}}, {{0x0004, 0x0006}},
		{{0x0855, 0x0abe}}, {{0x010b, 0x0158}}, {{0x0008, 0x0008}}, {{0x0009, 0x0002}},
		{{0x0002, 0x0003}}, {{0x0002, 0x0005}}, {{0x0007, 0x0abe}}, {{0x0c80, 0x0158}},
		{{0x0190, 0x0009}}, {{0x000a, 0x000a}}, {{0x0003, 0x0004}}, {{0x0004, 0x0002}},
		{{0x0005, 0x0007}}, {{0x0c80, 0x0e95}}, {{0x0190, 0x01d3}}, {{0x000a, 0x000b}},
		{{0x000c, 0x0003}}, {{0x0004, 0x0005}}, {{0x0003, 0x0005}}, {{0x0008, 0x0e95}},
		{{0x10ab, 0x01d3}}, {{0x0215, 0x000c}}, {{0x000d, 0x000e}}, {{0x0004, 0x0005}},
		{{0x0006, 0x0003}}, {{0x0006, 0x0009}}, {{0x10ab, 0x12c0}}, {{0x0215, 0x0258}},
		{{0x000d, 0x000e}}, {{0x000f, 0x0005}}, {{0x0006, 0x0007}}, {{0x0003, 0x0006}},
		{{0x0009, 0x12c0}}, {{0x157c, 0x0258}}, {{0x02b0, 0x000f}}, {{0x0010, 0x0011}},
		{{0x0006, 0x0007}}, {{0x0008, 0x0004}}, {{0x0006, 0x000a}}, {{0x157c, 0x1770}},
		{{0x02b0, 0x02ee}}, {{0x0010, 0x0011}}, {{0x0013, 0x0006}}, {{0x0007, 0x0009}},
		{{0x0004, 0x0007}}, {{0x000b, 0x1770}}, {{0x1900, 0x02ee}}, {{0x0320, 0x0011}},
		{{0x0012, 0x0014}}, {{0x0007, 0x0008}}, {{0x000a, 0x0004}}, {{0x0007, 0x000b}},
		{{0x0607, 0x0405}}, {{0x0203, 0x0001}}, {{0x0a09, 0x0c0b}}, {{0x0e0d, 0x000f}},
		{{0x008b, 0x0001}},
	}
};

const phy_init_config* lp5_16g_pre_train_table[] = {
	&training_16g_table_0,
	&training_16g_table_1,
	&training_16g_table_2,
	&training_16g_table_3,
	&training_16g_table_4,
	&training_16g_table_5,
	&training_16g_table_6,
	&training_16g_table_7,
	&training_16g_table_8,
	&training_16g_table_9,
	&training_16g_table_10,
	&training_fw_table,
	&training_16g_table_11,
	&training_16g_table_12,
	&training_16g_table_13,
	&training_16g_table_14,
	&training_16g_table_15,
	&training_16g_table_16,
	&training_16g_table_17,
	&training_16g_table_18,
	&training_16g_table_19,
	&training_16g_table_20,
	&training_16g_table_21,
	&training_16g_table_22,
	&training_16g_table_23,
	&training_16g_table_24,
	&training_16g_table_25,
	&training_16g_table_26,
	&training_16g_table_27,
	&training_16g_table_28,
	&training_16g_table_29,
	&training_16g_table_30,
	&training_16g_table_31,
	&training_16g_table_32,
	&training_16g_table_33,
	&training_16g_table_34,
	&training_16g_table_35,
	&training_16g_table_36,
	&training_16g_table_37,
	&training_16g_table_38,
	&training_16g_table_39,
	&training_16g_table_40,
	&training_16g_table_41,
	&training_16g_table_42,
	&training_16g_table_43,
	&training_16g_table_44,
	&training_16g_table_45,
	&training_16g_table_46,
	&training_16g_table_47,
	&training_16g_table_48,
	&training_16g_table_49,
	&training_16g_table_50,
	&training_16g_table_51,
	&training_16g_table_52,
	NULL,
};
#endif
