// SPDX-License-Identifier: GPL-2.0+
/*
 * Copyright (C) 2025 Spacemit
 */

#include "k3_ddr.h"

static const phy_init_config training_4g_table_0 = {
	0x00090000, 8, false,
	{
		{{0x08f0, 0x0065}}, {{0x08f1, 0x012c}}, {{0x08f2, 0x0000}}, {{0x08f3, 0x0058}},
		{{0x08f4, 0x0014}}, {{0x08f5, 0x0007}}, {{0x08f6, 0x0141}}, {{0x08f7, 0x0000}},
	}
};

static const phy_init_config training_4g_table_1 = {
	0x00040000, 176, false,
	{
		{{0x1008, 0x49d8}}, {{0x1009, 0x0000}}, {{0x100a, 0x0000}}, {{0x100b, 0x0000}},
		{{0x100c, 0x4808}}, {{0x100d, 0x0000}}, {{0x100e, 0x0000}}, {{0x100f, 0x0000}},
		{{0x1010, 0x0000}}, {{0x1011, 0x0000}}, {{0x1012, 0x0000}}, {{0x1013, 0x2b00}},
		{{0x1014, 0x0000}}, {{0x1015, 0x0000}}, {{0x1016, 0x0000}}, {{0x1017, 0x0000}},
		{{0x1018, 0x4958}}, {{0x1019, 0x0000}}, {{0x101a, 0x0000}}, {{0x101b, 0x0000}},
		{{0x101c, 0x4688}}, {{0x101d, 0x0000}}, {{0x101e, 0x0000}}, {{0x101f, 0x0000}},
		{{0x1020, 0x0000}}, {{0x1021, 0x0000}}, {{0x1022, 0x0000}}, {{0x1023, 0x2b00}},
		{{0x1024, 0x0000}}, {{0x1025, 0x0000}}, {{0x1026, 0x0000}}, {{0x1027, 0x0000}},
		{{0x1028, 0x40d8}}, {{0x1029, 0x0000}}, {{0x102a, 0x0000}}, {{0x102b, 0x0000}},
		{{0x102c, 0x5848}}, {{0x102d, 0x0000}}, {{0x102e, 0x0000}}, {{0x102f, 0x0000}},
		{{0x1030, 0x0000}}, {{0x1031, 0x0000}}, {{0x1032, 0x0000}}, {{0x1033, 0x2b00}},
		{{0x1034, 0x0000}}, {{0x1035, 0x0000}}, {{0x1036, 0x0000}}, {{0x1037, 0x0000}},
		{{0x1038, 0x4158}}, {{0x1039, 0x0000}}, {{0x103a, 0x0000}}, {{0x103b, 0x0000}},
		{{0x103c, 0x5dc8}}, {{0x103d, 0x0000}}, {{0x103e, 0x0000}}, {{0x103f, 0x0000}},
		{{0x1040, 0x0000}}, {{0x1041, 0x0000}}, {{0x1042, 0x0000}}, {{0x1043, 0x2b00}},
		{{0x1044, 0x0000}}, {{0x1045, 0x0000}}, {{0x1046, 0x0000}}, {{0x1047, 0x0000}},
		{{0x1048, 0x41d8}}, {{0x1049, 0x0000}}, {{0x104a, 0x0000}}, {{0x104b, 0x0000}},
		{{0x104c, 0x4088}}, {{0x104d, 0x0000}}, {{0x104e, 0x0000}}, {{0x104f, 0x0000}},
		{{0x1050, 0x0000}}, {{0x1051, 0x0000}}, {{0x1052, 0x0000}}, {{0x1053, 0x2b00}},
		{{0x1054, 0x0000}}, {{0x1055, 0x0000}}, {{0x1056, 0x0000}}, {{0x1057, 0x0000}},
		{{0x1058, 0x4558}}, {{0x1059, 0x0000}}, {{0x105a, 0x0000}}, {{0x105b, 0x0000}},
		{{0x105c, 0x6c08}}, {{0x105d, 0x0000}}, {{0x105e, 0x0000}}, {{0x105f, 0x0000}},
		{{0x1060, 0x0000}}, {{0x1061, 0x0000}}, {{0x1062, 0x0000}}, {{0x1063, 0x2b00}},
		{{0x1064, 0x0000}}, {{0x1065, 0x0000}}, {{0x1066, 0x0000}}, {{0x1067, 0x0000}},
		{{0x1068, 0x45d8}}, {{0x1069, 0x0000}}, {{0x106a, 0x0000}}, {{0x106b, 0x0000}},
		{{0x106c, 0x7188}}, {{0x106d, 0x0000}}, {{0x106e, 0x0000}}, {{0x106f, 0x0000}},
		{{0x1070, 0x0000}}, {{0x1071, 0x0000}}, {{0x1072, 0x0000}}, {{0x1073, 0x2b00}},
		{{0x1074, 0x0000}}, {{0x1075, 0x0000}}, {{0x1076, 0x0000}}, {{0x1077, 0x0000}},
		{{0x1078, 0x48d8}}, {{0x1079, 0x0000}}, {{0x107a, 0x0000}}, {{0x107b, 0x0000}},
		{{0x107c, 0x5748}}, {{0x107d, 0x0000}}, {{0x107e, 0x0000}}, {{0x107f, 0x0000}},
		{{0x1080, 0x08d8}}, {{0x1081, 0x0000}}, {{0x1082, 0x0000}}, {{0x1083, 0x0000}},
		{{0x1084, 0x0348}}, {{0x1085, 0x0000}}, {{0x1086, 0x0000}}, {{0x1087, 0x0000}},
		{{0x1088, 0x0000}}, {{0x1089, 0x0000}}, {{0x108a, 0x0000}}, {{0x108b, 0x2b00}},
		{{0x108c, 0x0000}}, {{0x108d, 0x0000}}, {{0x108e, 0x0000}}, {{0x108f, 0x0000}},
		{{0x1090, 0x4a58}}, {{0x1091, 0x0000}}, {{0x1092, 0x0000}}, {{0x1093, 0x0000}},
		{{0x1094, 0x4108}}, {{0x1095, 0x0000}}, {{0x1096, 0x0000}}, {{0x1097, 0x0000}},
		{{0x1098, 0x0000}}, {{0x1099, 0x0000}}, {{0x109a, 0x0000}}, {{0x109b, 0x2b00}},
		{{0x109c, 0x0000}}, {{0x109d, 0x0000}}, {{0x109e, 0x0000}}, {{0x109f, 0x0000}},
		{{0x10a0, 0x4b58}}, {{0x10a1, 0x0000}}, {{0x10a2, 0x0000}}, {{0x10a3, 0x0000}},
		{{0x10a4, 0x4008}}, {{0x10a5, 0x0000}}, {{0x10a6, 0x0000}}, {{0x10a7, 0x0000}},
		{{0x10a8, 0x0000}}, {{0x10a9, 0x0000}}, {{0x10aa, 0x0000}}, {{0x10ab, 0x2b00}},
		{{0x10ac, 0x0000}}, {{0x10ad, 0x0000}}, {{0x10ae, 0x0000}}, {{0x10af, 0x0000}},
		{{0x10b0, 0x54d8}}, {{0x10b1, 0x0000}}, {{0x10b2, 0x0000}}, {{0x10b3, 0x0000}},
		{{0x10b4, 0x5008}}, {{0x10b5, 0x0000}}, {{0x10b6, 0x0000}}, {{0x10b7, 0x0000}},
	}
};

static const phy_init_config training_4g_table_2 = {
	0x00020000, 1, false,
	{
		{{0x0015, 0x0000}},
	}
};

static const phy_init_config training_4g_table_3 = {
	0x00030000, 4, false,
	{
		{{0x004a, 0x0000}}, {{0x004b, 0x0000}}, {{0x104a, 0x0000}}, {{0x104b, 0x0000}},
	}
};

static const phy_init_config training_4g_table_4 = {
	0x00020000, 3, false,
	{
		{{0x004c, 0x2c0f}}, {{0x004d, 0x0000}}, {{0x0041, 0x0000}},
	}
};

static const phy_init_config training_4g_table_5 = {
	0x00090000, 1, false,
	{
		{{0x0802, 0x0000}},
	}
};

static const phy_init_config training_4g_table_6 = {
	0x00020000, 1, false,
	{
		{{0x0045, 0x0002}},
	}
};

static const phy_init_config training_4g_table_7 = {
	0x00010000, 8, false,
	{
		{{0x0057, 0x0001}}, {{0x1057, 0x0001}}, {{0x2057, 0x0001}}, {{0x3057, 0x0001}},
		{{0x000f, 0x1089}}, {{0x100f, 0x1089}}, {{0x200f, 0x1089}}, {{0x300f, 0x1089}},
	}
};

static const phy_init_config training_4g_table_8 = {
	0x00090000, 7, false,
	{
		{{0x0803, 0x0004}}, {{0x0804, 0x0082}}, {{0x0805, 0x0001}}, {{0x0903, 0x0000}},
		{{0x090b, 0x0002}}, {{0x0811, 0x0000}}, {{0x0812, 0xff00}},
	}
};

static const phy_init_config training_4g_table_9 = {
	0x00020000, 1, false,
	{
		{{0x0072, 0x0001}},
	}
};

static const phy_init_config training_4g_table_10 = {
	0x00090000, 1, false,
	{
		{{0x080e, 0x0001}},
	}
};

static const phy_init_config training_4g_table_11 = {
	0x00020000, 1, false,
	{
		{{0x0073, 0x0001}},
	}
};

static const phy_init_config training_4g_table_12 = {
	0x00090000, 1, false,
	{
		{{0x080f, 0x0001}},
	}
};

static const phy_init_config training_4g_table_13 = {
	0x000d0000, 1, false,
	{
		{{0x0000, 0x0000}},
	}
};

static const phy_init_config training_4g_table_14 = {
	0x00040000, 1856, false,
	{
		{{0x1000, 0x0000}}, {{0x1001, 0x0000}}, {{0x1002, 0x0000}}, {{0x1003, 0x0000}},
		{{0x1004, 0x0000}}, {{0x1005, 0x0000}}, {{0x1006, 0x0000}}, {{0x1007, 0x0000}},
		{{0x1388, 0x4028}}, {{0x1389, 0x0000}}, {{0x138a, 0x0000}}, {{0x138b, 0x0000}},
		{{0x138c, 0x0000}}, {{0x138d, 0x0000}}, {{0x138e, 0x0000}}, {{0x138f, 0x0000}},
		{{0x1390, 0x0000}}, {{0x1391, 0x0000}}, {{0x1392, 0x0000}}, {{0x1393, 0x0400}},
		{{0x1394, 0x0000}}, {{0x1395, 0x0000}}, {{0x1396, 0x0000}}, {{0x1397, 0x0000}},
		{{0x1398, 0x0000}}, {{0x1399, 0x0000}}, {{0x139a, 0x0000}}, {{0x139b, 0x0000}},
		{{0x139c, 0x0000}}, {{0x139d, 0x0000}}, {{0x139e, 0x0000}}, {{0x139f, 0x0000}},
		{{0x13a0, 0x4858}}, {{0x13a1, 0x0000}}, {{0x13a2, 0x0000}}, {{0x13a3, 0x0000}},
		{{0x13a4, 0x6088}}, {{0x13a5, 0x0000}}, {{0x13a6, 0x0000}}, {{0x13a7, 0x0000}},
		{{0x13a8, 0x6038}}, {{0x13a9, 0x0000}}, {{0x13aa, 0x0000}}, {{0x13ab, 0x0000}},
		{{0x13ac, 0x4858}}, {{0x13ad, 0x0000}}, {{0x13ae, 0x0000}}, {{0x13af, 0x0000}},
		{{0x13b0, 0x4088}}, {{0x13b1, 0x0000}}, {{0x13b2, 0x0000}}, {{0x13b3, 0x0000}},
		{{0x13b4, 0x0000}}, {{0x13b5, 0x0000}}, {{0x13b6, 0x0000}}, {{0x13b7, 0x0000}},
		{{0x13b8, 0x4028}}, {{0x13b9, 0x0000}}, {{0x13ba, 0x0000}}, {{0x13bb, 0x0000}},
		{{0x13bc, 0x0000}}, {{0x13bd, 0x0000}}, {{0x13be, 0x0000}}, {{0x13bf, 0x0000}},
		{{0x13c0, 0x0000}}, {{0x13c1, 0x0000}}, {{0x13c2, 0x0000}}, {{0x13c3, 0x0400}},
		{{0x13c4, 0x0000}}, {{0x13c5, 0x0000}}, {{0x13c6, 0x0000}}, {{0x13c7, 0x0000}},
		{{0x13c8, 0x0000}}, {{0x13c9, 0x0000}}, {{0x13ca, 0x0000}}, {{0x13cb, 0x0000}},
		{{0x13cc, 0x0000}}, {{0x13cd, 0x0000}}, {{0x13ce, 0x0000}}, {{0x13cf, 0x0000}},
		{{0x13d0, 0x4858}}, {{0x13d1, 0x0000}}, {{0x13d2, 0x0000}}, {{0x13d3, 0x0000}},
		{{0x13d4, 0x6208}}, {{0x13d5, 0x0000}}, {{0x13d6, 0x0000}}, {{0x13d7, 0x0000}},
		{{0x13d8, 0x6038}}, {{0x13d9, 0x0000}}, {{0x13da, 0x0000}}, {{0x13db, 0x0000}},
		{{0x13dc, 0x4858}}, {{0x13dd, 0x0000}}, {{0x13de, 0x0000}}, {{0x13df, 0x0000}},
		{{0x13e0, 0x4208}}, {{0x13e1, 0x0000}}, {{0x13e2, 0x0000}}, {{0x13e3, 0x0000}},
		{{0x13e4, 0x0000}}, {{0x13e5, 0x0000}}, {{0x13e6, 0x0000}}, {{0x13e7, 0x0000}},
		{{0x13e8, 0x4e58}}, {{0x13e9, 0x0000}}, {{0x13ea, 0x0000}}, {{0x13eb, 0x0000}},
		{{0x13ec, 0x4208}}, {{0x13ed, 0x0000}}, {{0x13ee, 0x0000}}, {{0x13ef, 0x0000}},
		{{0x13f0, 0x0000}}, {{0x13f1, 0x0000}}, {{0x13f2, 0x0000}}, {{0x13f3, 0x0000}},
		{{0x13f4, 0x0000}}, {{0x13f5, 0x0000}}, {{0x13f6, 0x0000}}, {{0x13f7, 0x0000}},
		{{0x13f8, 0x4370}}, {{0x13f9, 0x0000}}, {{0x13fa, 0x0000}}, {{0x13fb, 0x0000}},
		{{0x13fc, 0x0000}}, {{0x13fd, 0x0000}}, {{0x13fe, 0x0000}}, {{0x13ff, 0x0000}},
		{{0x1400, 0x4040}}, {{0x1401, 0x0000}}, {{0x1402, 0x0000}}, {{0x1403, 0x0000}},
		{{0x1404, 0x0000}}, {{0x1405, 0x0000}}, {{0x1406, 0x0000}}, {{0x1407, 0x0000}},
		{{0x1408, 0x52d8}}, {{0x1409, 0x0000}}, {{0x140a, 0x0000}}, {{0x140b, 0x0000}},
		{{0x140c, 0x6008}}, {{0x140d, 0x0000}}, {{0x140e, 0x0000}}, {{0x140f, 0x0000}},
		{{0x1410, 0x0000}}, {{0x1411, 0x0000}}, {{0x1412, 0x0000}}, {{0x1413, 0x5b00}},
		{{0x1414, 0x0000}}, {{0x1415, 0x0000}}, {{0x1416, 0x0000}}, {{0x1417, 0x0000}},
		{{0x1418, 0x40f0}}, {{0x1419, 0x0000}}, {{0x141a, 0x0000}}, {{0x141b, 0x0000}},
		{{0x141c, 0x0000}}, {{0x141d, 0x0000}}, {{0x141e, 0x0000}}, {{0x141f, 0x0000}},
		{{0x1420, 0x4fd8}}, {{0x1421, 0x0000}}, {{0x1422, 0x0000}}, {{0x1423, 0x0000}},
		{{0x1424, 0x4008}}, {{0x1425, 0x0000}}, {{0x1426, 0x0000}}, {{0x1427, 0x0000}},
		{{0x1428, 0x0000}}, {{0x1429, 0x0000}}, {{0x142a, 0x0000}}, {{0x142b, 0x2b00}},
		{{0x142c, 0x0000}}, {{0x142d, 0x0000}}, {{0x142e, 0x0000}}, {{0x142f, 0x0000}},
		{{0x1430, 0x5058}}, {{0x1431, 0x0000}}, {{0x1432, 0x0000}}, {{0x1433, 0x0000}},
		{{0x1434, 0x4008}}, {{0x1435, 0x0000}}, {{0x1436, 0x0000}}, {{0x1437, 0x0000}},
		{{0x1438, 0x0000}}, {{0x1439, 0x0000}}, {{0x143a, 0x0000}}, {{0x143b, 0x2b00}},
		{{0x143c, 0x0000}}, {{0x143d, 0x0000}}, {{0x143e, 0x0000}}, {{0x143f, 0x0000}},
		{{0x1440, 0x50d8}}, {{0x1441, 0x0000}}, {{0x1442, 0x0000}}, {{0x1443, 0x0000}},
		{{0x1444, 0x4088}}, {{0x1445, 0x0000}}, {{0x1446, 0x0000}}, {{0x1447, 0x0000}},
		{{0x1448, 0x0000}}, {{0x1449, 0x0000}}, {{0x144a, 0x0000}}, {{0x144b, 0x2b00}},
		{{0x144c, 0x0000}}, {{0x144d, 0x0000}}, {{0x144e, 0x0000}}, {{0x144f, 0x0000}},
		{{0x1450, 0x5158}}, {{0x1451, 0x0000}}, {{0x1452, 0x0000}}, {{0x1453, 0x0000}},
		{{0x1454, 0x4008}}, {{0x1455, 0x0000}}, {{0x1456, 0x0000}}, {{0x1457, 0x0000}},
		{{0x1458, 0x0000}}, {{0x1459, 0x0000}}, {{0x145a, 0x0000}}, {{0x145b, 0x5b00}},
		{{0x145c, 0x0000}}, {{0x145d, 0x0000}}, {{0x145e, 0x0000}}, {{0x145f, 0x0000}},
		{{0x1460, 0x402c}}, {{0x1461, 0x0d00}}, {{0x1462, 0x0001}}, {{0x1463, 0x0400}},
		{{0x1464, 0x4050}}, {{0x1465, 0x0800}}, {{0x1466, 0x0000}}, {{0x1467, 0x0000}},
		{{0x1468, 0x0000}}, {{0x1469, 0x0000}}, {{0x146a, 0x0000}}, {{0x146b, 0x0400}},
		{{0x146c, 0x0000}}, {{0x146d, 0x0000}}, {{0x146e, 0x0000}}, {{0x146f, 0x0000}},
		{{0x1470, 0x0000}}, {{0x1471, 0x0000}}, {{0x1472, 0x0000}}, {{0x1473, 0x0400}},
		{{0x1474, 0x4050}}, {{0x1475, 0x0803}}, {{0x1476, 0x0000}}, {{0x1477, 0x0000}},
		{{0x1478, 0x0000}}, {{0x1479, 0x0000}}, {{0x147a, 0x0000}}, {{0x147b, 0x7f00}},
		{{0x147c, 0x0000}}, {{0x147d, 0x0000}}, {{0x147e, 0x0000}}, {{0x147f, 0x0400}},
		{{0x1480, 0x407c}}, {{0x1481, 0x0000}}, {{0x1482, 0x0000}}, {{0x1483, 0x0400}},
		{{0x1484, 0x0000}}, {{0x1485, 0x0000}}, {{0x1486, 0x0000}}, {{0x1487, 0x0000}},
		{{0x1488, 0x0000}}, {{0x1489, 0x0000}}, {{0x148a, 0x0000}}, {{0x148b, 0x0400}},
		{{0x148c, 0x0000}}, {{0x148d, 0x0000}}, {{0x148e, 0x0001}}, {{0x148f, 0x0000}},
		{{0x1490, 0x0000}}, {{0x1491, 0x0000}}, {{0x1492, 0x0000}}, {{0x1493, 0x0400}},
		{{0x1494, 0x0000}}, {{0x1495, 0x0000}}, {{0x1496, 0x0000}}, {{0x1497, 0x0000}},
		{{0x1498, 0x0000}}, {{0x1499, 0x0000}}, {{0x149a, 0x0000}}, {{0x149b, 0x0000}},
		{{0x149c, 0x0000}}, {{0x149d, 0x0000}}, {{0x149e, 0x0000}}, {{0x149f, 0x0000}},
		{{0x14a0, 0x402c}}, {{0x14a1, 0x0d00}}, {{0x14a2, 0x0001}}, {{0x14a3, 0x0000}},
		{{0x14a4, 0x4050}}, {{0x14a5, 0x0800}}, {{0x14a6, 0x0000}}, {{0x14a7, 0x0000}},
		{{0x14a8, 0x0000}}, {{0x14a9, 0x0000}}, {{0x14aa, 0x0000}}, {{0x14ab, 0x0000}},
		{{0x14ac, 0x0000}}, {{0x14ad, 0x0000}}, {{0x14ae, 0x0000}}, {{0x14af, 0x0000}},
		{{0x14b0, 0x0000}}, {{0x14b1, 0x0000}}, {{0x14b2, 0x0000}}, {{0x14b3, 0x0000}},
		{{0x14b4, 0x4050}}, {{0x14b5, 0x0803}}, {{0x14b6, 0x0000}}, {{0x14b7, 0x0000}},
		{{0x14b8, 0x0000}}, {{0x14b9, 0x0000}}, {{0x14ba, 0x0000}}, {{0x14bb, 0x0000}},
		{{0x14bc, 0x0000}}, {{0x14bd, 0x0000}}, {{0x14be, 0x0000}}, {{0x14bf, 0x0000}},
		{{0x14c0, 0x0000}}, {{0x14c1, 0x0000}}, {{0x14c2, 0x0000}}, {{0x14c3, 0x0000}},
		{{0x14c4, 0x4050}}, {{0x14c5, 0x0800}}, {{0x14c6, 0x0000}}, {{0x14c7, 0x0000}},
		{{0x14c8, 0x0000}}, {{0x14c9, 0x0000}}, {{0x14ca, 0x0000}}, {{0x14cb, 0x6b00}},
		{{0x14cc, 0x0000}}, {{0x14cd, 0x0000}}, {{0x14ce, 0x0000}}, {{0x14cf, 0x0400}},
		{{0x14d0, 0x0000}}, {{0x14d1, 0x0000}}, {{0x14d2, 0x0000}}, {{0x14d3, 0x0000}},
		{{0x14d4, 0x407c}}, {{0x14d5, 0x0000}}, {{0x14d6, 0x0000}}, {{0x14d7, 0x0000}},
		{{0x14d8, 0x0000}}, {{0x14d9, 0x0000}}, {{0x14da, 0x0000}}, {{0x14db, 0x0000}},
		{{0x14dc, 0x0000}}, {{0x14dd, 0x0000}}, {{0x14de, 0x0000}}, {{0x14df, 0x0000}},
		{{0x14e0, 0x0000}}, {{0x14e1, 0x0000}}, {{0x14e2, 0x0001}}, {{0x14e3, 0x0000}},
		{{0x14e4, 0x0000}}, {{0x14e5, 0x0000}}, {{0x14e6, 0x0000}}, {{0x14e7, 0x0000}},
		{{0x14e8, 0x0000}}, {{0x14e9, 0x0000}}, {{0x14ea, 0x0000}}, {{0x14eb, 0x6b00}},
		{{0x14ec, 0x0000}}, {{0x14ed, 0x0000}}, {{0x14ee, 0x0000}}, {{0x14ef, 0x2000}},
		{{0x14f0, 0x0000}}, {{0x14f1, 0x0000}}, {{0x14f2, 0x0000}}, {{0x14f3, 0x0000}},
		{{0x14f4, 0x0000}}, {{0x14f5, 0x0000}}, {{0x14f6, 0x0000}}, {{0x14f7, 0x0000}},
		{{0x14f8, 0x402c}}, {{0x14f9, 0x0d00}}, {{0x14fa, 0x0001}}, {{0x14fb, 0x0000}},
		{{0x14fc, 0x5198}}, {{0x14fd, 0x0803}}, {{0x14fe, 0x0000}}, {{0x14ff, 0x0000}},
		{{0x1500, 0x0000}}, {{0x1501, 0x0000}}, {{0x1502, 0x0000}}, {{0x1503, 0x3b00}},
		{{0x1504, 0x0000}}, {{0x1505, 0x0000}}, {{0x1506, 0x0000}}, {{0x1507, 0x0000}},
		{{0x1508, 0x5218}}, {{0x1509, 0x0803}}, {{0x150a, 0x0000}}, {{0x150b, 0x0000}},
		{{0x150c, 0x0000}}, {{0x150d, 0x0000}}, {{0x150e, 0x0000}}, {{0x150f, 0x0000}},
		{{0x1510, 0x0000}}, {{0x1511, 0x0000}}, {{0x1512, 0x0000}}, {{0x1513, 0x6b00}},
		{{0x1514, 0x0000}}, {{0x1515, 0x0000}}, {{0x1516, 0x0000}}, {{0x1517, 0x0400}},
		{{0x1518, 0x407c}}, {{0x1519, 0x0000}}, {{0x151a, 0x0000}}, {{0x151b, 0x0000}},
		{{0x151c, 0x0000}}, {{0x151d, 0x0000}}, {{0x151e, 0x0000}}, {{0x151f, 0x0000}},
		{{0x1520, 0x0000}}, {{0x1521, 0x0000}}, {{0x1522, 0x0000}}, {{0x1523, 0x0000}},
		{{0x1524, 0x0000}}, {{0x1525, 0x0000}}, {{0x1526, 0x0001}}, {{0x1527, 0x0000}},
		{{0x1528, 0x0000}}, {{0x1529, 0x0000}}, {{0x152a, 0x0000}}, {{0x152b, 0x1b00}},
		{{0x152c, 0x0000}}, {{0x152d, 0x0000}}, {{0x152e, 0x0000}}, {{0x152f, 0x0400}},
		{{0x1530, 0x401c}}, {{0x1531, 0x00d0}}, {{0x1532, 0x0001}}, {{0x1533, 0x0000}},
		{{0x1534, 0x4060}}, {{0x1535, 0x0084}}, {{0x1536, 0x0000}}, {{0x1537, 0x0000}},
		{{0x1538, 0x0000}}, {{0x1539, 0x0000}}, {{0x153a, 0x0000}}, {{0x153b, 0x0b00}},
		{{0x153c, 0x0000}}, {{0x153d, 0x0000}}, {{0x153e, 0x0000}}, {{0x153f, 0x0800}},
		{{0x1540, 0x407c}}, {{0x1541, 0x0000}}, {{0x1542, 0x0000}}, {{0x1543, 0x0000}},
		{{0x1544, 0x0000}}, {{0x1545, 0x0000}}, {{0x1546, 0x0000}}, {{0x1547, 0x0000}},
		{{0x1548, 0x0000}}, {{0x1549, 0x0000}}, {{0x154a, 0x0000}}, {{0x154b, 0x0000}},
		{{0x154c, 0x4000}}, {{0x154d, 0x0000}}, {{0x154e, 0x0001}}, {{0x154f, 0x0000}},
		{{0x1550, 0x0000}}, {{0x1551, 0x0000}}, {{0x1552, 0x0000}}, {{0x1553, 0x0000}},
		{{0x1554, 0x402c}}, {{0x1555, 0x0d00}}, {{0x1556, 0x0001}}, {{0x1557, 0x0000}},
		{{0x1558, 0x4020}}, {{0x1559, 0x0803}}, {{0x155a, 0x0000}}, {{0x155b, 0x0000}},
		{{0x155c, 0x0000}}, {{0x155d, 0x0000}}, {{0x155e, 0x0000}}, {{0x155f, 0x0000}},
		{{0x1560, 0x0000}}, {{0x1561, 0x0000}}, {{0x1562, 0x0000}}, {{0x1563, 0x2b00}},
		{{0x1564, 0x0000}}, {{0x1565, 0x0000}}, {{0x1566, 0x0000}}, {{0x1567, 0x0800}},
		{{0x1568, 0x0000}}, {{0x1569, 0x0000}}, {{0x156a, 0x0000}}, {{0x156b, 0x0000}},
		{{0x156c, 0x407c}}, {{0x156d, 0x0000}}, {{0x156e, 0x0000}}, {{0x156f, 0x0000}},
		{{0x1570, 0x0000}}, {{0x1571, 0x0000}}, {{0x1572, 0x0000}}, {{0x1573, 0x0000}},
		{{0x1574, 0x0000}}, {{0x1575, 0x0000}}, {{0x1576, 0x0000}}, {{0x1577, 0x0000}},
		{{0x1578, 0x0000}}, {{0x1579, 0x0000}}, {{0x157a, 0x0001}}, {{0x157b, 0x0000}},
		{{0x157c, 0x0000}}, {{0x157d, 0x0000}}, {{0x157e, 0x0000}}, {{0x157f, 0x0000}},
		{{0x1580, 0x801c}}, {{0x1581, 0x00d0}}, {{0x1582, 0x0001}}, {{0x1583, 0x0010}},
		{{0x1584, 0x8060}}, {{0x1585, 0x0084}}, {{0x1586, 0x0000}}, {{0x1587, 0x0010}},
		{{0x1588, 0x0000}}, {{0x1589, 0x0000}}, {{0x158a, 0x0000}}, {{0x158b, 0x0b00}},
		{{0x158c, 0x0000}}, {{0x158d, 0x0000}}, {{0x158e, 0x0000}}, {{0x158f, 0x0800}},
		{{0x1590, 0x807c}}, {{0x1591, 0x0000}}, {{0x1592, 0x0000}}, {{0x1593, 0x0010}},
		{{0x1594, 0x0000}}, {{0x1595, 0x0000}}, {{0x1596, 0x0000}}, {{0x1597, 0x0000}},
		{{0x1598, 0x0000}}, {{0x1599, 0x0000}}, {{0x159a, 0x0000}}, {{0x159b, 0x0000}},
		{{0x159c, 0x8000}}, {{0x159d, 0x0000}}, {{0x159e, 0x0001}}, {{0x159f, 0x0010}},
		{{0x15a0, 0x0000}}, {{0x15a1, 0x0000}}, {{0x15a2, 0x0000}}, {{0x15a3, 0x0000}},
		{{0x15a4, 0x802c}}, {{0x15a5, 0x0d00}}, {{0x15a6, 0x0001}}, {{0x15a7, 0x0010}},
		{{0x15a8, 0x8020}}, {{0x15a9, 0x0803}}, {{0x15aa, 0x0000}}, {{0x15ab, 0x0010}},
		{{0x15ac, 0x0000}}, {{0x15ad, 0x0000}}, {{0x15ae, 0x0000}}, {{0x15af, 0x0000}},
		{{0x15b0, 0x0000}}, {{0x15b1, 0x0000}}, {{0x15b2, 0x0000}}, {{0x15b3, 0x2b00}},
		{{0x15b4, 0x0000}}, {{0x15b5, 0x0000}}, {{0x15b6, 0x0000}}, {{0x15b7, 0x0800}},
		{{0x15b8, 0x0000}}, {{0x15b9, 0x0000}}, {{0x15ba, 0x0000}}, {{0x15bb, 0x0000}},
		{{0x15bc, 0x807c}}, {{0x15bd, 0x0000}}, {{0x15be, 0x0000}}, {{0x15bf, 0x0010}},
		{{0x15c0, 0x0000}}, {{0x15c1, 0x0000}}, {{0x15c2, 0x0000}}, {{0x15c3, 0x0000}},
		{{0x15c4, 0x0000}}, {{0x15c5, 0x0000}}, {{0x15c6, 0x0000}}, {{0x15c7, 0x0000}},
		{{0x15c8, 0x0000}}, {{0x15c9, 0x0000}}, {{0x15ca, 0x0001}}, {{0x15cb, 0x0000}},
		{{0x15cc, 0x0000}}, {{0x15cd, 0x0000}}, {{0x15ce, 0x0000}}, {{0x15cf, 0x0000}},
		{{0x15d0, 0x402c}}, {{0x15d1, 0x0d00}}, {{0x15d2, 0x0001}}, {{0x15d3, 0x0000}},
		{{0x15d4, 0x4050}}, {{0x15d5, 0x0803}}, {{0x15d6, 0x0000}}, {{0x15d7, 0x0000}},
		{{0x15d8, 0x0000}}, {{0x15d9, 0x0000}}, {{0x15da, 0x0000}}, {{0x15db, 0x1b00}},
		{{0x15dc, 0x0000}}, {{0x15dd, 0x0000}}, {{0x15de, 0x0000}}, {{0x15df, 0x0000}},
		{{0x15e0, 0x0000}}, {{0x15e1, 0x0000}}, {{0x15e2, 0x0000}}, {{0x15e3, 0x0000}},
		{{0x15e4, 0x0000}}, {{0x15e5, 0x0000}}, {{0x15e6, 0x0000}}, {{0x15e7, 0x0000}},
		{{0x15e8, 0x4050}}, {{0x15e9, 0x0803}}, {{0x15ea, 0x0000}}, {{0x15eb, 0x5a00}},
		{{0x15ec, 0x0000}}, {{0x15ed, 0x0000}}, {{0x15ee, 0x0000}}, {{0x15ef, 0x0000}},
		{{0x15f0, 0x0000}}, {{0x15f1, 0x0000}}, {{0x15f2, 0x0000}}, {{0x15f3, 0x0000}},
		{{0x15f4, 0x0000}}, {{0x15f5, 0x0000}}, {{0x15f6, 0x0000}}, {{0x15f7, 0x0000}},
		{{0x15f8, 0x0000}}, {{0x15f9, 0x0000}}, {{0x15fa, 0x0000}}, {{0x15fb, 0x0100}},
		{{0x15fc, 0x0000}}, {{0x15fd, 0x0000}}, {{0x15fe, 0x0000}}, {{0x15ff, 0x0000}},
		{{0x1600, 0x4050}}, {{0x1601, 0x0803}}, {{0x1602, 0x0000}}, {{0x1603, 0x0000}},
		{{0x1604, 0x0000}}, {{0x1605, 0x0000}}, {{0x1606, 0x0000}}, {{0x1607, 0x0000}},
		{{0x1608, 0x0000}}, {{0x1609, 0x0000}}, {{0x160a, 0x0000}}, {{0x160b, 0x6b00}},
		{{0x160c, 0x0000}}, {{0x160d, 0x0000}}, {{0x160e, 0x0000}}, {{0x160f, 0x0400}},
		{{0x1610, 0x407c}}, {{0x1611, 0x0000}}, {{0x1612, 0x0000}}, {{0x1613, 0x0000}},
		{{0x1614, 0x0000}}, {{0x1615, 0x0000}}, {{0x1616, 0x0000}}, {{0x1617, 0x0000}},
		{{0x1618, 0x0000}}, {{0x1619, 0x0000}}, {{0x161a, 0x0000}}, {{0x161b, 0x3b00}},
		{{0x161c, 0x0000}}, {{0x161d, 0x0000}}, {{0x161e, 0x0000}}, {{0x161f, 0x0000}},
		{{0x1620, 0x0000}}, {{0x1621, 0x0000}}, {{0x1622, 0x0000}}, {{0x1623, 0x0000}},
		{{0x1624, 0x0000}}, {{0x1625, 0x0000}}, {{0x1626, 0x0001}}, {{0x1627, 0x0000}},
		{{0x1628, 0x5758}}, {{0x1629, 0x0000}}, {{0x162a, 0x0000}}, {{0x162b, 0x0000}},
		{{0x162c, 0x4208}}, {{0x162d, 0x0000}}, {{0x162e, 0x0000}}, {{0x162f, 0x0000}},
		{{0x1630, 0x0000}}, {{0x1631, 0x0000}}, {{0x1632, 0x0000}}, {{0x1633, 0x4b00}},
		{{0x1634, 0x0000}}, {{0x1635, 0x0000}}, {{0x1636, 0x0000}}, {{0x1637, 0x0000}},
		{{0x1638, 0x0000}}, {{0x1639, 0x0000}}, {{0x163a, 0x0000}}, {{0x163b, 0x0000}},
		{{0x163c, 0x401c}}, {{0x163d, 0x00d0}}, {{0x163e, 0x0001}}, {{0x163f, 0x0000}},
		{{0x1640, 0x4060}}, {{0x1641, 0x0084}}, {{0x1642, 0x0000}}, {{0x1643, 0x0000}},
		{{0x1644, 0x0000}}, {{0x1645, 0x0000}}, {{0x1646, 0x0000}}, {{0x1647, 0x0000}},
		{{0x1648, 0x0000}}, {{0x1649, 0x0000}}, {{0x164a, 0x0000}}, {{0x164b, 0x7b00}},
		{{0x164c, 0x0000}}, {{0x164d, 0x0000}}, {{0x164e, 0x0000}}, {{0x164f, 0x0000}},
		{{0x1650, 0x407c}}, {{0x1651, 0x0000}}, {{0x1652, 0x0000}}, {{0x1653, 0x0000}},
		{{0x1654, 0x0000}}, {{0x1655, 0x0000}}, {{0x1656, 0x0000}}, {{0x1657, 0x0000}},
		{{0x1658, 0x0000}}, {{0x1659, 0x0000}}, {{0x165a, 0x0000}}, {{0x165b, 0x0000}},
		{{0x165c, 0x4000}}, {{0x165d, 0x0000}}, {{0x165e, 0x0001}}, {{0x165f, 0x0000}},
		{{0x1660, 0x0000}}, {{0x1661, 0x0000}}, {{0x1662, 0x0000}}, {{0x1663, 0x0000}},
		{{0x1664, 0x402c}}, {{0x1665, 0x0d00}}, {{0x1666, 0x0001}}, {{0x1667, 0x0000}},
		{{0x1668, 0x4020}}, {{0x1669, 0x0803}}, {{0x166a, 0x0000}}, {{0x166b, 0x0000}},
		{{0x166c, 0x0000}}, {{0x166d, 0x0000}}, {{0x166e, 0x0000}}, {{0x166f, 0x0000}},
		{{0x1670, 0x0000}}, {{0x1671, 0x0000}}, {{0x1672, 0x0000}}, {{0x1673, 0x2b00}},
		{{0x1674, 0x0000}}, {{0x1675, 0x0000}}, {{0x1676, 0x0000}}, {{0x1677, 0x0800}},
		{{0x1678, 0x0000}}, {{0x1679, 0x0000}}, {{0x167a, 0x0000}}, {{0x167b, 0x0000}},
		{{0x167c, 0x407c}}, {{0x167d, 0x0000}}, {{0x167e, 0x0000}}, {{0x167f, 0x0000}},
		{{0x1680, 0x0000}}, {{0x1681, 0x0000}}, {{0x1682, 0x0000}}, {{0x1683, 0x0000}},
		{{0x1684, 0x0000}}, {{0x1685, 0x0000}}, {{0x1686, 0x0000}}, {{0x1687, 0x0000}},
		{{0x1688, 0x4000}}, {{0x1689, 0x0000}}, {{0x168a, 0x0001}}, {{0x168b, 0x0000}},
		{{0x168c, 0x0000}}, {{0x168d, 0x0000}}, {{0x168e, 0x0000}}, {{0x168f, 0x0000}},
		{{0x1690, 0x5758}}, {{0x1691, 0x0000}}, {{0x1692, 0x0000}}, {{0x1693, 0x0000}},
		{{0x1694, 0x4008}}, {{0x1695, 0x0000}}, {{0x1696, 0x0000}}, {{0x1697, 0x0000}},
		{{0x1698, 0x0000}}, {{0x1699, 0x0000}}, {{0x169a, 0x0000}}, {{0x169b, 0x0000}},
		{{0x169c, 0x0000}}, {{0x169d, 0x0000}}, {{0x169e, 0x0000}}, {{0x169f, 0x0000}},
		{{0x16a0, 0x802c}}, {{0x16a1, 0x0d00}}, {{0x16a2, 0x0001}}, {{0x16a3, 0x0010}},
		{{0x16a4, 0x8050}}, {{0x16a5, 0x0803}}, {{0x16a6, 0x0000}}, {{0x16a7, 0x0010}},
		{{0x16a8, 0x0000}}, {{0x16a9, 0x0000}}, {{0x16aa, 0x0000}}, {{0x16ab, 0x1b00}},
		{{0x16ac, 0x0000}}, {{0x16ad, 0x0000}}, {{0x16ae, 0x0000}}, {{0x16af, 0x0000}},
		{{0x16b0, 0x0000}}, {{0x16b1, 0x0000}}, {{0x16b2, 0x0000}}, {{0x16b3, 0x0000}},
		{{0x16b4, 0x0000}}, {{0x16b5, 0x0000}}, {{0x16b6, 0x0000}}, {{0x16b7, 0x0000}},
		{{0x16b8, 0x8050}}, {{0x16b9, 0x0803}}, {{0x16ba, 0x0000}}, {{0x16bb, 0x5a10}},
		{{0x16bc, 0x0000}}, {{0x16bd, 0x0000}}, {{0x16be, 0x0000}}, {{0x16bf, 0x0000}},
		{{0x16c0, 0x0000}}, {{0x16c1, 0x0000}}, {{0x16c2, 0x0000}}, {{0x16c3, 0x0000}},
		{{0x16c4, 0x0000}}, {{0x16c5, 0x0000}}, {{0x16c6, 0x0000}}, {{0x16c7, 0x0000}},
		{{0x16c8, 0x0000}}, {{0x16c9, 0x0000}}, {{0x16ca, 0x0000}}, {{0x16cb, 0x0100}},
		{{0x16cc, 0x0000}}, {{0x16cd, 0x0000}}, {{0x16ce, 0x0000}}, {{0x16cf, 0x0000}},
		{{0x16d0, 0x8050}}, {{0x16d1, 0x0803}}, {{0x16d2, 0x0000}}, {{0x16d3, 0x0010}},
		{{0x16d4, 0x0000}}, {{0x16d5, 0x0000}}, {{0x16d6, 0x0000}}, {{0x16d7, 0x0000}},
		{{0x16d8, 0x0000}}, {{0x16d9, 0x0000}}, {{0x16da, 0x0000}}, {{0x16db, 0x6b00}},
		{{0x16dc, 0x0000}}, {{0x16dd, 0x0000}}, {{0x16de, 0x0000}}, {{0x16df, 0x0400}},
		{{0x16e0, 0x807c}}, {{0x16e1, 0x0000}}, {{0x16e2, 0x0000}}, {{0x16e3, 0x0010}},
		{{0x16e4, 0x0000}}, {{0x16e5, 0x0000}}, {{0x16e6, 0x0000}}, {{0x16e7, 0x0000}},
		{{0x16e8, 0x0000}}, {{0x16e9, 0x0000}}, {{0x16ea, 0x0000}}, {{0x16eb, 0x3b00}},
		{{0x16ec, 0x0000}}, {{0x16ed, 0x0000}}, {{0x16ee, 0x0000}}, {{0x16ef, 0x0000}},
		{{0x16f0, 0x0000}}, {{0x16f1, 0x0000}}, {{0x16f2, 0x0000}}, {{0x16f3, 0x0000}},
		{{0x16f4, 0x0000}}, {{0x16f5, 0x0000}}, {{0x16f6, 0x0001}}, {{0x16f7, 0x0000}},
		{{0x16f8, 0x9758}}, {{0x16f9, 0x0000}}, {{0x16fa, 0x0000}}, {{0x16fb, 0x0010}},
		{{0x16fc, 0x8208}}, {{0x16fd, 0x0000}}, {{0x16fe, 0x0000}}, {{0x16ff, 0x0010}},
		{{0x1700, 0x0000}}, {{0x1701, 0x0000}}, {{0x1702, 0x0000}}, {{0x1703, 0x4b00}},
		{{0x1704, 0x0000}}, {{0x1705, 0x0000}}, {{0x1706, 0x0000}}, {{0x1707, 0x0000}},
		{{0x1708, 0x0000}}, {{0x1709, 0x0000}}, {{0x170a, 0x0000}}, {{0x170b, 0x0000}},
		{{0x170c, 0x801c}}, {{0x170d, 0x00d0}}, {{0x170e, 0x0001}}, {{0x170f, 0x0010}},
		{{0x1710, 0x8060}}, {{0x1711, 0x0084}}, {{0x1712, 0x0000}}, {{0x1713, 0x0010}},
		{{0x1714, 0x0000}}, {{0x1715, 0x0000}}, {{0x1716, 0x0000}}, {{0x1717, 0x0000}},
		{{0x1718, 0x0000}}, {{0x1719, 0x0000}}, {{0x171a, 0x0000}}, {{0x171b, 0x7b00}},
		{{0x171c, 0x0000}}, {{0x171d, 0x0000}}, {{0x171e, 0x0000}}, {{0x171f, 0x0000}},
		{{0x1720, 0x807c}}, {{0x1721, 0x0000}}, {{0x1722, 0x0000}}, {{0x1723, 0x0010}},
		{{0x1724, 0x0000}}, {{0x1725, 0x0000}}, {{0x1726, 0x0000}}, {{0x1727, 0x0000}},
		{{0x1728, 0x0000}}, {{0x1729, 0x0000}}, {{0x172a, 0x0000}}, {{0x172b, 0x0000}},
		{{0x172c, 0x8000}}, {{0x172d, 0x0000}}, {{0x172e, 0x0001}}, {{0x172f, 0x0010}},
		{{0x1730, 0x0000}}, {{0x1731, 0x0000}}, {{0x1732, 0x0000}}, {{0x1733, 0x0000}},
		{{0x1734, 0x802c}}, {{0x1735, 0x0d00}}, {{0x1736, 0x0001}}, {{0x1737, 0x0010}},
		{{0x1738, 0x8020}}, {{0x1739, 0x0803}}, {{0x173a, 0x0000}}, {{0x173b, 0x0010}},
		{{0x173c, 0x0000}}, {{0x173d, 0x0000}}, {{0x173e, 0x0000}}, {{0x173f, 0x0000}},
		{{0x1740, 0x0000}}, {{0x1741, 0x0000}}, {{0x1742, 0x0000}}, {{0x1743, 0x2b00}},
		{{0x1744, 0x0000}}, {{0x1745, 0x0000}}, {{0x1746, 0x0000}}, {{0x1747, 0x0800}},
		{{0x1748, 0x0000}}, {{0x1749, 0x0000}}, {{0x174a, 0x0000}}, {{0x174b, 0x0000}},
		{{0x174c, 0x807c}}, {{0x174d, 0x0000}}, {{0x174e, 0x0000}}, {{0x174f, 0x0010}},
		{{0x1750, 0x0000}}, {{0x1751, 0x0000}}, {{0x1752, 0x0000}}, {{0x1753, 0x0000}},
		{{0x1754, 0x0000}}, {{0x1755, 0x0000}}, {{0x1756, 0x0000}}, {{0x1757, 0x0000}},
		{{0x1758, 0x8000}}, {{0x1759, 0x0000}}, {{0x175a, 0x0001}}, {{0x175b, 0x0010}},
		{{0x175c, 0x0000}}, {{0x175d, 0x0000}}, {{0x175e, 0x0000}}, {{0x175f, 0x0000}},
		{{0x1760, 0x9758}}, {{0x1761, 0x0000}}, {{0x1762, 0x0000}}, {{0x1763, 0x0010}},
		{{0x1764, 0x8008}}, {{0x1765, 0x0000}}, {{0x1766, 0x0000}}, {{0x1767, 0x0010}},
		{{0x1768, 0x0000}}, {{0x1769, 0x0000}}, {{0x176a, 0x0000}}, {{0x176b, 0x0000}},
		{{0x176c, 0x0000}}, {{0x176d, 0x0000}}, {{0x176e, 0x0000}}, {{0x176f, 0x0000}},
		{{0x1770, 0x4068}}, {{0x1771, 0x0000}}, {{0x1772, 0x0000}}, {{0x1773, 0x0000}},
		{{0x1774, 0x0000}}, {{0x1775, 0x0000}}, {{0x1776, 0x0000}}, {{0x1777, 0x0000}},
		{{0x1778, 0x52d8}}, {{0x1779, 0x0000}}, {{0x177a, 0x0000}}, {{0x177b, 0x0000}},
		{{0x177c, 0x6008}}, {{0x177d, 0x0000}}, {{0x177e, 0x0000}}, {{0x177f, 0x0000}},
		{{0x1780, 0x0000}}, {{0x1781, 0x0000}}, {{0x1782, 0x0000}}, {{0x1783, 0x5b00}},
		{{0x1784, 0x0000}}, {{0x1785, 0x0000}}, {{0x1786, 0x0000}}, {{0x1787, 0x0000}},
		{{0x1788, 0x40f0}}, {{0x1789, 0x0000}}, {{0x178a, 0x0000}}, {{0x178b, 0x0000}},
		{{0x178c, 0x0000}}, {{0x178d, 0x0000}}, {{0x178e, 0x0000}}, {{0x178f, 0x0000}},
		{{0x1790, 0x4fd8}}, {{0x1791, 0x0000}}, {{0x1792, 0x0000}}, {{0x1793, 0x0000}},
		{{0x1794, 0x4008}}, {{0x1795, 0x0000}}, {{0x1796, 0x0000}}, {{0x1797, 0x0000}},
		{{0x1798, 0x0000}}, {{0x1799, 0x0000}}, {{0x179a, 0x0000}}, {{0x179b, 0x2b00}},
		{{0x179c, 0x0000}}, {{0x179d, 0x0000}}, {{0x179e, 0x0000}}, {{0x179f, 0x0000}},
		{{0x17a0, 0x5058}}, {{0x17a1, 0x0000}}, {{0x17a2, 0x0000}}, {{0x17a3, 0x0000}},
		{{0x17a4, 0x4008}}, {{0x17a5, 0x0000}}, {{0x17a6, 0x0000}}, {{0x17a7, 0x0000}},
		{{0x17a8, 0x0000}}, {{0x17a9, 0x0000}}, {{0x17aa, 0x0000}}, {{0x17ab, 0x2b00}},
		{{0x17ac, 0x0000}}, {{0x17ad, 0x0000}}, {{0x17ae, 0x0000}}, {{0x17af, 0x0000}},
		{{0x17b0, 0x50d8}}, {{0x17b1, 0x0000}}, {{0x17b2, 0x0000}}, {{0x17b3, 0x0000}},
		{{0x17b4, 0x4088}}, {{0x17b5, 0x0000}}, {{0x17b6, 0x0000}}, {{0x17b7, 0x0000}},
		{{0x17b8, 0x0000}}, {{0x17b9, 0x0000}}, {{0x17ba, 0x0000}}, {{0x17bb, 0x2b00}},
		{{0x17bc, 0x0000}}, {{0x17bd, 0x0000}}, {{0x17be, 0x0000}}, {{0x17bf, 0x0000}},
		{{0x17c0, 0x5158}}, {{0x17c1, 0x0000}}, {{0x17c2, 0x0000}}, {{0x17c3, 0x0000}},
		{{0x17c4, 0x4008}}, {{0x17c5, 0x0000}}, {{0x17c6, 0x0000}}, {{0x17c7, 0x0000}},
		{{0x17c8, 0x0000}}, {{0x17c9, 0x0000}}, {{0x17ca, 0x0000}}, {{0x17cb, 0x5b00}},
		{{0x17cc, 0x0000}}, {{0x17cd, 0x0000}}, {{0x17ce, 0x0000}}, {{0x17cf, 0x0000}},
		{{0x17d0, 0x402c}}, {{0x17d1, 0x0d00}}, {{0x17d2, 0x0001}}, {{0x17d3, 0x0400}},
		{{0x17d4, 0x4050}}, {{0x17d5, 0x0800}}, {{0x17d6, 0x0000}}, {{0x17d7, 0x0000}},
		{{0x17d8, 0x0000}}, {{0x17d9, 0x0000}}, {{0x17da, 0x0000}}, {{0x17db, 0x0400}},
		{{0x17dc, 0x4050}}, {{0x17dd, 0x0803}}, {{0x17de, 0x0000}}, {{0x17df, 0x0000}},
		{{0x17e0, 0x0000}}, {{0x17e1, 0x0000}}, {{0x17e2, 0x0000}}, {{0x17e3, 0x6f00}},
		{{0x17e4, 0x0000}}, {{0x17e5, 0x0000}}, {{0x17e6, 0x0000}}, {{0x17e7, 0x0400}},
		{{0x17e8, 0x407c}}, {{0x17e9, 0x0000}}, {{0x17ea, 0x0000}}, {{0x17eb, 0x0400}},
		{{0x17ec, 0x0000}}, {{0x17ed, 0x0000}}, {{0x17ee, 0x0000}}, {{0x17ef, 0x0000}},
		{{0x17f0, 0x0000}}, {{0x17f1, 0x0000}}, {{0x17f2, 0x0000}}, {{0x17f3, 0x0400}},
		{{0x17f4, 0x0000}}, {{0x17f5, 0x0000}}, {{0x17f6, 0x0001}}, {{0x17f7, 0x0000}},
		{{0x17f8, 0x0000}}, {{0x17f9, 0x0000}}, {{0x17fa, 0x0000}}, {{0x17fb, 0x0400}},
		{{0x17fc, 0x0000}}, {{0x17fd, 0x0000}}, {{0x17fe, 0x0000}}, {{0x17ff, 0x0000}},
		{{0x1800, 0x0000}}, {{0x1801, 0x0000}}, {{0x1802, 0x0000}}, {{0x1803, 0x0000}},
		{{0x1804, 0x0000}}, {{0x1805, 0x0000}}, {{0x1806, 0x0000}}, {{0x1807, 0x0000}},
		{{0x1808, 0x402c}}, {{0x1809, 0x0d00}}, {{0x180a, 0x0001}}, {{0x180b, 0x0000}},
		{{0x180c, 0x4050}}, {{0x180d, 0x0800}}, {{0x180e, 0x0000}}, {{0x180f, 0x0000}},
		{{0x1810, 0x0000}}, {{0x1811, 0x0000}}, {{0x1812, 0x0000}}, {{0x1813, 0x0000}},
		{{0x1814, 0x4050}}, {{0x1815, 0x0803}}, {{0x1816, 0x0000}}, {{0x1817, 0x0000}},
		{{0x1818, 0x0000}}, {{0x1819, 0x0000}}, {{0x181a, 0x0000}}, {{0x181b, 0x0000}},
		{{0x181c, 0x4050}}, {{0x181d, 0x0800}}, {{0x181e, 0x0000}}, {{0x181f, 0x0000}},
		{{0x1820, 0x0000}}, {{0x1821, 0x0000}}, {{0x1822, 0x0000}}, {{0x1823, 0x4b00}},
		{{0x1824, 0x0000}}, {{0x1825, 0x0000}}, {{0x1826, 0x0000}}, {{0x1827, 0x0400}},
		{{0x1828, 0x0000}}, {{0x1829, 0x0000}}, {{0x182a, 0x0000}}, {{0x182b, 0x0000}},
		{{0x182c, 0x407c}}, {{0x182d, 0x0000}}, {{0x182e, 0x0000}}, {{0x182f, 0x0000}},
		{{0x1830, 0x0000}}, {{0x1831, 0x0000}}, {{0x1832, 0x0000}}, {{0x1833, 0x0000}},
		{{0x1834, 0x0000}}, {{0x1835, 0x0000}}, {{0x1836, 0x0000}}, {{0x1837, 0x0000}},
		{{0x1838, 0x0000}}, {{0x1839, 0x0000}}, {{0x183a, 0x0001}}, {{0x183b, 0x0000}},
		{{0x183c, 0x0000}}, {{0x183d, 0x0000}}, {{0x183e, 0x0000}}, {{0x183f, 0x0000}},
		{{0x1840, 0x0000}}, {{0x1841, 0x0000}}, {{0x1842, 0x0000}}, {{0x1843, 0x4b00}},
		{{0x1844, 0x0000}}, {{0x1845, 0x0000}}, {{0x1846, 0x0000}}, {{0x1847, 0x2000}},
		{{0x1848, 0x0000}}, {{0x1849, 0x0000}}, {{0x184a, 0x0000}}, {{0x184b, 0x0000}},
		{{0x184c, 0x0000}}, {{0x184d, 0x0000}}, {{0x184e, 0x0000}}, {{0x184f, 0x0000}},
		{{0x1850, 0x402c}}, {{0x1851, 0x0d00}}, {{0x1852, 0x0001}}, {{0x1853, 0x0000}},
		{{0x1854, 0x5198}}, {{0x1855, 0x0803}}, {{0x1856, 0x0000}}, {{0x1857, 0x0000}},
		{{0x1858, 0x0000}}, {{0x1859, 0x0000}}, {{0x185a, 0x0000}}, {{0x185b, 0x1b00}},
		{{0x185c, 0x0000}}, {{0x185d, 0x0000}}, {{0x185e, 0x0000}}, {{0x185f, 0x0000}},
		{{0x1860, 0x5218}}, {{0x1861, 0x0803}}, {{0x1862, 0x0000}}, {{0x1863, 0x0000}},
		{{0x1864, 0x0000}}, {{0x1865, 0x0000}}, {{0x1866, 0x0000}}, {{0x1867, 0x0000}},
		{{0x1868, 0x0000}}, {{0x1869, 0x0000}}, {{0x186a, 0x0000}}, {{0x186b, 0x4b00}},
		{{0x186c, 0x0000}}, {{0x186d, 0x0000}}, {{0x186e, 0x0000}}, {{0x186f, 0x0400}},
		{{0x1870, 0x407c}}, {{0x1871, 0x0000}}, {{0x1872, 0x0000}}, {{0x1873, 0x0000}},
		{{0x1874, 0x0000}}, {{0x1875, 0x0000}}, {{0x1876, 0x0000}}, {{0x1877, 0x0000}},
		{{0x1878, 0x0000}}, {{0x1879, 0x0000}}, {{0x187a, 0x0000}}, {{0x187b, 0x0000}},
		{{0x187c, 0x0000}}, {{0x187d, 0x0000}}, {{0x187e, 0x0001}}, {{0x187f, 0x0000}},
		{{0x1880, 0x0000}}, {{0x1881, 0x0000}}, {{0x1882, 0x0000}}, {{0x1883, 0x1b00}},
		{{0x1884, 0x0000}}, {{0x1885, 0x0000}}, {{0x1886, 0x0000}}, {{0x1887, 0x0400}},
		{{0x1888, 0x401c}}, {{0x1889, 0x00d0}}, {{0x188a, 0x0001}}, {{0x188b, 0x0000}},
		{{0x188c, 0x4060}}, {{0x188d, 0x0084}}, {{0x188e, 0x0000}}, {{0x188f, 0x0000}},
		{{0x1890, 0x0000}}, {{0x1891, 0x0000}}, {{0x1892, 0x0000}}, {{0x1893, 0x0b00}},
		{{0x1894, 0x0000}}, {{0x1895, 0x0000}}, {{0x1896, 0x0000}}, {{0x1897, 0x0800}},
		{{0x1898, 0x407c}}, {{0x1899, 0x0000}}, {{0x189a, 0x0000}}, {{0x189b, 0x0000}},
		{{0x189c, 0x0000}}, {{0x189d, 0x0000}}, {{0x189e, 0x0000}}, {{0x189f, 0x0000}},
		{{0x18a0, 0x0000}}, {{0x18a1, 0x0000}}, {{0x18a2, 0x0000}}, {{0x18a3, 0x0000}},
		{{0x18a4, 0x4000}}, {{0x18a5, 0x0000}}, {{0x18a6, 0x0001}}, {{0x18a7, 0x0000}},
		{{0x18a8, 0x0000}}, {{0x18a9, 0x0000}}, {{0x18aa, 0x0000}}, {{0x18ab, 0x0000}},
		{{0x18ac, 0x402c}}, {{0x18ad, 0x0d00}}, {{0x18ae, 0x0001}}, {{0x18af, 0x0000}},
		{{0x18b0, 0x4020}}, {{0x18b1, 0x0803}}, {{0x18b2, 0x0000}}, {{0x18b3, 0x0000}},
		{{0x18b4, 0x0000}}, {{0x18b5, 0x0000}}, {{0x18b6, 0x0000}}, {{0x18b7, 0x0000}},
		{{0x18b8, 0x0000}}, {{0x18b9, 0x0000}}, {{0x18ba, 0x0000}}, {{0x18bb, 0x2b00}},
		{{0x18bc, 0x0000}}, {{0x18bd, 0x0000}}, {{0x18be, 0x0000}}, {{0x18bf, 0x0800}},
		{{0x18c0, 0x0000}}, {{0x18c1, 0x0000}}, {{0x18c2, 0x0000}}, {{0x18c3, 0x0000}},
		{{0x18c4, 0x407c}}, {{0x18c5, 0x0000}}, {{0x18c6, 0x0000}}, {{0x18c7, 0x0000}},
		{{0x18c8, 0x0000}}, {{0x18c9, 0x0000}}, {{0x18ca, 0x0000}}, {{0x18cb, 0x0000}},
		{{0x18cc, 0x0000}}, {{0x18cd, 0x0000}}, {{0x18ce, 0x0000}}, {{0x18cf, 0x0000}},
		{{0x18d0, 0x0000}}, {{0x18d1, 0x0000}}, {{0x18d2, 0x0001}}, {{0x18d3, 0x0000}},
		{{0x18d4, 0x0000}}, {{0x18d5, 0x0000}}, {{0x18d6, 0x0000}}, {{0x18d7, 0x0000}},
		{{0x18d8, 0x801c}}, {{0x18d9, 0x00d0}}, {{0x18da, 0x0001}}, {{0x18db, 0x0010}},
		{{0x18dc, 0x8060}}, {{0x18dd, 0x0084}}, {{0x18de, 0x0000}}, {{0x18df, 0x0010}},
		{{0x18e0, 0x0000}}, {{0x18e1, 0x0000}}, {{0x18e2, 0x0000}}, {{0x18e3, 0x0b00}},
		{{0x18e4, 0x0000}}, {{0x18e5, 0x0000}}, {{0x18e6, 0x0000}}, {{0x18e7, 0x0800}},
		{{0x18e8, 0x807c}}, {{0x18e9, 0x0000}}, {{0x18ea, 0x0000}}, {{0x18eb, 0x0010}},
		{{0x18ec, 0x0000}}, {{0x18ed, 0x0000}}, {{0x18ee, 0x0000}}, {{0x18ef, 0x0000}},
		{{0x18f0, 0x0000}}, {{0x18f1, 0x0000}}, {{0x18f2, 0x0000}}, {{0x18f3, 0x0000}},
		{{0x18f4, 0x8000}}, {{0x18f5, 0x0000}}, {{0x18f6, 0x0001}}, {{0x18f7, 0x0010}},
		{{0x18f8, 0x0000}}, {{0x18f9, 0x0000}}, {{0x18fa, 0x0000}}, {{0x18fb, 0x0000}},
		{{0x18fc, 0x802c}}, {{0x18fd, 0x0d00}}, {{0x18fe, 0x0001}}, {{0x18ff, 0x0010}},
		{{0x1900, 0x8020}}, {{0x1901, 0x0803}}, {{0x1902, 0x0000}}, {{0x1903, 0x0010}},
		{{0x1904, 0x0000}}, {{0x1905, 0x0000}}, {{0x1906, 0x0000}}, {{0x1907, 0x0000}},
		{{0x1908, 0x0000}}, {{0x1909, 0x0000}}, {{0x190a, 0x0000}}, {{0x190b, 0x2b00}},
		{{0x190c, 0x0000}}, {{0x190d, 0x0000}}, {{0x190e, 0x0000}}, {{0x190f, 0x0800}},
		{{0x1910, 0x0000}}, {{0x1911, 0x0000}}, {{0x1912, 0x0000}}, {{0x1913, 0x0000}},
		{{0x1914, 0x807c}}, {{0x1915, 0x0000}}, {{0x1916, 0x0000}}, {{0x1917, 0x0010}},
		{{0x1918, 0x0000}}, {{0x1919, 0x0000}}, {{0x191a, 0x0000}}, {{0x191b, 0x0000}},
		{{0x191c, 0x0000}}, {{0x191d, 0x0000}}, {{0x191e, 0x0000}}, {{0x191f, 0x0000}},
		{{0x1920, 0x0000}}, {{0x1921, 0x0000}}, {{0x1922, 0x0001}}, {{0x1923, 0x0000}},
		{{0x1924, 0x0000}}, {{0x1925, 0x0000}}, {{0x1926, 0x0000}}, {{0x1927, 0x0000}},
		{{0x1928, 0x402c}}, {{0x1929, 0x0d00}}, {{0x192a, 0x0001}}, {{0x192b, 0x0000}},
		{{0x192c, 0x4050}}, {{0x192d, 0x0803}}, {{0x192e, 0x0000}}, {{0x192f, 0x0000}},
		{{0x1930, 0x0000}}, {{0x1931, 0x0000}}, {{0x1932, 0x0000}}, {{0x1933, 0x0000}},
		{{0x1934, 0x0000}}, {{0x1935, 0x0000}}, {{0x1936, 0x0000}}, {{0x1937, 0x0000}},
		{{0x1938, 0x0000}}, {{0x1939, 0x0000}}, {{0x193a, 0x0000}}, {{0x193b, 0x0000}},
		{{0x193c, 0x0000}}, {{0x193d, 0x0000}}, {{0x193e, 0x0000}}, {{0x193f, 0x0000}},
		{{0x1940, 0x4050}}, {{0x1941, 0x0803}}, {{0x1942, 0x0000}}, {{0x1943, 0x5a00}},
		{{0x1944, 0x0000}}, {{0x1945, 0x0000}}, {{0x1946, 0x0000}}, {{0x1947, 0x0000}},
		{{0x1948, 0x0000}}, {{0x1949, 0x0000}}, {{0x194a, 0x0000}}, {{0x194b, 0x0100}},
		{{0x194c, 0x0000}}, {{0x194d, 0x0000}}, {{0x194e, 0x0000}}, {{0x194f, 0x0000}},
		{{0x1950, 0x4050}}, {{0x1951, 0x0803}}, {{0x1952, 0x0000}}, {{0x1953, 0x0000}},
		{{0x1954, 0x0000}}, {{0x1955, 0x0000}}, {{0x1956, 0x0000}}, {{0x1957, 0x0000}},
		{{0x1958, 0x0000}}, {{0x1959, 0x0000}}, {{0x195a, 0x0000}}, {{0x195b, 0x4b00}},
		{{0x195c, 0x0000}}, {{0x195d, 0x0000}}, {{0x195e, 0x0000}}, {{0x195f, 0x0400}},
		{{0x1960, 0x407c}}, {{0x1961, 0x0000}}, {{0x1962, 0x0000}}, {{0x1963, 0x0000}},
		{{0x1964, 0x0000}}, {{0x1965, 0x0000}}, {{0x1966, 0x0000}}, {{0x1967, 0x0000}},
		{{0x1968, 0x0000}}, {{0x1969, 0x0000}}, {{0x196a, 0x0000}}, {{0x196b, 0x3b00}},
		{{0x196c, 0x0000}}, {{0x196d, 0x0000}}, {{0x196e, 0x0000}}, {{0x196f, 0x0000}},
		{{0x1970, 0x0000}}, {{0x1971, 0x0000}}, {{0x1972, 0x0000}}, {{0x1973, 0x0000}},
		{{0x1974, 0x0000}}, {{0x1975, 0x0000}}, {{0x1976, 0x0001}}, {{0x1977, 0x0000}},
		{{0x1978, 0x5758}}, {{0x1979, 0x0000}}, {{0x197a, 0x0000}}, {{0x197b, 0x0000}},
		{{0x197c, 0x4208}}, {{0x197d, 0x0000}}, {{0x197e, 0x0000}}, {{0x197f, 0x0000}},
		{{0x1980, 0x0000}}, {{0x1981, 0x0000}}, {{0x1982, 0x0000}}, {{0x1983, 0x4b00}},
		{{0x1984, 0x0000}}, {{0x1985, 0x0000}}, {{0x1986, 0x0000}}, {{0x1987, 0x0000}},
		{{0x1988, 0x0000}}, {{0x1989, 0x0000}}, {{0x198a, 0x0000}}, {{0x198b, 0x0000}},
		{{0x198c, 0x401c}}, {{0x198d, 0x00d0}}, {{0x198e, 0x0001}}, {{0x198f, 0x0000}},
		{{0x1990, 0x4060}}, {{0x1991, 0x0084}}, {{0x1992, 0x0000}}, {{0x1993, 0x0000}},
		{{0x1994, 0x0000}}, {{0x1995, 0x0000}}, {{0x1996, 0x0000}}, {{0x1997, 0x0000}},
		{{0x1998, 0x0000}}, {{0x1999, 0x0000}}, {{0x199a, 0x0000}}, {{0x199b, 0x7b00}},
		{{0x199c, 0x0000}}, {{0x199d, 0x0000}}, {{0x199e, 0x0000}}, {{0x199f, 0x0000}},
		{{0x19a0, 0x407c}}, {{0x19a1, 0x0000}}, {{0x19a2, 0x0000}}, {{0x19a3, 0x0000}},
		{{0x19a4, 0x0000}}, {{0x19a5, 0x0000}}, {{0x19a6, 0x0000}}, {{0x19a7, 0x0000}},
		{{0x19a8, 0x0000}}, {{0x19a9, 0x0000}}, {{0x19aa, 0x0000}}, {{0x19ab, 0x0000}},
		{{0x19ac, 0x4000}}, {{0x19ad, 0x0000}}, {{0x19ae, 0x0001}}, {{0x19af, 0x0000}},
		{{0x19b0, 0x0000}}, {{0x19b1, 0x0000}}, {{0x19b2, 0x0000}}, {{0x19b3, 0x0000}},
		{{0x19b4, 0x402c}}, {{0x19b5, 0x0d00}}, {{0x19b6, 0x0001}}, {{0x19b7, 0x0000}},
		{{0x19b8, 0x4020}}, {{0x19b9, 0x0803}}, {{0x19ba, 0x0000}}, {{0x19bb, 0x0000}},
		{{0x19bc, 0x0000}}, {{0x19bd, 0x0000}}, {{0x19be, 0x0000}}, {{0x19bf, 0x0000}},
		{{0x19c0, 0x0000}}, {{0x19c1, 0x0000}}, {{0x19c2, 0x0000}}, {{0x19c3, 0x2b00}},
		{{0x19c4, 0x0000}}, {{0x19c5, 0x0000}}, {{0x19c6, 0x0000}}, {{0x19c7, 0x0800}},
		{{0x19c8, 0x0000}}, {{0x19c9, 0x0000}}, {{0x19ca, 0x0000}}, {{0x19cb, 0x0000}},
		{{0x19cc, 0x407c}}, {{0x19cd, 0x0000}}, {{0x19ce, 0x0000}}, {{0x19cf, 0x0000}},
		{{0x19d0, 0x0000}}, {{0x19d1, 0x0000}}, {{0x19d2, 0x0000}}, {{0x19d3, 0x0000}},
		{{0x19d4, 0x0000}}, {{0x19d5, 0x0000}}, {{0x19d6, 0x0000}}, {{0x19d7, 0x0000}},
		{{0x19d8, 0x4000}}, {{0x19d9, 0x0000}}, {{0x19da, 0x0001}}, {{0x19db, 0x0000}},
		{{0x19dc, 0x0000}}, {{0x19dd, 0x0000}}, {{0x19de, 0x0000}}, {{0x19df, 0x0000}},
		{{0x19e0, 0x5758}}, {{0x19e1, 0x0000}}, {{0x19e2, 0x0000}}, {{0x19e3, 0x0000}},
		{{0x19e4, 0x4008}}, {{0x19e5, 0x0000}}, {{0x19e6, 0x0000}}, {{0x19e7, 0x0000}},
		{{0x19e8, 0x0000}}, {{0x19e9, 0x0000}}, {{0x19ea, 0x0000}}, {{0x19eb, 0x0000}},
		{{0x19ec, 0x0000}}, {{0x19ed, 0x0000}}, {{0x19ee, 0x0000}}, {{0x19ef, 0x0000}},
		{{0x19f0, 0x802c}}, {{0x19f1, 0x0d00}}, {{0x19f2, 0x0001}}, {{0x19f3, 0x0010}},
		{{0x19f4, 0x8050}}, {{0x19f5, 0x0803}}, {{0x19f6, 0x0000}}, {{0x19f7, 0x0010}},
		{{0x19f8, 0x0000}}, {{0x19f9, 0x0000}}, {{0x19fa, 0x0000}}, {{0x19fb, 0x0000}},
		{{0x19fc, 0x0000}}, {{0x19fd, 0x0000}}, {{0x19fe, 0x0000}}, {{0x19ff, 0x0000}},
		{{0x1a00, 0x0000}}, {{0x1a01, 0x0000}}, {{0x1a02, 0x0000}}, {{0x1a03, 0x0000}},
		{{0x1a04, 0x0000}}, {{0x1a05, 0x0000}}, {{0x1a06, 0x0000}}, {{0x1a07, 0x0000}},
		{{0x1a08, 0x8050}}, {{0x1a09, 0x0803}}, {{0x1a0a, 0x0000}}, {{0x1a0b, 0x5a10}},
		{{0x1a0c, 0x0000}}, {{0x1a0d, 0x0000}}, {{0x1a0e, 0x0000}}, {{0x1a0f, 0x0000}},
		{{0x1a10, 0x0000}}, {{0x1a11, 0x0000}}, {{0x1a12, 0x0000}}, {{0x1a13, 0x0100}},
		{{0x1a14, 0x0000}}, {{0x1a15, 0x0000}}, {{0x1a16, 0x0000}}, {{0x1a17, 0x0000}},
		{{0x1a18, 0x8050}}, {{0x1a19, 0x0803}}, {{0x1a1a, 0x0000}}, {{0x1a1b, 0x0010}},
		{{0x1a1c, 0x0000}}, {{0x1a1d, 0x0000}}, {{0x1a1e, 0x0000}}, {{0x1a1f, 0x0000}},
		{{0x1a20, 0x0000}}, {{0x1a21, 0x0000}}, {{0x1a22, 0x0000}}, {{0x1a23, 0x4b00}},
		{{0x1a24, 0x0000}}, {{0x1a25, 0x0000}}, {{0x1a26, 0x0000}}, {{0x1a27, 0x0400}},
		{{0x1a28, 0x807c}}, {{0x1a29, 0x0000}}, {{0x1a2a, 0x0000}}, {{0x1a2b, 0x0010}},
		{{0x1a2c, 0x0000}}, {{0x1a2d, 0x0000}}, {{0x1a2e, 0x0000}}, {{0x1a2f, 0x0000}},
		{{0x1a30, 0x0000}}, {{0x1a31, 0x0000}}, {{0x1a32, 0x0000}}, {{0x1a33, 0x3b00}},
		{{0x1a34, 0x0000}}, {{0x1a35, 0x0000}}, {{0x1a36, 0x0000}}, {{0x1a37, 0x0000}},
		{{0x1a38, 0x0000}}, {{0x1a39, 0x0000}}, {{0x1a3a, 0x0000}}, {{0x1a3b, 0x0000}},
		{{0x1a3c, 0x0000}}, {{0x1a3d, 0x0000}}, {{0x1a3e, 0x0001}}, {{0x1a3f, 0x0000}},
		{{0x1a40, 0x9758}}, {{0x1a41, 0x0000}}, {{0x1a42, 0x0000}}, {{0x1a43, 0x0010}},
		{{0x1a44, 0x8208}}, {{0x1a45, 0x0000}}, {{0x1a46, 0x0000}}, {{0x1a47, 0x0010}},
		{{0x1a48, 0x0000}}, {{0x1a49, 0x0000}}, {{0x1a4a, 0x0000}}, {{0x1a4b, 0x4b00}},
		{{0x1a4c, 0x0000}}, {{0x1a4d, 0x0000}}, {{0x1a4e, 0x0000}}, {{0x1a4f, 0x0000}},
		{{0x1a50, 0x0000}}, {{0x1a51, 0x0000}}, {{0x1a52, 0x0000}}, {{0x1a53, 0x0000}},
		{{0x1a54, 0x801c}}, {{0x1a55, 0x00d0}}, {{0x1a56, 0x0001}}, {{0x1a57, 0x0010}},
		{{0x1a58, 0x8060}}, {{0x1a59, 0x0084}}, {{0x1a5a, 0x0000}}, {{0x1a5b, 0x0010}},
		{{0x1a5c, 0x0000}}, {{0x1a5d, 0x0000}}, {{0x1a5e, 0x0000}}, {{0x1a5f, 0x0000}},
		{{0x1a60, 0x0000}}, {{0x1a61, 0x0000}}, {{0x1a62, 0x0000}}, {{0x1a63, 0x7b00}},
		{{0x1a64, 0x0000}}, {{0x1a65, 0x0000}}, {{0x1a66, 0x0000}}, {{0x1a67, 0x0000}},
		{{0x1a68, 0x807c}}, {{0x1a69, 0x0000}}, {{0x1a6a, 0x0000}}, {{0x1a6b, 0x0010}},
		{{0x1a6c, 0x0000}}, {{0x1a6d, 0x0000}}, {{0x1a6e, 0x0000}}, {{0x1a6f, 0x0000}},
		{{0x1a70, 0x0000}}, {{0x1a71, 0x0000}}, {{0x1a72, 0x0000}}, {{0x1a73, 0x0000}},
		{{0x1a74, 0x8000}}, {{0x1a75, 0x0000}}, {{0x1a76, 0x0001}}, {{0x1a77, 0x0010}},
		{{0x1a78, 0x0000}}, {{0x1a79, 0x0000}}, {{0x1a7a, 0x0000}}, {{0x1a7b, 0x0000}},
		{{0x1a7c, 0x802c}}, {{0x1a7d, 0x0d00}}, {{0x1a7e, 0x0001}}, {{0x1a7f, 0x0010}},
		{{0x1a80, 0x8020}}, {{0x1a81, 0x0803}}, {{0x1a82, 0x0000}}, {{0x1a83, 0x0010}},
		{{0x1a84, 0x0000}}, {{0x1a85, 0x0000}}, {{0x1a86, 0x0000}}, {{0x1a87, 0x0000}},
		{{0x1a88, 0x0000}}, {{0x1a89, 0x0000}}, {{0x1a8a, 0x0000}}, {{0x1a8b, 0x2b00}},
		{{0x1a8c, 0x0000}}, {{0x1a8d, 0x0000}}, {{0x1a8e, 0x0000}}, {{0x1a8f, 0x0800}},
		{{0x1a90, 0x0000}}, {{0x1a91, 0x0000}}, {{0x1a92, 0x0000}}, {{0x1a93, 0x0000}},
		{{0x1a94, 0x807c}}, {{0x1a95, 0x0000}}, {{0x1a96, 0x0000}}, {{0x1a97, 0x0010}},
		{{0x1a98, 0x0000}}, {{0x1a99, 0x0000}}, {{0x1a9a, 0x0000}}, {{0x1a9b, 0x0000}},
		{{0x1a9c, 0x0000}}, {{0x1a9d, 0x0000}}, {{0x1a9e, 0x0000}}, {{0x1a9f, 0x0000}},
		{{0x1aa0, 0x8000}}, {{0x1aa1, 0x0000}}, {{0x1aa2, 0x0001}}, {{0x1aa3, 0x0010}},
		{{0x1aa4, 0x0000}}, {{0x1aa5, 0x0000}}, {{0x1aa6, 0x0000}}, {{0x1aa7, 0x0000}},
		{{0x1aa8, 0x9758}}, {{0x1aa9, 0x0000}}, {{0x1aaa, 0x0000}}, {{0x1aab, 0x0010}},
		{{0x1aac, 0x8008}}, {{0x1aad, 0x0000}}, {{0x1aae, 0x0000}}, {{0x1aaf, 0x0010}},
		{{0x1ab0, 0x0000}}, {{0x1ab1, 0x0000}}, {{0x1ab2, 0x0000}}, {{0x1ab3, 0x0000}},
		{{0x1ab4, 0x0000}}, {{0x1ab5, 0x0000}}, {{0x1ab6, 0x0000}}, {{0x1ab7, 0x0000}},
		{{0x1ab8, 0x4068}}, {{0x1ab9, 0x0000}}, {{0x1aba, 0x0000}}, {{0x1abb, 0x0000}},
		{{0x1abc, 0x0000}}, {{0x1abd, 0x0000}}, {{0x1abe, 0x0000}}, {{0x1abf, 0x0000}},
	}
};

static const phy_init_config training_4g_table_15 = {
	0x0009002e, 1269, true,
	{
		{{0x0010, 0x0400}}, {{0x080e, 0x000b}}, {{0x0480, 0x0809}}, {{0x0009, 0x0308}},
		{{0x0c09, 0x0028}}, {{0x8160, 0x087c}}, {{0x0098, 0x0820}}, {{0x0c7e, 0x0002}},
		{{0x0001, 0x0078}}, {{0x000a, 0x0370}}, {{0x0839, 0x0018}}, {{0x8160, 0x083c}},
		{{0x0009, 0x0150}}, {{0x0839, 0x0070}}, {{0x0392, 0x0039}}, {{0x0078, 0x039a}},
		{{0x0039, 0x0e09}}, {{0x0100, 0x0839}}, {{0x0002, 0x0001}}, {{0x0038, 0x0000}},
		{{0x0100, 0x0839}}, {{0x0000, 0x0398}}, {{0x0839, 0x0e19}}, {{0x0100, 0x0839}},
		{{0x0002, 0x0001}}, {{0x0038, 0x0000}}, {{0x0100, 0x0839}}, {{0x0000, 0x0390}},
		{{0x0839, 0x0078}}, {{0x039a, 0x0039}}, {{0x0e29, 0x0100}}, {{0x0839, 0x0002}},
		{{0x0001, 0x0038}}, {{0x0000, 0x0100}}, {{0x0839, 0x0070}}, {{0x0392, 0x0039}},
		{{0x0000, 0x00f0}}, {{0x0909, 0x0018}}, {{0x8160, 0x08bc}}, {{0x0008, 0x013a}},
		{{0x00b9, 0x024b}}, {{0x0100, 0x08b9}}, {{0x0002, 0x0001}}, {{0x00b8, 0x0000}},
		{{0x0100, 0x08b9}}, {{0x0020, 0x0004}}, {{0x00b8, 0x0020}}, {{0x0004, 0x00b8}},
		{{0x0005, 0x0000}}, {{0x00b8, 0x0479}}, {{0xc7f8, 0x08bc}}, {{0x0000, 0x0000}},
		{{0x00b8, 0x0000}}, {{0x00a8, 0x08b9}}, {{0x0009, 0xc9c0}}, {{0x0cbc, 0x0000}},
		{{0x0000, 0x00b8}}, {{0x025b, 0x0100}}, {{0x0cb9, 0x0020}}, {{0x0004, 0x00b8}},
		{{0x0020, 0x0004}}, {{0x00b8, 0x0020}}, {{0x0004, 0x00b8}}, {{0x0020, 0x0004}},
		{{0x00b8, 0x0010}}, {{0x0400, 0x089e}}, {{0x0008, 0x0370}}, {{0x0839, 0x0000}},
		{{0x00f0, 0x0909}}, {{0x033b, 0x0100}}, {{0x08b9, 0x0000}}, {{0x0100, 0x08b9}},
		{{0x023b, 0x0100}}, {{0x0c99, 0x0002}}, {{0x0150, 0x0839}}, {{0x1800, 0x8660}},
		{{0x0839, 0x0000}}, {{0x02a0, 0x0809}}, {{0x0008, 0x1880}}, {{0x0839, 0x0000}},
		{{0x82b0, 0x0838}}, {{0x0018, 0x00e0}}, {{0x0809, 0x0000}}, {{0x00e0, 0x0869}},
		{{0x000f, 0x07c0}}, {{0x0839, 0x000a}}, {{0x0510, 0x0839}}, {{0x000a, 0x0700}},
		{{0x0849, 0x000a}}, {{0x0700, 0x0859}}, {{0x000a, 0x0708}}, {{0x0859, 0x0002}},
		{{0x0708, 0x0849}}, {{0x0ff8, 0x8410}}, {{0x0839, 0x7ff8}}, {{0x8498, 0x0838}},
		{{0x0010, 0x8160}}, {{0x083c, 0x0000}}, {{0x07c8, 0x0809}}, {{0x0000, 0x0001}},
		{{0x0008, 0x0000}}, {{0x045a, 0x0089}}, {{0x0000, 0x8018}}, {{0x0808, 0x0000}},
		{{0x8020, 0x0808}}, {{0x0479, 0xc7f8}}, {{0x080c, 0x0000}}, {{0x0000, 0x0008}},
		{{0x0000, 0x8018}}, {{0x0808, 0x0000}}, {{0x8020, 0x0808}}, {{0x0009, 0xc9c0}},
		{{0x0c0c, 0x0000}}, {{0x00a8, 0x08c9}}, {{0x0029, 0x8160}}, {{0x087c, 0x00b8}},
		{{0x0820, 0x0c7e}}, {{0x0001, 0x0000}}, {{0x0078, 0x0000}}, {{0x0001, 0x0078}},
		{{0x00d8, 0x0820}}, {{0x0c7e, 0x0001}}, {{0x0000, 0x0078}}, {{0x0000, 0x0001}},
		{{0x0078, 0x00f8}}, {{0x0820, 0x0c7e}}, {{0x0001, 0x0000}}, {{0x0078, 0x0000}},
		{{0x0001, 0x0078}}, {{0x0000, 0x0700}}, {{0x0849, 0x0000}}, {{0x0618, 0x0809}},
		{{0x3ff8, 0x84b8}}, {{0x0808, 0x0000}}, {{0x0000, 0x0008}}, {{0x0008, 0xc870}},
		{{0x0c0c, 0x0018}}, {{0x0710, 0x0849}}, {{0x0000, 0x0004}}, {{0x0048, 0x0000}},
		{{0x0004, 0x0048}}, {{0x0010, 0x0710}}, {{0x0849, 0x0000}}, {{0x0004, 0x0048}},
		{{0x0000, 0x0710}}, {{0x0849, 0x0000}}, {{0x0004, 0x0048}}, {{0x0000, 0x0004}},
		{{0x0018, 0x0000}}, {{0x0004, 0x0018}}, {{0x0000, 0x0004}}, {{0x0018, 0x0000}},
		{{0x8410, 0x0809}}, {{0x0000, 0x8498}}, {{0x0808, 0x0005}}, {{0x0510, 0x0809}},
		{{0x0198, 0x1000}}, {{0x0809, 0x0009}}, {{0x03c0, 0x0809}}, {{0x0010, 0x0510}},
		{{0x0809, 0x0000}}, {{0x03c0, 0x0809}}, {{0x0018, 0x0004}}, {{0x0008, 0x0002}},
		{{0x0510, 0x0809}}, {{0x0002, 0x1000}}, {{0x0809, 0x0068}}, {{0x801a, 0x0008}},
		{{0x0068, 0x8022}}, {{0x0008, 0x0479}}, {{0xc7f8, 0x080c}}, {{0x0000, 0x0000}},
		{{0x0008, 0x0068}}, {{0x801a, 0x0008}}, {{0x0068, 0x8022}}, {{0x0008, 0x0009}},
		{{0xc9c0, 0x0c0c}}, {{0x0000, 0xc870}}, {{0x0c0c, 0x0000}}, {{0x02a0, 0x0809}},
		{{0x0010, 0x8160}}, {{0x089c, 0x0002}}, {{0x07c8, 0x0809}}, {{0x0000, 0x0001}},
		{{0x0008, 0x0040}}, {{0x1932, 0x0129}}, {{0x000a, 0xc140}}, {{0x080c, 0x0098}},
		{{0x193a, 0x0129}}, {{0x0090, 0x1932}}, {{0x0329, 0x0090}}, {{0x193a, 0x0329}},
		{{0x0088, 0x1882}}, {{0x0009, 0x0000}}, {{0xc140, 0x080c}}, {{0x0010, 0x0400}},
		{{0x080e, 0x000b}}, {{0x0370, 0x0809}}, {{0x023b, 0x0100}}, {{0x0cf9, 0x0000}},
		{{0x02a0, 0x0809}}, {{0x7800, 0x8660}}, {{0x0809, 0x000d}}, {{0x07c0, 0x0809}},
		{{0x0000, 0x82b0}}, {{0x0818, 0x0000}}, {{0x82b0, 0x0868}}, {{0x0479, 0xc7f8}},
		{{0x091c, 0x0000}}, {{0x0000, 0x0118}}, {{0x0038, 0x80a2}}, {{0x0118, 0x0009}},
		{{0xc9c0, 0x0d1c}}, {{0x0000, 0x0000}}, {{0x0118, 0x0008}}, {{0x0508, 0x0809}},
		{{0x0005, 0x07c0}}, {{0x0809, 0x0008}}, {{0x82b0, 0x0868}}, {{0x0008, 0x82b0}},
		{{0x0818, 0x0008}}, {{0x82b0, 0x0888}}, {{0x0010, 0x0510}}, {{0x0809, 0x0000}},
		{{0x00a8, 0x08c9}}, {{0x0008, 0x1900}}, {{0x0c09, 0x0000}}, {{0x0508, 0x0809}},
		{{0x0002, 0x07c8}}, {{0x0829, 0x000a}}, {{0x03c8, 0x0c29}}, {{0x0089, 0x03d0}},
		{{0x0c19, 0x0003}}, {{0x0000, 0x0018}}, {{0x0038, 0x0004}}, {{0x0018, 0x0089}},
		{{0x03d0, 0x0c09}}, {{0x0000, 0x0000}}, {{0x0008, 0x0009}}, {{0x0150, 0x0809}},
		{{0x0009, 0xc800}}, {{0x0c0c, 0x0018}}, {{0x8160, 0x08cc}}, {{0x0008, 0x013a}},
		{{0x00c9, 0x024b}}, {{0x0100, 0x08c9}}, {{0x0002, 0x0001}}, {{0x00c8, 0x0000}},
		{{0x0100, 0x08c9}}, {{0x0020, 0x0004}}, {{0x00c8, 0x0020}}, {{0x0004, 0x00c8}},
		{{0x0005, 0x0000}}, {{0x00c8, 0x0479}}, {{0xc7f8, 0x08cc}}, {{0x0000, 0x0000}},
		{{0x00c8, 0x0030}}, {{0x00aa, 0x00c9}}, {{0x0009, 0xc9c0}}, {{0x0ccc, 0x0000}},
		{{0x0000, 0x00c8}}, {{0x0479, 0xc7f8}}, {{0x08bc, 0x0000}}, {{0x0000, 0x00b8}},
		{{0x0030, 0x00aa}}, {{0x00b9, 0x0009}}, {{0xc9c0, 0x0cbc}}, {{0x0000, 0x0000}},
		{{0x00b8, 0x025b}}, {{0x0100, 0x0cc9}}, {{0x0020, 0x0004}}, {{0x00c8, 0x0020}},
		{{0x0004, 0x00c8}}, {{0x0020, 0x0004}}, {{0x00a8, 0x0004}}, {{0x0000, 0x00c8}},
		{{0x0009, 0xc800}}, {{0x0c6c, 0x026f}}, {{0x0100, 0x0c19}}, {{0x0008, 0x0004}},
		{{0x0018, 0x027f}}, {{0x0100, 0x0c19}}, {{0x0479, 0xc7f8}}, {{0x080c, 0x0000}},
		{{0x0000, 0x0008}}, {{0x0058, 0x008a}}, {{0x0009, 0x0009}}, {{0xc9c0, 0x0c0c}},
		{{0x0000, 0x0000}}, {{0x0008, 0x0018}}, {{0x8160, 0x086c}}, {{0x1008, 0x853b}},
		{{0x0868, 0x0c00}}, {{0x8588, 0x0868}}, {{0x0008, 0x85a8}}, {{0x0868, 0x0008}},
		{{0x85c8, 0x0868}}, {{0x0000, 0x8050}}, {{0x0868, 0x0060}}, {{0x0138, 0x0869}},
		{{0x0018, 0x8510}}, {{0x0868, 0x0018}}, {{0x02c8, 0x0869}}, {{0x0010, 0x8520}},
		{{0x0868, 0x1ff8}}, {{0x85d8, 0x0c68}}, {{0x0000, 0xfdf0}}, {{0x0868, 0x0008}},
		{{0x85f0, 0x0868}}, {{0x0008, 0xa5f0}}, {{0x0868, 0x0298}}, {{0x0100, 0x0869}},
		{{0x0002, 0x0001}}, {{0x0068, 0x0000}}, {{0x0100, 0x0869}}, {{0x0000, 0x85f0}},
		{{0x0868, 0x0000}}, {{0xa5f0, 0x0868}}, {{0x033b, 0x0100}}, {{0x08c9, 0x0000}},
		{{0x0100, 0x08c9}}, {{0x0010, 0x02c8}}, {{0x0869, 0x0028}}, {{0x0004, 0x0068}},
		{{0x000a, 0x0500}}, {{0x0c69, 0x0000}}, {{0x8520, 0x0868}}, {{0x0008, 0x8530}},
		{{0x0868, 0x02ba}}, {{0x0100, 0x0869}}, {{0x0002, 0x0001}}, {{0x0068, 0x0002}},
		{{0x0100, 0x0869}}, {{0x0000, 0x8530}}, {{0x0868, 0x0000}}, {{0x8510, 0x0868}},
		{{0x0000, 0x02c8}}, {{0x0869, 0x0008}}, {{0x8050, 0x0868}}, {{0x0030, 0x0004}},
		{{0x0068, 0x0008}}, {{0x8520, 0x0868}}, {{0x0000, 0x8328}}, {{0x086b, 0x02ca}},
		{{0x0100, 0x0869}}, {{0x0002, 0x0001}}, {{0x0068, 0x0004}}, {{0x0100, 0x0869}},
		{{0x0ff8, 0x8328}}, {{0x086b, 0x0009}}, {{0x0500, 0x0c29}}, {{0x0000, 0x8520}},
		{{0x0868, 0x0008}}, {{0x03c8, 0x0c29}}, {{0x0000, 0x0150}}, {{0x0809, 0x0002}},
		{{0x0370, 0x0809}}, {{0x0000, 0x0400}}, {{0x080e, 0x0010}}, {{0x0004, 0x0118}},
		{{0x0020, 0x82b0}}, {{0x0808, 0x0479}}, {{0xc7f8, 0x080c}}, {{0x0000, 0x0000}},
		{{0x0008, 0x0060}}, {{0x008a, 0x0009}}, {{0x0009, 0xc9c0}}, {{0x0c0c, 0x0000}},
		{{0x0000, 0x0008}}, {{0x0008, 0x02a0}}, {{0x0809, 0x0048}}, {{0xc822, 0x000c}},
		{{0x0048, 0xcc32}}, {{0x000c, 0x0009}}, {{0xc800, 0x0c0c}}, {{0x0000, 0x8168}},
		{{0x080c, 0x0479}}, {{0xc7f8, 0x091c}}, {{0x0000, 0x0000}}, {{0x0118, 0x9190}},
		{{0x80a1, 0x0918}}, {{0x0009, 0xc9c0}}, {{0x0d1c, 0x0000}}, {{0x0000, 0x0118}},
		{{0x0018, 0x00f0}}, {{0x0909, 0x000a}}, {{0xc140, 0x092c}}, {{0x0088, 0x1932}},
		{{0x0129, 0x0088}}, {{0x193a, 0x0129}}, {{0x0000, 0xc140}}, {{0x092c, 0x0008}},
		{{0x0300, 0x0819}}, {{0x0010, 0x8160}}, {{0x080c, 0x0008}}, {{0x07c8, 0x0801}},
		{{0x0008, 0x0000}}, {{0x0008, 0x0008}}, {{0x1880, 0x0809}}, {{0x0010, 0x8160}},
		{{0x080c, 0x1800}}, {{0x8660, 0x0809}}, {{0x4000, 0x8668}}, {{0x0809, 0x0000}},
		{{0x00f0, 0x0909}}, {{0x000f, 0x07c0}}, {{0x0809, 0x0000}}, {{0x02a0, 0x0809}},
		{{0x0008, 0x0618}}, {{0x0809, 0x0000}}, {{0x84b8, 0x0808}}, {{0x0ff8, 0x8410}},
		{{0x0809, 0x7ff8}}, {{0x8498, 0x0808}}, {{0x0000, 0x07c8}}, {{0x0809, 0x0008}},
		{{0x8168, 0x080c}}, {{0x0000, 0x0001}}, {{0x0008, 0x0000}}, {{0x0004, 0x0008}},
		{{0x0000, 0x0004}}, {{0x0008, 0x0018}}, {{0x0300, 0x0809}}, {{0x0000, 0x0480}},
		{{0x0809, 0x0008}}, {{0x0510, 0x0809}}, {{0x7800, 0x8660}}, {{0x0809, 0x0018}},
		{{0x00f0, 0x0909}}, {{0x0008, 0x07c8}}, {{0x0801, 0x0010}}, {{0x0400, 0x080e}},
		{{0x0008, 0x0150}}, {{0x0809, 0x0009}}, {{0x0370, 0x0809}}, {{0x0018, 0x8160}},
		{{0x080c, 0x0008}}, {{0xc800, 0x0c0c}}, {{0x0008, 0xc888}}, {{0x0c04, 0x0020}},
		{{0x8302, 0x000b}}, {{0x0018, 0x8582}}, {{0x0008, 0x9000}}, {{0x8539, 0x0808}},
		{{0x0000, 0x8588}}, {{0x0808, 0x0040}}, {{0x85c8, 0x0808}}, {{0x0000, 0xfdf0}},
		{{0x0808, 0x0800}}, {{0xc5f0, 0x0808}}, {{0x1ff8, 0xfdd8}}, {{0x0c08, 0x0018}},
		{{0xfda8, 0x0808}}, {{0x0040, 0x8520}}, {{0x08d8, 0x0080}}, {{0x8520, 0x08e8}},
		{{0x030a, 0x0100}}, {{0x08d9, 0x032a}}, {{0x0100, 0x08e9}}, {{0x0000, 0x0001}},
		{{0x0008, 0x0000}}, {{0x0100, 0x0809}}, {{0x1ff8, 0xfdd8}}, {{0x0c08, 0x0008}},
		{{0xfda8, 0x0808}}, {{0x0140, 0x8520}}, {{0x08d8, 0x0180}}, {{0x8520, 0x08e8}},
		{{0x030a, 0x0100}}, {{0x08d9, 0x032a}}, {{0x0100, 0x08e9}}, {{0x0000, 0x0001}},
		{{0x0008, 0x0000}}, {{0x0100, 0x0809}}, {{0x0009, 0x0500}}, {{0x0c09, 0x0010}},
		{{0x82b0, 0x0808}}, {{0x0000, 0x8520}}, {{0x0808, 0x0008}}, {{0x03c8, 0x0c09}},
		{{0x0000, 0x0150}}, {{0x0809, 0x0002}}, {{0x0370, 0x0809}}, {{0x0000, 0x0400}},
		{{0x080e, 0x0008}}, {{0xc848, 0x0c0c}}, {{0x0000, 0xc890}}, {{0x0804, 0x0020}},
		{{0x8302, 0x000b}}, {{0x0018, 0x8582}}, {{0x0008, 0x0000}}, {{0x82b0, 0x0808}},
		{{0x1000, 0x8539}}, {{0x0808, 0x0000}}, {{0x8588, 0x0808}}, {{0x0040, 0x85c8}},
		{{0x0808, 0x07f8}}, {{0xfdf0, 0x0808}}, {{0x0800, 0xc5f0}}, {{0x0808, 0x0080}},
		{{0x8088, 0x080b}}, {{0x1ff8, 0xfdd8}}, {{0x0c08, 0x0018}}, {{0xfda8, 0x0808}},
		{{0x0200, 0x8520}}, {{0x08d8, 0x0400}}, {{0x8520, 0x08e8}}, {{0x02da, 0x0100}},
		{{0x08d9, 0x02ea}}, {{0x0100, 0x08e9}}, {{0x0002, 0x0001}}, {{0x0008, 0x0000}},
		{{0x0100, 0x0809}}, {{0x1ff8, 0xfdd8}}, {{0x0c08, 0x0008}}, {{0xfda8, 0x0808}},
		{{0x0a00, 0x8520}}, {{0x08d8, 0x0c00}}, {{0x8520, 0x08e8}}, {{0x02da, 0x0100}},
		{{0x08d9, 0x02ea}}, {{0x0100, 0x08e9}}, {{0x0000, 0x0001}}, {{0x0008, 0x0000}},
		{{0x0100, 0x0809}}, {{0x0009, 0x0500}}, {{0x0c09, 0x0010}}, {{0x82b0, 0x0808}},
		{{0x0000, 0x8520}}, {{0x0808, 0x0008}}, {{0x03c8, 0x0c09}}, {{0x0000, 0x0150}},
		{{0x0809, 0x0002}}, {{0x0370, 0x0809}}, {{0x0000, 0x0400}}, {{0x080e, 0x0008}},
		{{0xc848, 0x0c0c}}, {{0x0000, 0xc890}}, {{0x0804, 0x1008}}, {{0x853b, 0x0808}},
		{{0x0c00, 0x8588}}, {{0x0808, 0x0008}}, {{0x85a8, 0x0808}}, {{0x0008, 0x85c8}},
		{{0x0808, 0x0060}}, {{0x0138, 0x0809}}, {{0x0018, 0x00c8}}, {{0x0809, 0x0000}},
		{{0x00a4, 0x0809}}, {{0x0000, 0x8510}}, {{0x0808, 0x02fa}}, {{0x0100, 0x08d9}},
		{{0x031a, 0x0100}}, {{0x08e9, 0x0002}}, {{0x0001, 0x0008}}, {{0x0002, 0x0100}},
		{{0x0809, 0x0202}}, {{0x8510, 0x0c08}}, {{0x0050, 0x00a2}}, {{0x0009, 0x0000}},
		{{0x0000, 0x0008}}, {{0x0000, 0x0000}}, {{0x0008, 0x0000}}, {{0x0000, 0x0008}},
		{{0x0000, 0x00c8}}, {{0x0809, 0x000b}}, {{0x0508, 0x0809}}, {{0x0008, 0x1900}},
		{{0x0c09, 0x0002}}, {{0x0000, 0x0008}}, {{0x0000, 0x0508}}, {{0x0809, 0x0009}},
		{{0x0500, 0x0c09}}, {{0x0010, 0x82b0}}, {{0x0808, 0x0000}}, {{0x8520, 0x0808}},
		{{0x0008, 0x03c8}}, {{0x0c09, 0x0000}}, {{0x0150, 0x0809}}, {{0x0002, 0x0370}},
		{{0x0809, 0x0000}}, {{0x0400, 0x080e}}, {{0x0008, 0xc848}}, {{0x0c0c, 0x0000}},
		{{0xc890, 0x0804}}, {{0x0020, 0x8302}}, {{0x000b, 0x0018}}, {{0x8582, 0x0008}},
		{{0x1000, 0x8539}}, {{0x0808, 0x0000}}, {{0x8588, 0x0808}}, {{0x0040, 0x85c8}},
		{{0x0808, 0x0008}}, {{0xfdf0, 0x0808}}, {{0x0080, 0x8088}}, {{0x080b, 0x0000}},
		{{0x03b8, 0x0869}}, {{0x1ff8, 0xfdd8}}, {{0x0c08, 0x0018}}, {{0xfda8, 0x0808}},
		{{0x0040, 0x8520}}, {{0x08d8, 0x0080}}, {{0x8520, 0x08e8}}, {{0x02da, 0x0100}},
		{{0x08d9, 0x02ea}}, {{0x0100, 0x08e9}}, {{0x0002, 0x0001}}, {{0x0008, 0x0000}},
		{{0x0100, 0x0809}}, {{0x1ff8, 0xfdd8}}, {{0x0c08, 0x0008}}, {{0xfda8, 0x0808}},
		{{0x0140, 0x8520}}, {{0x08d8, 0x0180}}, {{0x8520, 0x08e8}}, {{0x02da, 0x0100}},
		{{0x08d9, 0x02ea}}, {{0x0100, 0x08e9}}, {{0x0000, 0x0001}}, {{0x0008, 0x0000}},
		{{0x0100, 0x0809}}, {{0x0009, 0x0500}}, {{0x0c09, 0x0010}}, {{0x82b0, 0x0808}},
		{{0x0000, 0x8520}}, {{0x0808, 0x0008}}, {{0x03c8, 0x0c09}}, {{0x0000, 0x0150}},
		{{0x0809, 0x0002}}, {{0x0370, 0x0809}}, {{0x0000, 0x0400}}, {{0x080e, 0x0008}},
		{{0xc848, 0x0c0c}}, {{0x0000, 0xc890}}, {{0x0804, 0x0000}},
	}
};

static const phy_init_config training_4g_table_16 = {
	0x000d0000, 1, false,
	{
		{{0x00e7, 0x0600}},
	}
};

static const phy_init_config training_4g_table_17 = {
	0x00090000, 15, false,
	{
		{{0x001c, 0x0000}}, {{0x0020, 0x0077}}, {{0x0024, 0x0082}}, {{0x0025, 0x002b}},
		{{0x0026, 0x002b}}, {{0x002b, 0x0108}}, {{0x0708, 0x011f}}, {{0x0700, 0x0145}},
		{{0x0701, 0x0167}}, {{0x0702, 0x0186}}, {{0x0703, 0x0125}}, {{0x0704, 0x0000}},
		{{0x0705, 0x0000}}, {{0x0706, 0x0000}}, {{0x0707, 0x0000}},
	}
};

static const phy_init_config training_4g_table_18 = {
	0x00020000, 161, false,
	{
		{{0x018a, 0x0000}}, {{0x0124, 0x0001}}, {{0x018b, 0x0016}}, {{0x0125, 0x0039}},
		{{0x018c, 0x004e}}, {{0x0126, 0x0001}}, {{0x018d, 0x0016}}, {{0x0127, 0x0039}},
		{{0x018e, 0x004e}}, {{0x0128, 0x0017}}, {{0x018f, 0x0027}}, {{0x0129, 0x004f}},
		{{0x0190, 0x005f}}, {{0x012a, 0x0017}}, {{0x0191, 0x0027}}, {{0x012b, 0x004f}},
		{{0x0192, 0x005f}}, {{0x012c, 0x0028}}, {{0x0193, 0x0038}}, {{0x012d, 0x0060}},
		{{0x0194, 0x0070}}, {{0x012e, 0x0028}}, {{0x0195, 0x0038}}, {{0x012f, 0x0060}},
		{{0x0196, 0x0070}}, {{0x0130, 0x0080}}, {{0x0197, 0x0080}}, {{0x0131, 0x0080}},
		{{0x0198, 0x0080}}, {{0x0132, 0x0080}}, {{0x0199, 0x0080}}, {{0x0133, 0x0080}},
		{{0x019a, 0x0080}}, {{0x0134, 0x0071}}, {{0x019b, 0x0074}}, {{0x0135, 0x0077}},
		{{0x019c, 0x007a}}, {{0x0136, 0x0071}}, {{0x019d, 0x0074}}, {{0x0137, 0x0077}},
		{{0x019e, 0x007a}}, {{0x0138, 0x0075}}, {{0x019f, 0x0076}}, {{0x0139, 0x007b}},
		{{0x01a0, 0x007c}}, {{0x013a, 0x0075}}, {{0x01a1, 0x0076}}, {{0x013b, 0x007b}},
		{{0x01a2, 0x007c}}, {{0x013c, 0x007d}}, {{0x01a3, 0x007e}}, {{0x013d, 0x007d}},
		{{0x01a4, 0x007e}}, {{0x013e, 0x007d}}, {{0x01a5, 0x007e}}, {{0x013f, 0x007d}},
		{{0x01a6, 0x007e}}, {{0x0140, 0x007f}}, {{0x01a7, 0x007f}}, {{0x0141, 0x007f}},
		{{0x01a8, 0x007f}}, {{0x0142, 0x007f}}, {{0x01a9, 0x007f}}, {{0x0143, 0x007f}},
		{{0x01aa, 0x007f}}, {{0x0144, 0x0080}}, {{0x01ab, 0x007f}}, {{0x0145, 0x0080}},
		{{0x01ac, 0x007f}}, {{0x0146, 0x0080}}, {{0x01ad, 0x007f}}, {{0x0147, 0x0080}},
		{{0x01ae, 0x007f}}, {{0x0148, 0x0081}}, {{0x01af, 0x0093}}, {{0x0149, 0x0081}},
		{{0x01b0, 0x0093}}, {{0x014a, 0x00ef}}, {{0x01b1, 0x0100}}, {{0x014b, 0x00ef}},
		{{0x01b2, 0x0100}}, {{0x014c, 0x0094}}, {{0x01b3, 0x0093}}, {{0x014d, 0x0094}},
		{{0x01b4, 0x0093}}, {{0x014e, 0x0101}}, {{0x01b5, 0x0100}}, {{0x014f, 0x0101}},
		{{0x01b6, 0x0100}}, {{0x0150, 0x0094}}, {{0x01b7, 0x009e}}, {{0x0151, 0x0094}},
		{{0x01b8, 0x009e}}, {{0x0152, 0x0101}}, {{0x01b9, 0x0109}}, {{0x0153, 0x0101}},
		{{0x01ba, 0x0109}}, {{0x0154, 0x009f}}, {{0x01bb, 0x00a5}}, {{0x0155, 0x009f}},
		{{0x01bc, 0x00a5}}, {{0x0156, 0x010a}}, {{0x01bd, 0x0110}}, {{0x0157, 0x010a}},
		{{0x01be, 0x0110}}, {{0x0158, 0x00a6}}, {{0x01bf, 0x00af}}, {{0x0159, 0x00a6}},
		{{0x01c0, 0x00af}}, {{0x015a, 0x0111}}, {{0x01c1, 0x011a}}, {{0x015b, 0x0111}},
		{{0x01c2, 0x011a}}, {{0x015c, 0x00b0}}, {{0x01c3, 0x00b9}}, {{0x015d, 0x00b0}},
		{{0x01c4, 0x00b9}}, {{0x015e, 0x011b}}, {{0x01c5, 0x0124}}, {{0x015f, 0x011b}},
		{{0x01c6, 0x0124}}, {{0x0160, 0x00ba}}, {{0x01c7, 0x00c4}}, {{0x0161, 0x00ba}},
		{{0x01c8, 0x00c4}}, {{0x0162, 0x0125}}, {{0x01c9, 0x012e}}, {{0x0163, 0x0125}},
		{{0x01ca, 0x012e}}, {{0x0164, 0x00c5}}, {{0x01cb, 0x00d3}}, {{0x0165, 0x00c5}},
		{{0x01cc, 0x00d3}}, {{0x0166, 0x012f}}, {{0x01cd, 0x013d}}, {{0x0167, 0x012f}},
		{{0x01ce, 0x013d}}, {{0x0168, 0x00d4}}, {{0x01cf, 0x00de}}, {{0x0169, 0x00d4}},
		{{0x01d0, 0x00de}}, {{0x016a, 0x013e}}, {{0x01d1, 0x0147}}, {{0x016b, 0x013e}},
		{{0x01d2, 0x0147}}, {{0x016c, 0x00df}}, {{0x01d3, 0x00ed}}, {{0x016d, 0x00df}},
		{{0x01d4, 0x00ed}}, {{0x016e, 0x0148}}, {{0x01d5, 0x0156}}, {{0x016f, 0x0148}},
		{{0x01d6, 0x0156}}, {{0x0170, 0x00ee}}, {{0x01d7, 0x00ee}}, {{0x0171, 0x00ee}},
		{{0x01d8, 0x00ee}}, {{0x0172, 0x0157}}, {{0x01d9, 0x0157}}, {{0x0173, 0x0157}},
		{{0x01da, 0x0157}},
	}
};

static const phy_init_config training_4g_table_19 = {
	0x00040000, 208, false,
	{
		{{0x153b, 0x0b00}}, {{0x153f, 0x0000}}, {{0x1563, 0x0b00}}, {{0x1567, 0x0000}},
		{{0x158b, 0x0b00}}, {{0x158f, 0x0000}}, {{0x15b3, 0x0b00}}, {{0x15b7, 0x0000}},
		{{0x164b, 0x0b00}}, {{0x164f, 0x0000}}, {{0x1673, 0x0b00}}, {{0x1677, 0x0000}},
		{{0x171b, 0x0b00}}, {{0x171f, 0x0000}}, {{0x1743, 0x0b00}}, {{0x1747, 0x0000}},
		{{0x1893, 0x6b00}}, {{0x1897, 0x0000}}, {{0x18bb, 0x2b00}}, {{0x18bf, 0x0800}},
		{{0x18e3, 0x6b00}}, {{0x18e7, 0x0000}}, {{0x190b, 0x2b00}}, {{0x190f, 0x0800}},
		{{0x199b, 0x6b00}}, {{0x199f, 0x0000}}, {{0x19c3, 0x2b00}}, {{0x19c7, 0x0800}},
		{{0x1a63, 0x6b00}}, {{0x1a67, 0x0000}}, {{0x1a8b, 0x2b00}}, {{0x1a8f, 0x0800}},
		{{0x1008, 0x49d8}}, {{0x1009, 0x0000}}, {{0x100a, 0x0000}}, {{0x100b, 0x0000}},
		{{0x100c, 0x4808}}, {{0x100d, 0x0000}}, {{0x100e, 0x0000}}, {{0x100f, 0x0000}},
		{{0x1010, 0x0000}}, {{0x1011, 0x0000}}, {{0x1012, 0x0000}}, {{0x1013, 0x2b00}},
		{{0x1014, 0x0000}}, {{0x1015, 0x0000}}, {{0x1016, 0x0000}}, {{0x1017, 0x0000}},
		{{0x1018, 0x4958}}, {{0x1019, 0x0000}}, {{0x101a, 0x0000}}, {{0x101b, 0x0000}},
		{{0x101c, 0x4688}}, {{0x101d, 0x0000}}, {{0x101e, 0x0000}}, {{0x101f, 0x0000}},
		{{0x1020, 0x0000}}, {{0x1021, 0x0000}}, {{0x1022, 0x0000}}, {{0x1023, 0x2b00}},
		{{0x1024, 0x0000}}, {{0x1025, 0x0000}}, {{0x1026, 0x0000}}, {{0x1027, 0x0000}},
		{{0x1028, 0x40d8}}, {{0x1029, 0x0000}}, {{0x102a, 0x0000}}, {{0x102b, 0x0000}},
		{{0x102c, 0x5848}}, {{0x102d, 0x0000}}, {{0x102e, 0x0000}}, {{0x102f, 0x0000}},
		{{0x1030, 0x0000}}, {{0x1031, 0x0000}}, {{0x1032, 0x0000}}, {{0x1033, 0x2b00}},
		{{0x1034, 0x0000}}, {{0x1035, 0x0000}}, {{0x1036, 0x0000}}, {{0x1037, 0x0000}},
		{{0x1038, 0x4158}}, {{0x1039, 0x0000}}, {{0x103a, 0x0000}}, {{0x103b, 0x0000}},
		{{0x103c, 0x5dc8}}, {{0x103d, 0x0000}}, {{0x103e, 0x0000}}, {{0x103f, 0x0000}},
		{{0x1040, 0x0000}}, {{0x1041, 0x0000}}, {{0x1042, 0x0000}}, {{0x1043, 0x2b00}},
		{{0x1044, 0x0000}}, {{0x1045, 0x0000}}, {{0x1046, 0x0000}}, {{0x1047, 0x0000}},
		{{0x1048, 0x41d8}}, {{0x1049, 0x0000}}, {{0x104a, 0x0000}}, {{0x104b, 0x0000}},
		{{0x104c, 0x4088}}, {{0x104d, 0x0000}}, {{0x104e, 0x0000}}, {{0x104f, 0x0000}},
		{{0x1050, 0x0000}}, {{0x1051, 0x0000}}, {{0x1052, 0x0000}}, {{0x1053, 0x2b00}},
		{{0x1054, 0x0000}}, {{0x1055, 0x0000}}, {{0x1056, 0x0000}}, {{0x1057, 0x0000}},
		{{0x1058, 0x4558}}, {{0x1059, 0x0000}}, {{0x105a, 0x0000}}, {{0x105b, 0x0000}},
		{{0x105c, 0x6c08}}, {{0x105d, 0x0000}}, {{0x105e, 0x0000}}, {{0x105f, 0x0000}},
		{{0x1060, 0x0000}}, {{0x1061, 0x0000}}, {{0x1062, 0x0000}}, {{0x1063, 0x2b00}},
		{{0x1064, 0x0000}}, {{0x1065, 0x0000}}, {{0x1066, 0x0000}}, {{0x1067, 0x0000}},
		{{0x1068, 0x45d8}}, {{0x1069, 0x0000}}, {{0x106a, 0x0000}}, {{0x106b, 0x0000}},
		{{0x106c, 0x7188}}, {{0x106d, 0x0000}}, {{0x106e, 0x0000}}, {{0x106f, 0x0000}},
		{{0x1070, 0x0000}}, {{0x1071, 0x0000}}, {{0x1072, 0x0000}}, {{0x1073, 0x2b00}},
		{{0x1074, 0x0000}}, {{0x1075, 0x0000}}, {{0x1076, 0x0000}}, {{0x1077, 0x0000}},
		{{0x1078, 0x48d8}}, {{0x1079, 0x0000}}, {{0x107a, 0x0000}}, {{0x107b, 0x0000}},
		{{0x107c, 0x5748}}, {{0x107d, 0x0000}}, {{0x107e, 0x0000}}, {{0x107f, 0x0000}},
		{{0x1080, 0x08d8}}, {{0x1081, 0x0000}}, {{0x1082, 0x0000}}, {{0x1083, 0x0000}},
		{{0x1084, 0x0348}}, {{0x1085, 0x0000}}, {{0x1086, 0x0000}}, {{0x1087, 0x0000}},
		{{0x1088, 0x0000}}, {{0x1089, 0x0000}}, {{0x108a, 0x0000}}, {{0x108b, 0x2b00}},
		{{0x108c, 0x0000}}, {{0x108d, 0x0000}}, {{0x108e, 0x0000}}, {{0x108f, 0x0000}},
		{{0x1090, 0x4a58}}, {{0x1091, 0x0000}}, {{0x1092, 0x0000}}, {{0x1093, 0x0000}},
		{{0x1094, 0x4108}}, {{0x1095, 0x0000}}, {{0x1096, 0x0000}}, {{0x1097, 0x0000}},
		{{0x1098, 0x0000}}, {{0x1099, 0x0000}}, {{0x109a, 0x0000}}, {{0x109b, 0x2b00}},
		{{0x109c, 0x0000}}, {{0x109d, 0x0000}}, {{0x109e, 0x0000}}, {{0x109f, 0x0000}},
		{{0x10a0, 0x4b58}}, {{0x10a1, 0x0000}}, {{0x10a2, 0x0000}}, {{0x10a3, 0x0000}},
		{{0x10a4, 0x4008}}, {{0x10a5, 0x0000}}, {{0x10a6, 0x0000}}, {{0x10a7, 0x0000}},
		{{0x10a8, 0x0000}}, {{0x10a9, 0x0000}}, {{0x10aa, 0x0000}}, {{0x10ab, 0x2b00}},
		{{0x10ac, 0x0000}}, {{0x10ad, 0x0000}}, {{0x10ae, 0x0000}}, {{0x10af, 0x0000}},
		{{0x10b0, 0x54d8}}, {{0x10b1, 0x0000}}, {{0x10b2, 0x0000}}, {{0x10b3, 0x0000}},
		{{0x10b4, 0x5008}}, {{0x10b5, 0x0000}}, {{0x10b6, 0x0000}}, {{0x10b7, 0x0000}},
	}
};

static const phy_init_config training_4g_table_20 = {
	0x000c0000, 6, false,
	{
		{{0x0001, 0x5061}}, {{0x0002, 0x7098}}, {{0x0003, 0x0000}}, {{0x0000, 0xbedc}},
		{{0x0006, 0xb0db}}, {{0x0007, 0x0000}},
	}
};

static const phy_init_config training_4g_table_21 = {
	0x00090000, 36, false,
	{
		{{0x070c, 0x0000}}, {{0x070d, 0x07ff}}, {{0x070e, 0x0668}}, {{0x070f, 0x7910}},
		{{0x0710, 0x355e}}, {{0x0711, 0xcbb5}}, {{0x0713, 0xffff}}, {{0x0714, 0x0710}},
		{{0x0715, 0x7800}}, {{0x0c10, 0xffff}}, {{0x0c12, 0xff10}}, {{0x0712, 0x2ee8}},
		{{0x0c11, 0xffff}}, {{0x0716, 0xffdf}}, {{0x0717, 0x6f10}}, {{0x0718, 0x6f10}},
		{{0x0719, 0x2868}}, {{0x071a, 0x2868}}, {{0x071b, 0xfeef}}, {{0x0904, 0xe400}},
		{{0x0986, 0xe400}}, {{0x0920, 0x0000}}, {{0x0921, 0x0000}}, {{0x0922, 0x0000}},
		{{0x0923, 0x0000}}, {{0x0924, 0xff00}}, {{0x0925, 0xff00}}, {{0x0926, 0xff00}},
		{{0x0927, 0xff00}}, {{0x0930, 0x4000}}, {{0x0931, 0x2000}}, {{0x0932, 0xff00}},
		{{0x0933, 0xff00}}, {{0x090a, 0x0000}}, {{0x090c, 0x0000}}, {{0x090d, 0x0000}},
	}
};

static const phy_init_config training_4g_table_22 = {
	0x00020000, 3, false,
	{
		{{0x00f0, 0x27f7}}, {{0x00f1, 0x2108}}, {{0x00f2, 0x2108}},
	}
};

static const phy_init_config training_4g_table_23 = {
	0x00010000, 20, false,
	{
		{{0x00b9, 0x0001}}, {{0x00b1, 0x0180}}, {{0x00ba, 0x0001}}, {{0x00a2, 0x0000}},
		{{0x00b5, 0x0001}}, {{0x10b9, 0x0001}}, {{0x10b1, 0x0180}}, {{0x10ba, 0x0001}},
		{{0x10a2, 0x0000}}, {{0x10b5, 0x0001}}, {{0x20b9, 0x0001}}, {{0x20b1, 0x0180}},
		{{0x20ba, 0x0001}}, {{0x20a2, 0x0000}}, {{0x20b5, 0x0001}}, {{0x30b9, 0x0001}},
		{{0x30b1, 0x0180}}, {{0x30ba, 0x0001}}, {{0x30a2, 0x0000}}, {{0x30b5, 0x0001}},
	}
};

static const phy_init_config training_4g_table_24 = {
	0x00070000, 73, false,
	{
		{{0x0024, 0x5a3c}}, {{0x0025, 0x5a3c}}, {{0x0026, 0x5a3c}}, {{0x0027, 0x5a3c}},
		{{0x0028, 0x5a3c}}, {{0x0029, 0x5a3c}}, {{0x002a, 0x5a3c}}, {{0x002b, 0x5a3c}},
		{{0x0124, 0x5a3c}}, {{0x0125, 0x5a3c}}, {{0x0126, 0x5a3c}}, {{0x0127, 0x5a3c}},
		{{0x0128, 0x5a3c}}, {{0x0129, 0x5a3c}}, {{0x012a, 0x5a3c}}, {{0x012b, 0x5a3c}},
		{{0x0224, 0x5a3c}}, {{0x0225, 0x5a3c}}, {{0x0226, 0x5a3c}}, {{0x0227, 0x5a3c}},
		{{0x0228, 0x5a3c}}, {{0x0229, 0x5a3c}}, {{0x022a, 0x5a3c}}, {{0x022b, 0x5a3c}},
		{{0x0324, 0x5a3c}}, {{0x0325, 0x5a3c}}, {{0x0326, 0x5a3c}}, {{0x0327, 0x5a3c}},
		{{0x0328, 0x5a3c}}, {{0x0329, 0x5a3c}}, {{0x032a, 0x5a3c}}, {{0x032b, 0x5a3c}},
		{{0x0424, 0x5a3c}}, {{0x0425, 0x5a3c}}, {{0x0426, 0x5a3c}}, {{0x0427, 0x5a3c}},
		{{0x0428, 0x5a3c}}, {{0x0429, 0x5a3c}}, {{0x042a, 0x5a3c}}, {{0x042b, 0x5a3c}},
		{{0x0524, 0x5a3c}}, {{0x0525, 0x5a3c}}, {{0x0526, 0x5a3c}}, {{0x0527, 0x5a3c}},
		{{0x0528, 0x5a3c}}, {{0x0529, 0x5a3c}}, {{0x052a, 0x5a3c}}, {{0x052b, 0x5a3c}},
		{{0x0624, 0x5a3c}}, {{0x0625, 0x5a3c}}, {{0x0626, 0x5a3c}}, {{0x0627, 0x5a3c}},
		{{0x0628, 0x5a3c}}, {{0x0629, 0x5a3c}}, {{0x062a, 0x5a3c}}, {{0x062b, 0x5a3c}},
		{{0x0724, 0x5a3c}}, {{0x0725, 0x5a3c}}, {{0x0726, 0x5a3c}}, {{0x0727, 0x5a3c}},
		{{0x0728, 0x5a3c}}, {{0x0729, 0x5a3c}}, {{0x072a, 0x5a3c}}, {{0x072b, 0x5a3c}},
		{{0x0824, 0x5a3c}}, {{0x0825, 0x5a3c}}, {{0x0826, 0x5a3c}}, {{0x0827, 0x5a3c}},
		{{0x0828, 0x5a3c}}, {{0x0829, 0x5a3c}}, {{0x082a, 0x5a3c}}, {{0x082b, 0x5a3c}},
		{{0x0065, 0x01ff}},
	}
};

static const phy_init_config training_4g_table_25 = {
	0x00020000, 2, false,
	{
		{{0x007e, 0x0011}}, {{0x00ef, 0xffff}},
	}
};

static const phy_init_config training_4g_table_26 = {
	0x00090000, 1, false,
	{
		{{0x0910, 0x0002}},
	}
};

static const phy_init_config training_4g_table_27 = {
	0x00020000, 2, false,
	{
		{{0x0310, 0x0001}}, {{0x0311, 0x0001}},
	}
};

static const phy_init_config training_4g_table_28 = {
	0x000c0000, 1, false,
	{
		{{0x0080, 0x0002}},
	}
};

static const phy_init_config training_4g_table_29 = {
	0x000d0000, 2, false,
	{
		{{0x0003, 0x0000}}, {{0x0000, 0x0001}},
	}
};

const phy_init_config* lp5_4g_train_table[] = {
	&training_4g_table_0,
	&training_4g_table_1,
	&training_4g_table_2,
	&training_4g_table_3,
	&training_4g_table_4,
	&training_4g_table_5,
	&training_4g_table_6,
	&training_4g_table_7,
	&training_4g_table_8,
	&training_4g_table_9,
	&training_4g_table_10,
	&training_4g_table_11,
	&training_4g_table_12,
	&training_4g_table_13,
	&training_4g_table_14,
	&training_4g_table_15,
	&training_4g_table_16,
	&training_4g_table_17,
	&training_4g_table_18,
	&training_4g_table_19,
	&training_4g_table_20,
	&training_4g_table_21,
	&training_4g_table_22,
	&training_4g_table_23,
	&training_4g_table_24,
	&training_4g_table_25,
	&training_4g_table_26,
	&training_4g_table_27,
	&training_4g_table_28,
	&training_4g_table_29,
	NULL,
};

static const phy_init_config training_lpddr5_table_0 = {
	0x00090000, 8, false,
	{
		{{0x08f0, 0x0065}}, {{0x08f1, 0x012c}}, {{0x08f2, 0x0000}}, {{0x08f3, 0x0058}},
		{{0x08f4, 0x0014}}, {{0x08f5, 0x0000}}, {{0x08f6, 0x00b0}}, {{0x08f7, 0x0000}},
	}
};

static const phy_init_config training_lpddr5_table_1 = {
	0x00040000, 176, false,
	{
		{{0x1008, 0xc9d8}}, {{0x1009, 0x0000}}, {{0x100a, 0x0000}}, {{0x100b, 0x0000}},
		{{0x100c, 0xc808}}, {{0x100d, 0x0000}}, {{0x100e, 0x0000}}, {{0x100f, 0x0000}},
		{{0x1010, 0x0000}}, {{0x1011, 0x0000}}, {{0x1012, 0x0000}}, {{0x1013, 0x2b00}},
		{{0x1014, 0x0000}}, {{0x1015, 0x0000}}, {{0x1016, 0x0000}}, {{0x1017, 0x0000}},
		{{0x1018, 0xc958}}, {{0x1019, 0x0000}}, {{0x101a, 0x0000}}, {{0x101b, 0x0000}},
		{{0x101c, 0xc688}}, {{0x101d, 0x0000}}, {{0x101e, 0x0000}}, {{0x101f, 0x0000}},
		{{0x1020, 0x0000}}, {{0x1021, 0x0000}}, {{0x1022, 0x0000}}, {{0x1023, 0x2b00}},
		{{0x1024, 0x0000}}, {{0x1025, 0x0000}}, {{0x1026, 0x0000}}, {{0x1027, 0x0000}},
		{{0x1028, 0xc0d8}}, {{0x1029, 0x0000}}, {{0x102a, 0x0000}}, {{0x102b, 0x0000}},
		{{0x102c, 0xd848}}, {{0x102d, 0x0000}}, {{0x102e, 0x0000}}, {{0x102f, 0x0000}},
		{{0x1030, 0x0000}}, {{0x1031, 0x0000}}, {{0x1032, 0x0000}}, {{0x1033, 0x2b00}},
		{{0x1034, 0x0000}}, {{0x1035, 0x0000}}, {{0x1036, 0x0000}}, {{0x1037, 0x0000}},
		{{0x1038, 0xc158}}, {{0x1039, 0x0000}}, {{0x103a, 0x0000}}, {{0x103b, 0x0000}},
		{{0x103c, 0xddc8}}, {{0x103d, 0x0000}}, {{0x103e, 0x0000}}, {{0x103f, 0x0000}},
		{{0x1040, 0x0000}}, {{0x1041, 0x0000}}, {{0x1042, 0x0000}}, {{0x1043, 0x2b00}},
		{{0x1044, 0x0000}}, {{0x1045, 0x0000}}, {{0x1046, 0x0000}}, {{0x1047, 0x0000}},
		{{0x1048, 0xc1d8}}, {{0x1049, 0x0000}}, {{0x104a, 0x0000}}, {{0x104b, 0x0000}},
		{{0x104c, 0xc088}}, {{0x104d, 0x0000}}, {{0x104e, 0x0000}}, {{0x104f, 0x0000}},
		{{0x1050, 0x0000}}, {{0x1051, 0x0000}}, {{0x1052, 0x0000}}, {{0x1053, 0x2b00}},
		{{0x1054, 0x0000}}, {{0x1055, 0x0000}}, {{0x1056, 0x0000}}, {{0x1057, 0x0000}},
		{{0x1058, 0xc558}}, {{0x1059, 0x0000}}, {{0x105a, 0x0000}}, {{0x105b, 0x0000}},
		{{0x105c, 0xec08}}, {{0x105d, 0x0000}}, {{0x105e, 0x0000}}, {{0x105f, 0x0000}},
		{{0x1060, 0x0000}}, {{0x1061, 0x0000}}, {{0x1062, 0x0000}}, {{0x1063, 0x2b00}},
		{{0x1064, 0x0000}}, {{0x1065, 0x0000}}, {{0x1066, 0x0000}}, {{0x1067, 0x0000}},
		{{0x1068, 0xc5d8}}, {{0x1069, 0x0000}}, {{0x106a, 0x0000}}, {{0x106b, 0x0000}},
		{{0x106c, 0xf188}}, {{0x106d, 0x0000}}, {{0x106e, 0x0000}}, {{0x106f, 0x0000}},
		{{0x1070, 0x0000}}, {{0x1071, 0x0000}}, {{0x1072, 0x0000}}, {{0x1073, 0x2b00}},
		{{0x1074, 0x0000}}, {{0x1075, 0x0000}}, {{0x1076, 0x0000}}, {{0x1077, 0x0000}},
		{{0x1078, 0x48d8}}, {{0x1079, 0x0000}}, {{0x107a, 0x0000}}, {{0x107b, 0x0000}},
		{{0x107c, 0x5748}}, {{0x107d, 0x0000}}, {{0x107e, 0x0000}}, {{0x107f, 0x0000}},
		{{0x1080, 0x88d8}}, {{0x1081, 0x0000}}, {{0x1082, 0x0000}}, {{0x1083, 0x0000}},
		{{0x1084, 0x8348}}, {{0x1085, 0x0000}}, {{0x1086, 0x0000}}, {{0x1087, 0x0000}},
		{{0x1088, 0x0000}}, {{0x1089, 0x0000}}, {{0x108a, 0x0000}}, {{0x108b, 0x2b00}},
		{{0x108c, 0x0000}}, {{0x108d, 0x0000}}, {{0x108e, 0x0000}}, {{0x108f, 0x0000}},
		{{0x1090, 0xca58}}, {{0x1091, 0x0000}}, {{0x1092, 0x0000}}, {{0x1093, 0x0000}},
		{{0x1094, 0xc108}}, {{0x1095, 0x0000}}, {{0x1096, 0x0000}}, {{0x1097, 0x0000}},
		{{0x1098, 0x0000}}, {{0x1099, 0x0000}}, {{0x109a, 0x0000}}, {{0x109b, 0x2b00}},
		{{0x109c, 0x0000}}, {{0x109d, 0x0000}}, {{0x109e, 0x0000}}, {{0x109f, 0x0000}},
		{{0x10a0, 0xcb58}}, {{0x10a1, 0x0000}}, {{0x10a2, 0x0000}}, {{0x10a3, 0x0000}},
		{{0x10a4, 0xc008}}, {{0x10a5, 0x0000}}, {{0x10a6, 0x0000}}, {{0x10a7, 0x0000}},
		{{0x10a8, 0x0000}}, {{0x10a9, 0x0000}}, {{0x10aa, 0x0000}}, {{0x10ab, 0x2b00}},
		{{0x10ac, 0x0000}}, {{0x10ad, 0x0000}}, {{0x10ae, 0x0000}}, {{0x10af, 0x0000}},
		{{0x10b0, 0xd4d8}}, {{0x10b1, 0x0000}}, {{0x10b2, 0x0000}}, {{0x10b3, 0x0000}},
		{{0x10b4, 0xd008}}, {{0x10b5, 0x0000}}, {{0x10b6, 0x0000}}, {{0x10b7, 0x0000}},
	}
};

static const phy_init_config training_lpddr5_table_2 = {
	0x00020000, 1, false,
	{
		{{0x0015, 0x0000}},
	}
};

static const phy_init_config training_lpddr5_table_3 = {
	0x00030000, 4, false,
	{
		{{0x004a, 0x0000}}, {{0x004b, 0x0000}}, {{0x104a, 0x0000}}, {{0x104b, 0x0000}},
	}
};

static const phy_init_config training_lpddr5_table_4 = {
	0x00020000, 3, false,
	{
		{{0x004c, 0x2c0f}}, {{0x004d, 0x0000}}, {{0x0041, 0x0000}},
	}
};

static const phy_init_config training_lpddr5_table_5 = {
	0x00090000, 1, false,
	{
		{{0x0802, 0x0000}},
	}
};

static const phy_init_config training_lpddr5_table_6 = {
	0x00020000, 1, false,
	{
		{{0x0045, 0x0002}},
	}
};

static const phy_init_config training_lpddr5_table_7 = {
	0x00010000, 8, false,
	{
		{{0x0057, 0x0001}}, {{0x1057, 0x0001}}, {{0x2057, 0x0001}}, {{0x3057, 0x0001}},
		{{0x000f, 0x1089}}, {{0x100f, 0x1089}}, {{0x200f, 0x1089}}, {{0x300f, 0x1089}},
	}
};

static const phy_init_config training_lpddr5_table_8 = {
	0x00090000, 7, false,
	{
		{{0x0803, 0x0004}}, {{0x0804, 0x0082}}, {{0x0805, 0x0001}}, {{0x0903, 0x0000}},
		{{0x090b, 0x0002}}, {{0x0811, 0x0000}}, {{0x0812, 0xff00}},
	}
};

static const phy_init_config training_lpddr5_table_9 = {
	0x00020000, 1, false,
	{
		{{0x0072, 0x0003}},
	}
};

static const phy_init_config training_lpddr5_table_10 = {
	0x00090000, 1, false,
	{
		{{0x080e, 0x0003}},
	}
};

static const phy_init_config training_lpddr5_table_11 = {
	0x00020000, 1, false,
	{
		{{0x0073, 0x0003}},
	}
};

static const phy_init_config training_lpddr5_table_12 = {
	0x00090000, 1, false,
	{
		{{0x080f, 0x0003}},
	}
};

static const phy_init_config training_lpddr5_table_13 = {
	0x000d0000, 1, false,
	{
		{{0x0000, 0x0000}},
	}
};

static const phy_init_config training_lpddr5_table_14 = {
	0x00040000, 2264, false,
	{
		{{0x1000, 0x0000}}, {{0x1001, 0x0000}}, {{0x1002, 0x0000}}, {{0x1003, 0x0000}},
		{{0x1004, 0x0000}}, {{0x1005, 0x0000}}, {{0x1006, 0x0000}}, {{0x1007, 0x0000}},
		{{0x1388, 0xc028}}, {{0x1389, 0x0000}}, {{0x138a, 0x0000}}, {{0x138b, 0x0010}},
		{{0x138c, 0x0000}}, {{0x138d, 0x0000}}, {{0x138e, 0x0000}}, {{0x138f, 0x0000}},
		{{0x1390, 0x0000}}, {{0x1391, 0x0000}}, {{0x1392, 0x0000}}, {{0x1393, 0x0400}},
		{{0x1394, 0x0000}}, {{0x1395, 0x0000}}, {{0x1396, 0x0000}}, {{0x1397, 0x0000}},
		{{0x1398, 0x0000}}, {{0x1399, 0x0000}}, {{0x139a, 0x0000}}, {{0x139b, 0x0000}},
		{{0x139c, 0x0000}}, {{0x139d, 0x0000}}, {{0x139e, 0x0000}}, {{0x139f, 0x0000}},
		{{0x13a0, 0xc858}}, {{0x13a1, 0x0000}}, {{0x13a2, 0x0000}}, {{0x13a3, 0x0010}},
		{{0x13a4, 0xe088}}, {{0x13a5, 0x0000}}, {{0x13a6, 0x0000}}, {{0x13a7, 0x0010}},
		{{0x13a8, 0xe038}}, {{0x13a9, 0x0000}}, {{0x13aa, 0x0000}}, {{0x13ab, 0x0010}},
		{{0x13ac, 0xc858}}, {{0x13ad, 0x0000}}, {{0x13ae, 0x0000}}, {{0x13af, 0x0010}},
		{{0x13b0, 0xc088}}, {{0x13b1, 0x0000}}, {{0x13b2, 0x0000}}, {{0x13b3, 0x0010}},
		{{0x13b4, 0x0000}}, {{0x13b5, 0x0000}}, {{0x13b6, 0x0000}}, {{0x13b7, 0x0000}},
		{{0x13b8, 0xc028}}, {{0x13b9, 0x0000}}, {{0x13ba, 0x0000}}, {{0x13bb, 0x0010}},
		{{0x13bc, 0x0000}}, {{0x13bd, 0x0000}}, {{0x13be, 0x0000}}, {{0x13bf, 0x0000}},
		{{0x13c0, 0x0000}}, {{0x13c1, 0x0000}}, {{0x13c2, 0x0000}}, {{0x13c3, 0x0400}},
		{{0x13c4, 0x0000}}, {{0x13c5, 0x0000}}, {{0x13c6, 0x0000}}, {{0x13c7, 0x0000}},
		{{0x13c8, 0x0000}}, {{0x13c9, 0x0000}}, {{0x13ca, 0x0000}}, {{0x13cb, 0x0000}},
		{{0x13cc, 0x0000}}, {{0x13cd, 0x0000}}, {{0x13ce, 0x0000}}, {{0x13cf, 0x0000}},
		{{0x13d0, 0xc858}}, {{0x13d1, 0x0000}}, {{0x13d2, 0x0000}}, {{0x13d3, 0x0010}},
		{{0x13d4, 0xe208}}, {{0x13d5, 0x0000}}, {{0x13d6, 0x0000}}, {{0x13d7, 0x0010}},
		{{0x13d8, 0xe038}}, {{0x13d9, 0x0000}}, {{0x13da, 0x0000}}, {{0x13db, 0x0010}},
		{{0x13dc, 0xc858}}, {{0x13dd, 0x0000}}, {{0x13de, 0x0000}}, {{0x13df, 0x0010}},
		{{0x13e0, 0xc208}}, {{0x13e1, 0x0000}}, {{0x13e2, 0x0000}}, {{0x13e3, 0x0010}},
		{{0x13e4, 0x0000}}, {{0x13e5, 0x0000}}, {{0x13e6, 0x0000}}, {{0x13e7, 0x0000}},
		{{0x13e8, 0xce58}}, {{0x13e9, 0x0000}}, {{0x13ea, 0x0000}}, {{0x13eb, 0x0010}},
		{{0x13ec, 0xc208}}, {{0x13ed, 0x0000}}, {{0x13ee, 0x0000}}, {{0x13ef, 0x0010}},
		{{0x13f0, 0x0000}}, {{0x13f1, 0x0000}}, {{0x13f2, 0x0000}}, {{0x13f3, 0x0000}},
		{{0x13f4, 0x0000}}, {{0x13f5, 0x0000}}, {{0x13f6, 0x0000}}, {{0x13f7, 0x0000}},
		{{0x13f8, 0xc370}}, {{0x13f9, 0x0000}}, {{0x13fa, 0x0000}}, {{0x13fb, 0x0010}},
		{{0x13fc, 0x0000}}, {{0x13fd, 0x0000}}, {{0x13fe, 0x0000}}, {{0x13ff, 0x0000}},
		{{0x1400, 0xc040}}, {{0x1401, 0x0000}}, {{0x1402, 0x0000}}, {{0x1403, 0x0010}},
		{{0x1404, 0x0000}}, {{0x1405, 0x0000}}, {{0x1406, 0x0000}}, {{0x1407, 0x0010}},
		{{0x1408, 0xd2d8}}, {{0x1409, 0x0000}}, {{0x140a, 0x0000}}, {{0x140b, 0x0010}},
		{{0x140c, 0xe008}}, {{0x140d, 0x0000}}, {{0x140e, 0x0000}}, {{0x140f, 0x0010}},
		{{0x1410, 0x0000}}, {{0x1411, 0x0000}}, {{0x1412, 0x0000}}, {{0x1413, 0x5b00}},
		{{0x1414, 0x0000}}, {{0x1415, 0x0000}}, {{0x1416, 0x0000}}, {{0x1417, 0x0000}},
		{{0x1418, 0xc0f0}}, {{0x1419, 0x0000}}, {{0x141a, 0x0000}}, {{0x141b, 0x0010}},
		{{0x141c, 0x0000}}, {{0x141d, 0x0000}}, {{0x141e, 0x0000}}, {{0x141f, 0x0000}},
		{{0x1420, 0xcfd8}}, {{0x1421, 0x0000}}, {{0x1422, 0x0000}}, {{0x1423, 0x0010}},
		{{0x1424, 0xc008}}, {{0x1425, 0x0000}}, {{0x1426, 0x0000}}, {{0x1427, 0x0010}},
		{{0x1428, 0x0000}}, {{0x1429, 0x0000}}, {{0x142a, 0x0000}}, {{0x142b, 0x2b00}},
		{{0x142c, 0x0000}}, {{0x142d, 0x0000}}, {{0x142e, 0x0000}}, {{0x142f, 0x0000}},
		{{0x1430, 0xd058}}, {{0x1431, 0x0000}}, {{0x1432, 0x0000}}, {{0x1433, 0x0010}},
		{{0x1434, 0xc008}}, {{0x1435, 0x0000}}, {{0x1436, 0x0000}}, {{0x1437, 0x0010}},
		{{0x1438, 0x0000}}, {{0x1439, 0x0000}}, {{0x143a, 0x0000}}, {{0x143b, 0x2b00}},
		{{0x143c, 0x0000}}, {{0x143d, 0x0000}}, {{0x143e, 0x0000}}, {{0x143f, 0x0000}},
		{{0x1440, 0xd0d8}}, {{0x1441, 0x0000}}, {{0x1442, 0x0000}}, {{0x1443, 0x0010}},
		{{0x1444, 0xc088}}, {{0x1445, 0x0000}}, {{0x1446, 0x0000}}, {{0x1447, 0x0010}},
		{{0x1448, 0x0000}}, {{0x1449, 0x0000}}, {{0x144a, 0x0000}}, {{0x144b, 0x2b00}},
		{{0x144c, 0x0000}}, {{0x144d, 0x0000}}, {{0x144e, 0x0000}}, {{0x144f, 0x0000}},
		{{0x1450, 0xd158}}, {{0x1451, 0x0000}}, {{0x1452, 0x0000}}, {{0x1453, 0x0010}},
		{{0x1454, 0xc008}}, {{0x1455, 0x0000}}, {{0x1456, 0x0000}}, {{0x1457, 0x0010}},
		{{0x1458, 0x0000}}, {{0x1459, 0x0000}}, {{0x145a, 0x0000}}, {{0x145b, 0x5b00}},
		{{0x145c, 0x0000}}, {{0x145d, 0x0000}}, {{0x145e, 0x0000}}, {{0x145f, 0x0000}},
		{{0x1460, 0x402c}}, {{0x1461, 0x0d00}}, {{0x1462, 0x0001}}, {{0x1463, 0x0400}},
		{{0x1464, 0x4050}}, {{0x1465, 0x0800}}, {{0x1466, 0x0000}}, {{0x1467, 0x0000}},
		{{0x1468, 0x0000}}, {{0x1469, 0x0000}}, {{0x146a, 0x0000}}, {{0x146b, 0x0400}},
		{{0x146c, 0x0000}}, {{0x146d, 0x0000}}, {{0x146e, 0x0000}}, {{0x146f, 0x0000}},
		{{0x1470, 0x0000}}, {{0x1471, 0x0000}}, {{0x1472, 0x0000}}, {{0x1473, 0x0400}},
		{{0x1474, 0x4050}}, {{0x1475, 0x0803}}, {{0x1476, 0x0000}}, {{0x1477, 0x0000}},
		{{0x1478, 0x0000}}, {{0x1479, 0x0000}}, {{0x147a, 0x0000}}, {{0x147b, 0x7f00}},
		{{0x147c, 0x0000}}, {{0x147d, 0x0000}}, {{0x147e, 0x0000}}, {{0x147f, 0x0400}},
		{{0x1480, 0x407c}}, {{0x1481, 0x0000}}, {{0x1482, 0x0000}}, {{0x1483, 0x0400}},
		{{0x1484, 0x0000}}, {{0x1485, 0x0000}}, {{0x1486, 0x0000}}, {{0x1487, 0x0000}},
		{{0x1488, 0x0000}}, {{0x1489, 0x0000}}, {{0x148a, 0x0000}}, {{0x148b, 0x0400}},
		{{0x148c, 0x0000}}, {{0x148d, 0x0000}}, {{0x148e, 0x0001}}, {{0x148f, 0x0000}},
		{{0x1490, 0x0000}}, {{0x1491, 0x0000}}, {{0x1492, 0x0000}}, {{0x1493, 0x0400}},
		{{0x1494, 0x0000}}, {{0x1495, 0x0000}}, {{0x1496, 0x0000}}, {{0x1497, 0x0000}},
		{{0x1498, 0x0000}}, {{0x1499, 0x0000}}, {{0x149a, 0x0000}}, {{0x149b, 0x0000}},
		{{0x149c, 0x0000}}, {{0x149d, 0x0000}}, {{0x149e, 0x0000}}, {{0x149f, 0x0000}},
		{{0x14a0, 0x802c}}, {{0x14a1, 0x0d00}}, {{0x14a2, 0x0001}}, {{0x14a3, 0x0410}},
		{{0x14a4, 0x8050}}, {{0x14a5, 0x0800}}, {{0x14a6, 0x0000}}, {{0x14a7, 0x0010}},
		{{0x14a8, 0x0000}}, {{0x14a9, 0x0000}}, {{0x14aa, 0x0000}}, {{0x14ab, 0x0400}},
		{{0x14ac, 0x0000}}, {{0x14ad, 0x0000}}, {{0x14ae, 0x0000}}, {{0x14af, 0x0000}},
		{{0x14b0, 0x0000}}, {{0x14b1, 0x0000}}, {{0x14b2, 0x0000}}, {{0x14b3, 0x0400}},
		{{0x14b4, 0x8050}}, {{0x14b5, 0x0803}}, {{0x14b6, 0x0000}}, {{0x14b7, 0x0010}},
		{{0x14b8, 0x0000}}, {{0x14b9, 0x0000}}, {{0x14ba, 0x0000}}, {{0x14bb, 0x7f00}},
		{{0x14bc, 0x0000}}, {{0x14bd, 0x0000}}, {{0x14be, 0x0000}}, {{0x14bf, 0x0400}},
		{{0x14c0, 0x807c}}, {{0x14c1, 0x0000}}, {{0x14c2, 0x0000}}, {{0x14c3, 0x0410}},
		{{0x14c4, 0x0000}}, {{0x14c5, 0x0000}}, {{0x14c6, 0x0000}}, {{0x14c7, 0x0000}},
		{{0x14c8, 0x0000}}, {{0x14c9, 0x0000}}, {{0x14ca, 0x0000}}, {{0x14cb, 0x0400}},
		{{0x14cc, 0x0000}}, {{0x14cd, 0x0000}}, {{0x14ce, 0x0001}}, {{0x14cf, 0x0000}},
		{{0x14d0, 0x0000}}, {{0x14d1, 0x0000}}, {{0x14d2, 0x0000}}, {{0x14d3, 0x0400}},
		{{0x14d4, 0x0000}}, {{0x14d5, 0x0000}}, {{0x14d6, 0x0000}}, {{0x14d7, 0x0000}},
		{{0x14d8, 0x0000}}, {{0x14d9, 0x0000}}, {{0x14da, 0x0000}}, {{0x14db, 0x0000}},
		{{0x14dc, 0x0000}}, {{0x14dd, 0x0000}}, {{0x14de, 0x0000}}, {{0x14df, 0x0000}},
		{{0x14e0, 0x402c}}, {{0x14e1, 0x0d00}}, {{0x14e2, 0x0001}}, {{0x14e3, 0x0000}},
		{{0x14e4, 0x4050}}, {{0x14e5, 0x0800}}, {{0x14e6, 0x0000}}, {{0x14e7, 0x0000}},
		{{0x14e8, 0x0000}}, {{0x14e9, 0x0000}}, {{0x14ea, 0x0000}}, {{0x14eb, 0x0000}},
		{{0x14ec, 0x0000}}, {{0x14ed, 0x0000}}, {{0x14ee, 0x0000}}, {{0x14ef, 0x0000}},
		{{0x14f0, 0x0000}}, {{0x14f1, 0x0000}}, {{0x14f2, 0x0000}}, {{0x14f3, 0x0000}},
		{{0x14f4, 0x4050}}, {{0x14f5, 0x0803}}, {{0x14f6, 0x0000}}, {{0x14f7, 0x0000}},
		{{0x14f8, 0x0000}}, {{0x14f9, 0x0000}}, {{0x14fa, 0x0000}}, {{0x14fb, 0x0000}},
		{{0x14fc, 0x0000}}, {{0x14fd, 0x0000}}, {{0x14fe, 0x0000}}, {{0x14ff, 0x0000}},
		{{0x1500, 0x0000}}, {{0x1501, 0x0000}}, {{0x1502, 0x0000}}, {{0x1503, 0x0000}},
		{{0x1504, 0x4050}}, {{0x1505, 0x0800}}, {{0x1506, 0x0000}}, {{0x1507, 0x0000}},
		{{0x1508, 0x0000}}, {{0x1509, 0x0000}}, {{0x150a, 0x0000}}, {{0x150b, 0x6b00}},
		{{0x150c, 0x0000}}, {{0x150d, 0x0000}}, {{0x150e, 0x0000}}, {{0x150f, 0x0400}},
		{{0x1510, 0x0000}}, {{0x1511, 0x0000}}, {{0x1512, 0x0000}}, {{0x1513, 0x0000}},
		{{0x1514, 0x407c}}, {{0x1515, 0x0000}}, {{0x1516, 0x0000}}, {{0x1517, 0x0000}},
		{{0x1518, 0x0000}}, {{0x1519, 0x0000}}, {{0x151a, 0x0000}}, {{0x151b, 0x0000}},
		{{0x151c, 0x0000}}, {{0x151d, 0x0000}}, {{0x151e, 0x0000}}, {{0x151f, 0x0000}},
		{{0x1520, 0x0000}}, {{0x1521, 0x0000}}, {{0x1522, 0x0001}}, {{0x1523, 0x0000}},
		{{0x1524, 0x0000}}, {{0x1525, 0x0000}}, {{0x1526, 0x0000}}, {{0x1527, 0x0000}},
		{{0x1528, 0x0000}}, {{0x1529, 0x0000}}, {{0x152a, 0x0000}}, {{0x152b, 0x4b00}},
		{{0x152c, 0x0000}}, {{0x152d, 0x0000}}, {{0x152e, 0x0000}}, {{0x152f, 0x1800}},
		{{0x1530, 0x0000}}, {{0x1531, 0x0000}}, {{0x1532, 0x0000}}, {{0x1533, 0x0000}},
		{{0x1534, 0x802c}}, {{0x1535, 0x0d00}}, {{0x1536, 0x0001}}, {{0x1537, 0x0010}},
		{{0x1538, 0x8050}}, {{0x1539, 0x0800}}, {{0x153a, 0x0000}}, {{0x153b, 0x0010}},
		{{0x153c, 0x0000}}, {{0x153d, 0x0000}}, {{0x153e, 0x0000}}, {{0x153f, 0x0000}},
		{{0x1540, 0x0000}}, {{0x1541, 0x0000}}, {{0x1542, 0x0000}}, {{0x1543, 0x0000}},
		{{0x1544, 0x0000}}, {{0x1545, 0x0000}}, {{0x1546, 0x0000}}, {{0x1547, 0x0000}},
		{{0x1548, 0x8050}}, {{0x1549, 0x0803}}, {{0x154a, 0x0000}}, {{0x154b, 0x0010}},
		{{0x154c, 0x0000}}, {{0x154d, 0x0000}}, {{0x154e, 0x0000}}, {{0x154f, 0x0000}},
		{{0x1550, 0x0000}}, {{0x1551, 0x0000}}, {{0x1552, 0x0000}}, {{0x1553, 0x0000}},
		{{0x1554, 0x0000}}, {{0x1555, 0x0000}}, {{0x1556, 0x0000}}, {{0x1557, 0x0000}},
		{{0x1558, 0x8050}}, {{0x1559, 0x0800}}, {{0x155a, 0x0000}}, {{0x155b, 0x0010}},
		{{0x155c, 0x0000}}, {{0x155d, 0x0000}}, {{0x155e, 0x0000}}, {{0x155f, 0x0000}},
		{{0x1560, 0x0000}}, {{0x1561, 0x0000}}, {{0x1562, 0x0000}}, {{0x1563, 0x6b00}},
		{{0x1564, 0x0000}}, {{0x1565, 0x0000}}, {{0x1566, 0x0000}}, {{0x1567, 0x0400}},
		{{0x1568, 0x807c}}, {{0x1569, 0x0000}}, {{0x156a, 0x0000}}, {{0x156b, 0x0010}},
		{{0x156c, 0x0000}}, {{0x156d, 0x0000}}, {{0x156e, 0x0000}}, {{0x156f, 0x0000}},
		{{0x1570, 0x0000}}, {{0x1571, 0x0000}}, {{0x1572, 0x0000}}, {{0x1573, 0x0000}},
		{{0x1574, 0x0000}}, {{0x1575, 0x0000}}, {{0x1576, 0x0001}}, {{0x1577, 0x0000}},
		{{0x1578, 0x0000}}, {{0x1579, 0x0000}}, {{0x157a, 0x0000}}, {{0x157b, 0x7b00}},
		{{0x157c, 0x0000}}, {{0x157d, 0x0000}}, {{0x157e, 0x0000}}, {{0x157f, 0x2000}},
		{{0x1580, 0x402c}}, {{0x1581, 0x0d00}}, {{0x1582, 0x0001}}, {{0x1583, 0x0000}},
		{{0x1584, 0x5198}}, {{0x1585, 0x0803}}, {{0x1586, 0x0000}}, {{0x1587, 0x0000}},
		{{0x1588, 0x0000}}, {{0x1589, 0x0000}}, {{0x158a, 0x0000}}, {{0x158b, 0x3b00}},
		{{0x158c, 0x0000}}, {{0x158d, 0x0000}}, {{0x158e, 0x0000}}, {{0x158f, 0x0000}},
		{{0x1590, 0x5218}}, {{0x1591, 0x0803}}, {{0x1592, 0x0000}}, {{0x1593, 0x0000}},
		{{0x1594, 0x0000}}, {{0x1595, 0x0000}}, {{0x1596, 0x0000}}, {{0x1597, 0x0000}},
		{{0x1598, 0x0000}}, {{0x1599, 0x0000}}, {{0x159a, 0x0000}}, {{0x159b, 0x6b00}},
		{{0x159c, 0x0000}}, {{0x159d, 0x0000}}, {{0x159e, 0x0000}}, {{0x159f, 0x0400}},
		{{0x15a0, 0x407c}}, {{0x15a1, 0x0000}}, {{0x15a2, 0x0000}}, {{0x15a3, 0x0000}},
		{{0x15a4, 0x0000}}, {{0x15a5, 0x0000}}, {{0x15a6, 0x0000}}, {{0x15a7, 0x0000}},
		{{0x15a8, 0x0000}}, {{0x15a9, 0x0000}}, {{0x15aa, 0x0000}}, {{0x15ab, 0x0000}},
		{{0x15ac, 0x0000}}, {{0x15ad, 0x0000}}, {{0x15ae, 0x0001}}, {{0x15af, 0x0000}},
		{{0x15b0, 0x0000}}, {{0x15b1, 0x0000}}, {{0x15b2, 0x0000}}, {{0x15b3, 0x1b00}},
		{{0x15b4, 0x0000}}, {{0x15b5, 0x0000}}, {{0x15b6, 0x0000}}, {{0x15b7, 0x0000}},
		{{0x15b8, 0x0000}}, {{0x15b9, 0x0000}}, {{0x15ba, 0x0000}}, {{0x15bb, 0x0000}},
		{{0x15bc, 0x802c}}, {{0x15bd, 0x0d00}}, {{0x15be, 0x0001}}, {{0x15bf, 0x0010}},
		{{0x15c0, 0x9198}}, {{0x15c1, 0x0803}}, {{0x15c2, 0x0000}}, {{0x15c3, 0x0010}},
		{{0x15c4, 0x0000}}, {{0x15c5, 0x0000}}, {{0x15c6, 0x0000}}, {{0x15c7, 0x0000}},
		{{0x15c8, 0x0000}}, {{0x15c9, 0x0000}}, {{0x15ca, 0x0000}}, {{0x15cb, 0x2b00}},
		{{0x15cc, 0x0000}}, {{0x15cd, 0x0000}}, {{0x15ce, 0x0000}}, {{0x15cf, 0x0000}},
		{{0x15d0, 0x0000}}, {{0x15d1, 0x0000}}, {{0x15d2, 0x0000}}, {{0x15d3, 0x0000}},
		{{0x15d4, 0x9218}}, {{0x15d5, 0x0803}}, {{0x15d6, 0x0000}}, {{0x15d7, 0x0010}},
		{{0x15d8, 0x0000}}, {{0x15d9, 0x0000}}, {{0x15da, 0x0000}}, {{0x15db, 0x6b00}},
		{{0x15dc, 0x0000}}, {{0x15dd, 0x0000}}, {{0x15de, 0x0000}}, {{0x15df, 0x0400}},
		{{0x15e0, 0x0000}}, {{0x15e1, 0x0000}}, {{0x15e2, 0x0000}}, {{0x15e3, 0x0000}},
		{{0x15e4, 0x807c}}, {{0x15e5, 0x0000}}, {{0x15e6, 0x0000}}, {{0x15e7, 0x0010}},
		{{0x15e8, 0x0000}}, {{0x15e9, 0x0000}}, {{0x15ea, 0x0000}}, {{0x15eb, 0x0000}},
		{{0x15ec, 0x0000}}, {{0x15ed, 0x0000}}, {{0x15ee, 0x0000}}, {{0x15ef, 0x0000}},
		{{0x15f0, 0x0000}}, {{0x15f1, 0x0000}}, {{0x15f2, 0x0001}}, {{0x15f3, 0x0000}},
		{{0x15f4, 0x0000}}, {{0x15f5, 0x0000}}, {{0x15f6, 0x0000}}, {{0x15f7, 0x0000}},
		{{0x15f8, 0x0000}}, {{0x15f9, 0x0000}}, {{0x15fa, 0x0000}}, {{0x15fb, 0x0b00}},
		{{0x15fc, 0x0000}}, {{0x15fd, 0x0000}}, {{0x15fe, 0x0000}}, {{0x15ff, 0x0400}},
		{{0x1600, 0x0000}}, {{0x1601, 0x0000}}, {{0x1602, 0x0000}}, {{0x1603, 0x0000}},
		{{0x1604, 0x0000}}, {{0x1605, 0x0000}}, {{0x1606, 0x0000}}, {{0x1607, 0x0000}},
		{{0x1608, 0x401c}}, {{0x1609, 0x00d0}}, {{0x160a, 0x0001}}, {{0x160b, 0x0000}},
		{{0x160c, 0x4060}}, {{0x160d, 0x0084}}, {{0x160e, 0x0000}}, {{0x160f, 0x0000}},
		{{0x1610, 0x0000}}, {{0x1611, 0x0000}}, {{0x1612, 0x0000}}, {{0x1613, 0x0b00}},
		{{0x1614, 0x0000}}, {{0x1615, 0x0000}}, {{0x1616, 0x0000}}, {{0x1617, 0x0800}},
		{{0x1618, 0x407c}}, {{0x1619, 0x0000}}, {{0x161a, 0x0000}}, {{0x161b, 0x0000}},
		{{0x161c, 0x0000}}, {{0x161d, 0x0000}}, {{0x161e, 0x0000}}, {{0x161f, 0x0000}},
		{{0x1620, 0x0000}}, {{0x1621, 0x0000}}, {{0x1622, 0x0000}}, {{0x1623, 0x0000}},
		{{0x1624, 0x4000}}, {{0x1625, 0x0000}}, {{0x1626, 0x0001}}, {{0x1627, 0x0000}},
		{{0x1628, 0x0000}}, {{0x1629, 0x0000}}, {{0x162a, 0x0000}}, {{0x162b, 0x0000}},
		{{0x162c, 0x402c}}, {{0x162d, 0x0d00}}, {{0x162e, 0x0001}}, {{0x162f, 0x0000}},
		{{0x1630, 0x4020}}, {{0x1631, 0x0803}}, {{0x1632, 0x0000}}, {{0x1633, 0x0000}},
		{{0x1634, 0x0000}}, {{0x1635, 0x0000}}, {{0x1636, 0x0000}}, {{0x1637, 0x0000}},
		{{0x1638, 0x0000}}, {{0x1639, 0x0000}}, {{0x163a, 0x0000}}, {{0x163b, 0x2b00}},
		{{0x163c, 0x0000}}, {{0x163d, 0x0000}}, {{0x163e, 0x0000}}, {{0x163f, 0x0800}},
		{{0x1640, 0x0000}}, {{0x1641, 0x0000}}, {{0x1642, 0x0000}}, {{0x1643, 0x0000}},
		{{0x1644, 0x407c}}, {{0x1645, 0x0000}}, {{0x1646, 0x0000}}, {{0x1647, 0x0000}},
		{{0x1648, 0x0000}}, {{0x1649, 0x0000}}, {{0x164a, 0x0000}}, {{0x164b, 0x0000}},
		{{0x164c, 0x0000}}, {{0x164d, 0x0000}}, {{0x164e, 0x0000}}, {{0x164f, 0x0000}},
		{{0x1650, 0x0000}}, {{0x1651, 0x0000}}, {{0x1652, 0x0001}}, {{0x1653, 0x0000}},
		{{0x1654, 0x0000}}, {{0x1655, 0x0000}}, {{0x1656, 0x0000}}, {{0x1657, 0x0000}},
		{{0x1658, 0x801c}}, {{0x1659, 0x00d0}}, {{0x165a, 0x0001}}, {{0x165b, 0x0010}},
		{{0x165c, 0x8060}}, {{0x165d, 0x0084}}, {{0x165e, 0x0000}}, {{0x165f, 0x0010}},
		{{0x1660, 0x0000}}, {{0x1661, 0x0000}}, {{0x1662, 0x0000}}, {{0x1663, 0x0b00}},
		{{0x1664, 0x0000}}, {{0x1665, 0x0000}}, {{0x1666, 0x0000}}, {{0x1667, 0x0800}},
		{{0x1668, 0x807c}}, {{0x1669, 0x0000}}, {{0x166a, 0x0000}}, {{0x166b, 0x0010}},
		{{0x166c, 0x0000}}, {{0x166d, 0x0000}}, {{0x166e, 0x0000}}, {{0x166f, 0x0000}},
		{{0x1670, 0x0000}}, {{0x1671, 0x0000}}, {{0x1672, 0x0000}}, {{0x1673, 0x0000}},
		{{0x1674, 0x8000}}, {{0x1675, 0x0000}}, {{0x1676, 0x0001}}, {{0x1677, 0x0010}},
		{{0x1678, 0x0000}}, {{0x1679, 0x0000}}, {{0x167a, 0x0000}}, {{0x167b, 0x0000}},
		{{0x167c, 0x802c}}, {{0x167d, 0x0d00}}, {{0x167e, 0x0001}}, {{0x167f, 0x0010}},
		{{0x1680, 0x8020}}, {{0x1681, 0x0803}}, {{0x1682, 0x0000}}, {{0x1683, 0x0010}},
		{{0x1684, 0x0000}}, {{0x1685, 0x0000}}, {{0x1686, 0x0000}}, {{0x1687, 0x0000}},
		{{0x1688, 0x0000}}, {{0x1689, 0x0000}}, {{0x168a, 0x0000}}, {{0x168b, 0x2b00}},
		{{0x168c, 0x0000}}, {{0x168d, 0x0000}}, {{0x168e, 0x0000}}, {{0x168f, 0x0800}},
		{{0x1690, 0x0000}}, {{0x1691, 0x0000}}, {{0x1692, 0x0000}}, {{0x1693, 0x0000}},
		{{0x1694, 0x807c}}, {{0x1695, 0x0000}}, {{0x1696, 0x0000}}, {{0x1697, 0x0010}},
		{{0x1698, 0x0000}}, {{0x1699, 0x0000}}, {{0x169a, 0x0000}}, {{0x169b, 0x0000}},
		{{0x169c, 0x0000}}, {{0x169d, 0x0000}}, {{0x169e, 0x0000}}, {{0x169f, 0x0000}},
		{{0x16a0, 0x0000}}, {{0x16a1, 0x0000}}, {{0x16a2, 0x0001}}, {{0x16a3, 0x0000}},
		{{0x16a4, 0x0000}}, {{0x16a5, 0x0000}}, {{0x16a6, 0x0000}}, {{0x16a7, 0x0000}},
		{{0x16a8, 0x402c}}, {{0x16a9, 0x0d00}}, {{0x16aa, 0x0001}}, {{0x16ab, 0x0000}},
		{{0x16ac, 0x4050}}, {{0x16ad, 0x0803}}, {{0x16ae, 0x0000}}, {{0x16af, 0x0000}},
		{{0x16b0, 0x0000}}, {{0x16b1, 0x0000}}, {{0x16b2, 0x0000}}, {{0x16b3, 0x1b00}},
		{{0x16b4, 0x0000}}, {{0x16b5, 0x0000}}, {{0x16b6, 0x0000}}, {{0x16b7, 0x0000}},
		{{0x16b8, 0x0000}}, {{0x16b9, 0x0000}}, {{0x16ba, 0x0000}}, {{0x16bb, 0x0000}},
		{{0x16bc, 0x0000}}, {{0x16bd, 0x0000}}, {{0x16be, 0x0000}}, {{0x16bf, 0x0000}},
		{{0x16c0, 0x4050}}, {{0x16c1, 0x0803}}, {{0x16c2, 0x0000}}, {{0x16c3, 0x5a00}},
		{{0x16c4, 0x0000}}, {{0x16c5, 0x0000}}, {{0x16c6, 0x0000}}, {{0x16c7, 0x0000}},
		{{0x16c8, 0x0000}}, {{0x16c9, 0x0000}}, {{0x16ca, 0x0000}}, {{0x16cb, 0x0000}},
		{{0x16cc, 0x0000}}, {{0x16cd, 0x0000}}, {{0x16ce, 0x0000}}, {{0x16cf, 0x0000}},
		{{0x16d0, 0x0000}}, {{0x16d1, 0x0000}}, {{0x16d2, 0x0000}}, {{0x16d3, 0x0100}},
		{{0x16d4, 0x0000}}, {{0x16d5, 0x0000}}, {{0x16d6, 0x0000}}, {{0x16d7, 0x0000}},
		{{0x16d8, 0x4050}}, {{0x16d9, 0x0803}}, {{0x16da, 0x0000}}, {{0x16db, 0x0000}},
		{{0x16dc, 0x0000}}, {{0x16dd, 0x0000}}, {{0x16de, 0x0000}}, {{0x16df, 0x0000}},
		{{0x16e0, 0x0000}}, {{0x16e1, 0x0000}}, {{0x16e2, 0x0000}}, {{0x16e3, 0x6b00}},
		{{0x16e4, 0x0000}}, {{0x16e5, 0x0000}}, {{0x16e6, 0x0000}}, {{0x16e7, 0x0400}},
		{{0x16e8, 0x407c}}, {{0x16e9, 0x0000}}, {{0x16ea, 0x0000}}, {{0x16eb, 0x0000}},
		{{0x16ec, 0x0000}}, {{0x16ed, 0x0000}}, {{0x16ee, 0x0000}}, {{0x16ef, 0x0000}},
		{{0x16f0, 0x0000}}, {{0x16f1, 0x0000}}, {{0x16f2, 0x0000}}, {{0x16f3, 0x3b00}},
		{{0x16f4, 0x0000}}, {{0x16f5, 0x0000}}, {{0x16f6, 0x0000}}, {{0x16f7, 0x0000}},
		{{0x16f8, 0x0000}}, {{0x16f9, 0x0000}}, {{0x16fa, 0x0000}}, {{0x16fb, 0x0000}},
		{{0x16fc, 0x0000}}, {{0x16fd, 0x0000}}, {{0x16fe, 0x0001}}, {{0x16ff, 0x0000}},
		{{0x1700, 0x5758}}, {{0x1701, 0x0000}}, {{0x1702, 0x0000}}, {{0x1703, 0x0000}},
		{{0x1704, 0x4208}}, {{0x1705, 0x0000}}, {{0x1706, 0x0000}}, {{0x1707, 0x0000}},
		{{0x1708, 0x0000}}, {{0x1709, 0x0000}}, {{0x170a, 0x0000}}, {{0x170b, 0x4b00}},
		{{0x170c, 0x0000}}, {{0x170d, 0x0000}}, {{0x170e, 0x0000}}, {{0x170f, 0x0000}},
		{{0x1710, 0x0000}}, {{0x1711, 0x0000}}, {{0x1712, 0x0000}}, {{0x1713, 0x0000}},
		{{0x1714, 0x401c}}, {{0x1715, 0x00d0}}, {{0x1716, 0x0001}}, {{0x1717, 0x0000}},
		{{0x1718, 0x4060}}, {{0x1719, 0x0084}}, {{0x171a, 0x0000}}, {{0x171b, 0x0000}},
		{{0x171c, 0x0000}}, {{0x171d, 0x0000}}, {{0x171e, 0x0000}}, {{0x171f, 0x0000}},
		{{0x1720, 0x0000}}, {{0x1721, 0x0000}}, {{0x1722, 0x0000}}, {{0x1723, 0x7b00}},
		{{0x1724, 0x0000}}, {{0x1725, 0x0000}}, {{0x1726, 0x0000}}, {{0x1727, 0x0000}},
		{{0x1728, 0x407c}}, {{0x1729, 0x0000}}, {{0x172a, 0x0000}}, {{0x172b, 0x0000}},
		{{0x172c, 0x0000}}, {{0x172d, 0x0000}}, {{0x172e, 0x0000}}, {{0x172f, 0x0000}},
		{{0x1730, 0x0000}}, {{0x1731, 0x0000}}, {{0x1732, 0x0000}}, {{0x1733, 0x0000}},
		{{0x1734, 0x4000}}, {{0x1735, 0x0000}}, {{0x1736, 0x0001}}, {{0x1737, 0x0000}},
		{{0x1738, 0x0000}}, {{0x1739, 0x0000}}, {{0x173a, 0x0000}}, {{0x173b, 0x0000}},
		{{0x173c, 0x402c}}, {{0x173d, 0x0d00}}, {{0x173e, 0x0001}}, {{0x173f, 0x0000}},
		{{0x1740, 0x4020}}, {{0x1741, 0x0803}}, {{0x1742, 0x0000}}, {{0x1743, 0x0000}},
		{{0x1744, 0x0000}}, {{0x1745, 0x0000}}, {{0x1746, 0x0000}}, {{0x1747, 0x0000}},
		{{0x1748, 0x0000}}, {{0x1749, 0x0000}}, {{0x174a, 0x0000}}, {{0x174b, 0x2b00}},
		{{0x174c, 0x0000}}, {{0x174d, 0x0000}}, {{0x174e, 0x0000}}, {{0x174f, 0x0800}},
		{{0x1750, 0x0000}}, {{0x1751, 0x0000}}, {{0x1752, 0x0000}}, {{0x1753, 0x0000}},
		{{0x1754, 0x407c}}, {{0x1755, 0x0000}}, {{0x1756, 0x0000}}, {{0x1757, 0x0000}},
		{{0x1758, 0x0000}}, {{0x1759, 0x0000}}, {{0x175a, 0x0000}}, {{0x175b, 0x0000}},
		{{0x175c, 0x0000}}, {{0x175d, 0x0000}}, {{0x175e, 0x0000}}, {{0x175f, 0x0000}},
		{{0x1760, 0x4000}}, {{0x1761, 0x0000}}, {{0x1762, 0x0001}}, {{0x1763, 0x0000}},
		{{0x1764, 0x0000}}, {{0x1765, 0x0000}}, {{0x1766, 0x0000}}, {{0x1767, 0x0000}},
		{{0x1768, 0x5758}}, {{0x1769, 0x0000}}, {{0x176a, 0x0000}}, {{0x176b, 0x0000}},
		{{0x176c, 0x4008}}, {{0x176d, 0x0000}}, {{0x176e, 0x0000}}, {{0x176f, 0x0000}},
		{{0x1770, 0x0000}}, {{0x1771, 0x0000}}, {{0x1772, 0x0000}}, {{0x1773, 0x0000}},
		{{0x1774, 0x0000}}, {{0x1775, 0x0000}}, {{0x1776, 0x0000}}, {{0x1777, 0x0000}},
		{{0x1778, 0x802c}}, {{0x1779, 0x0d00}}, {{0x177a, 0x0001}}, {{0x177b, 0x0010}},
		{{0x177c, 0x8050}}, {{0x177d, 0x0803}}, {{0x177e, 0x0000}}, {{0x177f, 0x0010}},
		{{0x1780, 0x0000}}, {{0x1781, 0x0000}}, {{0x1782, 0x0000}}, {{0x1783, 0x1b00}},
		{{0x1784, 0x0000}}, {{0x1785, 0x0000}}, {{0x1786, 0x0000}}, {{0x1787, 0x0000}},
		{{0x1788, 0x0000}}, {{0x1789, 0x0000}}, {{0x178a, 0x0000}}, {{0x178b, 0x0000}},
		{{0x178c, 0x0000}}, {{0x178d, 0x0000}}, {{0x178e, 0x0000}}, {{0x178f, 0x0000}},
		{{0x1790, 0x8050}}, {{0x1791, 0x0803}}, {{0x1792, 0x0000}}, {{0x1793, 0x5a10}},
		{{0x1794, 0x0000}}, {{0x1795, 0x0000}}, {{0x1796, 0x0000}}, {{0x1797, 0x0000}},
		{{0x1798, 0x0000}}, {{0x1799, 0x0000}}, {{0x179a, 0x0000}}, {{0x179b, 0x0000}},
		{{0x179c, 0x0000}}, {{0x179d, 0x0000}}, {{0x179e, 0x0000}}, {{0x179f, 0x0000}},
		{{0x17a0, 0x0000}}, {{0x17a1, 0x0000}}, {{0x17a2, 0x0000}}, {{0x17a3, 0x0100}},
		{{0x17a4, 0x0000}}, {{0x17a5, 0x0000}}, {{0x17a6, 0x0000}}, {{0x17a7, 0x0000}},
		{{0x17a8, 0x8050}}, {{0x17a9, 0x0803}}, {{0x17aa, 0x0000}}, {{0x17ab, 0x0010}},
		{{0x17ac, 0x0000}}, {{0x17ad, 0x0000}}, {{0x17ae, 0x0000}}, {{0x17af, 0x0000}},
		{{0x17b0, 0x0000}}, {{0x17b1, 0x0000}}, {{0x17b2, 0x0000}}, {{0x17b3, 0x6b00}},
		{{0x17b4, 0x0000}}, {{0x17b5, 0x0000}}, {{0x17b6, 0x0000}}, {{0x17b7, 0x0400}},
		{{0x17b8, 0x807c}}, {{0x17b9, 0x0000}}, {{0x17ba, 0x0000}}, {{0x17bb, 0x0010}},
		{{0x17bc, 0x0000}}, {{0x17bd, 0x0000}}, {{0x17be, 0x0000}}, {{0x17bf, 0x0000}},
		{{0x17c0, 0x0000}}, {{0x17c1, 0x0000}}, {{0x17c2, 0x0000}}, {{0x17c3, 0x3b00}},
		{{0x17c4, 0x0000}}, {{0x17c5, 0x0000}}, {{0x17c6, 0x0000}}, {{0x17c7, 0x0000}},
		{{0x17c8, 0x0000}}, {{0x17c9, 0x0000}}, {{0x17ca, 0x0000}}, {{0x17cb, 0x0000}},
		{{0x17cc, 0x0000}}, {{0x17cd, 0x0000}}, {{0x17ce, 0x0001}}, {{0x17cf, 0x0000}},
		{{0x17d0, 0x9758}}, {{0x17d1, 0x0000}}, {{0x17d2, 0x0000}}, {{0x17d3, 0x0010}},
		{{0x17d4, 0x8208}}, {{0x17d5, 0x0000}}, {{0x17d6, 0x0000}}, {{0x17d7, 0x0010}},
		{{0x17d8, 0x0000}}, {{0x17d9, 0x0000}}, {{0x17da, 0x0000}}, {{0x17db, 0x4b00}},
		{{0x17dc, 0x0000}}, {{0x17dd, 0x0000}}, {{0x17de, 0x0000}}, {{0x17df, 0x0000}},
		{{0x17e0, 0x0000}}, {{0x17e1, 0x0000}}, {{0x17e2, 0x0000}}, {{0x17e3, 0x0000}},
		{{0x17e4, 0x801c}}, {{0x17e5, 0x00d0}}, {{0x17e6, 0x0001}}, {{0x17e7, 0x0010}},
		{{0x17e8, 0x8060}}, {{0x17e9, 0x0084}}, {{0x17ea, 0x0000}}, {{0x17eb, 0x0010}},
		{{0x17ec, 0x0000}}, {{0x17ed, 0x0000}}, {{0x17ee, 0x0000}}, {{0x17ef, 0x0000}},
		{{0x17f0, 0x0000}}, {{0x17f1, 0x0000}}, {{0x17f2, 0x0000}}, {{0x17f3, 0x7b00}},
		{{0x17f4, 0x0000}}, {{0x17f5, 0x0000}}, {{0x17f6, 0x0000}}, {{0x17f7, 0x0000}},
		{{0x17f8, 0x807c}}, {{0x17f9, 0x0000}}, {{0x17fa, 0x0000}}, {{0x17fb, 0x0010}},
		{{0x17fc, 0x0000}}, {{0x17fd, 0x0000}}, {{0x17fe, 0x0000}}, {{0x17ff, 0x0000}},
		{{0x1800, 0x0000}}, {{0x1801, 0x0000}}, {{0x1802, 0x0000}}, {{0x1803, 0x0000}},
		{{0x1804, 0x8000}}, {{0x1805, 0x0000}}, {{0x1806, 0x0001}}, {{0x1807, 0x0010}},
		{{0x1808, 0x0000}}, {{0x1809, 0x0000}}, {{0x180a, 0x0000}}, {{0x180b, 0x0000}},
		{{0x180c, 0x802c}}, {{0x180d, 0x0d00}}, {{0x180e, 0x0001}}, {{0x180f, 0x0010}},
		{{0x1810, 0x8020}}, {{0x1811, 0x0803}}, {{0x1812, 0x0000}}, {{0x1813, 0x0010}},
		{{0x1814, 0x0000}}, {{0x1815, 0x0000}}, {{0x1816, 0x0000}}, {{0x1817, 0x0000}},
		{{0x1818, 0x0000}}, {{0x1819, 0x0000}}, {{0x181a, 0x0000}}, {{0x181b, 0x2b00}},
		{{0x181c, 0x0000}}, {{0x181d, 0x0000}}, {{0x181e, 0x0000}}, {{0x181f, 0x0800}},
		{{0x1820, 0x0000}}, {{0x1821, 0x0000}}, {{0x1822, 0x0000}}, {{0x1823, 0x0000}},
		{{0x1824, 0x807c}}, {{0x1825, 0x0000}}, {{0x1826, 0x0000}}, {{0x1827, 0x0010}},
		{{0x1828, 0x0000}}, {{0x1829, 0x0000}}, {{0x182a, 0x0000}}, {{0x182b, 0x0000}},
		{{0x182c, 0x0000}}, {{0x182d, 0x0000}}, {{0x182e, 0x0000}}, {{0x182f, 0x0000}},
		{{0x1830, 0x8000}}, {{0x1831, 0x0000}}, {{0x1832, 0x0001}}, {{0x1833, 0x0010}},
		{{0x1834, 0x0000}}, {{0x1835, 0x0000}}, {{0x1836, 0x0000}}, {{0x1837, 0x0000}},
		{{0x1838, 0x9758}}, {{0x1839, 0x0000}}, {{0x183a, 0x0000}}, {{0x183b, 0x0010}},
		{{0x183c, 0x8008}}, {{0x183d, 0x0000}}, {{0x183e, 0x0000}}, {{0x183f, 0x0010}},
		{{0x1840, 0x0000}}, {{0x1841, 0x0000}}, {{0x1842, 0x0000}}, {{0x1843, 0x0000}},
		{{0x1844, 0x0000}}, {{0x1845, 0x0000}}, {{0x1846, 0x0000}}, {{0x1847, 0x0000}},
		{{0x1848, 0xc068}}, {{0x1849, 0x0000}}, {{0x184a, 0x0000}}, {{0x184b, 0x0010}},
		{{0x184c, 0x0000}}, {{0x184d, 0x0000}}, {{0x184e, 0x0000}}, {{0x184f, 0x0000}},
		{{0x1850, 0xd2d8}}, {{0x1851, 0x0000}}, {{0x1852, 0x0000}}, {{0x1853, 0x0010}},
		{{0x1854, 0xe008}}, {{0x1855, 0x0000}}, {{0x1856, 0x0000}}, {{0x1857, 0x0010}},
		{{0x1858, 0x0000}}, {{0x1859, 0x0000}}, {{0x185a, 0x0000}}, {{0x185b, 0x5b00}},
		{{0x185c, 0x0000}}, {{0x185d, 0x0000}}, {{0x185e, 0x0000}}, {{0x185f, 0x0000}},
		{{0x1860, 0xc0f0}}, {{0x1861, 0x0000}}, {{0x1862, 0x0000}}, {{0x1863, 0x0010}},
		{{0x1864, 0x0000}}, {{0x1865, 0x0000}}, {{0x1866, 0x0000}}, {{0x1867, 0x0000}},
		{{0x1868, 0xcfd8}}, {{0x1869, 0x0000}}, {{0x186a, 0x0000}}, {{0x186b, 0x0010}},
		{{0x186c, 0xc008}}, {{0x186d, 0x0000}}, {{0x186e, 0x0000}}, {{0x186f, 0x0010}},
		{{0x1870, 0x0000}}, {{0x1871, 0x0000}}, {{0x1872, 0x0000}}, {{0x1873, 0x2b00}},
		{{0x1874, 0x0000}}, {{0x1875, 0x0000}}, {{0x1876, 0x0000}}, {{0x1877, 0x0000}},
		{{0x1878, 0xd058}}, {{0x1879, 0x0000}}, {{0x187a, 0x0000}}, {{0x187b, 0x0010}},
		{{0x187c, 0xc008}}, {{0x187d, 0x0000}}, {{0x187e, 0x0000}}, {{0x187f, 0x0010}},
		{{0x1880, 0x0000}}, {{0x1881, 0x0000}}, {{0x1882, 0x0000}}, {{0x1883, 0x2b00}},
		{{0x1884, 0x0000}}, {{0x1885, 0x0000}}, {{0x1886, 0x0000}}, {{0x1887, 0x0000}},
		{{0x1888, 0xd0d8}}, {{0x1889, 0x0000}}, {{0x188a, 0x0000}}, {{0x188b, 0x0010}},
		{{0x188c, 0xc088}}, {{0x188d, 0x0000}}, {{0x188e, 0x0000}}, {{0x188f, 0x0010}},
		{{0x1890, 0x0000}}, {{0x1891, 0x0000}}, {{0x1892, 0x0000}}, {{0x1893, 0x2b00}},
		{{0x1894, 0x0000}}, {{0x1895, 0x0000}}, {{0x1896, 0x0000}}, {{0x1897, 0x0000}},
		{{0x1898, 0xd158}}, {{0x1899, 0x0000}}, {{0x189a, 0x0000}}, {{0x189b, 0x0010}},
		{{0x189c, 0xc008}}, {{0x189d, 0x0000}}, {{0x189e, 0x0000}}, {{0x189f, 0x0010}},
		{{0x18a0, 0x0000}}, {{0x18a1, 0x0000}}, {{0x18a2, 0x0000}}, {{0x18a3, 0x5b00}},
		{{0x18a4, 0x0000}}, {{0x18a5, 0x0000}}, {{0x18a6, 0x0000}}, {{0x18a7, 0x0000}},
		{{0x18a8, 0x402c}}, {{0x18a9, 0x0d00}}, {{0x18aa, 0x0001}}, {{0x18ab, 0x0400}},
		{{0x18ac, 0x4050}}, {{0x18ad, 0x0800}}, {{0x18ae, 0x0000}}, {{0x18af, 0x0000}},
		{{0x18b0, 0x0000}}, {{0x18b1, 0x0000}}, {{0x18b2, 0x0000}}, {{0x18b3, 0x0400}},
		{{0x18b4, 0x4050}}, {{0x18b5, 0x0803}}, {{0x18b6, 0x0000}}, {{0x18b7, 0x0000}},
		{{0x18b8, 0x0000}}, {{0x18b9, 0x0000}}, {{0x18ba, 0x0000}}, {{0x18bb, 0x6f00}},
		{{0x18bc, 0x0000}}, {{0x18bd, 0x0000}}, {{0x18be, 0x0000}}, {{0x18bf, 0x0400}},
		{{0x18c0, 0x407c}}, {{0x18c1, 0x0000}}, {{0x18c2, 0x0000}}, {{0x18c3, 0x0400}},
		{{0x18c4, 0x0000}}, {{0x18c5, 0x0000}}, {{0x18c6, 0x0000}}, {{0x18c7, 0x0000}},
		{{0x18c8, 0x0000}}, {{0x18c9, 0x0000}}, {{0x18ca, 0x0000}}, {{0x18cb, 0x0400}},
		{{0x18cc, 0x0000}}, {{0x18cd, 0x0000}}, {{0x18ce, 0x0001}}, {{0x18cf, 0x0000}},
		{{0x18d0, 0x0000}}, {{0x18d1, 0x0000}}, {{0x18d2, 0x0000}}, {{0x18d3, 0x0400}},
		{{0x18d4, 0x0000}}, {{0x18d5, 0x0000}}, {{0x18d6, 0x0000}}, {{0x18d7, 0x0000}},
		{{0x18d8, 0x0000}}, {{0x18d9, 0x0000}}, {{0x18da, 0x0000}}, {{0x18db, 0x0000}},
		{{0x18dc, 0x0000}}, {{0x18dd, 0x0000}}, {{0x18de, 0x0000}}, {{0x18df, 0x0000}},
		{{0x18e0, 0x802c}}, {{0x18e1, 0x0d00}}, {{0x18e2, 0x0001}}, {{0x18e3, 0x0410}},
		{{0x18e4, 0x8050}}, {{0x18e5, 0x0800}}, {{0x18e6, 0x0000}}, {{0x18e7, 0x0010}},
		{{0x18e8, 0x0000}}, {{0x18e9, 0x0000}}, {{0x18ea, 0x0000}}, {{0x18eb, 0x0400}},
		{{0x18ec, 0x8050}}, {{0x18ed, 0x0803}}, {{0x18ee, 0x0000}}, {{0x18ef, 0x0010}},
		{{0x18f0, 0x0000}}, {{0x18f1, 0x0000}}, {{0x18f2, 0x0000}}, {{0x18f3, 0x6f00}},
		{{0x18f4, 0x0000}}, {{0x18f5, 0x0000}}, {{0x18f6, 0x0000}}, {{0x18f7, 0x0400}},
		{{0x18f8, 0x807c}}, {{0x18f9, 0x0000}}, {{0x18fa, 0x0000}}, {{0x18fb, 0x0410}},
		{{0x18fc, 0x0000}}, {{0x18fd, 0x0000}}, {{0x18fe, 0x0000}}, {{0x18ff, 0x0000}},
		{{0x1900, 0x0000}}, {{0x1901, 0x0000}}, {{0x1902, 0x0000}}, {{0x1903, 0x0400}},
		{{0x1904, 0x0000}}, {{0x1905, 0x0000}}, {{0x1906, 0x0001}}, {{0x1907, 0x0000}},
		{{0x1908, 0x0000}}, {{0x1909, 0x0000}}, {{0x190a, 0x0000}}, {{0x190b, 0x0400}},
		{{0x190c, 0x0000}}, {{0x190d, 0x0000}}, {{0x190e, 0x0000}}, {{0x190f, 0x0000}},
		{{0x1910, 0x0000}}, {{0x1911, 0x0000}}, {{0x1912, 0x0000}}, {{0x1913, 0x0000}},
		{{0x1914, 0x0000}}, {{0x1915, 0x0000}}, {{0x1916, 0x0000}}, {{0x1917, 0x0000}},
		{{0x1918, 0x402c}}, {{0x1919, 0x0d00}}, {{0x191a, 0x0001}}, {{0x191b, 0x0000}},
		{{0x191c, 0x4050}}, {{0x191d, 0x0800}}, {{0x191e, 0x0000}}, {{0x191f, 0x0000}},
		{{0x1920, 0x0000}}, {{0x1921, 0x0000}}, {{0x1922, 0x0000}}, {{0x1923, 0x0000}},
		{{0x1924, 0x4050}}, {{0x1925, 0x0803}}, {{0x1926, 0x0000}}, {{0x1927, 0x0000}},
		{{0x1928, 0x0000}}, {{0x1929, 0x0000}}, {{0x192a, 0x0000}}, {{0x192b, 0x0000}},
		{{0x192c, 0x4050}}, {{0x192d, 0x0800}}, {{0x192e, 0x0000}}, {{0x192f, 0x0000}},
		{{0x1930, 0x0000}}, {{0x1931, 0x0000}}, {{0x1932, 0x0000}}, {{0x1933, 0x4b00}},
		{{0x1934, 0x0000}}, {{0x1935, 0x0000}}, {{0x1936, 0x0000}}, {{0x1937, 0x0400}},
		{{0x1938, 0x0000}}, {{0x1939, 0x0000}}, {{0x193a, 0x0000}}, {{0x193b, 0x0000}},
		{{0x193c, 0x407c}}, {{0x193d, 0x0000}}, {{0x193e, 0x0000}}, {{0x193f, 0x0000}},
		{{0x1940, 0x0000}}, {{0x1941, 0x0000}}, {{0x1942, 0x0000}}, {{0x1943, 0x0000}},
		{{0x1944, 0x0000}}, {{0x1945, 0x0000}}, {{0x1946, 0x0000}}, {{0x1947, 0x0000}},
		{{0x1948, 0x0000}}, {{0x1949, 0x0000}}, {{0x194a, 0x0001}}, {{0x194b, 0x0000}},
		{{0x194c, 0x0000}}, {{0x194d, 0x0000}}, {{0x194e, 0x0000}}, {{0x194f, 0x0000}},
		{{0x1950, 0x0000}}, {{0x1951, 0x0000}}, {{0x1952, 0x0000}}, {{0x1953, 0x4b00}},
		{{0x1954, 0x0000}}, {{0x1955, 0x0000}}, {{0x1956, 0x0000}}, {{0x1957, 0x1800}},
		{{0x1958, 0x0000}}, {{0x1959, 0x0000}}, {{0x195a, 0x0000}}, {{0x195b, 0x0000}},
		{{0x195c, 0x802c}}, {{0x195d, 0x0d00}}, {{0x195e, 0x0001}}, {{0x195f, 0x0010}},
		{{0x1960, 0x8050}}, {{0x1961, 0x0800}}, {{0x1962, 0x0000}}, {{0x1963, 0x0010}},
		{{0x1964, 0x0000}}, {{0x1965, 0x0000}}, {{0x1966, 0x0000}}, {{0x1967, 0x0000}},
		{{0x1968, 0x8050}}, {{0x1969, 0x0803}}, {{0x196a, 0x0000}}, {{0x196b, 0x0010}},
		{{0x196c, 0x0000}}, {{0x196d, 0x0000}}, {{0x196e, 0x0000}}, {{0x196f, 0x0000}},
		{{0x1970, 0x8050}}, {{0x1971, 0x0800}}, {{0x1972, 0x0000}}, {{0x1973, 0x0010}},
		{{0x1974, 0x0000}}, {{0x1975, 0x0000}}, {{0x1976, 0x0000}}, {{0x1977, 0x0000}},
		{{0x1978, 0x0000}}, {{0x1979, 0x0000}}, {{0x197a, 0x0000}}, {{0x197b, 0x4b00}},
		{{0x197c, 0x0000}}, {{0x197d, 0x0000}}, {{0x197e, 0x0000}}, {{0x197f, 0x0400}},
		{{0x1980, 0x807c}}, {{0x1981, 0x0000}}, {{0x1982, 0x0000}}, {{0x1983, 0x0010}},
		{{0x1984, 0x0000}}, {{0x1985, 0x0000}}, {{0x1986, 0x0000}}, {{0x1987, 0x0000}},
		{{0x1988, 0x0000}}, {{0x1989, 0x0000}}, {{0x198a, 0x0000}}, {{0x198b, 0x0000}},
		{{0x198c, 0x0000}}, {{0x198d, 0x0000}}, {{0x198e, 0x0001}}, {{0x198f, 0x0000}},
		{{0x1990, 0x0000}}, {{0x1991, 0x0000}}, {{0x1992, 0x0000}}, {{0x1993, 0x5b00}},
		{{0x1994, 0x0000}}, {{0x1995, 0x0000}}, {{0x1996, 0x0000}}, {{0x1997, 0x2000}},
		{{0x1998, 0x402c}}, {{0x1999, 0x0d00}}, {{0x199a, 0x0001}}, {{0x199b, 0x0000}},
		{{0x199c, 0x5198}}, {{0x199d, 0x0803}}, {{0x199e, 0x0000}}, {{0x199f, 0x0000}},
		{{0x19a0, 0x0000}}, {{0x19a1, 0x0000}}, {{0x19a2, 0x0000}}, {{0x19a3, 0x1b00}},
		{{0x19a4, 0x0000}}, {{0x19a5, 0x0000}}, {{0x19a6, 0x0000}}, {{0x19a7, 0x0000}},
		{{0x19a8, 0x5218}}, {{0x19a9, 0x0803}}, {{0x19aa, 0x0000}}, {{0x19ab, 0x0000}},
		{{0x19ac, 0x0000}}, {{0x19ad, 0x0000}}, {{0x19ae, 0x0000}}, {{0x19af, 0x0000}},
		{{0x19b0, 0x0000}}, {{0x19b1, 0x0000}}, {{0x19b2, 0x0000}}, {{0x19b3, 0x4b00}},
		{{0x19b4, 0x0000}}, {{0x19b5, 0x0000}}, {{0x19b6, 0x0000}}, {{0x19b7, 0x0400}},
		{{0x19b8, 0x407c}}, {{0x19b9, 0x0000}}, {{0x19ba, 0x0000}}, {{0x19bb, 0x0000}},
		{{0x19bc, 0x0000}}, {{0x19bd, 0x0000}}, {{0x19be, 0x0000}}, {{0x19bf, 0x0000}},
		{{0x19c0, 0x0000}}, {{0x19c1, 0x0000}}, {{0x19c2, 0x0000}}, {{0x19c3, 0x0000}},
		{{0x19c4, 0x0000}}, {{0x19c5, 0x0000}}, {{0x19c6, 0x0001}}, {{0x19c7, 0x0000}},
		{{0x19c8, 0x0000}}, {{0x19c9, 0x0000}}, {{0x19ca, 0x0000}}, {{0x19cb, 0x1b00}},
		{{0x19cc, 0x0000}}, {{0x19cd, 0x0000}}, {{0x19ce, 0x0000}}, {{0x19cf, 0x0000}},
		{{0x19d0, 0x0000}}, {{0x19d1, 0x0000}}, {{0x19d2, 0x0000}}, {{0x19d3, 0x0000}},
		{{0x19d4, 0x802c}}, {{0x19d5, 0x0d00}}, {{0x19d6, 0x0001}}, {{0x19d7, 0x0010}},
		{{0x19d8, 0x9198}}, {{0x19d9, 0x0803}}, {{0x19da, 0x0000}}, {{0x19db, 0x0010}},
		{{0x19dc, 0x0000}}, {{0x19dd, 0x0000}}, {{0x19de, 0x0000}}, {{0x19df, 0x0000}},
		{{0x19e0, 0x0000}}, {{0x19e1, 0x0000}}, {{0x19e2, 0x0000}}, {{0x19e3, 0x0000}},
		{{0x19e4, 0x0000}}, {{0x19e5, 0x0000}}, {{0x19e6, 0x0000}}, {{0x19e7, 0x0000}},
		{{0x19e8, 0x0000}}, {{0x19e9, 0x0000}}, {{0x19ea, 0x0000}}, {{0x19eb, 0x0000}},
		{{0x19ec, 0x9218}}, {{0x19ed, 0x0803}}, {{0x19ee, 0x0000}}, {{0x19ef, 0x0010}},
		{{0x19f0, 0x0000}}, {{0x19f1, 0x0000}}, {{0x19f2, 0x0000}}, {{0x19f3, 0x4b00}},
		{{0x19f4, 0x0000}}, {{0x19f5, 0x0000}}, {{0x19f6, 0x0000}}, {{0x19f7, 0x0400}},
		{{0x19f8, 0x0000}}, {{0x19f9, 0x0000}}, {{0x19fa, 0x0000}}, {{0x19fb, 0x0000}},
		{{0x19fc, 0x807c}}, {{0x19fd, 0x0000}}, {{0x19fe, 0x0000}}, {{0x19ff, 0x0010}},
		{{0x1a00, 0x0000}}, {{0x1a01, 0x0000}}, {{0x1a02, 0x0000}}, {{0x1a03, 0x0000}},
		{{0x1a04, 0x0000}}, {{0x1a05, 0x0000}}, {{0x1a06, 0x0000}}, {{0x1a07, 0x0000}},
		{{0x1a08, 0x0000}}, {{0x1a09, 0x0000}}, {{0x1a0a, 0x0001}}, {{0x1a0b, 0x0000}},
		{{0x1a0c, 0x0000}}, {{0x1a0d, 0x0000}}, {{0x1a0e, 0x0000}}, {{0x1a0f, 0x0000}},
		{{0x1a10, 0x0000}}, {{0x1a11, 0x0000}}, {{0x1a12, 0x0000}}, {{0x1a13, 0x0b00}},
		{{0x1a14, 0x0000}}, {{0x1a15, 0x0000}}, {{0x1a16, 0x0000}}, {{0x1a17, 0x0400}},
		{{0x1a18, 0x0000}}, {{0x1a19, 0x0000}}, {{0x1a1a, 0x0000}}, {{0x1a1b, 0x0000}},
		{{0x1a1c, 0x0000}}, {{0x1a1d, 0x0000}}, {{0x1a1e, 0x0000}}, {{0x1a1f, 0x0000}},
		{{0x1a20, 0x401c}}, {{0x1a21, 0x00d0}}, {{0x1a22, 0x0001}}, {{0x1a23, 0x0000}},
		{{0x1a24, 0x4060}}, {{0x1a25, 0x0084}}, {{0x1a26, 0x0000}}, {{0x1a27, 0x0000}},
		{{0x1a28, 0x0000}}, {{0x1a29, 0x0000}}, {{0x1a2a, 0x0000}}, {{0x1a2b, 0x0b00}},
		{{0x1a2c, 0x0000}}, {{0x1a2d, 0x0000}}, {{0x1a2e, 0x0000}}, {{0x1a2f, 0x0800}},
		{{0x1a30, 0x407c}}, {{0x1a31, 0x0000}}, {{0x1a32, 0x0000}}, {{0x1a33, 0x0000}},
		{{0x1a34, 0x0000}}, {{0x1a35, 0x0000}}, {{0x1a36, 0x0000}}, {{0x1a37, 0x0000}},
		{{0x1a38, 0x0000}}, {{0x1a39, 0x0000}}, {{0x1a3a, 0x0000}}, {{0x1a3b, 0x0000}},
		{{0x1a3c, 0x4000}}, {{0x1a3d, 0x0000}}, {{0x1a3e, 0x0001}}, {{0x1a3f, 0x0000}},
		{{0x1a40, 0x0000}}, {{0x1a41, 0x0000}}, {{0x1a42, 0x0000}}, {{0x1a43, 0x0000}},
		{{0x1a44, 0x402c}}, {{0x1a45, 0x0d00}}, {{0x1a46, 0x0001}}, {{0x1a47, 0x0000}},
		{{0x1a48, 0x4020}}, {{0x1a49, 0x0803}}, {{0x1a4a, 0x0000}}, {{0x1a4b, 0x0000}},
		{{0x1a4c, 0x0000}}, {{0x1a4d, 0x0000}}, {{0x1a4e, 0x0000}}, {{0x1a4f, 0x0000}},
		{{0x1a50, 0x0000}}, {{0x1a51, 0x0000}}, {{0x1a52, 0x0000}}, {{0x1a53, 0x2b00}},
		{{0x1a54, 0x0000}}, {{0x1a55, 0x0000}}, {{0x1a56, 0x0000}}, {{0x1a57, 0x0800}},
		{{0x1a58, 0x0000}}, {{0x1a59, 0x0000}}, {{0x1a5a, 0x0000}}, {{0x1a5b, 0x0000}},
		{{0x1a5c, 0x407c}}, {{0x1a5d, 0x0000}}, {{0x1a5e, 0x0000}}, {{0x1a5f, 0x0000}},
		{{0x1a60, 0x0000}}, {{0x1a61, 0x0000}}, {{0x1a62, 0x0000}}, {{0x1a63, 0x0000}},
		{{0x1a64, 0x0000}}, {{0x1a65, 0x0000}}, {{0x1a66, 0x0000}}, {{0x1a67, 0x0000}},
		{{0x1a68, 0x0000}}, {{0x1a69, 0x0000}}, {{0x1a6a, 0x0001}}, {{0x1a6b, 0x0000}},
		{{0x1a6c, 0x0000}}, {{0x1a6d, 0x0000}}, {{0x1a6e, 0x0000}}, {{0x1a6f, 0x0000}},
		{{0x1a70, 0x801c}}, {{0x1a71, 0x00d0}}, {{0x1a72, 0x0001}}, {{0x1a73, 0x0010}},
		{{0x1a74, 0x8060}}, {{0x1a75, 0x0084}}, {{0x1a76, 0x0000}}, {{0x1a77, 0x0010}},
		{{0x1a78, 0x0000}}, {{0x1a79, 0x0000}}, {{0x1a7a, 0x0000}}, {{0x1a7b, 0x0b00}},
		{{0x1a7c, 0x0000}}, {{0x1a7d, 0x0000}}, {{0x1a7e, 0x0000}}, {{0x1a7f, 0x0800}},
		{{0x1a80, 0x807c}}, {{0x1a81, 0x0000}}, {{0x1a82, 0x0000}}, {{0x1a83, 0x0010}},
		{{0x1a84, 0x0000}}, {{0x1a85, 0x0000}}, {{0x1a86, 0x0000}}, {{0x1a87, 0x0000}},
		{{0x1a88, 0x0000}}, {{0x1a89, 0x0000}}, {{0x1a8a, 0x0000}}, {{0x1a8b, 0x0000}},
		{{0x1a8c, 0x8000}}, {{0x1a8d, 0x0000}}, {{0x1a8e, 0x0001}}, {{0x1a8f, 0x0010}},
		{{0x1a90, 0x0000}}, {{0x1a91, 0x0000}}, {{0x1a92, 0x0000}}, {{0x1a93, 0x0000}},
		{{0x1a94, 0x802c}}, {{0x1a95, 0x0d00}}, {{0x1a96, 0x0001}}, {{0x1a97, 0x0010}},
		{{0x1a98, 0x8020}}, {{0x1a99, 0x0803}}, {{0x1a9a, 0x0000}}, {{0x1a9b, 0x0010}},
		{{0x1a9c, 0x0000}}, {{0x1a9d, 0x0000}}, {{0x1a9e, 0x0000}}, {{0x1a9f, 0x0000}},
		{{0x1aa0, 0x0000}}, {{0x1aa1, 0x0000}}, {{0x1aa2, 0x0000}}, {{0x1aa3, 0x2b00}},
		{{0x1aa4, 0x0000}}, {{0x1aa5, 0x0000}}, {{0x1aa6, 0x0000}}, {{0x1aa7, 0x0800}},
		{{0x1aa8, 0x0000}}, {{0x1aa9, 0x0000}}, {{0x1aaa, 0x0000}}, {{0x1aab, 0x0000}},
		{{0x1aac, 0x807c}}, {{0x1aad, 0x0000}}, {{0x1aae, 0x0000}}, {{0x1aaf, 0x0010}},
		{{0x1ab0, 0x0000}}, {{0x1ab1, 0x0000}}, {{0x1ab2, 0x0000}}, {{0x1ab3, 0x0000}},
		{{0x1ab4, 0x0000}}, {{0x1ab5, 0x0000}}, {{0x1ab6, 0x0000}}, {{0x1ab7, 0x0000}},
		{{0x1ab8, 0x0000}}, {{0x1ab9, 0x0000}}, {{0x1aba, 0x0001}}, {{0x1abb, 0x0000}},
		{{0x1abc, 0x0000}}, {{0x1abd, 0x0000}}, {{0x1abe, 0x0000}}, {{0x1abf, 0x0000}},
		{{0x1ac0, 0x402c}}, {{0x1ac1, 0x0d00}}, {{0x1ac2, 0x0001}}, {{0x1ac3, 0x0000}},
		{{0x1ac4, 0x4050}}, {{0x1ac5, 0x0803}}, {{0x1ac6, 0x0000}}, {{0x1ac7, 0x0000}},
		{{0x1ac8, 0x0000}}, {{0x1ac9, 0x0000}}, {{0x1aca, 0x0000}}, {{0x1acb, 0x0000}},
		{{0x1acc, 0x0000}}, {{0x1acd, 0x0000}}, {{0x1ace, 0x0000}}, {{0x1acf, 0x0000}},
		{{0x1ad0, 0x0000}}, {{0x1ad1, 0x0000}}, {{0x1ad2, 0x0000}}, {{0x1ad3, 0x0000}},
		{{0x1ad4, 0x0000}}, {{0x1ad5, 0x0000}}, {{0x1ad6, 0x0000}}, {{0x1ad7, 0x0000}},
		{{0x1ad8, 0x4050}}, {{0x1ad9, 0x0803}}, {{0x1ada, 0x0000}}, {{0x1adb, 0x5a00}},
		{{0x1adc, 0x0000}}, {{0x1add, 0x0000}}, {{0x1ade, 0x0000}}, {{0x1adf, 0x0000}},
		{{0x1ae0, 0x0000}}, {{0x1ae1, 0x0000}}, {{0x1ae2, 0x0000}}, {{0x1ae3, 0x0100}},
		{{0x1ae4, 0x0000}}, {{0x1ae5, 0x0000}}, {{0x1ae6, 0x0000}}, {{0x1ae7, 0x0000}},
		{{0x1ae8, 0x4050}}, {{0x1ae9, 0x0803}}, {{0x1aea, 0x0000}}, {{0x1aeb, 0x0000}},
		{{0x1aec, 0x0000}}, {{0x1aed, 0x0000}}, {{0x1aee, 0x0000}}, {{0x1aef, 0x0000}},
		{{0x1af0, 0x0000}}, {{0x1af1, 0x0000}}, {{0x1af2, 0x0000}}, {{0x1af3, 0x4b00}},
		{{0x1af4, 0x0000}}, {{0x1af5, 0x0000}}, {{0x1af6, 0x0000}}, {{0x1af7, 0x0400}},
		{{0x1af8, 0x407c}}, {{0x1af9, 0x0000}}, {{0x1afa, 0x0000}}, {{0x1afb, 0x0000}},
		{{0x1afc, 0x0000}}, {{0x1afd, 0x0000}}, {{0x1afe, 0x0000}}, {{0x1aff, 0x0000}},
		{{0x1b00, 0x0000}}, {{0x1b01, 0x0000}}, {{0x1b02, 0x0000}}, {{0x1b03, 0x3b00}},
		{{0x1b04, 0x0000}}, {{0x1b05, 0x0000}}, {{0x1b06, 0x0000}}, {{0x1b07, 0x0000}},
		{{0x1b08, 0x0000}}, {{0x1b09, 0x0000}}, {{0x1b0a, 0x0000}}, {{0x1b0b, 0x0000}},
		{{0x1b0c, 0x0000}}, {{0x1b0d, 0x0000}}, {{0x1b0e, 0x0001}}, {{0x1b0f, 0x0000}},
		{{0x1b10, 0x5758}}, {{0x1b11, 0x0000}}, {{0x1b12, 0x0000}}, {{0x1b13, 0x0000}},
		{{0x1b14, 0x4208}}, {{0x1b15, 0x0000}}, {{0x1b16, 0x0000}}, {{0x1b17, 0x0000}},
		{{0x1b18, 0x0000}}, {{0x1b19, 0x0000}}, {{0x1b1a, 0x0000}}, {{0x1b1b, 0x4b00}},
		{{0x1b1c, 0x0000}}, {{0x1b1d, 0x0000}}, {{0x1b1e, 0x0000}}, {{0x1b1f, 0x0000}},
		{{0x1b20, 0x0000}}, {{0x1b21, 0x0000}}, {{0x1b22, 0x0000}}, {{0x1b23, 0x0000}},
		{{0x1b24, 0x401c}}, {{0x1b25, 0x00d0}}, {{0x1b26, 0x0001}}, {{0x1b27, 0x0000}},
		{{0x1b28, 0x4060}}, {{0x1b29, 0x0084}}, {{0x1b2a, 0x0000}}, {{0x1b2b, 0x0000}},
		{{0x1b2c, 0x0000}}, {{0x1b2d, 0x0000}}, {{0x1b2e, 0x0000}}, {{0x1b2f, 0x0000}},
		{{0x1b30, 0x0000}}, {{0x1b31, 0x0000}}, {{0x1b32, 0x0000}}, {{0x1b33, 0x7b00}},
		{{0x1b34, 0x0000}}, {{0x1b35, 0x0000}}, {{0x1b36, 0x0000}}, {{0x1b37, 0x0000}},
		{{0x1b38, 0x407c}}, {{0x1b39, 0x0000}}, {{0x1b3a, 0x0000}}, {{0x1b3b, 0x0000}},
		{{0x1b3c, 0x0000}}, {{0x1b3d, 0x0000}}, {{0x1b3e, 0x0000}}, {{0x1b3f, 0x0000}},
		{{0x1b40, 0x0000}}, {{0x1b41, 0x0000}}, {{0x1b42, 0x0000}}, {{0x1b43, 0x0000}},
		{{0x1b44, 0x4000}}, {{0x1b45, 0x0000}}, {{0x1b46, 0x0001}}, {{0x1b47, 0x0000}},
		{{0x1b48, 0x0000}}, {{0x1b49, 0x0000}}, {{0x1b4a, 0x0000}}, {{0x1b4b, 0x0000}},
		{{0x1b4c, 0x402c}}, {{0x1b4d, 0x0d00}}, {{0x1b4e, 0x0001}}, {{0x1b4f, 0x0000}},
		{{0x1b50, 0x4020}}, {{0x1b51, 0x0803}}, {{0x1b52, 0x0000}}, {{0x1b53, 0x0000}},
		{{0x1b54, 0x0000}}, {{0x1b55, 0x0000}}, {{0x1b56, 0x0000}}, {{0x1b57, 0x0000}},
		{{0x1b58, 0x0000}}, {{0x1b59, 0x0000}}, {{0x1b5a, 0x0000}}, {{0x1b5b, 0x2b00}},
		{{0x1b5c, 0x0000}}, {{0x1b5d, 0x0000}}, {{0x1b5e, 0x0000}}, {{0x1b5f, 0x0800}},
		{{0x1b60, 0x0000}}, {{0x1b61, 0x0000}}, {{0x1b62, 0x0000}}, {{0x1b63, 0x0000}},
		{{0x1b64, 0x407c}}, {{0x1b65, 0x0000}}, {{0x1b66, 0x0000}}, {{0x1b67, 0x0000}},
		{{0x1b68, 0x0000}}, {{0x1b69, 0x0000}}, {{0x1b6a, 0x0000}}, {{0x1b6b, 0x0000}},
		{{0x1b6c, 0x0000}}, {{0x1b6d, 0x0000}}, {{0x1b6e, 0x0000}}, {{0x1b6f, 0x0000}},
		{{0x1b70, 0x4000}}, {{0x1b71, 0x0000}}, {{0x1b72, 0x0001}}, {{0x1b73, 0x0000}},
		{{0x1b74, 0x0000}}, {{0x1b75, 0x0000}}, {{0x1b76, 0x0000}}, {{0x1b77, 0x0000}},
		{{0x1b78, 0x5758}}, {{0x1b79, 0x0000}}, {{0x1b7a, 0x0000}}, {{0x1b7b, 0x0000}},
		{{0x1b7c, 0x4008}}, {{0x1b7d, 0x0000}}, {{0x1b7e, 0x0000}}, {{0x1b7f, 0x0000}},
		{{0x1b80, 0x0000}}, {{0x1b81, 0x0000}}, {{0x1b82, 0x0000}}, {{0x1b83, 0x0000}},
		{{0x1b84, 0x0000}}, {{0x1b85, 0x0000}}, {{0x1b86, 0x0000}}, {{0x1b87, 0x0000}},
		{{0x1b88, 0x802c}}, {{0x1b89, 0x0d00}}, {{0x1b8a, 0x0001}}, {{0x1b8b, 0x0010}},
		{{0x1b8c, 0x8050}}, {{0x1b8d, 0x0803}}, {{0x1b8e, 0x0000}}, {{0x1b8f, 0x0010}},
		{{0x1b90, 0x0000}}, {{0x1b91, 0x0000}}, {{0x1b92, 0x0000}}, {{0x1b93, 0x0000}},
		{{0x1b94, 0x0000}}, {{0x1b95, 0x0000}}, {{0x1b96, 0x0000}}, {{0x1b97, 0x0000}},
		{{0x1b98, 0x0000}}, {{0x1b99, 0x0000}}, {{0x1b9a, 0x0000}}, {{0x1b9b, 0x0000}},
		{{0x1b9c, 0x0000}}, {{0x1b9d, 0x0000}}, {{0x1b9e, 0x0000}}, {{0x1b9f, 0x0000}},
		{{0x1ba0, 0x8050}}, {{0x1ba1, 0x0803}}, {{0x1ba2, 0x0000}}, {{0x1ba3, 0x5a10}},
		{{0x1ba4, 0x0000}}, {{0x1ba5, 0x0000}}, {{0x1ba6, 0x0000}}, {{0x1ba7, 0x0000}},
		{{0x1ba8, 0x0000}}, {{0x1ba9, 0x0000}}, {{0x1baa, 0x0000}}, {{0x1bab, 0x0100}},
		{{0x1bac, 0x0000}}, {{0x1bad, 0x0000}}, {{0x1bae, 0x0000}}, {{0x1baf, 0x0000}},
		{{0x1bb0, 0x8050}}, {{0x1bb1, 0x0803}}, {{0x1bb2, 0x0000}}, {{0x1bb3, 0x0010}},
		{{0x1bb4, 0x0000}}, {{0x1bb5, 0x0000}}, {{0x1bb6, 0x0000}}, {{0x1bb7, 0x0000}},
		{{0x1bb8, 0x0000}}, {{0x1bb9, 0x0000}}, {{0x1bba, 0x0000}}, {{0x1bbb, 0x4b00}},
		{{0x1bbc, 0x0000}}, {{0x1bbd, 0x0000}}, {{0x1bbe, 0x0000}}, {{0x1bbf, 0x0400}},
		{{0x1bc0, 0x807c}}, {{0x1bc1, 0x0000}}, {{0x1bc2, 0x0000}}, {{0x1bc3, 0x0010}},
		{{0x1bc4, 0x0000}}, {{0x1bc5, 0x0000}}, {{0x1bc6, 0x0000}}, {{0x1bc7, 0x0000}},
		{{0x1bc8, 0x0000}}, {{0x1bc9, 0x0000}}, {{0x1bca, 0x0000}}, {{0x1bcb, 0x3b00}},
		{{0x1bcc, 0x0000}}, {{0x1bcd, 0x0000}}, {{0x1bce, 0x0000}}, {{0x1bcf, 0x0000}},
		{{0x1bd0, 0x0000}}, {{0x1bd1, 0x0000}}, {{0x1bd2, 0x0000}}, {{0x1bd3, 0x0000}},
		{{0x1bd4, 0x0000}}, {{0x1bd5, 0x0000}}, {{0x1bd6, 0x0001}}, {{0x1bd7, 0x0000}},
		{{0x1bd8, 0x9758}}, {{0x1bd9, 0x0000}}, {{0x1bda, 0x0000}}, {{0x1bdb, 0x0010}},
		{{0x1bdc, 0x8208}}, {{0x1bdd, 0x0000}}, {{0x1bde, 0x0000}}, {{0x1bdf, 0x0010}},
		{{0x1be0, 0x0000}}, {{0x1be1, 0x0000}}, {{0x1be2, 0x0000}}, {{0x1be3, 0x4b00}},
		{{0x1be4, 0x0000}}, {{0x1be5, 0x0000}}, {{0x1be6, 0x0000}}, {{0x1be7, 0x0000}},
		{{0x1be8, 0x0000}}, {{0x1be9, 0x0000}}, {{0x1bea, 0x0000}}, {{0x1beb, 0x0000}},
		{{0x1bec, 0x801c}}, {{0x1bed, 0x00d0}}, {{0x1bee, 0x0001}}, {{0x1bef, 0x0010}},
		{{0x1bf0, 0x8060}}, {{0x1bf1, 0x0084}}, {{0x1bf2, 0x0000}}, {{0x1bf3, 0x0010}},
		{{0x1bf4, 0x0000}}, {{0x1bf5, 0x0000}}, {{0x1bf6, 0x0000}}, {{0x1bf7, 0x0000}},
		{{0x1bf8, 0x0000}}, {{0x1bf9, 0x0000}}, {{0x1bfa, 0x0000}}, {{0x1bfb, 0x7b00}},
		{{0x1bfc, 0x0000}}, {{0x1bfd, 0x0000}}, {{0x1bfe, 0x0000}}, {{0x1bff, 0x0000}},
		{{0x1c00, 0x807c}}, {{0x1c01, 0x0000}}, {{0x1c02, 0x0000}}, {{0x1c03, 0x0010}},
		{{0x1c04, 0x0000}}, {{0x1c05, 0x0000}}, {{0x1c06, 0x0000}}, {{0x1c07, 0x0000}},
		{{0x1c08, 0x0000}}, {{0x1c09, 0x0000}}, {{0x1c0a, 0x0000}}, {{0x1c0b, 0x0000}},
		{{0x1c0c, 0x8000}}, {{0x1c0d, 0x0000}}, {{0x1c0e, 0x0001}}, {{0x1c0f, 0x0010}},
		{{0x1c10, 0x0000}}, {{0x1c11, 0x0000}}, {{0x1c12, 0x0000}}, {{0x1c13, 0x0000}},
		{{0x1c14, 0x802c}}, {{0x1c15, 0x0d00}}, {{0x1c16, 0x0001}}, {{0x1c17, 0x0010}},
		{{0x1c18, 0x8020}}, {{0x1c19, 0x0803}}, {{0x1c1a, 0x0000}}, {{0x1c1b, 0x0010}},
		{{0x1c1c, 0x0000}}, {{0x1c1d, 0x0000}}, {{0x1c1e, 0x0000}}, {{0x1c1f, 0x0000}},
		{{0x1c20, 0x0000}}, {{0x1c21, 0x0000}}, {{0x1c22, 0x0000}}, {{0x1c23, 0x2b00}},
		{{0x1c24, 0x0000}}, {{0x1c25, 0x0000}}, {{0x1c26, 0x0000}}, {{0x1c27, 0x0800}},
		{{0x1c28, 0x0000}}, {{0x1c29, 0x0000}}, {{0x1c2a, 0x0000}}, {{0x1c2b, 0x0000}},
		{{0x1c2c, 0x807c}}, {{0x1c2d, 0x0000}}, {{0x1c2e, 0x0000}}, {{0x1c2f, 0x0010}},
		{{0x1c30, 0x0000}}, {{0x1c31, 0x0000}}, {{0x1c32, 0x0000}}, {{0x1c33, 0x0000}},
		{{0x1c34, 0x0000}}, {{0x1c35, 0x0000}}, {{0x1c36, 0x0000}}, {{0x1c37, 0x0000}},
		{{0x1c38, 0x8000}}, {{0x1c39, 0x0000}}, {{0x1c3a, 0x0001}}, {{0x1c3b, 0x0010}},
		{{0x1c3c, 0x0000}}, {{0x1c3d, 0x0000}}, {{0x1c3e, 0x0000}}, {{0x1c3f, 0x0000}},
		{{0x1c40, 0x9758}}, {{0x1c41, 0x0000}}, {{0x1c42, 0x0000}}, {{0x1c43, 0x0010}},
		{{0x1c44, 0x8008}}, {{0x1c45, 0x0000}}, {{0x1c46, 0x0000}}, {{0x1c47, 0x0010}},
		{{0x1c48, 0x0000}}, {{0x1c49, 0x0000}}, {{0x1c4a, 0x0000}}, {{0x1c4b, 0x0000}},
		{{0x1c4c, 0x0000}}, {{0x1c4d, 0x0000}}, {{0x1c4e, 0x0000}}, {{0x1c4f, 0x0000}},
		{{0x1c50, 0xc068}}, {{0x1c51, 0x0000}}, {{0x1c52, 0x0000}}, {{0x1c53, 0x0010}},
		{{0x1c54, 0x0000}}, {{0x1c55, 0x0000}}, {{0x1c56, 0x0000}}, {{0x1c57, 0x0000}},
	}
};

static const phy_init_config training_lpddr5_table_15 = {
	0x0009002e, 1293, true,
	{
		{{0x0010, 0x0400}}, {{0x080e, 0x000b}}, {{0x0480, 0x0809}}, {{0x0009, 0x0308}},
		{{0x0c09, 0x0028}}, {{0x8160, 0x087c}}, {{0x0098, 0x0820}}, {{0x0c7e, 0x0002}},
		{{0x0001, 0x0078}}, {{0x000a, 0x0370}}, {{0x0839, 0x0018}}, {{0x8160, 0x083c}},
		{{0x0009, 0x0150}}, {{0x0839, 0x0070}}, {{0x0392, 0x0039}}, {{0x0078, 0x039a}},
		{{0x0039, 0x0e09}}, {{0x0100, 0x0839}}, {{0x0002, 0x0001}}, {{0x0038, 0x0000}},
		{{0x0100, 0x0839}}, {{0x0000, 0x0398}}, {{0x0839, 0x0e19}}, {{0x0100, 0x0839}},
		{{0x0002, 0x0001}}, {{0x0038, 0x0000}}, {{0x0100, 0x0839}}, {{0x0000, 0x0390}},
		{{0x0839, 0x0078}}, {{0x039a, 0x0039}}, {{0x0e29, 0x0100}}, {{0x0839, 0x0002}},
		{{0x0001, 0x0038}}, {{0x0000, 0x0100}}, {{0x0839, 0x0070}}, {{0x0392, 0x0039}},
		{{0x0000, 0x00f0}}, {{0x0909, 0x0018}}, {{0x8160, 0x08bc}}, {{0x0008, 0x013a}},
		{{0x00b9, 0x024b}}, {{0x0100, 0x08b9}}, {{0x0002, 0x0001}}, {{0x00b8, 0x0000}},
		{{0x0100, 0x08b9}}, {{0x0020, 0x0004}}, {{0x00b8, 0x0020}}, {{0x0004, 0x00b8}},
		{{0x0005, 0x0000}}, {{0x00b8, 0x0479}}, {{0xc7f8, 0x08bc}}, {{0x0000, 0x0000}},
		{{0x00b8, 0x0000}}, {{0x00a8, 0x08b9}}, {{0x0009, 0xc9c0}}, {{0x0cbc, 0x0000}},
		{{0x0000, 0x00b8}}, {{0x025b, 0x0100}}, {{0x0cb9, 0x0020}}, {{0x0004, 0x00b8}},
		{{0x0020, 0x0004}}, {{0x00b8, 0x0020}}, {{0x0004, 0x00b8}}, {{0x0020, 0x0004}},
		{{0x00b8, 0x0010}}, {{0x0400, 0x089e}}, {{0x0008, 0x0370}}, {{0x0839, 0x0000}},
		{{0x00f0, 0x0909}}, {{0x033b, 0x0100}}, {{0x08b9, 0x0000}}, {{0x0100, 0x08b9}},
		{{0x023b, 0x0100}}, {{0x0c99, 0x0002}}, {{0x0150, 0x0839}}, {{0x1800, 0x8660}},
		{{0x0839, 0x0000}}, {{0x02a0, 0x0809}}, {{0x0008, 0x1880}}, {{0x0839, 0x0000}},
		{{0x82b0, 0x0838}}, {{0x0018, 0x00e0}}, {{0x0809, 0x0000}}, {{0x00e0, 0x0869}},
		{{0x000f, 0x07c0}}, {{0x0839, 0x000a}}, {{0x0510, 0x0839}}, {{0x000a, 0x0700}},
		{{0x0849, 0x000a}}, {{0x0700, 0x0859}}, {{0x000a, 0x0708}}, {{0x0859, 0x0002}},
		{{0x0708, 0x0849}}, {{0x0ff8, 0x8410}}, {{0x0839, 0x7ff8}}, {{0x8498, 0x0838}},
		{{0x0010, 0x8160}}, {{0x083c, 0x0000}}, {{0x07c8, 0x0809}}, {{0x0000, 0x0001}},
		{{0x0008, 0x0000}}, {{0x045a, 0x0089}}, {{0x0000, 0x8018}}, {{0x0808, 0x0000}},
		{{0x8020, 0x0808}}, {{0x0479, 0xc7f8}}, {{0x080c, 0x0000}}, {{0x0000, 0x0008}},
		{{0x0000, 0x8018}}, {{0x0808, 0x0000}}, {{0x8020, 0x0808}}, {{0x0009, 0xc9c0}},
		{{0x0c0c, 0x0000}}, {{0x00a8, 0x08c9}}, {{0x0029, 0x8160}}, {{0x087c, 0x00b8}},
		{{0x0820, 0x0c7e}}, {{0x0001, 0x0000}}, {{0x0078, 0x0000}}, {{0x0001, 0x0078}},
		{{0x00d8, 0x0820}}, {{0x0c7e, 0x0001}}, {{0x0000, 0x0078}}, {{0x0000, 0x0001}},
		{{0x0078, 0x00f8}}, {{0x0820, 0x0c7e}}, {{0x0001, 0x0000}}, {{0x0078, 0x0000}},
		{{0x0001, 0x0078}}, {{0x0000, 0x0700}}, {{0x0849, 0x0000}}, {{0x0618, 0x0809}},
		{{0x3ff8, 0x84b8}}, {{0x0808, 0x0000}}, {{0x0000, 0x0008}}, {{0x0008, 0xc870}},
		{{0x0c0c, 0x0018}}, {{0x0710, 0x0849}}, {{0x0000, 0x0004}}, {{0x0048, 0x0000}},
		{{0x0004, 0x0048}}, {{0x0010, 0x0710}}, {{0x0849, 0x0000}}, {{0x0004, 0x0048}},
		{{0x0000, 0x0710}}, {{0x0849, 0x0000}}, {{0x0004, 0x0048}}, {{0x0000, 0x0004}},
		{{0x0018, 0x0000}}, {{0x0004, 0x0018}}, {{0x0000, 0x0004}}, {{0x0018, 0x0000}},
		{{0x8410, 0x0809}}, {{0x0000, 0x8498}}, {{0x0808, 0x0005}}, {{0x0510, 0x0809}},
		{{0x0198, 0x1000}}, {{0x0809, 0x0009}}, {{0x03c0, 0x0809}}, {{0x0010, 0x0510}},
		{{0x0809, 0x0000}}, {{0x03c0, 0x0809}}, {{0x0018, 0x0004}}, {{0x0008, 0x0002}},
		{{0x0510, 0x0809}}, {{0x0002, 0x1000}}, {{0x0809, 0x0068}}, {{0x801a, 0x0008}},
		{{0x0068, 0x8022}}, {{0x0008, 0x0479}}, {{0xc7f8, 0x080c}}, {{0x0000, 0x0000}},
		{{0x0008, 0x0068}}, {{0x801a, 0x0008}}, {{0x0068, 0x8022}}, {{0x0008, 0x0009}},
		{{0xc9c0, 0x0c0c}}, {{0x0000, 0xc870}}, {{0x0c0c, 0x0000}}, {{0x02a0, 0x0809}},
		{{0x0010, 0x8160}}, {{0x089c, 0x0002}}, {{0x07c8, 0x0809}}, {{0x0000, 0x0001}},
		{{0x0008, 0x0040}}, {{0x1932, 0x0129}}, {{0x000a, 0xc140}}, {{0x080c, 0x0098}},
		{{0x193a, 0x0129}}, {{0x0090, 0x1932}}, {{0x0329, 0x0090}}, {{0x193a, 0x0329}},
		{{0x0088, 0x1882}}, {{0x0009, 0x0000}}, {{0xc140, 0x080c}}, {{0x0010, 0x0400}},
		{{0x080e, 0x000b}}, {{0x0370, 0x0809}}, {{0x023b, 0x0100}}, {{0x0cf9, 0x0000}},
		{{0x02a0, 0x0809}}, {{0x7800, 0x8660}}, {{0x0809, 0x000d}}, {{0x07c0, 0x0809}},
		{{0x0000, 0x82b0}}, {{0x0818, 0x0000}}, {{0x82b0, 0x0868}}, {{0x0479, 0xc7f8}},
		{{0x091c, 0x0000}}, {{0x0000, 0x0118}}, {{0x0038, 0x80a2}}, {{0x0118, 0x0009}},
		{{0xc9c0, 0x0d1c}}, {{0x0000, 0x0000}}, {{0x0118, 0x0008}}, {{0x0508, 0x0809}},
		{{0x0005, 0x07c0}}, {{0x0809, 0x0008}}, {{0x82b0, 0x0868}}, {{0x0008, 0x82b0}},
		{{0x0818, 0x0008}}, {{0x82b0, 0x0888}}, {{0x0010, 0x0510}}, {{0x0809, 0x0000}},
		{{0x00a8, 0x08c9}}, {{0x0008, 0x1900}}, {{0x0c09, 0x0000}}, {{0x0508, 0x0809}},
		{{0x0002, 0x07c8}}, {{0x0829, 0x000a}}, {{0x03c8, 0x0c29}}, {{0x0199, 0x03d0}},
		{{0x0c19, 0x0003}}, {{0x0000, 0x0018}}, {{0x0038, 0x0004}}, {{0x0018, 0x0199}},
		{{0x03d0, 0x0c09}}, {{0x0000, 0x0000}}, {{0x0008, 0x0009}}, {{0x0150, 0x0809}},
		{{0x0009, 0xc800}}, {{0x0c0c, 0x0018}}, {{0x8160, 0x08cc}}, {{0x0008, 0x013a}},
		{{0x00c9, 0x024b}}, {{0x0100, 0x08c9}}, {{0x0002, 0x0001}}, {{0x00c8, 0x0000}},
		{{0x0100, 0x08c9}}, {{0x0020, 0x0004}}, {{0x00c8, 0x0020}}, {{0x0004, 0x00c8}},
		{{0x0005, 0x0000}}, {{0x00c8, 0x0479}}, {{0xc7f8, 0x08cc}}, {{0x0000, 0x0000}},
		{{0x00c8, 0x0030}}, {{0x00aa, 0x00c9}}, {{0x0009, 0xc9c0}}, {{0x0ccc, 0x0000}},
		{{0x0000, 0x00c8}}, {{0x0479, 0xc7f8}}, {{0x08bc, 0x0000}}, {{0x0000, 0x00b8}},
		{{0x0030, 0x00aa}}, {{0x00b9, 0x0009}}, {{0xc9c0, 0x0cbc}}, {{0x0000, 0x0000}},
		{{0x00b8, 0x025b}}, {{0x0100, 0x0cc9}}, {{0x0020, 0x0004}}, {{0x00c8, 0x0020}},
		{{0x0004, 0x00c8}}, {{0x0020, 0x0004}}, {{0x00a8, 0x0004}}, {{0x0000, 0x00c8}},
		{{0x0009, 0xc800}}, {{0x0c6c, 0x026f}}, {{0x0100, 0x0c19}}, {{0x0008, 0x0004}},
		{{0x0018, 0x027f}}, {{0x0100, 0x0c19}}, {{0x0479, 0xc7f8}}, {{0x080c, 0x0000}},
		{{0x0000, 0x0008}}, {{0x0058, 0x008a}}, {{0x0009, 0x0009}}, {{0xc9c0, 0x0c0c}},
		{{0x0000, 0x0000}}, {{0x0008, 0x0018}}, {{0x8160, 0x086c}}, {{0x1008, 0x853b}},
		{{0x0868, 0x0c00}}, {{0x8588, 0x0868}}, {{0x0008, 0x85a8}}, {{0x0868, 0x0008}},
		{{0x85c8, 0x0868}}, {{0x0000, 0x8050}}, {{0x0868, 0x0060}}, {{0x0138, 0x0869}},
		{{0x0018, 0x8510}}, {{0x0868, 0x0018}}, {{0x02c8, 0x0869}}, {{0x0010, 0x8520}},
		{{0x0868, 0x1ff8}}, {{0x85d8, 0x0c68}}, {{0x0000, 0xfdf0}}, {{0x0868, 0x0008}},
		{{0x85f0, 0x0868}}, {{0x0008, 0xa5f0}}, {{0x0868, 0x0298}}, {{0x0100, 0x0869}},
		{{0x0002, 0x0001}}, {{0x0068, 0x0000}}, {{0x0100, 0x0869}}, {{0x0000, 0x85f0}},
		{{0x0868, 0x0000}}, {{0xa5f0, 0x0868}}, {{0x033b, 0x0100}}, {{0x08c9, 0x0000}},
		{{0x0100, 0x08c9}}, {{0x1ff8, 0x85d8}}, {{0x0c68, 0x0008}}, {{0x8df0, 0x0868}},
		{{0x0008, 0xadf0}}, {{0x0868, 0x02a8}}, {{0x0100, 0x0869}}, {{0x0002, 0x0001}},
		{{0x0068, 0x0000}}, {{0x0100, 0x0869}}, {{0x0000, 0x8df0}}, {{0x0868, 0x0000}},
		{{0xadf0, 0x0868}}, {{0x0010, 0x02c8}}, {{0x0869, 0x0028}}, {{0x0004, 0x0068}},
		{{0x000a, 0x0500}}, {{0x0c69, 0x0000}}, {{0x8520, 0x0868}}, {{0x0008, 0x8530}},
		{{0x0868, 0x02ba}}, {{0x0100, 0x0869}}, {{0x0002, 0x0001}}, {{0x0068, 0x0002}},
		{{0x0100, 0x0869}}, {{0x0000, 0x8530}}, {{0x0868, 0x0000}}, {{0x8510, 0x0868}},
		{{0x0000, 0x02c8}}, {{0x0869, 0x0008}}, {{0x8050, 0x0868}}, {{0x0030, 0x0004}},
		{{0x0068, 0x0008}}, {{0x8520, 0x0868}}, {{0x0000, 0x8328}}, {{0x086b, 0x02ca}},
		{{0x0100, 0x0869}}, {{0x0002, 0x0001}}, {{0x0068, 0x0004}}, {{0x0100, 0x0869}},
		{{0x0ff8, 0x8328}}, {{0x086b, 0x0009}}, {{0x0500, 0x0c29}}, {{0x0000, 0x8520}},
		{{0x0868, 0x0008}}, {{0x03c8, 0x0c29}}, {{0x0000, 0x0150}}, {{0x0809, 0x0002}},
		{{0x0370, 0x0809}}, {{0x0000, 0x0400}}, {{0x080e, 0x0010}}, {{0x0004, 0x0118}},
		{{0x0020, 0x82b0}}, {{0x0808, 0x0479}}, {{0xc7f8, 0x080c}}, {{0x0000, 0x0000}},
		{{0x0008, 0x0060}}, {{0x008a, 0x0009}}, {{0x0009, 0xc9c0}}, {{0x0c0c, 0x0000}},
		{{0x0000, 0x0008}}, {{0x0008, 0x02a0}}, {{0x0809, 0x0048}}, {{0xc822, 0x000c}},
		{{0x0048, 0xcc32}}, {{0x000c, 0x0009}}, {{0xc800, 0x0c0c}}, {{0x0000, 0x8168}},
		{{0x080c, 0x0479}}, {{0xc7f8, 0x091c}}, {{0x0000, 0x0000}}, {{0x0118, 0x9190}},
		{{0x80a1, 0x0918}}, {{0x0009, 0xc9c0}}, {{0x0d1c, 0x0000}}, {{0x0000, 0x0118}},
		{{0x0018, 0x00f0}}, {{0x0909, 0x000a}}, {{0xc140, 0x092c}}, {{0x0088, 0x1932}},
		{{0x0129, 0x0088}}, {{0x193a, 0x0129}}, {{0x0000, 0xc140}}, {{0x092c, 0x0008}},
		{{0x0300, 0x0819}}, {{0x0010, 0x8160}}, {{0x080c, 0x0008}}, {{0x07c8, 0x0801}},
		{{0x0008, 0x0000}}, {{0x0008, 0x0008}}, {{0x1880, 0x0809}}, {{0x0010, 0x8160}},
		{{0x080c, 0x1800}}, {{0x8660, 0x0809}}, {{0x4000, 0x8668}}, {{0x0809, 0x0000}},
		{{0x00f0, 0x0909}}, {{0x000f, 0x07c0}}, {{0x0809, 0x0000}}, {{0x02a0, 0x0809}},
		{{0x0008, 0x0618}}, {{0x0809, 0x0000}}, {{0x84b8, 0x0808}}, {{0x0ff8, 0x8410}},
		{{0x0809, 0x7ff8}}, {{0x8498, 0x0808}}, {{0x0000, 0x07c8}}, {{0x0809, 0x0008}},
		{{0x8168, 0x080c}}, {{0x0000, 0x0001}}, {{0x0008, 0x0000}}, {{0x0004, 0x0008}},
		{{0x0000, 0x0004}}, {{0x0008, 0x0018}}, {{0x0300, 0x0809}}, {{0x0000, 0x0480}},
		{{0x0809, 0x0008}}, {{0x0510, 0x0809}}, {{0x7800, 0x8660}}, {{0x0809, 0x0018}},
		{{0x00f0, 0x0909}}, {{0x0008, 0x07c8}}, {{0x0801, 0x0010}}, {{0x0400, 0x080e}},
		{{0x0008, 0x0150}}, {{0x0809, 0x0009}}, {{0x0370, 0x0809}}, {{0x0018, 0x8160}},
		{{0x080c, 0x0008}}, {{0xc800, 0x0c0c}}, {{0x0008, 0xc888}}, {{0x0c04, 0x0020}},
		{{0x8302, 0x000b}}, {{0x0018, 0x8582}}, {{0x0008, 0x9000}}, {{0x8539, 0x0808}},
		{{0x0000, 0x8588}}, {{0x0808, 0x0040}}, {{0x85c8, 0x0808}}, {{0x0000, 0xfdf0}},
		{{0x0808, 0x0800}}, {{0xc5f0, 0x0808}}, {{0x1ff8, 0xfdd8}}, {{0x0c08, 0x0018}},
		{{0xfda8, 0x0808}}, {{0x0040, 0x8520}}, {{0x08d8, 0x0080}}, {{0x8520, 0x08e8}},
		{{0x030a, 0x0100}}, {{0x08d9, 0x032a}}, {{0x0100, 0x08e9}}, {{0x0000, 0x0001}},
		{{0x0008, 0x0000}}, {{0x0100, 0x0809}}, {{0x1ff8, 0xfdd8}}, {{0x0c08, 0x0008}},
		{{0xfda8, 0x0808}}, {{0x0140, 0x8520}}, {{0x08d8, 0x0180}}, {{0x8520, 0x08e8}},
		{{0x030a, 0x0100}}, {{0x08d9, 0x032a}}, {{0x0100, 0x08e9}}, {{0x0000, 0x0001}},
		{{0x0008, 0x0000}}, {{0x0100, 0x0809}}, {{0x0009, 0x0500}}, {{0x0c09, 0x0010}},
		{{0x82b0, 0x0808}}, {{0x0000, 0x8520}}, {{0x0808, 0x0008}}, {{0x03c8, 0x0c09}},
		{{0x0000, 0x0150}}, {{0x0809, 0x0002}}, {{0x0370, 0x0809}}, {{0x0000, 0x0400}},
		{{0x080e, 0x0008}}, {{0xc848, 0x0c0c}}, {{0x0000, 0xc890}}, {{0x0804, 0x0020}},
		{{0x8302, 0x000b}}, {{0x0018, 0x8582}}, {{0x0008, 0x0000}}, {{0x82b0, 0x0808}},
		{{0x1000, 0x8539}}, {{0x0808, 0x0000}}, {{0x8588, 0x0808}}, {{0x0040, 0x85c8}},
		{{0x0808, 0x07f8}}, {{0xfdf0, 0x0808}}, {{0x0800, 0xc5f0}}, {{0x0808, 0x0080}},
		{{0x8088, 0x080b}}, {{0x1ff8, 0xfdd8}}, {{0x0c08, 0x0018}}, {{0xfda8, 0x0808}},
		{{0x0200, 0x8520}}, {{0x08d8, 0x0400}}, {{0x8520, 0x08e8}}, {{0x02da, 0x0100}},
		{{0x08d9, 0x02ea}}, {{0x0100, 0x08e9}}, {{0x0002, 0x0001}}, {{0x0008, 0x0000}},
		{{0x0100, 0x0809}}, {{0x1ff8, 0xfdd8}}, {{0x0c08, 0x0008}}, {{0xfda8, 0x0808}},
		{{0x0a00, 0x8520}}, {{0x08d8, 0x0c00}}, {{0x8520, 0x08e8}}, {{0x02da, 0x0100}},
		{{0x08d9, 0x02ea}}, {{0x0100, 0x08e9}}, {{0x0000, 0x0001}}, {{0x0008, 0x0000}},
		{{0x0100, 0x0809}}, {{0x0009, 0x0500}}, {{0x0c09, 0x0010}}, {{0x82b0, 0x0808}},
		{{0x0000, 0x8520}}, {{0x0808, 0x0008}}, {{0x03c8, 0x0c09}}, {{0x0000, 0x0150}},
		{{0x0809, 0x0002}}, {{0x0370, 0x0809}}, {{0x0000, 0x0400}}, {{0x080e, 0x0008}},
		{{0xc848, 0x0c0c}}, {{0x0000, 0xc890}}, {{0x0804, 0x1008}}, {{0x853b, 0x0808}},
		{{0x0c00, 0x8588}}, {{0x0808, 0x0008}}, {{0x85a8, 0x0808}}, {{0x0008, 0x85c8}},
		{{0x0808, 0x0060}}, {{0x0138, 0x0809}}, {{0x0018, 0x00c8}}, {{0x0809, 0x0000}},
		{{0x00a4, 0x0809}}, {{0x0000, 0x8510}}, {{0x0808, 0x02fa}}, {{0x0100, 0x08d9}},
		{{0x031a, 0x0100}}, {{0x08e9, 0x0002}}, {{0x0001, 0x0008}}, {{0x0002, 0x0100}},
		{{0x0809, 0x0202}}, {{0x8510, 0x0c08}}, {{0x0050, 0x00a2}}, {{0x0009, 0x0000}},
		{{0x0000, 0x0008}}, {{0x0000, 0x0000}}, {{0x0008, 0x0000}}, {{0x0000, 0x0008}},
		{{0x0000, 0x00c8}}, {{0x0809, 0x000b}}, {{0x0508, 0x0809}}, {{0x0008, 0x1900}},
		{{0x0c09, 0x0002}}, {{0x0000, 0x0008}}, {{0x0000, 0x0508}}, {{0x0809, 0x0009}},
		{{0x0500, 0x0c09}}, {{0x0010, 0x82b0}}, {{0x0808, 0x0000}}, {{0x8520, 0x0808}},
		{{0x0008, 0x03c8}}, {{0x0c09, 0x0000}}, {{0x0150, 0x0809}}, {{0x0002, 0x0370}},
		{{0x0809, 0x0000}}, {{0x0400, 0x080e}}, {{0x0008, 0xc848}}, {{0x0c0c, 0x0000}},
		{{0xc890, 0x0804}}, {{0x0020, 0x8302}}, {{0x000b, 0x0018}}, {{0x8582, 0x0008}},
		{{0x1000, 0x8539}}, {{0x0808, 0x0000}}, {{0x8588, 0x0808}}, {{0x0040, 0x85c8}},
		{{0x0808, 0x0008}}, {{0xfdf0, 0x0808}}, {{0x0080, 0x8088}}, {{0x080b, 0x0000}},
		{{0x03b8, 0x0869}}, {{0x1ff8, 0xfdd8}}, {{0x0c08, 0x0018}}, {{0xfda8, 0x0808}},
		{{0x0040, 0x8520}}, {{0x08d8, 0x0080}}, {{0x8520, 0x08e8}}, {{0x02da, 0x0100}},
		{{0x08d9, 0x02ea}}, {{0x0100, 0x08e9}}, {{0x0002, 0x0001}}, {{0x0008, 0x0000}},
		{{0x0100, 0x0809}}, {{0x1ff8, 0xfdd8}}, {{0x0c08, 0x0008}}, {{0xfda8, 0x0808}},
		{{0x0140, 0x8520}}, {{0x08d8, 0x0180}}, {{0x8520, 0x08e8}}, {{0x02da, 0x0100}},
		{{0x08d9, 0x02ea}}, {{0x0100, 0x08e9}}, {{0x0000, 0x0001}}, {{0x0008, 0x0000}},
		{{0x0100, 0x0809}}, {{0x0009, 0x0500}}, {{0x0c09, 0x0010}}, {{0x82b0, 0x0808}},
		{{0x0000, 0x8520}}, {{0x0808, 0x0008}}, {{0x03c8, 0x0c09}}, {{0x0000, 0x0150}},
		{{0x0809, 0x0002}}, {{0x0370, 0x0809}}, {{0x0000, 0x0400}}, {{0x080e, 0x0008}},
		{{0xc848, 0x0c0c}}, {{0x0000, 0xc890}}, {{0x0804, 0x0000}},
	}
};

static const phy_init_config training_lpddr5_table_16 = {
	0x000d0000, 1, false,
	{
		{{0x00e7, 0x0600}},
	}
};

static const phy_init_config training_lpddr5_table_17 = {
	0x00090000, 15, false,
	{
		{{0x001c, 0x0000}}, {{0x0020, 0x0077}}, {{0x0024, 0x0082}}, {{0x0025, 0x002b}},
		{{0x0026, 0x002b}}, {{0x002b, 0x0110}}, {{0x0708, 0x0127}}, {{0x0700, 0x014d}},
		{{0x0701, 0x016f}}, {{0x0702, 0x018e}}, {{0x0703, 0x012d}}, {{0x0704, 0x0000}},
		{{0x0705, 0x0000}}, {{0x0706, 0x0000}}, {{0x0707, 0x0000}},
	}
};

static const phy_init_config training_lpddr5_table_18 = {
	0x00020000, 161, false,
	{
		{{0x018a, 0x0000}}, {{0x0124, 0x0001}}, {{0x018b, 0x0016}}, {{0x0125, 0x0039}},
		{{0x018c, 0x004e}}, {{0x0126, 0x0001}}, {{0x018d, 0x0016}}, {{0x0127, 0x0039}},
		{{0x018e, 0x004e}}, {{0x0128, 0x0017}}, {{0x018f, 0x0027}}, {{0x0129, 0x004f}},
		{{0x0190, 0x005f}}, {{0x012a, 0x0017}}, {{0x0191, 0x0027}}, {{0x012b, 0x004f}},
		{{0x0192, 0x005f}}, {{0x012c, 0x0028}}, {{0x0193, 0x0038}}, {{0x012d, 0x0060}},
		{{0x0194, 0x0070}}, {{0x012e, 0x0028}}, {{0x0195, 0x0038}}, {{0x012f, 0x0060}},
		{{0x0196, 0x0070}}, {{0x0130, 0x0080}}, {{0x0197, 0x0080}}, {{0x0131, 0x0080}},
		{{0x0198, 0x0080}}, {{0x0132, 0x0080}}, {{0x0199, 0x0080}}, {{0x0133, 0x0080}},
		{{0x019a, 0x0080}}, {{0x0134, 0x0071}}, {{0x019b, 0x0074}}, {{0x0135, 0x0077}},
		{{0x019c, 0x007a}}, {{0x0136, 0x0071}}, {{0x019d, 0x0074}}, {{0x0137, 0x0077}},
		{{0x019e, 0x007a}}, {{0x0138, 0x0075}}, {{0x019f, 0x0076}}, {{0x0139, 0x007b}},
		{{0x01a0, 0x007c}}, {{0x013a, 0x0075}}, {{0x01a1, 0x0076}}, {{0x013b, 0x007b}},
		{{0x01a2, 0x007c}}, {{0x013c, 0x007d}}, {{0x01a3, 0x007e}}, {{0x013d, 0x007d}},
		{{0x01a4, 0x007e}}, {{0x013e, 0x007d}}, {{0x01a5, 0x007e}}, {{0x013f, 0x007d}},
		{{0x01a6, 0x007e}}, {{0x0140, 0x007f}}, {{0x01a7, 0x007f}}, {{0x0141, 0x007f}},
		{{0x01a8, 0x007f}}, {{0x0142, 0x007f}}, {{0x01a9, 0x007f}}, {{0x0143, 0x007f}},
		{{0x01aa, 0x007f}}, {{0x0144, 0x0080}}, {{0x01ab, 0x007f}}, {{0x0145, 0x0080}},
		{{0x01ac, 0x007f}}, {{0x0146, 0x0080}}, {{0x01ad, 0x007f}}, {{0x0147, 0x0080}},
		{{0x01ae, 0x007f}}, {{0x0148, 0x0081}}, {{0x01af, 0x0093}}, {{0x0149, 0x0081}},
		{{0x01b0, 0x0093}}, {{0x014a, 0x010a}}, {{0x01b1, 0x011b}}, {{0x014b, 0x010a}},
		{{0x01b2, 0x011b}}, {{0x014c, 0x0094}}, {{0x01b3, 0x009b}}, {{0x014d, 0x0094}},
		{{0x01b4, 0x009b}}, {{0x014e, 0x011c}}, {{0x01b5, 0x0122}}, {{0x014f, 0x011c}},
		{{0x01b6, 0x0122}}, {{0x0150, 0x009c}}, {{0x01b7, 0x00af}}, {{0x0151, 0x009c}},
		{{0x01b8, 0x00af}}, {{0x0152, 0x0123}}, {{0x01b9, 0x0132}}, {{0x0153, 0x0123}},
		{{0x01ba, 0x0132}}, {{0x0154, 0x00b0}}, {{0x01bb, 0x00c0}}, {{0x0155, 0x00b0}},
		{{0x01bc, 0x00c0}}, {{0x0156, 0x0133}}, {{0x01bd, 0x0143}}, {{0x0157, 0x0133}},
		{{0x01be, 0x0143}}, {{0x0158, 0x00c1}}, {{0x01bf, 0x00ca}}, {{0x0159, 0x00c1}},
		{{0x01c0, 0x00ca}}, {{0x015a, 0x0144}}, {{0x01c1, 0x014d}}, {{0x015b, 0x0144}},
		{{0x01c2, 0x014d}}, {{0x015c, 0x00cb}}, {{0x01c3, 0x00d4}}, {{0x015d, 0x00cb}},
		{{0x01c4, 0x00d4}}, {{0x015e, 0x014e}}, {{0x01c5, 0x0157}}, {{0x015f, 0x014e}},
		{{0x01c6, 0x0157}}, {{0x0160, 0x00d5}}, {{0x01c7, 0x00df}}, {{0x0161, 0x00d5}},
		{{0x01c8, 0x00df}}, {{0x0162, 0x0158}}, {{0x01c9, 0x0161}}, {{0x0163, 0x0158}},
		{{0x01ca, 0x0161}}, {{0x0164, 0x00e0}}, {{0x01cb, 0x00ee}}, {{0x0165, 0x00e0}},
		{{0x01cc, 0x00ee}}, {{0x0166, 0x0162}}, {{0x01cd, 0x0170}}, {{0x0167, 0x0162}},
		{{0x01ce, 0x0170}}, {{0x0168, 0x00ef}}, {{0x01cf, 0x00f9}}, {{0x0169, 0x00ef}},
		{{0x01d0, 0x00f9}}, {{0x016a, 0x0171}}, {{0x01d1, 0x017a}}, {{0x016b, 0x0171}},
		{{0x01d2, 0x017a}}, {{0x016c, 0x00fa}}, {{0x01d3, 0x0108}}, {{0x016d, 0x00fa}},
		{{0x01d4, 0x0108}}, {{0x016e, 0x017b}}, {{0x01d5, 0x0189}}, {{0x016f, 0x017b}},
		{{0x01d6, 0x0189}}, {{0x0170, 0x0109}}, {{0x01d7, 0x0109}}, {{0x0171, 0x0109}},
		{{0x01d8, 0x0109}}, {{0x0172, 0x018a}}, {{0x01d9, 0x018a}}, {{0x0173, 0x018a}},
		{{0x01da, 0x018a}},
	}
};

static const phy_init_config training_lpddr5_table_19 = {
	0x00040000, 208, false,
	{
		{{0x1613, 0x0b00}}, {{0x1617, 0x0000}}, {{0x163b, 0x0b00}}, {{0x163f, 0x0000}},
		{{0x1663, 0x0b00}}, {{0x1667, 0x0000}}, {{0x168b, 0x0b00}}, {{0x168f, 0x0000}},
		{{0x1723, 0x0b00}}, {{0x1727, 0x0000}}, {{0x174b, 0x0b00}}, {{0x174f, 0x0000}},
		{{0x17f3, 0x0b00}}, {{0x17f7, 0x0000}}, {{0x181b, 0x0b00}}, {{0x181f, 0x0000}},
		{{0x1a2b, 0x6b00}}, {{0x1a2f, 0x0000}}, {{0x1a53, 0x2b00}}, {{0x1a57, 0x0800}},
		{{0x1a7b, 0x6b00}}, {{0x1a7f, 0x0000}}, {{0x1aa3, 0x2b00}}, {{0x1aa7, 0x0800}},
		{{0x1b33, 0x6b00}}, {{0x1b37, 0x0000}}, {{0x1b5b, 0x2b00}}, {{0x1b5f, 0x0800}},
		{{0x1bfb, 0x6b00}}, {{0x1bff, 0x0000}}, {{0x1c23, 0x2b00}}, {{0x1c27, 0x0800}},
		{{0x1008, 0xc9d8}}, {{0x1009, 0x0000}}, {{0x100a, 0x0000}}, {{0x100b, 0x0000}},
		{{0x100c, 0xc808}}, {{0x100d, 0x0000}}, {{0x100e, 0x0000}}, {{0x100f, 0x0000}},
		{{0x1010, 0x0000}}, {{0x1011, 0x0000}}, {{0x1012, 0x0000}}, {{0x1013, 0x2b00}},
		{{0x1014, 0x0000}}, {{0x1015, 0x0000}}, {{0x1016, 0x0000}}, {{0x1017, 0x0000}},
		{{0x1018, 0xc958}}, {{0x1019, 0x0000}}, {{0x101a, 0x0000}}, {{0x101b, 0x0000}},
		{{0x101c, 0xc688}}, {{0x101d, 0x0000}}, {{0x101e, 0x0000}}, {{0x101f, 0x0000}},
		{{0x1020, 0x0000}}, {{0x1021, 0x0000}}, {{0x1022, 0x0000}}, {{0x1023, 0x2b00}},
		{{0x1024, 0x0000}}, {{0x1025, 0x0000}}, {{0x1026, 0x0000}}, {{0x1027, 0x0000}},
		{{0x1028, 0xc0d8}}, {{0x1029, 0x0000}}, {{0x102a, 0x0000}}, {{0x102b, 0x0000}},
		{{0x102c, 0xd848}}, {{0x102d, 0x0000}}, {{0x102e, 0x0000}}, {{0x102f, 0x0000}},
		{{0x1030, 0x0000}}, {{0x1031, 0x0000}}, {{0x1032, 0x0000}}, {{0x1033, 0x2b00}},
		{{0x1034, 0x0000}}, {{0x1035, 0x0000}}, {{0x1036, 0x0000}}, {{0x1037, 0x0000}},
		{{0x1038, 0xc158}}, {{0x1039, 0x0000}}, {{0x103a, 0x0000}}, {{0x103b, 0x0000}},
		{{0x103c, 0xddc8}}, {{0x103d, 0x0000}}, {{0x103e, 0x0000}}, {{0x103f, 0x0000}},
		{{0x1040, 0x0000}}, {{0x1041, 0x0000}}, {{0x1042, 0x0000}}, {{0x1043, 0x2b00}},
		{{0x1044, 0x0000}}, {{0x1045, 0x0000}}, {{0x1046, 0x0000}}, {{0x1047, 0x0000}},
		{{0x1048, 0xc1d8}}, {{0x1049, 0x0000}}, {{0x104a, 0x0000}}, {{0x104b, 0x0000}},
		{{0x104c, 0xc088}}, {{0x104d, 0x0000}}, {{0x104e, 0x0000}}, {{0x104f, 0x0000}},
		{{0x1050, 0x0000}}, {{0x1051, 0x0000}}, {{0x1052, 0x0000}}, {{0x1053, 0x2b00}},
		{{0x1054, 0x0000}}, {{0x1055, 0x0000}}, {{0x1056, 0x0000}}, {{0x1057, 0x0000}},
		{{0x1058, 0xc558}}, {{0x1059, 0x0000}}, {{0x105a, 0x0000}}, {{0x105b, 0x0000}},
		{{0x105c, 0xec08}}, {{0x105d, 0x0000}}, {{0x105e, 0x0000}}, {{0x105f, 0x0000}},
		{{0x1060, 0x0000}}, {{0x1061, 0x0000}}, {{0x1062, 0x0000}}, {{0x1063, 0x2b00}},
		{{0x1064, 0x0000}}, {{0x1065, 0x0000}}, {{0x1066, 0x0000}}, {{0x1067, 0x0000}},
		{{0x1068, 0xc5d8}}, {{0x1069, 0x0000}}, {{0x106a, 0x0000}}, {{0x106b, 0x0000}},
		{{0x106c, 0xf188}}, {{0x106d, 0x0000}}, {{0x106e, 0x0000}}, {{0x106f, 0x0000}},
		{{0x1070, 0x0000}}, {{0x1071, 0x0000}}, {{0x1072, 0x0000}}, {{0x1073, 0x2b00}},
		{{0x1074, 0x0000}}, {{0x1075, 0x0000}}, {{0x1076, 0x0000}}, {{0x1077, 0x0000}},
		{{0x1078, 0x48d8}}, {{0x1079, 0x0000}}, {{0x107a, 0x0000}}, {{0x107b, 0x0000}},
		{{0x107c, 0x5748}}, {{0x107d, 0x0000}}, {{0x107e, 0x0000}}, {{0x107f, 0x0000}},
		{{0x1080, 0x88d8}}, {{0x1081, 0x0000}}, {{0x1082, 0x0000}}, {{0x1083, 0x0000}},
		{{0x1084, 0x8348}}, {{0x1085, 0x0000}}, {{0x1086, 0x0000}}, {{0x1087, 0x0000}},
		{{0x1088, 0x0000}}, {{0x1089, 0x0000}}, {{0x108a, 0x0000}}, {{0x108b, 0x2b00}},
		{{0x108c, 0x0000}}, {{0x108d, 0x0000}}, {{0x108e, 0x0000}}, {{0x108f, 0x0000}},
		{{0x1090, 0xca58}}, {{0x1091, 0x0000}}, {{0x1092, 0x0000}}, {{0x1093, 0x0000}},
		{{0x1094, 0xc108}}, {{0x1095, 0x0000}}, {{0x1096, 0x0000}}, {{0x1097, 0x0000}},
		{{0x1098, 0x0000}}, {{0x1099, 0x0000}}, {{0x109a, 0x0000}}, {{0x109b, 0x2b00}},
		{{0x109c, 0x0000}}, {{0x109d, 0x0000}}, {{0x109e, 0x0000}}, {{0x109f, 0x0000}},
		{{0x10a0, 0xcb58}}, {{0x10a1, 0x0000}}, {{0x10a2, 0x0000}}, {{0x10a3, 0x0000}},
		{{0x10a4, 0xc008}}, {{0x10a5, 0x0000}}, {{0x10a6, 0x0000}}, {{0x10a7, 0x0000}},
		{{0x10a8, 0x0000}}, {{0x10a9, 0x0000}}, {{0x10aa, 0x0000}}, {{0x10ab, 0x2b00}},
		{{0x10ac, 0x0000}}, {{0x10ad, 0x0000}}, {{0x10ae, 0x0000}}, {{0x10af, 0x0000}},
		{{0x10b0, 0xd4d8}}, {{0x10b1, 0x0000}}, {{0x10b2, 0x0000}}, {{0x10b3, 0x0000}},
		{{0x10b4, 0xd008}}, {{0x10b5, 0x0000}}, {{0x10b6, 0x0000}}, {{0x10b7, 0x0000}},
	}
};

static const phy_init_config training_lpddr5_table_20 = {
	0x000c0000, 6, false,
	{
		{{0x0001, 0x5061}}, {{0x0002, 0x7098}}, {{0x0003, 0x0000}}, {{0x0000, 0xbedc}},
		{{0x0006, 0xb0db}}, {{0x0007, 0x0000}},
	}
};

static const phy_init_config training_lpddr5_table_21 = {
	0x00090000, 36, false,
	{
		{{0x070c, 0x0000}}, {{0x070d, 0x07ff}}, {{0x070e, 0x0668}}, {{0x070f, 0x7910}},
		{{0x0710, 0x355e}}, {{0x0711, 0xcbb5}}, {{0x0713, 0xffff}}, {{0x0714, 0x0710}},
		{{0x0715, 0x7800}}, {{0x0c10, 0xffff}}, {{0x0c12, 0xff10}}, {{0x0712, 0x2ee8}},
		{{0x0c11, 0xffff}}, {{0x0716, 0xffdf}}, {{0x0717, 0x6f10}}, {{0x0718, 0x6f10}},
		{{0x0719, 0x2868}}, {{0x071a, 0x2868}}, {{0x071b, 0xfeef}}, {{0x0904, 0xe400}},
		{{0x0986, 0xe400}}, {{0x0920, 0x0000}}, {{0x0921, 0x0000}}, {{0x0922, 0x0000}},
		{{0x0923, 0x0000}}, {{0x0924, 0xff00}}, {{0x0925, 0xff00}}, {{0x0926, 0xff00}},
		{{0x0927, 0xff00}}, {{0x0930, 0x4000}}, {{0x0931, 0x2000}}, {{0x0932, 0xff00}},
		{{0x0933, 0xff00}}, {{0x090a, 0x0000}}, {{0x090c, 0x0000}}, {{0x090d, 0x0001}},
	}
};

static const phy_init_config training_lpddr5_table_22 = {
	0x00020000, 3, false,
	{
		{{0x00f0, 0x27f7}}, {{0x00f1, 0x2108}}, {{0x00f2, 0x2108}},
	}
};

static const phy_init_config training_lpddr5_table_23 = {
	0x00010000, 20, false,
	{
		{{0x00b9, 0x0001}}, {{0x00b1, 0x0180}}, {{0x00ba, 0x0001}}, {{0x00a2, 0x0000}},
		{{0x00b5, 0x0001}}, {{0x10b9, 0x0001}}, {{0x10b1, 0x0180}}, {{0x10ba, 0x0001}},
		{{0x10a2, 0x0000}}, {{0x10b5, 0x0001}}, {{0x20b9, 0x0001}}, {{0x20b1, 0x0180}},
		{{0x20ba, 0x0001}}, {{0x20a2, 0x0000}}, {{0x20b5, 0x0001}}, {{0x30b9, 0x0001}},
		{{0x30b1, 0x0180}}, {{0x30ba, 0x0001}}, {{0x30a2, 0x0000}}, {{0x30b5, 0x0001}},
	}
};

static const phy_init_config training_lpddr5_table_24 = {
	0x00070000, 73, false,
	{
		{{0x0024, 0x5a3c}}, {{0x0025, 0x5a3c}}, {{0x0026, 0x5a3c}}, {{0x0027, 0x5a3c}},
		{{0x0028, 0x5a3c}}, {{0x0029, 0x5a3c}}, {{0x002a, 0x5a3c}}, {{0x002b, 0x5a3c}},
		{{0x0124, 0x5a3c}}, {{0x0125, 0x5a3c}}, {{0x0126, 0x5a3c}}, {{0x0127, 0x5a3c}},
		{{0x0128, 0x5a3c}}, {{0x0129, 0x5a3c}}, {{0x012a, 0x5a3c}}, {{0x012b, 0x5a3c}},
		{{0x0224, 0x5a3c}}, {{0x0225, 0x5a3c}}, {{0x0226, 0x5a3c}}, {{0x0227, 0x5a3c}},
		{{0x0228, 0x5a3c}}, {{0x0229, 0x5a3c}}, {{0x022a, 0x5a3c}}, {{0x022b, 0x5a3c}},
		{{0x0324, 0x5a3c}}, {{0x0325, 0x5a3c}}, {{0x0326, 0x5a3c}}, {{0x0327, 0x5a3c}},
		{{0x0328, 0x5a3c}}, {{0x0329, 0x5a3c}}, {{0x032a, 0x5a3c}}, {{0x032b, 0x5a3c}},
		{{0x0424, 0x5a3c}}, {{0x0425, 0x5a3c}}, {{0x0426, 0x5a3c}}, {{0x0427, 0x5a3c}},
		{{0x0428, 0x5a3c}}, {{0x0429, 0x5a3c}}, {{0x042a, 0x5a3c}}, {{0x042b, 0x5a3c}},
		{{0x0524, 0x5a3c}}, {{0x0525, 0x5a3c}}, {{0x0526, 0x5a3c}}, {{0x0527, 0x5a3c}},
		{{0x0528, 0x5a3c}}, {{0x0529, 0x5a3c}}, {{0x052a, 0x5a3c}}, {{0x052b, 0x5a3c}},
		{{0x0624, 0x5a3c}}, {{0x0625, 0x5a3c}}, {{0x0626, 0x5a3c}}, {{0x0627, 0x5a3c}},
		{{0x0628, 0x5a3c}}, {{0x0629, 0x5a3c}}, {{0x062a, 0x5a3c}}, {{0x062b, 0x5a3c}},
		{{0x0724, 0x5a3c}}, {{0x0725, 0x5a3c}}, {{0x0726, 0x5a3c}}, {{0x0727, 0x5a3c}},
		{{0x0728, 0x5a3c}}, {{0x0729, 0x5a3c}}, {{0x072a, 0x5a3c}}, {{0x072b, 0x5a3c}},
		{{0x0824, 0x5a3c}}, {{0x0825, 0x5a3c}}, {{0x0826, 0x5a3c}}, {{0x0827, 0x5a3c}},
		{{0x0828, 0x5a3c}}, {{0x0829, 0x5a3c}}, {{0x082a, 0x5a3c}}, {{0x082b, 0x5a3c}},
		{{0x0065, 0x01ff}},
	}
};

static const phy_init_config training_lpddr5_table_25 = {
	0x00020000, 2, false,
	{
		{{0x007e, 0x0033}}, {{0x00ef, 0xffff}},
	}
};

static const phy_init_config training_lpddr5_table_26 = {
	0x00090000, 1, false,
	{
		{{0x0910, 0x0002}},
	}
};

static const phy_init_config training_lpddr5_table_27 = {
	0x00020000, 2, false,
	{
		{{0x0310, 0x0001}}, {{0x0311, 0x0001}},
	}
};

static const phy_init_config training_lpddr5_table_28 = {
	0x000c0000, 1, false,
	{
		{{0x0080, 0x0002}},
	}
};

static const phy_init_config training_lpddr5_table_29 = {
	0x000d0000, 2, false,
	{
		{{0x0003, 0x0000}}, {{0x0000, 0x0001}},
	}
};

const phy_init_config* lp5_train_table[] = {
	&training_lpddr5_table_0,
	&training_lpddr5_table_1,
	&training_lpddr5_table_2,
	&training_lpddr5_table_3,
	&training_lpddr5_table_4,
	&training_lpddr5_table_5,
	&training_lpddr5_table_6,
	&training_lpddr5_table_7,
	&training_lpddr5_table_8,
	&training_lpddr5_table_9,
	&training_lpddr5_table_10,
	&training_lpddr5_table_11,
	&training_lpddr5_table_12,
	&training_lpddr5_table_13,
	&training_lpddr5_table_14,
	&training_lpddr5_table_15,
	&training_lpddr5_table_16,
	&training_lpddr5_table_17,
	&training_lpddr5_table_18,
	&training_lpddr5_table_19,
	&training_lpddr5_table_20,
	&training_lpddr5_table_21,
	&training_lpddr5_table_22,
	&training_lpddr5_table_23,
	&training_lpddr5_table_24,
	&training_lpddr5_table_25,
	&training_lpddr5_table_26,
	&training_lpddr5_table_27,
	&training_lpddr5_table_28,
	&training_lpddr5_table_29,
	NULL,
};

const ddr_phy_reg_config phy_override_seq_lp5_16g[] = {
	{0x4107c, 0x5708},
	{0x41084, 0x9708},
	{0x41a53, 0x3b00},
	{0x41aa3, 0x3b00},
	{0x41b5b, 0x3b00},
	{0x41c23, 0x3b00},
	{0x4107c, 0x5708},
	{0x41084, 0x9708},
	{0, 0}
};
