// SPDX-License-Identifier: GPL-2.0+
/*
 * Copyright (C) 2026 Spacemit
 */

#include "k3_ddr.h"

static const phy_init_config training_4g_table_0 = {
	0x00090000, 8, false,
	{
		{{0x08f0, 0x0086}}, {{0x08f1, 0x010a}}, {{0x08f2, 0x0000}}, {{0x08f3, 0x002c}},
		{{0x08f4, 0x001a}}, {{0x08f5, 0x0006}}, {{0x08f6, 0x0081}}, {{0x08f7, 0x0000}},
	}
};

static const phy_init_config training_4g_table_1 = {
	0x00040000, 112, false,
	{
		{{0x1008, 0x2066}}, {{0x1009, 0xd800}}, {{0x100a, 0x1e01}}, {{0x100b, 0x0000}},
		{{0x100c, 0x0000}}, {{0x100d, 0x0000}}, {{0x100e, 0x0000}}, {{0x100f, 0x0000}},
		{{0x1010, 0x0000}}, {{0x1011, 0x0000}}, {{0x1012, 0x0000}}, {{0x1013, 0x1b00}},
		{{0x1014, 0x0000}}, {{0x1015, 0x0000}}, {{0x1016, 0x0000}}, {{0x1017, 0x0000}},
		{{0x1018, 0x4046}}, {{0x1019, 0x5800}}, {{0x101a, 0x1f81}}, {{0x101b, 0x0000}},
		{{0x101c, 0x0000}}, {{0x101d, 0x0000}}, {{0x101e, 0x0000}}, {{0x101f, 0x0000}},
		{{0x1020, 0x0000}}, {{0x1021, 0x0000}}, {{0x1022, 0x0000}}, {{0x1023, 0x1b00}},
		{{0x1024, 0x0000}}, {{0x1025, 0x0000}}, {{0x1026, 0x0000}}, {{0x1027, 0x0000}},
		{{0x1028, 0x6066}}, {{0x1029, 0x5800}}, {{0x102a, 0x1981}}, {{0x102b, 0x0000}},
		{{0x102c, 0x0000}}, {{0x102d, 0x0000}}, {{0x102e, 0x0000}}, {{0x102f, 0x0000}},
		{{0x1030, 0x0000}}, {{0x1031, 0x0000}}, {{0x1032, 0x0000}}, {{0x1033, 0x1b00}},
		{{0x1034, 0x0000}}, {{0x1035, 0x0000}}, {{0x1036, 0x0000}}, {{0x1037, 0x0000}},
		{{0x1038, 0x6046}}, {{0x1039, 0xd801}}, {{0x103a, 0x1201}}, {{0x103b, 0x0000}},
		{{0x103c, 0x0000}}, {{0x103d, 0x0000}}, {{0x103e, 0x0000}}, {{0x103f, 0x0000}},
		{{0x1040, 0x0000}}, {{0x1041, 0x0000}}, {{0x1042, 0x0000}}, {{0x1043, 0x1b00}},
		{{0x1044, 0x0000}}, {{0x1045, 0x0000}}, {{0x1046, 0x0000}}, {{0x1047, 0x0000}},
		{{0x1048, 0xc046}}, {{0x1049, 0x5802}}, {{0x104a, 0x1701}}, {{0x104b, 0x0000}},
		{{0x104c, 0x0000}}, {{0x104d, 0x0000}}, {{0x104e, 0x0000}}, {{0x104f, 0x0000}},
		{{0x1050, 0xc006}}, {{0x1051, 0x5802}}, {{0x1052, 0x0300}}, {{0x1053, 0x0000}},
		{{0x1054, 0x0000}}, {{0x1055, 0x0000}}, {{0x1056, 0x0000}}, {{0x1057, 0x0000}},
		{{0x1058, 0x0000}}, {{0x1059, 0x0000}}, {{0x105a, 0x0000}}, {{0x105b, 0x1b00}},
		{{0x105c, 0x0000}}, {{0x105d, 0x0000}}, {{0x105e, 0x0000}}, {{0x105f, 0x0000}},
		{{0x1060, 0xa046}}, {{0x1061, 0x5802}}, {{0x1062, 0x0001}}, {{0x1063, 0x0000}},
		{{0x1064, 0x0000}}, {{0x1065, 0x0000}}, {{0x1066, 0x0000}}, {{0x1067, 0x0000}},
		{{0x1068, 0x0000}}, {{0x1069, 0x0000}}, {{0x106a, 0x0000}}, {{0x106b, 0x1b00}},
		{{0x106c, 0x0000}}, {{0x106d, 0x0000}}, {{0x106e, 0x0000}}, {{0x106f, 0x0000}},
		{{0x1070, 0x6046}}, {{0x1071, 0x5806}}, {{0x1072, 0x0001}}, {{0x1073, 0x0000}},
		{{0x1074, 0x0000}}, {{0x1075, 0x0000}}, {{0x1076, 0x0000}}, {{0x1077, 0x0000}},
	}
};

static const phy_init_config training_4g_table_2 = {
	0x00020000, 1, false,
	{
		{{0x0015, 0x0000}},
	}
};

static const phy_init_config training_4g_table_3 = {
	0x00030000, 4, false,
	{
		{{0x004a, 0x0000}}, {{0x004b, 0x0000}}, {{0x104a, 0x0000}}, {{0x104b, 0x0000}},
	}
};

static const phy_init_config training_4g_table_4 = {
	0x00020000, 3, false,
	{
		{{0x004c, 0x080e}}, {{0x004d, 0x0001}}, {{0x0045, 0x0001}},
	}
};

static const phy_init_config training_4g_table_5 = {
	0x00010000, 8, false,
	{
		{{0x0057, 0x0001}}, {{0x1057, 0x0001}}, {{0x2057, 0x0001}}, {{0x3057, 0x0001}},
		{{0x000f, 0x1589}}, {{0x100f, 0x1589}}, {{0x200f, 0x1589}}, {{0x300f, 0x1589}},
	}
};

static const phy_init_config training_4g_table_6 = {
	0x00090000, 7, false,
	{
		{{0x0803, 0x0000}}, {{0x0804, 0x0002}}, {{0x0805, 0x0001}}, {{0x0903, 0x0000}},
		{{0x090b, 0x0002}}, {{0x0811, 0x0000}}, {{0x0812, 0xff00}},
	}
};

static const phy_init_config training_4g_table_7 = {
	0x00020000, 1, false,
	{
		{{0x0072, 0x0001}},
	}
};

static const phy_init_config training_4g_table_8 = {
	0x00090000, 1, false,
	{
		{{0x080e, 0x0001}},
	}
};

static const phy_init_config training_4g_table_9 = {
	0x00020000, 1, false,
	{
		{{0x0073, 0x0001}},
	}
};

static const phy_init_config training_4g_table_10 = {
	0x00090000, 1, false,
	{
		{{0x080f, 0x0001}},
	}
};

static const phy_init_config training_4g_table_11 = {
	0x000d0000, 1, false,
	{
		{{0x0000, 0x0000}},
	}
};

static const phy_init_config training_4g_table_12 = {
	0x00040000, 488, false,
	{
		{{0x1000, 0x0000}}, {{0x1001, 0x0000}}, {{0x1002, 0x0000}}, {{0x1003, 0x0000}},
		{{0x1004, 0x0000}}, {{0x1005, 0x0000}}, {{0x1006, 0x0000}}, {{0x1007, 0x0000}},
		{{0x1188, 0xa046}}, {{0x1189, 0xd801}}, {{0x118a, 0x0401}}, {{0x118b, 0x0000}},
		{{0x118c, 0x0000}}, {{0x118d, 0x0000}}, {{0x118e, 0x0000}}, {{0x118f, 0x0000}},
		{{0x1190, 0xa046}}, {{0x1191, 0xd801}}, {{0x1192, 0x0001}}, {{0x1193, 0x0000}},
		{{0x1194, 0x0000}}, {{0x1195, 0x0000}}, {{0x1196, 0x0000}}, {{0x1197, 0x0000}},
		{{0x1198, 0xa066}}, {{0x1199, 0x5801}}, {{0x119a, 0x0401}}, {{0x119b, 0x0000}},
		{{0x119c, 0x0000}}, {{0x119d, 0x0000}}, {{0x119e, 0x0000}}, {{0x119f, 0x0000}},
		{{0x11a0, 0xa066}}, {{0x11a1, 0x5801}}, {{0x11a2, 0x0001}}, {{0x11a3, 0x0000}},
		{{0x11a4, 0x0000}}, {{0x11a5, 0x0000}}, {{0x11a6, 0x0000}}, {{0x11a7, 0x0000}},
		{{0x11a8, 0xe060}}, {{0x11a9, 0x0001}}, {{0x11aa, 0x0000}}, {{0x11ab, 0x0000}},
		{{0x11ac, 0x0000}}, {{0x11ad, 0x0000}}, {{0x11ae, 0x0000}}, {{0x11af, 0x0000}},
		{{0x11b0, 0x2060}}, {{0x11b1, 0x0002}}, {{0x11b2, 0x0000}}, {{0x11b3, 0x0000}},
		{{0x11b4, 0x0000}}, {{0x11b5, 0x0000}}, {{0x11b6, 0x0000}}, {{0x11b7, 0x0000}},
		{{0x11b8, 0xe046}}, {{0x11b9, 0xd802}}, {{0x11ba, 0x0001}}, {{0x11bb, 0x0000}},
		{{0x11bc, 0x0000}}, {{0x11bd, 0x0000}}, {{0x11be, 0x0000}}, {{0x11bf, 0x0000}},
		{{0x11c0, 0x0000}}, {{0x11c1, 0x0000}}, {{0x11c2, 0x0000}}, {{0x11c3, 0x2b00}},
		{{0x11c4, 0x0000}}, {{0x11c5, 0x0000}}, {{0x11c6, 0x0000}}, {{0x11c7, 0x0000}},
		{{0x11c8, 0x0000}}, {{0x11c9, 0x0000}}, {{0x11ca, 0x0000}}, {{0x11cb, 0x0000}},
		{{0x11cc, 0x6060}}, {{0x11cd, 0x0001}}, {{0x11ce, 0x0000}}, {{0x11cf, 0x0000}},
		{{0x11d0, 0x0000}}, {{0x11d1, 0x0000}}, {{0x11d2, 0x0000}}, {{0x11d3, 0x2b00}},
		{{0x11d4, 0x0000}}, {{0x11d5, 0x0000}}, {{0x11d6, 0x0000}}, {{0x11d7, 0x0000}},
		{{0x11d8, 0x0046}}, {{0x11d9, 0x5804}}, {{0x11da, 0x0081}}, {{0x11db, 0x0000}},
		{{0x11dc, 0x0000}}, {{0x11dd, 0x0000}}, {{0x11de, 0x0000}}, {{0x11df, 0x0000}},
		{{0x11e0, 0x0000}}, {{0x11e1, 0x0000}}, {{0x11e2, 0x0000}}, {{0x11e3, 0x1b00}},
		{{0x11e4, 0x0000}}, {{0x11e5, 0x0000}}, {{0x11e6, 0x0000}}, {{0x11e7, 0x0000}},
		{{0x11e8, 0x0000}}, {{0x11e9, 0x0000}}, {{0x11ea, 0x0000}}, {{0x11eb, 0x0000}},
		{{0x11ec, 0x0046}}, {{0x11ed, 0x5805}}, {{0x11ee, 0x0001}}, {{0x11ef, 0x0000}},
		{{0x11f0, 0x0000}}, {{0x11f1, 0x0000}}, {{0x11f2, 0x0000}}, {{0x11f3, 0x2b00}},
		{{0x11f4, 0x0000}}, {{0x11f5, 0x0000}}, {{0x11f6, 0x0000}}, {{0x11f7, 0x0000}},
		{{0x11f8, 0xe046}}, {{0x11f9, 0x5801}}, {{0x11fa, 0x0001}}, {{0x11fb, 0x0000}},
		{{0x11fc, 0x0000}}, {{0x11fd, 0x0000}}, {{0x11fe, 0x0000}}, {{0x11ff, 0x0000}},
		{{0x1200, 0x0000}}, {{0x1201, 0x0000}}, {{0x1202, 0x0000}}, {{0x1203, 0x1b00}},
		{{0x1204, 0x0000}}, {{0x1205, 0x0000}}, {{0x1206, 0x0000}}, {{0x1207, 0x0000}},
		{{0x1208, 0x0000}}, {{0x1209, 0x0000}}, {{0x120a, 0x0000}}, {{0x120b, 0x0000}},
		{{0x120c, 0x8046}}, {{0x120d, 0x5802}}, {{0x120e, 0x0001}}, {{0x120f, 0x0000}},
		{{0x1210, 0x0000}}, {{0x1211, 0x0000}}, {{0x1212, 0x0000}}, {{0x1213, 0x3b00}},
		{{0x1214, 0x0000}}, {{0x1215, 0x0000}}, {{0x1216, 0x0000}}, {{0x1217, 0x0000}},
		{{0x1218, 0x014e}}, {{0x1219, 0x4800}}, {{0x121a, 0x0001}}, {{0x121b, 0x0400}},
		{{0x121c, 0x0000}}, {{0x121d, 0x0000}}, {{0x121e, 0x0000}}, {{0x121f, 0x0000}},
		{{0x1220, 0x064e}}, {{0x1221, 0x4800}}, {{0x1222, 0x0001}}, {{0x1223, 0x0400}},
		{{0x1224, 0x0000}}, {{0x1225, 0x0000}}, {{0x1226, 0x0000}}, {{0x1227, 0x0000}},
		{{0x1228, 0x0000}}, {{0x1229, 0x0000}}, {{0x122a, 0x0000}}, {{0x122b, 0x5f00}},
		{{0x122c, 0x0000}}, {{0x122d, 0x0000}}, {{0x122e, 0x0000}}, {{0x122f, 0x0000}},
		{{0x1230, 0x0000}}, {{0x1231, 0x0000}}, {{0x1232, 0x0000}}, {{0x1233, 0x0000}},
		{{0x1234, 0x0000}}, {{0x1235, 0x0000}}, {{0x1236, 0x0000}}, {{0x1237, 0x0000}},
		{{0x1238, 0x0000}}, {{0x1239, 0x0000}}, {{0x123a, 0x0000}}, {{0x123b, 0x0000}},
		{{0x123c, 0x0000}}, {{0x123d, 0x0000}}, {{0x123e, 0x0000}}, {{0x123f, 0x0000}},
		{{0x1240, 0x0000}}, {{0x1241, 0x0000}}, {{0x1242, 0x0000}}, {{0x1243, 0x2b00}},
		{{0x1244, 0x0000}}, {{0x1245, 0x0000}}, {{0x1246, 0x0000}}, {{0x1247, 0x0000}},
		{{0x1248, 0x0000}}, {{0x1249, 0x0000}}, {{0x124a, 0x0000}}, {{0x124b, 0x0000}},
		{{0x124c, 0x0000}}, {{0x124d, 0x0000}}, {{0x124e, 0x0000}}, {{0x124f, 0x0000}},
		{{0x1250, 0x0000}}, {{0x1251, 0x0000}}, {{0x1252, 0x0000}}, {{0x1253, 0x6b00}},
		{{0x1254, 0x0000}}, {{0x1255, 0x0000}}, {{0x1256, 0x0000}}, {{0x1257, 0x0000}},
		{{0x1258, 0x6060}}, {{0x1259, 0x4800}}, {{0x125a, 0x0001}}, {{0x125b, 0x0000}},
		{{0x125c, 0x0000}}, {{0x125d, 0x0000}}, {{0x125e, 0x0000}}, {{0x125f, 0x0000}},
		{{0x1260, 0x6660}}, {{0x1261, 0x4800}}, {{0x1262, 0x0001}}, {{0x1263, 0x0000}},
		{{0x1264, 0x0000}}, {{0x1265, 0x0000}}, {{0x1266, 0x0000}}, {{0x1267, 0x0000}},
		{{0x1268, 0x6060}}, {{0x1269, 0x4800}}, {{0x126a, 0x0001}}, {{0x126b, 0x0000}},
		{{0x126c, 0x0000}}, {{0x126d, 0x0000}}, {{0x126e, 0x0000}}, {{0x126f, 0x0000}},
		{{0x1270, 0x0000}}, {{0x1271, 0x0000}}, {{0x1272, 0x0000}}, {{0x1273, 0x1b00}},
		{{0x1274, 0x0000}}, {{0x1275, 0x0000}}, {{0x1276, 0x0000}}, {{0x1277, 0x0000}},
		{{0x1278, 0x0000}}, {{0x1279, 0x0000}}, {{0x127a, 0x0000}}, {{0x127b, 0x0000}},
		{{0x127c, 0x0000}}, {{0x127d, 0x0000}}, {{0x127e, 0x0000}}, {{0x127f, 0x0000}},
		{{0x1280, 0x0000}}, {{0x1281, 0x0000}}, {{0x1282, 0x0000}}, {{0x1283, 0x0b00}},
		{{0x1284, 0x0000}}, {{0x1285, 0x0000}}, {{0x1286, 0x0000}}, {{0x1287, 0x0400}},
		{{0x1288, 0x0000}}, {{0x1289, 0x0000}}, {{0x128a, 0x0000}}, {{0x128b, 0x0000}},
		{{0x128c, 0x0000}}, {{0x128d, 0x0000}}, {{0x128e, 0x0000}}, {{0x128f, 0x0000}},
		{{0x1290, 0x464e}}, {{0x1291, 0x4802}}, {{0x1292, 0x0001}}, {{0x1293, 0x0000}},
		{{0x1294, 0x0000}}, {{0x1295, 0x0000}}, {{0x1296, 0x0000}}, {{0x1297, 0x0000}},
		{{0x1298, 0x0000}}, {{0x1299, 0x0000}}, {{0x129a, 0x0000}}, {{0x129b, 0x1b00}},
		{{0x129c, 0x0000}}, {{0x129d, 0x0000}}, {{0x129e, 0x0000}}, {{0x129f, 0x0000}},
		{{0x12a0, 0x664e}}, {{0x12a1, 0x4802}}, {{0x12a2, 0x0001}}, {{0x12a3, 0x0000}},
		{{0x12a4, 0x0000}}, {{0x12a5, 0x0000}}, {{0x12a6, 0x0000}}, {{0x12a7, 0x0000}},
		{{0x12a8, 0x0000}}, {{0x12a9, 0x0000}}, {{0x12aa, 0x0000}}, {{0x12ab, 0x6b00}},
		{{0x12ac, 0x0000}}, {{0x12ad, 0x0000}}, {{0x12ae, 0x0000}}, {{0x12af, 0x0000}},
		{{0x12b0, 0x0000}}, {{0x12b1, 0x0000}}, {{0x12b2, 0x0000}}, {{0x12b3, 0x0000}},
		{{0x12b4, 0x0000}}, {{0x12b5, 0x0000}}, {{0x12b6, 0x0000}}, {{0x12b7, 0x0000}},
		{{0x12b8, 0xe960}}, {{0x12b9, 0x4800}}, {{0x12ba, 0x0005}}, {{0x12bb, 0x0000}},
		{{0x12bc, 0x0000}}, {{0x12bd, 0x0000}}, {{0x12be, 0x0000}}, {{0x12bf, 0x0000}},
		{{0x12c0, 0x0000}}, {{0x12c1, 0x0000}}, {{0x12c2, 0x0000}}, {{0x12c3, 0x0b00}},
		{{0x12c4, 0x0000}}, {{0x12c5, 0x0000}}, {{0x12c6, 0x0000}}, {{0x12c7, 0x0400}},
		{{0x12c8, 0x0000}}, {{0x12c9, 0x0000}}, {{0x12ca, 0x0000}}, {{0x12cb, 0x0000}},
		{{0x12cc, 0x2660}}, {{0x12cd, 0x4800}}, {{0x12ce, 0x0001}}, {{0x12cf, 0x0000}},
		{{0x12d0, 0x0000}}, {{0x12d1, 0x0000}}, {{0x12d2, 0x0000}}, {{0x12d3, 0x1b00}},
		{{0x12d4, 0x0000}}, {{0x12d5, 0x0000}}, {{0x12d6, 0x0000}}, {{0x12d7, 0x0400}},
		{{0x12d8, 0x0000}}, {{0x12d9, 0x0000}}, {{0x12da, 0x0000}}, {{0x12db, 0x0000}},
		{{0x12dc, 0x0000}}, {{0x12dd, 0x0000}}, {{0x12de, 0x0000}}, {{0x12df, 0x0000}},
		{{0x12e0, 0x0000}}, {{0x12e1, 0x0000}}, {{0x12e2, 0x0000}}, {{0x12e3, 0x0000}},
		{{0x12e4, 0x0000}}, {{0x12e5, 0x0000}}, {{0x12e6, 0x0000}}, {{0x12e7, 0x0000}},
		{{0x12e8, 0xe9a0}}, {{0x12e9, 0x4800}}, {{0x12ea, 0x0006}}, {{0x12eb, 0x0010}},
		{{0x12ec, 0x0000}}, {{0x12ed, 0x0000}}, {{0x12ee, 0x0000}}, {{0x12ef, 0x0000}},
		{{0x12f0, 0x0000}}, {{0x12f1, 0x0000}}, {{0x12f2, 0x0000}}, {{0x12f3, 0x0b00}},
		{{0x12f4, 0x0000}}, {{0x12f5, 0x0000}}, {{0x12f6, 0x0000}}, {{0x12f7, 0x0400}},
		{{0x12f8, 0x0000}}, {{0x12f9, 0x0000}}, {{0x12fa, 0x0000}}, {{0x12fb, 0x0000}},
		{{0x12fc, 0x26a0}}, {{0x12fd, 0x4800}}, {{0x12fe, 0x0002}}, {{0x12ff, 0x0010}},
		{{0x1300, 0x0000}}, {{0x1301, 0x0000}}, {{0x1302, 0x0000}}, {{0x1303, 0x1b00}},
		{{0x1304, 0x0000}}, {{0x1305, 0x0000}}, {{0x1306, 0x0000}}, {{0x1307, 0x0400}},
		{{0x1308, 0x0000}}, {{0x1309, 0x0000}}, {{0x130a, 0x0000}}, {{0x130b, 0x0000}},
		{{0x130c, 0x0000}}, {{0x130d, 0x0000}}, {{0x130e, 0x0000}}, {{0x130f, 0x0000}},
		{{0x1310, 0x0000}}, {{0x1311, 0x0000}}, {{0x1312, 0x0000}}, {{0x1313, 0x0000}},
		{{0x1314, 0x0000}}, {{0x1315, 0x0000}}, {{0x1316, 0x0000}}, {{0x1317, 0x0000}},
		{{0x1318, 0x6660}}, {{0x1319, 0x4800}}, {{0x131a, 0x0001}}, {{0x131b, 0x7a00}},
		{{0x131c, 0x0000}}, {{0x131d, 0x0000}}, {{0x131e, 0x0000}}, {{0x131f, 0x0000}},
		{{0x1320, 0x0000}}, {{0x1321, 0x0000}}, {{0x1322, 0x0000}}, {{0x1323, 0x0100}},
		{{0x1324, 0x0000}}, {{0x1325, 0x0000}}, {{0x1326, 0x0000}}, {{0x1327, 0x0000}},
		{{0x1328, 0x0000}}, {{0x1329, 0x0000}}, {{0x132a, 0x0000}}, {{0x132b, 0x0000}},
		{{0x132c, 0x0000}}, {{0x132d, 0x0000}}, {{0x132e, 0x0000}}, {{0x132f, 0x0000}},
		{{0x1330, 0x0000}}, {{0x1331, 0x0000}}, {{0x1332, 0x0000}}, {{0x1333, 0x6b00}},
		{{0x1334, 0x0000}}, {{0x1335, 0x0000}}, {{0x1336, 0x0000}}, {{0x1337, 0x0000}},
		{{0x1338, 0x0000}}, {{0x1339, 0x0000}}, {{0x133a, 0x0000}}, {{0x133b, 0x0000}},
		{{0x133c, 0x0000}}, {{0x133d, 0x0000}}, {{0x133e, 0x0000}}, {{0x133f, 0x0000}},
		{{0x1340, 0x66a0}}, {{0x1341, 0x4800}}, {{0x1342, 0x0002}}, {{0x1343, 0x7a10}},
		{{0x1344, 0x0000}}, {{0x1345, 0x0000}}, {{0x1346, 0x0000}}, {{0x1347, 0x0000}},
		{{0x1348, 0x0000}}, {{0x1349, 0x0000}}, {{0x134a, 0x0000}}, {{0x134b, 0x0100}},
		{{0x134c, 0x0000}}, {{0x134d, 0x0000}}, {{0x134e, 0x0000}}, {{0x134f, 0x0000}},
		{{0x1350, 0x0000}}, {{0x1351, 0x0000}}, {{0x1352, 0x0000}}, {{0x1353, 0x0000}},
		{{0x1354, 0x0000}}, {{0x1355, 0x0000}}, {{0x1356, 0x0000}}, {{0x1357, 0x0000}},
		{{0x1358, 0x0000}}, {{0x1359, 0x0000}}, {{0x135a, 0x0000}}, {{0x135b, 0x6b00}},
		{{0x135c, 0x0000}}, {{0x135d, 0x0000}}, {{0x135e, 0x0000}}, {{0x135f, 0x0000}},
		{{0x1360, 0x0000}}, {{0x1361, 0x0000}}, {{0x1362, 0x0000}}, {{0x1363, 0x0000}},
		{{0x1364, 0x0000}}, {{0x1365, 0x0000}}, {{0x1366, 0x0000}}, {{0x1367, 0x0000}},
	}
};

static const phy_init_config training_4g_table_13 = {
	0x0009002e, 1083, true,
	{
		{{0x0010, 0x0400}}, {{0x080e, 0x000b}}, {{0x0480, 0x0809}}, {{0x0009, 0x0308}},
		{{0x0c09, 0x0028}}, {{0x8160, 0x087c}}, {{0x0098, 0x0820}}, {{0x0c7e, 0x0002}},
		{{0x0001, 0x0078}}, {{0x000a, 0x0370}}, {{0x0839, 0x0018}}, {{0x8160, 0x083c}},
		{{0x0221, 0x03f0}}, {{0x0839, 0x0070}}, {{0x0392, 0x0039}}, {{0x0078, 0x039a}},
		{{0x0039, 0x0e09}}, {{0x0100, 0x0839}}, {{0x0002, 0x0001}}, {{0x0038, 0x0000}},
		{{0x0100, 0x0839}}, {{0x0000, 0x0398}}, {{0x0839, 0x0e19}}, {{0x0100, 0x0839}},
		{{0x0002, 0x0001}}, {{0x0038, 0x0000}}, {{0x0100, 0x0839}}, {{0x0000, 0x0390}},
		{{0x0839, 0x0078}}, {{0x039a, 0x0039}}, {{0x0e29, 0x0100}}, {{0x0839, 0x0002}},
		{{0x0001, 0x0038}}, {{0x0000, 0x0100}}, {{0x0839, 0x0070}}, {{0x0392, 0x0039}},
		{{0x024b, 0x0100}}, {{0x0839, 0x0020}}, {{0x0004, 0x0038}}, {{0x0020, 0x0004}},
		{{0x0038, 0x0020}}, {{0x0004, 0x0038}}, {{0x0000, 0x0100}}, {{0x0839, 0x0000}},
		{{0x00f0, 0x0909}}, {{0x0010, 0x0400}}, {{0x089e, 0x0008}}, {{0x0370, 0x0839}},
		{{0x0000, 0x00f0}}, {{0x0909, 0x0003}}, {{0x03f0, 0x0839}}, {{0x1800, 0x8660}},
		{{0x0839, 0x0000}}, {{0x02a0, 0x0809}}, {{0x0008, 0x1880}}, {{0x0839, 0x0000}},
		{{0x82b0, 0x0838}}, {{0x0018, 0x00e0}}, {{0x0809, 0x0000}}, {{0x00e0, 0x0869}},
		{{0x000f, 0x07c0}}, {{0x0839, 0x000a}}, {{0x0510, 0x0839}}, {{0x000a, 0x0700}},
		{{0x0849, 0x000a}}, {{0x0700, 0x0859}}, {{0x000a, 0x0708}}, {{0x0859, 0x0002}},
		{{0x0708, 0x0849}}, {{0x0ff8, 0x8410}}, {{0x0839, 0x7ff8}}, {{0x8498, 0x0838}},
		{{0x0010, 0x8160}}, {{0x083c, 0x0000}}, {{0x07c8, 0x0809}}, {{0x0000, 0x0001}},
		{{0x0008, 0x0000}}, {{0x045a, 0x0089}}, {{0x0029, 0x8160}}, {{0x087c, 0x00b8}},
		{{0x0820, 0x0c7e}}, {{0x0001, 0x0000}}, {{0x0078, 0x0000}}, {{0x0001, 0x0078}},
		{{0x00d8, 0x0820}}, {{0x0c7e, 0x0001}}, {{0x0000, 0x0078}}, {{0x0000, 0x0001}},
		{{0x0078, 0x00f8}}, {{0x0820, 0x0c7e}}, {{0x0001, 0x0000}}, {{0x0078, 0x0000}},
		{{0x0001, 0x0078}}, {{0x0000, 0x0700}}, {{0x0849, 0x0000}}, {{0x0618, 0x0809}},
		{{0x3ff8, 0x84b8}}, {{0x0808, 0x0000}}, {{0x0000, 0x0008}}, {{0x0008, 0xc870}},
		{{0x0c0c, 0x0018}}, {{0x0710, 0x0849}}, {{0x0000, 0x0004}}, {{0x0048, 0x0000}},
		{{0x0004, 0x0048}}, {{0x0010, 0x0710}}, {{0x0849, 0x0000}}, {{0x0004, 0x0048}},
		{{0x0000, 0x0710}}, {{0x0849, 0x0000}}, {{0x0004, 0x0048}}, {{0x0000, 0x0004}},
		{{0x0018, 0x0000}}, {{0x0004, 0x0018}}, {{0x0000, 0x0004}}, {{0x0018, 0x0000}},
		{{0x8410, 0x0809}}, {{0x0000, 0x8498}}, {{0x0808, 0x0005}}, {{0x0510, 0x0809}},
		{{0x0198, 0x1000}}, {{0x0809, 0x0009}}, {{0x03c0, 0x0809}}, {{0x0010, 0x0510}},
		{{0x0809, 0x0000}}, {{0x03c0, 0x0809}}, {{0x0018, 0x0004}}, {{0x0008, 0x0002}},
		{{0x0510, 0x0809}}, {{0x0002, 0x1000}}, {{0x0809, 0x0000}}, {{0xc870, 0x0c0c}},
		{{0x0000, 0x02a0}}, {{0x0809, 0x0010}}, {{0x8160, 0x089c}}, {{0x0002, 0x07c8}},
		{{0x0809, 0x0000}}, {{0x0001, 0x0008}}, {{0x0040, 0x1932}}, {{0x0129, 0x000a}},
		{{0xc140, 0x080c}}, {{0x0098, 0x193a}}, {{0x0129, 0x0090}}, {{0x1932, 0x0329}},
		{{0x0090, 0x193a}}, {{0x0329, 0x0088}}, {{0x1882, 0x0009}}, {{0x0000, 0xc140}},
		{{0x080c, 0x0010}}, {{0x0400, 0x080e}}, {{0x0000, 0x02a0}}, {{0x0809, 0x0000}},
		{{0x03f0, 0x0809}}, {{0x000b, 0x0370}}, {{0x0809, 0x7800}}, {{0x8660, 0x0809}},
		{{0x000d, 0x07c0}}, {{0x0809, 0x0000}}, {{0x82b0, 0x0818}}, {{0x0000, 0x82b0}},
		{{0x0868, 0x0479}}, {{0xc7f8, 0x091c}}, {{0x0000, 0x0000}}, {{0x0118, 0x0038}},
		{{0x80a2, 0x0118}}, {{0x0009, 0xc9c0}}, {{0x0d1c, 0x0000}}, {{0x0000, 0x0118}},
		{{0x0008, 0x0508}}, {{0x0809, 0x0005}}, {{0x07c0, 0x0809}}, {{0x0008, 0x82b0}},
		{{0x0868, 0x0008}}, {{0x82b0, 0x0818}}, {{0x0008, 0x82b0}}, {{0x0888, 0x0010}},
		{{0x0510, 0x0809}}, {{0x0008, 0x1900}}, {{0x0c09, 0x0000}}, {{0x0508, 0x0809}},
		{{0x0002, 0x07c8}}, {{0x0829, 0x000a}}, {{0x03c8, 0x0c29}}, {{0x0221, 0x03f0}},
		{{0x0809, 0x0008}}, {{0x01a2, 0x0009}}, {{0x0009, 0xc800}}, {{0x0c0c, 0x025b}},
		{{0x0100, 0x0cb9}}, {{0x0020, 0x0004}}, {{0x00b8, 0x0009}}, {{0xc800, 0x0c6c}},
		{{0x026f, 0x0100}}, {{0x0c19, 0x0008}}, {{0x0004, 0x0018}}, {{0x027f, 0x0100}},
		{{0x0c19, 0x0479}}, {{0xc7f8, 0x080c}}, {{0x0000, 0x0000}}, {{0x0008, 0x0058}},
		{{0x008a, 0x0009}}, {{0x0009, 0xc9c0}}, {{0x0c0c, 0x0000}}, {{0x0000, 0x0008}},
		{{0x0018, 0x8160}}, {{0x086c, 0x1008}}, {{0x853b, 0x0868}}, {{0x0c00, 0x8588}},
		{{0x0868, 0x0008}}, {{0x85a8, 0x0868}}, {{0x0008, 0x85c8}}, {{0x0868, 0x0000}},
		{{0x8050, 0x0868}}, {{0x0060, 0x0138}}, {{0x0869, 0x0018}}, {{0x8510, 0x0868}},
		{{0x0018, 0x02c8}}, {{0x0869, 0x0010}}, {{0x8520, 0x0868}}, {{0x1ff8, 0x85d8}},
		{{0x0c68, 0x0000}}, {{0xfdf0, 0x0868}}, {{0x0008, 0x85f0}}, {{0x0868, 0x0008}},
		{{0xa5f0, 0x0868}}, {{0x0298, 0x0100}}, {{0x0869, 0x0002}}, {{0x0001, 0x0068}},
		{{0x0000, 0x0100}}, {{0x0869, 0x0000}}, {{0x85f0, 0x0868}}, {{0x0000, 0xa5f0}},
		{{0x0868, 0x0010}}, {{0x02c8, 0x0869}}, {{0x0028, 0x0004}}, {{0x0068, 0x000a}},
		{{0x0500, 0x0c69}}, {{0x0000, 0x8520}}, {{0x0868, 0x0008}}, {{0x8530, 0x0868}},
		{{0x02ba, 0x0100}}, {{0x0869, 0x0002}}, {{0x0001, 0x0068}}, {{0x0002, 0x0100}},
		{{0x0869, 0x0000}}, {{0x8530, 0x0868}}, {{0x0000, 0x8510}}, {{0x0868, 0x0000}},
		{{0x02c8, 0x0869}}, {{0x0008, 0x8050}}, {{0x0868, 0x0030}}, {{0x0004, 0x0068}},
		{{0x0008, 0x8520}}, {{0x0868, 0x0000}}, {{0x8328, 0x086b}}, {{0x02ca, 0x0100}},
		{{0x0869, 0x0002}}, {{0x0001, 0x0068}}, {{0x0004, 0x0100}}, {{0x0869, 0x0ff8}},
		{{0x8328, 0x086b}}, {{0x0009, 0x0500}}, {{0x0c29, 0x0000}}, {{0x8520, 0x0868}},
		{{0x0008, 0x03c8}}, {{0x0c29, 0x0000}}, {{0x0370, 0x0809}}, {{0x0000, 0x03f0}},
		{{0x0809, 0x0000}}, {{0x0400, 0x080e}}, {{0x0010, 0x0004}}, {{0x0118, 0x0020}},
		{{0x82b0, 0x0808}}, {{0x0479, 0xc7f8}}, {{0x080c, 0x0000}}, {{0x0000, 0x0008}},
		{{0x0060, 0x008a}}, {{0x0009, 0x0009}}, {{0xc9c0, 0x0c0c}}, {{0x0000, 0x0000}},
		{{0x0008, 0x0008}}, {{0x02a0, 0x0809}}, {{0x0000, 0x8168}}, {{0x080c, 0x0479}},
		{{0xc7f8, 0x091c}}, {{0x0000, 0x0000}}, {{0x0118, 0x9190}}, {{0x80a1, 0x0918}},
		{{0x0009, 0xc9c0}}, {{0x0d1c, 0x0000}}, {{0x0000, 0x0118}}, {{0x0018, 0x00f0}},
		{{0x0909, 0x000a}}, {{0xc140, 0x092c}}, {{0x0088, 0x1932}}, {{0x0129, 0x0088}},
		{{0x193a, 0x0129}}, {{0x0000, 0xc140}}, {{0x092c, 0x0008}}, {{0x0300, 0x0819}},
		{{0x0010, 0x8160}}, {{0x080c, 0x0008}}, {{0x07c8, 0x0801}}, {{0x0008, 0x0000}},
		{{0x0008, 0x0008}}, {{0x1880, 0x0809}}, {{0x0010, 0x8160}}, {{0x080c, 0x1800}},
		{{0x8660, 0x0809}}, {{0x4000, 0x8668}}, {{0x0809, 0x0000}}, {{0x00f0, 0x0909}},
		{{0x000f, 0x07c0}}, {{0x0809, 0x0000}}, {{0x02a0, 0x0809}}, {{0x0008, 0x0618}},
		{{0x0809, 0x0000}}, {{0x84b8, 0x0808}}, {{0x0ff8, 0x8410}}, {{0x0809, 0x7ff8}},
		{{0x8498, 0x0808}}, {{0x0000, 0x07c8}}, {{0x0809, 0x0008}}, {{0x8168, 0x080c}},
		{{0x0000, 0x0001}}, {{0x0008, 0x0000}}, {{0x0004, 0x0008}}, {{0x0000, 0x0004}},
		{{0x0008, 0x0018}}, {{0x0300, 0x0809}}, {{0x0000, 0x0480}}, {{0x0809, 0x0008}},
		{{0x0510, 0x0809}}, {{0x7800, 0x8660}}, {{0x0809, 0x0018}}, {{0x00f0, 0x0909}},
		{{0x0008, 0x07c8}}, {{0x0801, 0x0010}}, {{0x0400, 0x080e}}, {{0x0221, 0x03f0}},
		{{0x0809, 0x0009}}, {{0x0370, 0x0809}}, {{0x0018, 0x8160}}, {{0x080c, 0x0008}},
		{{0xc800, 0x0c0c}}, {{0x0008, 0xc888}}, {{0x0c04, 0x0020}}, {{0x8302, 0x000b}},
		{{0x0018, 0x8582}}, {{0x0008, 0x9000}}, {{0x8539, 0x0808}}, {{0x0000, 0x8588}},
		{{0x0808, 0x0040}}, {{0x85c8, 0x0808}}, {{0x0000, 0xfdf0}}, {{0x0808, 0x0800}},
		{{0xc5f0, 0x0808}}, {{0x1ff8, 0xfdd8}}, {{0x0c08, 0x0018}}, {{0xfda8, 0x0808}},
		{{0x0040, 0x8520}}, {{0x08d8, 0x0080}}, {{0x8520, 0x08e8}}, {{0x030a, 0x0100}},
		{{0x08d9, 0x032a}}, {{0x0100, 0x08e9}}, {{0x0000, 0x0001}}, {{0x0008, 0x0000}},
		{{0x0100, 0x0809}}, {{0x1ff8, 0xfdd8}}, {{0x0c08, 0x0008}}, {{0xfda8, 0x0808}},
		{{0x0140, 0x8520}}, {{0x08d8, 0x0180}}, {{0x8520, 0x08e8}}, {{0x030a, 0x0100}},
		{{0x08d9, 0x032a}}, {{0x0100, 0x08e9}}, {{0x0000, 0x0001}}, {{0x0008, 0x0000}},
		{{0x0100, 0x0809}}, {{0x0009, 0x0500}}, {{0x0c09, 0x0010}}, {{0x82b0, 0x0808}},
		{{0x0000, 0x8520}}, {{0x0808, 0x0008}}, {{0x03c8, 0x0c09}}, {{0x0000, 0x0370}},
		{{0x0809, 0x0000}}, {{0x03f0, 0x0809}}, {{0x0000, 0x0400}}, {{0x080e, 0x0008}},
		{{0xc848, 0x0c0c}}, {{0x0000, 0xc890}}, {{0x0804, 0x0020}}, {{0x8302, 0x000b}},
		{{0x0018, 0x8582}}, {{0x0008, 0x0000}}, {{0x82b0, 0x0808}}, {{0x1000, 0x8539}},
		{{0x0808, 0x0000}}, {{0x8588, 0x0808}}, {{0x0040, 0x85c8}}, {{0x0808, 0x07f8}},
		{{0xfdf0, 0x0808}}, {{0x0800, 0xc5f0}}, {{0x0808, 0x0080}}, {{0x8088, 0x080b}},
		{{0x1ff8, 0xfdd8}}, {{0x0c08, 0x0018}}, {{0xfda8, 0x0808}}, {{0x0200, 0x8520}},
		{{0x08d8, 0x0400}}, {{0x8520, 0x08e8}}, {{0x02da, 0x0100}}, {{0x08d9, 0x02ea}},
		{{0x0100, 0x08e9}}, {{0x0002, 0x0001}}, {{0x0008, 0x0000}}, {{0x0100, 0x0809}},
		{{0x1ff8, 0xfdd8}}, {{0x0c08, 0x0008}}, {{0xfda8, 0x0808}}, {{0x0a00, 0x8520}},
		{{0x08d8, 0x0c00}}, {{0x8520, 0x08e8}}, {{0x02da, 0x0100}}, {{0x08d9, 0x02ea}},
		{{0x0100, 0x08e9}}, {{0x0000, 0x0001}}, {{0x0008, 0x0000}}, {{0x0100, 0x0809}},
		{{0x0009, 0x0500}}, {{0x0c09, 0x0010}}, {{0x82b0, 0x0808}}, {{0x0000, 0x8520}},
		{{0x0808, 0x0008}}, {{0x03c8, 0x0c09}}, {{0x0000, 0x0370}}, {{0x0809, 0x0000}},
		{{0x03f0, 0x0809}}, {{0x0000, 0x0400}}, {{0x080e, 0x0008}}, {{0xc848, 0x0c0c}},
		{{0x0000, 0xc890}}, {{0x0804, 0x1008}}, {{0x853b, 0x0808}}, {{0x0c00, 0x8588}},
		{{0x0808, 0x0008}}, {{0x85a8, 0x0808}}, {{0x0008, 0x85c8}}, {{0x0808, 0x0060}},
		{{0x0138, 0x0809}}, {{0x0018, 0x00c8}}, {{0x0809, 0x0000}}, {{0x00a4, 0x0809}},
		{{0x0000, 0x8510}}, {{0x0808, 0x02fa}}, {{0x0100, 0x08d9}}, {{0x031a, 0x0100}},
		{{0x08e9, 0x0002}}, {{0x0001, 0x0008}}, {{0x0002, 0x0100}}, {{0x0809, 0x0202}},
		{{0x8510, 0x0c08}}, {{0x0050, 0x00a2}}, {{0x0009, 0x0000}}, {{0x0000, 0x0008}},
		{{0x0000, 0x0000}}, {{0x0008, 0x0000}}, {{0x0000, 0x0008}}, {{0x0000, 0x00c8}},
		{{0x0809, 0x000b}}, {{0x0508, 0x0809}}, {{0x0008, 0x1900}}, {{0x0c09, 0x0002}},
		{{0x0000, 0x0008}}, {{0x0000, 0x0508}}, {{0x0809, 0x0009}}, {{0x0500, 0x0c09}},
		{{0x0010, 0x82b0}}, {{0x0808, 0x0000}}, {{0x8520, 0x0808}}, {{0x0008, 0x03c8}},
		{{0x0c09, 0x0000}}, {{0x0370, 0x0809}}, {{0x0000, 0x03f0}}, {{0x0809, 0x0000}},
		{{0x0400, 0x080e}}, {{0x0008, 0xc848}}, {{0x0c0c, 0x0000}}, {{0xc890, 0x0804}},
		{{0x0020, 0x8302}}, {{0x000b, 0x0018}}, {{0x8582, 0x0008}}, {{0x1000, 0x8539}},
		{{0x0808, 0x0000}}, {{0x8588, 0x0808}}, {{0x0040, 0x85c8}}, {{0x0808, 0x0008}},
		{{0xfdf0, 0x0808}}, {{0x0080, 0x8088}}, {{0x080b, 0x0000}}, {{0x03b8, 0x0869}},
		{{0x1ff8, 0xfdd8}}, {{0x0c08, 0x0018}}, {{0xfda8, 0x0808}}, {{0x0040, 0x8520}},
		{{0x08d8, 0x0080}}, {{0x8520, 0x08e8}}, {{0x02da, 0x0100}}, {{0x08d9, 0x02ea}},
		{{0x0100, 0x08e9}}, {{0x0002, 0x0001}}, {{0x0008, 0x0000}}, {{0x0100, 0x0809}},
		{{0x1ff8, 0xfdd8}}, {{0x0c08, 0x0008}}, {{0xfda8, 0x0808}}, {{0x0140, 0x8520}},
		{{0x08d8, 0x0180}}, {{0x8520, 0x08e8}}, {{0x02da, 0x0100}}, {{0x08d9, 0x02ea}},
		{{0x0100, 0x08e9}}, {{0x0000, 0x0001}}, {{0x0008, 0x0000}}, {{0x0100, 0x0809}},
		{{0x0009, 0x0500}}, {{0x0c09, 0x0010}}, {{0x82b0, 0x0808}}, {{0x0000, 0x8520}},
		{{0x0808, 0x0008}}, {{0x03c8, 0x0c09}}, {{0x0000, 0x0370}}, {{0x0809, 0x0000}},
		{{0x03f0, 0x0809}}, {{0x0000, 0x0400}}, {{0x080e, 0x0008}}, {{0xc848, 0x0c0c}},
		{{0x0000, 0xc890}}, {{0x0804, 0x0000}},
	}
};

static const phy_init_config training_4g_table_14 = {
	0x000d0000, 1, false,
	{
		{{0x00e7, 0x0600}},
	}
};

static const phy_init_config training_4g_table_15 = {
	0x00090000, 15, false,
	{
		{{0x001c, 0x0000}}, {{0x0020, 0x0058}}, {{0x0024, 0x0063}}, {{0x0025, 0x001e}},
		{{0x0026, 0x001e}}, {{0x002b, 0x00ca}}, {{0x0708, 0x00e1}}, {{0x0700, 0x0107}},
		{{0x0701, 0x0129}}, {{0x0702, 0x0148}}, {{0x0703, 0x00e7}}, {{0x0704, 0x0000}},
		{{0x0705, 0x0000}}, {{0x0706, 0x0000}}, {{0x0707, 0x0000}},
	}
};

static const phy_init_config training_4g_table_16 = {
	0x00020000, 145, false,
	{
		{{0x018a, 0x0000}}, {{0x0124, 0x0001}}, {{0x018b, 0x000e}}, {{0x0125, 0x0019}},
		{{0x018c, 0x0026}}, {{0x0126, 0x0001}}, {{0x018d, 0x000e}}, {{0x0127, 0x0019}},
		{{0x018e, 0x0026}}, {{0x0128, 0x000f}}, {{0x018f, 0x0013}}, {{0x0129, 0x0027}},
		{{0x0190, 0x002b}}, {{0x012a, 0x000f}}, {{0x0191, 0x0013}}, {{0x012b, 0x0027}},
		{{0x0192, 0x002b}}, {{0x012c, 0x0014}}, {{0x0193, 0x0018}}, {{0x012d, 0x002c}},
		{{0x0194, 0x0030}}, {{0x012e, 0x0014}}, {{0x0195, 0x0018}}, {{0x012f, 0x002c}},
		{{0x0196, 0x0030}}, {{0x0130, 0x0031}}, {{0x0197, 0x0030}}, {{0x0131, 0x0033}},
		{{0x0198, 0x0032}}, {{0x0132, 0x0031}}, {{0x0199, 0x0030}}, {{0x0133, 0x0033}},
		{{0x019a, 0x0032}}, {{0x0134, 0x0031}}, {{0x019b, 0x0031}}, {{0x0135, 0x0033}},
		{{0x019c, 0x0033}}, {{0x0136, 0x0031}}, {{0x019d, 0x0031}}, {{0x0137, 0x0033}},
		{{0x019e, 0x0033}}, {{0x0138, 0x0032}}, {{0x019f, 0x0032}}, {{0x0139, 0x0034}},
		{{0x01a0, 0x0034}}, {{0x013a, 0x0032}}, {{0x01a1, 0x0032}}, {{0x013b, 0x0034}},
		{{0x01a2, 0x0034}}, {{0x013c, 0x0035}}, {{0x01a3, 0x0035}}, {{0x013d, 0x0035}},
		{{0x01a4, 0x0035}}, {{0x013e, 0x0035}}, {{0x01a5, 0x0035}}, {{0x013f, 0x0035}},
		{{0x01a6, 0x0035}}, {{0x0140, 0x0036}}, {{0x01a7, 0x0036}}, {{0x0141, 0x0036}},
		{{0x01a8, 0x0036}}, {{0x0142, 0x0036}}, {{0x01a9, 0x0036}}, {{0x0143, 0x0036}},
		{{0x01aa, 0x0036}}, {{0x0144, 0x0037}}, {{0x01ab, 0x0036}}, {{0x0145, 0x0037}},
		{{0x01ac, 0x0036}}, {{0x0146, 0x0037}}, {{0x01ad, 0x0036}}, {{0x0147, 0x0037}},
		{{0x01ae, 0x0036}}, {{0x0148, 0x0037}}, {{0x01af, 0x004a}}, {{0x0149, 0x0037}},
		{{0x01b0, 0x004a}}, {{0x014a, 0x0037}}, {{0x01b1, 0x004a}}, {{0x014b, 0x0037}},
		{{0x01b2, 0x004a}}, {{0x014c, 0x004b}}, {{0x01b3, 0x004a}}, {{0x014d, 0x004b}},
		{{0x01b4, 0x004a}}, {{0x014e, 0x004b}}, {{0x01b5, 0x004a}}, {{0x014f, 0x004b}},
		{{0x01b6, 0x004a}}, {{0x0150, 0x004b}}, {{0x01b7, 0x0051}}, {{0x0151, 0x004b}},
		{{0x01b8, 0x0051}}, {{0x0152, 0x004b}}, {{0x01b9, 0x0051}}, {{0x0153, 0x004b}},
		{{0x01ba, 0x0051}}, {{0x0154, 0x0052}}, {{0x01bb, 0x0056}}, {{0x0155, 0x0052}},
		{{0x01bc, 0x0056}}, {{0x0156, 0x0052}}, {{0x01bd, 0x0056}}, {{0x0157, 0x0052}},
		{{0x01be, 0x0056}}, {{0x0158, 0x0057}}, {{0x01bf, 0x005c}}, {{0x0159, 0x0057}},
		{{0x01c0, 0x005c}}, {{0x015a, 0x0057}}, {{0x01c1, 0x005c}}, {{0x015b, 0x0057}},
		{{0x01c2, 0x005c}}, {{0x015c, 0x005d}}, {{0x01c3, 0x0062}}, {{0x015d, 0x005d}},
		{{0x01c4, 0x0062}}, {{0x015e, 0x005d}}, {{0x01c5, 0x0062}}, {{0x015f, 0x005d}},
		{{0x01c6, 0x0062}}, {{0x0160, 0x0063}}, {{0x01c7, 0x0067}}, {{0x0161, 0x0063}},
		{{0x01c8, 0x0067}}, {{0x0162, 0x0063}}, {{0x01c9, 0x0067}}, {{0x0163, 0x0063}},
		{{0x01ca, 0x0067}}, {{0x0164, 0x0068}}, {{0x01cb, 0x0067}}, {{0x0165, 0x0068}},
		{{0x01cc, 0x0067}}, {{0x0166, 0x0068}}, {{0x01cd, 0x0067}}, {{0x0167, 0x0068}},
		{{0x01ce, 0x0067}}, {{0x0168, 0x0068}}, {{0x01cf, 0x006c}}, {{0x0169, 0x0068}},
		{{0x01d0, 0x006c}}, {{0x016a, 0x0068}}, {{0x01d1, 0x006c}}, {{0x016b, 0x0068}},
		{{0x01d2, 0x006c}},
	}
};

static const phy_init_config training_4g_table_17 = {
	0x00040000, 120, false,
	{
		{{0x12c3, 0x5b00}}, {{0x12c7, 0x0000}}, {{0x12db, 0x7b00}}, {{0x12df, 0x0000}},
		{{0x12f3, 0x5b00}}, {{0x12f7, 0x0000}}, {{0x130b, 0x7b00}}, {{0x130f, 0x0000}},
		{{0x1008, 0x2066}}, {{0x1009, 0xd800}}, {{0x100a, 0x1e01}}, {{0x100b, 0x0000}},
		{{0x100c, 0x0000}}, {{0x100d, 0x0000}}, {{0x100e, 0x0000}}, {{0x100f, 0x0000}},
		{{0x1010, 0x0000}}, {{0x1011, 0x0000}}, {{0x1012, 0x0000}}, {{0x1013, 0x1b00}},
		{{0x1014, 0x0000}}, {{0x1015, 0x0000}}, {{0x1016, 0x0000}}, {{0x1017, 0x0000}},
		{{0x1018, 0x4046}}, {{0x1019, 0x5800}}, {{0x101a, 0x1f81}}, {{0x101b, 0x0000}},
		{{0x101c, 0x0000}}, {{0x101d, 0x0000}}, {{0x101e, 0x0000}}, {{0x101f, 0x0000}},
		{{0x1020, 0x0000}}, {{0x1021, 0x0000}}, {{0x1022, 0x0000}}, {{0x1023, 0x1b00}},
		{{0x1024, 0x0000}}, {{0x1025, 0x0000}}, {{0x1026, 0x0000}}, {{0x1027, 0x0000}},
		{{0x1028, 0x6066}}, {{0x1029, 0x5800}}, {{0x102a, 0x1981}}, {{0x102b, 0x0000}},
		{{0x102c, 0x0000}}, {{0x102d, 0x0000}}, {{0x102e, 0x0000}}, {{0x102f, 0x0000}},
		{{0x1030, 0x0000}}, {{0x1031, 0x0000}}, {{0x1032, 0x0000}}, {{0x1033, 0x1b00}},
		{{0x1034, 0x0000}}, {{0x1035, 0x0000}}, {{0x1036, 0x0000}}, {{0x1037, 0x0000}},
		{{0x1038, 0x6046}}, {{0x1039, 0xd801}}, {{0x103a, 0x1201}}, {{0x103b, 0x0000}},
		{{0x103c, 0x0000}}, {{0x103d, 0x0000}}, {{0x103e, 0x0000}}, {{0x103f, 0x0000}},
		{{0x1040, 0x0000}}, {{0x1041, 0x0000}}, {{0x1042, 0x0000}}, {{0x1043, 0x1b00}},
		{{0x1044, 0x0000}}, {{0x1045, 0x0000}}, {{0x1046, 0x0000}}, {{0x1047, 0x0000}},
		{{0x1048, 0xc046}}, {{0x1049, 0x5802}}, {{0x104a, 0x1701}}, {{0x104b, 0x0000}},
		{{0x104c, 0x0000}}, {{0x104d, 0x0000}}, {{0x104e, 0x0000}}, {{0x104f, 0x0000}},
		{{0x1050, 0xc006}}, {{0x1051, 0x5802}}, {{0x1052, 0x0300}}, {{0x1053, 0x0000}},
		{{0x1054, 0x0000}}, {{0x1055, 0x0000}}, {{0x1056, 0x0000}}, {{0x1057, 0x0000}},
		{{0x1058, 0x0000}}, {{0x1059, 0x0000}}, {{0x105a, 0x0000}}, {{0x105b, 0x1b00}},
		{{0x105c, 0x0000}}, {{0x105d, 0x0000}}, {{0x105e, 0x0000}}, {{0x105f, 0x0000}},
		{{0x1060, 0xa046}}, {{0x1061, 0x5802}}, {{0x1062, 0x0001}}, {{0x1063, 0x0000}},
		{{0x1064, 0x0000}}, {{0x1065, 0x0000}}, {{0x1066, 0x0000}}, {{0x1067, 0x0000}},
		{{0x1068, 0x0000}}, {{0x1069, 0x0000}}, {{0x106a, 0x0000}}, {{0x106b, 0x1b00}},
		{{0x106c, 0x0000}}, {{0x106d, 0x0000}}, {{0x106e, 0x0000}}, {{0x106f, 0x0000}},
		{{0x1070, 0x6046}}, {{0x1071, 0x5806}}, {{0x1072, 0x0001}}, {{0x1073, 0x0000}},
		{{0x1074, 0x0000}}, {{0x1075, 0x0000}}, {{0x1076, 0x0000}}, {{0x1077, 0x0000}},
	}
};

static const phy_init_config training_4g_table_18 = {
	0x000c0000, 6, false,
	{
		{{0x0001, 0x5061}}, {{0x0002, 0x7098}}, {{0x0003, 0x0000}}, {{0x0000, 0xbedc}},
		{{0x0006, 0xb0db}}, {{0x0007, 0x0000}},
	}
};

static const phy_init_config training_4g_table_19 = {
	0x00090000, 37, false,
	{
		{{0x070c, 0x0000}}, {{0x070d, 0x07ff}}, {{0x070e, 0x0668}}, {{0x070f, 0x7910}},
		{{0x0710, 0x355e}}, {{0x0711, 0xcbb5}}, {{0x0713, 0xffff}}, {{0x0714, 0x0710}},
		{{0x0715, 0x7800}}, {{0x0c10, 0xffff}}, {{0x0c12, 0xff10}}, {{0x0712, 0x2ee8}},
		{{0x0c11, 0xffff}}, {{0x0716, 0xffdf}}, {{0x0717, 0x6f10}}, {{0x0718, 0x6f10}},
		{{0x0719, 0x2868}}, {{0x071a, 0x2868}}, {{0x071b, 0xfeef}}, {{0x0904, 0xe400}},
		{{0x0986, 0xe400}}, {{0x0920, 0x0000}}, {{0x0921, 0x0000}}, {{0x0922, 0x0000}},
		{{0x0923, 0x0000}}, {{0x0924, 0xff00}}, {{0x0925, 0xff00}}, {{0x0926, 0xff00}},
		{{0x0927, 0xff00}}, {{0x0930, 0x4000}}, {{0x0931, 0x2000}}, {{0x0932, 0xff00}},
		{{0x0933, 0xff00}}, {{0x090a, 0x0000}}, {{0x090c, 0x0000}}, {{0x090d, 0x0000}},
		{{0x0718, 0xffff}},
	}
};

static const phy_init_config training_4g_table_20 = {
	0x00020000, 3, false,
	{
		{{0x00f0, 0x27f7}}, {{0x00f1, 0x2108}}, {{0x00f2, 0x2108}},
	}
};

static const phy_init_config training_4g_table_21 = {
	0x00010000, 20, false,
	{
		{{0x00b9, 0x0001}}, {{0x00b1, 0x0180}}, {{0x00ba, 0x0001}}, {{0x00a2, 0x0000}},
		{{0x00b5, 0x0001}}, {{0x10b9, 0x0001}}, {{0x10b1, 0x0180}}, {{0x10ba, 0x0001}},
		{{0x10a2, 0x0000}}, {{0x10b5, 0x0001}}, {{0x20b9, 0x0001}}, {{0x20b1, 0x0180}},
		{{0x20ba, 0x0001}}, {{0x20a2, 0x0000}}, {{0x20b5, 0x0001}}, {{0x30b9, 0x0001}},
		{{0x30b1, 0x0180}}, {{0x30ba, 0x0001}}, {{0x30a2, 0x0000}}, {{0x30b5, 0x0001}},
	}
};

static const phy_init_config training_4g_table_22 = {
	0x00070000, 73, false,
	{
		{{0x0024, 0x5a3c}}, {{0x0025, 0x5a3c}}, {{0x0026, 0x5a3c}}, {{0x0027, 0x5a3c}},
		{{0x0028, 0x5a3c}}, {{0x0029, 0x5a3c}}, {{0x002a, 0x5a3c}}, {{0x002b, 0x5a3c}},
		{{0x0124, 0x5a3c}}, {{0x0125, 0x5a3c}}, {{0x0126, 0x5a3c}}, {{0x0127, 0x5a3c}},
		{{0x0128, 0x5a3c}}, {{0x0129, 0x5a3c}}, {{0x012a, 0x5a3c}}, {{0x012b, 0x5a3c}},
		{{0x0224, 0x5a3c}}, {{0x0225, 0x5a3c}}, {{0x0226, 0x5a3c}}, {{0x0227, 0x5a3c}},
		{{0x0228, 0x5a3c}}, {{0x0229, 0x5a3c}}, {{0x022a, 0x5a3c}}, {{0x022b, 0x5a3c}},
		{{0x0324, 0x5a3c}}, {{0x0325, 0x5a3c}}, {{0x0326, 0x5a3c}}, {{0x0327, 0x5a3c}},
		{{0x0328, 0x5a3c}}, {{0x0329, 0x5a3c}}, {{0x032a, 0x5a3c}}, {{0x032b, 0x5a3c}},
		{{0x0424, 0x5a3c}}, {{0x0425, 0x5a3c}}, {{0x0426, 0x5a3c}}, {{0x0427, 0x5a3c}},
		{{0x0428, 0x5a3c}}, {{0x0429, 0x5a3c}}, {{0x042a, 0x5a3c}}, {{0x042b, 0x5a3c}},
		{{0x0524, 0x5a3c}}, {{0x0525, 0x5a3c}}, {{0x0526, 0x5a3c}}, {{0x0527, 0x5a3c}},
		{{0x0528, 0x5a3c}}, {{0x0529, 0x5a3c}}, {{0x052a, 0x5a3c}}, {{0x052b, 0x5a3c}},
		{{0x0624, 0x5a3c}}, {{0x0625, 0x5a3c}}, {{0x0626, 0x5a3c}}, {{0x0627, 0x5a3c}},
		{{0x0628, 0x5a3c}}, {{0x0629, 0x5a3c}}, {{0x062a, 0x5a3c}}, {{0x062b, 0x5a3c}},
		{{0x0724, 0x5a3c}}, {{0x0725, 0x5a3c}}, {{0x0726, 0x5a3c}}, {{0x0727, 0x5a3c}},
		{{0x0728, 0x5a3c}}, {{0x0729, 0x5a3c}}, {{0x072a, 0x5a3c}}, {{0x072b, 0x5a3c}},
		{{0x0824, 0x5a3c}}, {{0x0825, 0x5a3c}}, {{0x0826, 0x5a3c}}, {{0x0827, 0x5a3c}},
		{{0x0828, 0x5a3c}}, {{0x0829, 0x5a3c}}, {{0x082a, 0x5a3c}}, {{0x082b, 0x5a3c}},
		{{0x0065, 0x01ff}},
	}
};

static const phy_init_config training_4g_table_23 = {
	0x00020000, 4, false,
	{
		{{0x007a, 0x0044}}, {{0x007e, 0x0044}}, {{0x0028, 0x0002}}, {{0x00ef, 0xffff}},
	}
};

static const phy_init_config training_4g_table_24 = {
	0x00090000, 1, false,
	{
		{{0x0910, 0x0002}},
	}
};

static const phy_init_config training_4g_table_25 = {
	0x00020000, 2, false,
	{
		{{0x0310, 0x0001}}, {{0x0311, 0x0001}},
	}
};

static const phy_init_config training_4g_table_26 = {
	0x000c0000, 1, false,
	{
		{{0x0080, 0x0002}},
	}
};

static const phy_init_config training_4g_table_27 = {
	0x000d0000, 2, false,
	{
		{{0x0003, 0x0000}}, {{0x0000, 0x0001}},
	}
};

const phy_init_config* lp4x_4g_train_table[] = {
	&training_4g_table_0,
	&training_4g_table_1,
	&training_4g_table_2,
	&training_4g_table_3,
	&training_4g_table_4,
	&training_4g_table_5,
	&training_4g_table_6,
	&training_4g_table_7,
	&training_4g_table_8,
	&training_4g_table_9,
	&training_4g_table_10,
	&training_4g_table_11,
	&training_4g_table_12,
	&training_4g_table_13,
	&training_4g_table_14,
	&training_4g_table_15,
	&training_4g_table_16,
	&training_4g_table_17,
	&training_4g_table_18,
	&training_4g_table_19,
	&training_4g_table_20,
	&training_4g_table_21,
	&training_4g_table_22,
	&training_4g_table_23,
	&training_4g_table_24,
	&training_4g_table_25,
	&training_4g_table_26,
	&training_4g_table_27,
	NULL,
};

static const phy_init_config training_8g_table_0 = {
	0x00090000, 8, false,
	{
		{{0x08f0, 0x0086}}, {{0x08f1, 0x010a}}, {{0x08f2, 0x0000}}, {{0x08f3, 0x002c}},
		{{0x08f4, 0x001a}}, {{0x08f5, 0x0000}}, {{0x08f6, 0x0039}}, {{0x08f7, 0x0000}},
	}
};

static const phy_init_config training_8g_table_1 = {
	0x00040000, 112, false,
	{
		{{0x1008, 0x20e6}}, {{0x1009, 0xd800}}, {{0x100a, 0x1e03}}, {{0x100b, 0x0000}},
		{{0x100c, 0x0000}}, {{0x100d, 0x0000}}, {{0x100e, 0x0000}}, {{0x100f, 0x0000}},
		{{0x1010, 0x0000}}, {{0x1011, 0x0000}}, {{0x1012, 0x0000}}, {{0x1013, 0x1b00}},
		{{0x1014, 0x0000}}, {{0x1015, 0x0000}}, {{0x1016, 0x0000}}, {{0x1017, 0x0000}},
		{{0x1018, 0x40c6}}, {{0x1019, 0x5800}}, {{0x101a, 0x1f83}}, {{0x101b, 0x0000}},
		{{0x101c, 0x0000}}, {{0x101d, 0x0000}}, {{0x101e, 0x0000}}, {{0x101f, 0x0000}},
		{{0x1020, 0x0000}}, {{0x1021, 0x0000}}, {{0x1022, 0x0000}}, {{0x1023, 0x1b00}},
		{{0x1024, 0x0000}}, {{0x1025, 0x0000}}, {{0x1026, 0x0000}}, {{0x1027, 0x0000}},
		{{0x1028, 0x60e6}}, {{0x1029, 0x5800}}, {{0x102a, 0x1983}}, {{0x102b, 0x0000}},
		{{0x102c, 0x0000}}, {{0x102d, 0x0000}}, {{0x102e, 0x0000}}, {{0x102f, 0x0000}},
		{{0x1030, 0x0000}}, {{0x1031, 0x0000}}, {{0x1032, 0x0000}}, {{0x1033, 0x1b00}},
		{{0x1034, 0x0000}}, {{0x1035, 0x0000}}, {{0x1036, 0x0000}}, {{0x1037, 0x0000}},
		{{0x1038, 0x60c6}}, {{0x1039, 0xd801}}, {{0x103a, 0x1203}}, {{0x103b, 0x0000}},
		{{0x103c, 0x0000}}, {{0x103d, 0x0000}}, {{0x103e, 0x0000}}, {{0x103f, 0x0000}},
		{{0x1040, 0x0000}}, {{0x1041, 0x0000}}, {{0x1042, 0x0000}}, {{0x1043, 0x1b00}},
		{{0x1044, 0x0000}}, {{0x1045, 0x0000}}, {{0x1046, 0x0000}}, {{0x1047, 0x0000}},
		{{0x1048, 0xc046}}, {{0x1049, 0x5802}}, {{0x104a, 0x1701}}, {{0x104b, 0x0000}},
		{{0x104c, 0x0000}}, {{0x104d, 0x0000}}, {{0x104e, 0x0000}}, {{0x104f, 0x0000}},
		{{0x1050, 0xc086}}, {{0x1051, 0x5802}}, {{0x1052, 0x0302}}, {{0x1053, 0x0000}},
		{{0x1054, 0x0000}}, {{0x1055, 0x0000}}, {{0x1056, 0x0000}}, {{0x1057, 0x0000}},
		{{0x1058, 0x0000}}, {{0x1059, 0x0000}}, {{0x105a, 0x0000}}, {{0x105b, 0x1b00}},
		{{0x105c, 0x0000}}, {{0x105d, 0x0000}}, {{0x105e, 0x0000}}, {{0x105f, 0x0000}},
		{{0x1060, 0xa0c6}}, {{0x1061, 0x5802}}, {{0x1062, 0x0003}}, {{0x1063, 0x0000}},
		{{0x1064, 0x0000}}, {{0x1065, 0x0000}}, {{0x1066, 0x0000}}, {{0x1067, 0x0000}},
		{{0x1068, 0x0000}}, {{0x1069, 0x0000}}, {{0x106a, 0x0000}}, {{0x106b, 0x1b00}},
		{{0x106c, 0x0000}}, {{0x106d, 0x0000}}, {{0x106e, 0x0000}}, {{0x106f, 0x0000}},
		{{0x1070, 0x60c6}}, {{0x1071, 0x5806}}, {{0x1072, 0x0003}}, {{0x1073, 0x0000}},
		{{0x1074, 0x0000}}, {{0x1075, 0x0000}}, {{0x1076, 0x0000}}, {{0x1077, 0x0000}},
	}
};

static const phy_init_config training_8g_table_2 = {
	0x00020000, 1, false,
	{
		{{0x0015, 0x0000}},
	}
};

static const phy_init_config training_8g_table_3 = {
	0x00030000, 4, false,
	{
		{{0x004a, 0x0000}}, {{0x004b, 0x0000}}, {{0x104a, 0x0000}}, {{0x104b, 0x0000}},
	}
};

static const phy_init_config training_8g_table_4 = {
	0x00020000, 3, false,
	{
		{{0x004c, 0x080e}}, {{0x004d, 0x0001}}, {{0x0045, 0x0001}},
	}
};

static const phy_init_config training_8g_table_5 = {
	0x00010000, 8, false,
	{
		{{0x0057, 0x0001}}, {{0x1057, 0x0001}}, {{0x2057, 0x0001}}, {{0x3057, 0x0001}},
		{{0x000f, 0x1589}}, {{0x100f, 0x1589}}, {{0x200f, 0x1589}}, {{0x300f, 0x1589}},
	}
};

static const phy_init_config training_8g_table_6 = {
	0x00090000, 7, false,
	{
		{{0x0803, 0x0000}}, {{0x0804, 0x0002}}, {{0x0805, 0x0001}}, {{0x0903, 0x0000}},
		{{0x090b, 0x0002}}, {{0x0811, 0x0000}}, {{0x0812, 0xff00}},
	}
};

static const phy_init_config training_8g_table_7 = {
	0x00020000, 1, false,
	{
		{{0x0072, 0x0003}},
	}
};

static const phy_init_config training_8g_table_8 = {
	0x00090000, 1, false,
	{
		{{0x080e, 0x0003}},
	}
};

static const phy_init_config training_8g_table_9 = {
	0x00020000, 1, false,
	{
		{{0x0073, 0x0003}},
	}
};

static const phy_init_config training_8g_table_10 = {
	0x00090000, 1, false,
	{
		{{0x080f, 0x0003}},
	}
};

static const phy_init_config training_8g_table_11 = {
	0x000d0000, 1, false,
	{
		{{0x0000, 0x0000}},
	}
};

static const phy_init_config training_8g_table_12 = {
	0x00040000, 584, false,
	{
		{{0x1000, 0x0000}}, {{0x1001, 0x0000}}, {{0x1002, 0x0000}}, {{0x1003, 0x0000}},
		{{0x1004, 0x0000}}, {{0x1005, 0x0000}}, {{0x1006, 0x0000}}, {{0x1007, 0x0000}},
		{{0x1188, 0xa0c6}}, {{0x1189, 0xd801}}, {{0x118a, 0x0403}}, {{0x118b, 0x0000}},
		{{0x118c, 0x0000}}, {{0x118d, 0x0000}}, {{0x118e, 0x0000}}, {{0x118f, 0x0000}},
		{{0x1190, 0xa0c6}}, {{0x1191, 0xd801}}, {{0x1192, 0x0003}}, {{0x1193, 0x0000}},
		{{0x1194, 0x0000}}, {{0x1195, 0x0000}}, {{0x1196, 0x0000}}, {{0x1197, 0x0000}},
		{{0x1198, 0xa0e6}}, {{0x1199, 0x5801}}, {{0x119a, 0x0403}}, {{0x119b, 0x0000}},
		{{0x119c, 0x0000}}, {{0x119d, 0x0000}}, {{0x119e, 0x0000}}, {{0x119f, 0x0000}},
		{{0x11a0, 0xa0e6}}, {{0x11a1, 0x5801}}, {{0x11a2, 0x0003}}, {{0x11a3, 0x0000}},
		{{0x11a4, 0x0000}}, {{0x11a5, 0x0000}}, {{0x11a6, 0x0000}}, {{0x11a7, 0x0000}},
		{{0x11a8, 0xe0e0}}, {{0x11a9, 0x0001}}, {{0x11aa, 0x0000}}, {{0x11ab, 0x0000}},
		{{0x11ac, 0x0000}}, {{0x11ad, 0x0000}}, {{0x11ae, 0x0000}}, {{0x11af, 0x0000}},
		{{0x11b0, 0x20e0}}, {{0x11b1, 0x0002}}, {{0x11b2, 0x0000}}, {{0x11b3, 0x0000}},
		{{0x11b4, 0x0000}}, {{0x11b5, 0x0000}}, {{0x11b6, 0x0000}}, {{0x11b7, 0x0000}},
		{{0x11b8, 0xe0c6}}, {{0x11b9, 0xd802}}, {{0x11ba, 0x0003}}, {{0x11bb, 0x0000}},
		{{0x11bc, 0x0000}}, {{0x11bd, 0x0000}}, {{0x11be, 0x0000}}, {{0x11bf, 0x0000}},
		{{0x11c0, 0x0000}}, {{0x11c1, 0x0000}}, {{0x11c2, 0x0000}}, {{0x11c3, 0x2b00}},
		{{0x11c4, 0x0000}}, {{0x11c5, 0x0000}}, {{0x11c6, 0x0000}}, {{0x11c7, 0x0000}},
		{{0x11c8, 0x0000}}, {{0x11c9, 0x0000}}, {{0x11ca, 0x0000}}, {{0x11cb, 0x0000}},
		{{0x11cc, 0x60e0}}, {{0x11cd, 0x0001}}, {{0x11ce, 0x0000}}, {{0x11cf, 0x0000}},
		{{0x11d0, 0x0000}}, {{0x11d1, 0x0000}}, {{0x11d2, 0x0000}}, {{0x11d3, 0x2b00}},
		{{0x11d4, 0x0000}}, {{0x11d5, 0x0000}}, {{0x11d6, 0x0000}}, {{0x11d7, 0x0000}},
		{{0x11d8, 0x00c6}}, {{0x11d9, 0x5804}}, {{0x11da, 0x0083}}, {{0x11db, 0x0000}},
		{{0x11dc, 0x0000}}, {{0x11dd, 0x0000}}, {{0x11de, 0x0000}}, {{0x11df, 0x0000}},
		{{0x11e0, 0x0000}}, {{0x11e1, 0x0000}}, {{0x11e2, 0x0000}}, {{0x11e3, 0x1b00}},
		{{0x11e4, 0x0000}}, {{0x11e5, 0x0000}}, {{0x11e6, 0x0000}}, {{0x11e7, 0x0000}},
		{{0x11e8, 0x0000}}, {{0x11e9, 0x0000}}, {{0x11ea, 0x0000}}, {{0x11eb, 0x0000}},
		{{0x11ec, 0x00c6}}, {{0x11ed, 0x5805}}, {{0x11ee, 0x0003}}, {{0x11ef, 0x0000}},
		{{0x11f0, 0x0000}}, {{0x11f1, 0x0000}}, {{0x11f2, 0x0000}}, {{0x11f3, 0x2b00}},
		{{0x11f4, 0x0000}}, {{0x11f5, 0x0000}}, {{0x11f6, 0x0000}}, {{0x11f7, 0x0000}},
		{{0x11f8, 0xe0c6}}, {{0x11f9, 0x5801}}, {{0x11fa, 0x0003}}, {{0x11fb, 0x0000}},
		{{0x11fc, 0x0000}}, {{0x11fd, 0x0000}}, {{0x11fe, 0x0000}}, {{0x11ff, 0x0000}},
		{{0x1200, 0x0000}}, {{0x1201, 0x0000}}, {{0x1202, 0x0000}}, {{0x1203, 0x1b00}},
		{{0x1204, 0x0000}}, {{0x1205, 0x0000}}, {{0x1206, 0x0000}}, {{0x1207, 0x0000}},
		{{0x1208, 0x0000}}, {{0x1209, 0x0000}}, {{0x120a, 0x0000}}, {{0x120b, 0x0000}},
		{{0x120c, 0x80c6}}, {{0x120d, 0x5802}}, {{0x120e, 0x0003}}, {{0x120f, 0x0000}},
		{{0x1210, 0x0000}}, {{0x1211, 0x0000}}, {{0x1212, 0x0000}}, {{0x1213, 0x3b00}},
		{{0x1214, 0x0000}}, {{0x1215, 0x0000}}, {{0x1216, 0x0000}}, {{0x1217, 0x0000}},
		{{0x1218, 0x014e}}, {{0x1219, 0x4800}}, {{0x121a, 0x0001}}, {{0x121b, 0x0400}},
		{{0x121c, 0x0000}}, {{0x121d, 0x0000}}, {{0x121e, 0x0000}}, {{0x121f, 0x0000}},
		{{0x1220, 0x064e}}, {{0x1221, 0x4800}}, {{0x1222, 0x0001}}, {{0x1223, 0x0400}},
		{{0x1224, 0x0000}}, {{0x1225, 0x0000}}, {{0x1226, 0x0000}}, {{0x1227, 0x0000}},
		{{0x1228, 0x0000}}, {{0x1229, 0x0000}}, {{0x122a, 0x0000}}, {{0x122b, 0x5f00}},
		{{0x122c, 0x0000}}, {{0x122d, 0x0000}}, {{0x122e, 0x0000}}, {{0x122f, 0x0000}},
		{{0x1230, 0x0000}}, {{0x1231, 0x0000}}, {{0x1232, 0x0000}}, {{0x1233, 0x0000}},
		{{0x1234, 0x0000}}, {{0x1235, 0x0000}}, {{0x1236, 0x0000}}, {{0x1237, 0x0000}},
		{{0x1238, 0x0000}}, {{0x1239, 0x0000}}, {{0x123a, 0x0000}}, {{0x123b, 0x0000}},
		{{0x123c, 0x0000}}, {{0x123d, 0x0000}}, {{0x123e, 0x0000}}, {{0x123f, 0x0000}},
		{{0x1240, 0x0000}}, {{0x1241, 0x0000}}, {{0x1242, 0x0000}}, {{0x1243, 0x2b00}},
		{{0x1244, 0x0000}}, {{0x1245, 0x0000}}, {{0x1246, 0x0000}}, {{0x1247, 0x0000}},
		{{0x1248, 0x0000}}, {{0x1249, 0x0000}}, {{0x124a, 0x0000}}, {{0x124b, 0x0000}},
		{{0x124c, 0x0000}}, {{0x124d, 0x0000}}, {{0x124e, 0x0000}}, {{0x124f, 0x0000}},
		{{0x1250, 0x018e}}, {{0x1251, 0x4800}}, {{0x1252, 0x0002}}, {{0x1253, 0x0410}},
		{{0x1254, 0x0000}}, {{0x1255, 0x0000}}, {{0x1256, 0x0000}}, {{0x1257, 0x0000}},
		{{0x1258, 0x068e}}, {{0x1259, 0x4800}}, {{0x125a, 0x0002}}, {{0x125b, 0x0410}},
		{{0x125c, 0x0000}}, {{0x125d, 0x0000}}, {{0x125e, 0x0000}}, {{0x125f, 0x0000}},
		{{0x1260, 0x0000}}, {{0x1261, 0x0000}}, {{0x1262, 0x0000}}, {{0x1263, 0x5f00}},
		{{0x1264, 0x0000}}, {{0x1265, 0x0000}}, {{0x1266, 0x0000}}, {{0x1267, 0x0000}},
		{{0x1268, 0x0000}}, {{0x1269, 0x0000}}, {{0x126a, 0x0000}}, {{0x126b, 0x0000}},
		{{0x126c, 0x0000}}, {{0x126d, 0x0000}}, {{0x126e, 0x0000}}, {{0x126f, 0x0000}},
		{{0x1270, 0x0000}}, {{0x1271, 0x0000}}, {{0x1272, 0x0000}}, {{0x1273, 0x0000}},
		{{0x1274, 0x0000}}, {{0x1275, 0x0000}}, {{0x1276, 0x0000}}, {{0x1277, 0x0000}},
		{{0x1278, 0x0000}}, {{0x1279, 0x0000}}, {{0x127a, 0x0000}}, {{0x127b, 0x6b00}},
		{{0x127c, 0x0000}}, {{0x127d, 0x0000}}, {{0x127e, 0x0000}}, {{0x127f, 0x0000}},
		{{0x1280, 0x6060}}, {{0x1281, 0x4800}}, {{0x1282, 0x0001}}, {{0x1283, 0x0000}},
		{{0x1284, 0x0000}}, {{0x1285, 0x0000}}, {{0x1286, 0x0000}}, {{0x1287, 0x0000}},
		{{0x1288, 0x6660}}, {{0x1289, 0x4800}}, {{0x128a, 0x0001}}, {{0x128b, 0x0000}},
		{{0x128c, 0x0000}}, {{0x128d, 0x0000}}, {{0x128e, 0x0000}}, {{0x128f, 0x0000}},
		{{0x1290, 0x6060}}, {{0x1291, 0x4800}}, {{0x1292, 0x0001}}, {{0x1293, 0x0000}},
		{{0x1294, 0x0000}}, {{0x1295, 0x0000}}, {{0x1296, 0x0000}}, {{0x1297, 0x0000}},
		{{0x1298, 0x0000}}, {{0x1299, 0x0000}}, {{0x129a, 0x0000}}, {{0x129b, 0x1b00}},
		{{0x129c, 0x0000}}, {{0x129d, 0x0000}}, {{0x129e, 0x0000}}, {{0x129f, 0x0000}},
		{{0x12a0, 0x60a0}}, {{0x12a1, 0x4800}}, {{0x12a2, 0x0002}}, {{0x12a3, 0x0010}},
		{{0x12a4, 0x0000}}, {{0x12a5, 0x0000}}, {{0x12a6, 0x0000}}, {{0x12a7, 0x0000}},
		{{0x12a8, 0x66a0}}, {{0x12a9, 0x4800}}, {{0x12aa, 0x0002}}, {{0x12ab, 0x0010}},
		{{0x12ac, 0x0000}}, {{0x12ad, 0x0000}}, {{0x12ae, 0x0000}}, {{0x12af, 0x0000}},
		{{0x12b0, 0x60a0}}, {{0x12b1, 0x4800}}, {{0x12b2, 0x0002}}, {{0x12b3, 0x0010}},
		{{0x12b4, 0x0000}}, {{0x12b5, 0x0000}}, {{0x12b6, 0x0000}}, {{0x12b7, 0x0000}},
		{{0x12b8, 0x0000}}, {{0x12b9, 0x0000}}, {{0x12ba, 0x0000}}, {{0x12bb, 0x0000}},
		{{0x12bc, 0x0000}}, {{0x12bd, 0x0000}}, {{0x12be, 0x0000}}, {{0x12bf, 0x0000}},
		{{0x12c0, 0x0000}}, {{0x12c1, 0x0000}}, {{0x12c2, 0x0000}}, {{0x12c3, 0x0b00}},
		{{0x12c4, 0x0000}}, {{0x12c5, 0x0000}}, {{0x12c6, 0x0000}}, {{0x12c7, 0x0400}},
		{{0x12c8, 0x0000}}, {{0x12c9, 0x0000}}, {{0x12ca, 0x0000}}, {{0x12cb, 0x0000}},
		{{0x12cc, 0x0000}}, {{0x12cd, 0x0000}}, {{0x12ce, 0x0000}}, {{0x12cf, 0x0000}},
		{{0x12d0, 0x464e}}, {{0x12d1, 0x4802}}, {{0x12d2, 0x0001}}, {{0x12d3, 0x0000}},
		{{0x12d4, 0x0000}}, {{0x12d5, 0x0000}}, {{0x12d6, 0x0000}}, {{0x12d7, 0x0000}},
		{{0x12d8, 0x0000}}, {{0x12d9, 0x0000}}, {{0x12da, 0x0000}}, {{0x12db, 0x1b00}},
		{{0x12dc, 0x0000}}, {{0x12dd, 0x0000}}, {{0x12de, 0x0000}}, {{0x12df, 0x0000}},
		{{0x12e0, 0x664e}}, {{0x12e1, 0x4802}}, {{0x12e2, 0x0001}}, {{0x12e3, 0x0000}},
		{{0x12e4, 0x0000}}, {{0x12e5, 0x0000}}, {{0x12e6, 0x0000}}, {{0x12e7, 0x0000}},
		{{0x12e8, 0x0000}}, {{0x12e9, 0x0000}}, {{0x12ea, 0x0000}}, {{0x12eb, 0x4b00}},
		{{0x12ec, 0x0000}}, {{0x12ed, 0x0000}}, {{0x12ee, 0x0000}}, {{0x12ef, 0x0000}},
		{{0x12f0, 0x0000}}, {{0x12f1, 0x0000}}, {{0x12f2, 0x0000}}, {{0x12f3, 0x0000}},
		{{0x12f4, 0x468e}}, {{0x12f5, 0x4802}}, {{0x12f6, 0x0002}}, {{0x12f7, 0x0010}},
		{{0x12f8, 0x0000}}, {{0x12f9, 0x0000}}, {{0x12fa, 0x0000}}, {{0x12fb, 0x2b00}},
		{{0x12fc, 0x0000}}, {{0x12fd, 0x0000}}, {{0x12fe, 0x0000}}, {{0x12ff, 0x0000}},
		{{0x1300, 0x668e}}, {{0x1301, 0x4802}}, {{0x1302, 0x0002}}, {{0x1303, 0x0010}},
		{{0x1304, 0x0000}}, {{0x1305, 0x0000}}, {{0x1306, 0x0000}}, {{0x1307, 0x0000}},
		{{0x1308, 0x0000}}, {{0x1309, 0x0000}}, {{0x130a, 0x0000}}, {{0x130b, 0x6b00}},
		{{0x130c, 0x0000}}, {{0x130d, 0x0000}}, {{0x130e, 0x0000}}, {{0x130f, 0x0000}},
		{{0x1310, 0x0000}}, {{0x1311, 0x0000}}, {{0x1312, 0x0000}}, {{0x1313, 0x0000}},
		{{0x1314, 0x0000}}, {{0x1315, 0x0000}}, {{0x1316, 0x0000}}, {{0x1317, 0x0000}},
		{{0x1318, 0xe960}}, {{0x1319, 0x4800}}, {{0x131a, 0x0005}}, {{0x131b, 0x0000}},
		{{0x131c, 0x0000}}, {{0x131d, 0x0000}}, {{0x131e, 0x0000}}, {{0x131f, 0x0000}},
		{{0x1320, 0x0000}}, {{0x1321, 0x0000}}, {{0x1322, 0x0000}}, {{0x1323, 0x0b00}},
		{{0x1324, 0x0000}}, {{0x1325, 0x0000}}, {{0x1326, 0x0000}}, {{0x1327, 0x0400}},
		{{0x1328, 0x0000}}, {{0x1329, 0x0000}}, {{0x132a, 0x0000}}, {{0x132b, 0x0000}},
		{{0x132c, 0x2660}}, {{0x132d, 0x4800}}, {{0x132e, 0x0001}}, {{0x132f, 0x0000}},
		{{0x1330, 0x0000}}, {{0x1331, 0x0000}}, {{0x1332, 0x0000}}, {{0x1333, 0x1b00}},
		{{0x1334, 0x0000}}, {{0x1335, 0x0000}}, {{0x1336, 0x0000}}, {{0x1337, 0x0400}},
		{{0x1338, 0x0000}}, {{0x1339, 0x0000}}, {{0x133a, 0x0000}}, {{0x133b, 0x0000}},
		{{0x133c, 0x0000}}, {{0x133d, 0x0000}}, {{0x133e, 0x0000}}, {{0x133f, 0x0000}},
		{{0x1340, 0x0000}}, {{0x1341, 0x0000}}, {{0x1342, 0x0000}}, {{0x1343, 0x0000}},
		{{0x1344, 0x0000}}, {{0x1345, 0x0000}}, {{0x1346, 0x0000}}, {{0x1347, 0x0000}},
		{{0x1348, 0xe9a0}}, {{0x1349, 0x4800}}, {{0x134a, 0x0006}}, {{0x134b, 0x0010}},
		{{0x134c, 0x0000}}, {{0x134d, 0x0000}}, {{0x134e, 0x0000}}, {{0x134f, 0x0000}},
		{{0x1350, 0x0000}}, {{0x1351, 0x0000}}, {{0x1352, 0x0000}}, {{0x1353, 0x0b00}},
		{{0x1354, 0x0000}}, {{0x1355, 0x0000}}, {{0x1356, 0x0000}}, {{0x1357, 0x0400}},
		{{0x1358, 0x0000}}, {{0x1359, 0x0000}}, {{0x135a, 0x0000}}, {{0x135b, 0x0000}},
		{{0x135c, 0x26a0}}, {{0x135d, 0x4800}}, {{0x135e, 0x0002}}, {{0x135f, 0x0010}},
		{{0x1360, 0x0000}}, {{0x1361, 0x0000}}, {{0x1362, 0x0000}}, {{0x1363, 0x1b00}},
		{{0x1364, 0x0000}}, {{0x1365, 0x0000}}, {{0x1366, 0x0000}}, {{0x1367, 0x0400}},
		{{0x1368, 0x0000}}, {{0x1369, 0x0000}}, {{0x136a, 0x0000}}, {{0x136b, 0x0000}},
		{{0x136c, 0x0000}}, {{0x136d, 0x0000}}, {{0x136e, 0x0000}}, {{0x136f, 0x0000}},
		{{0x1370, 0x0000}}, {{0x1371, 0x0000}}, {{0x1372, 0x0000}}, {{0x1373, 0x0000}},
		{{0x1374, 0x0000}}, {{0x1375, 0x0000}}, {{0x1376, 0x0000}}, {{0x1377, 0x0000}},
		{{0x1378, 0x6660}}, {{0x1379, 0x4800}}, {{0x137a, 0x0001}}, {{0x137b, 0x7a00}},
		{{0x137c, 0x0000}}, {{0x137d, 0x0000}}, {{0x137e, 0x0000}}, {{0x137f, 0x0000}},
		{{0x1380, 0x0000}}, {{0x1381, 0x0000}}, {{0x1382, 0x0000}}, {{0x1383, 0x0100}},
		{{0x1384, 0x0000}}, {{0x1385, 0x0000}}, {{0x1386, 0x0000}}, {{0x1387, 0x0000}},
		{{0x1388, 0x0000}}, {{0x1389, 0x0000}}, {{0x138a, 0x0000}}, {{0x138b, 0x0000}},
		{{0x138c, 0x0000}}, {{0x138d, 0x0000}}, {{0x138e, 0x0000}}, {{0x138f, 0x0000}},
		{{0x1390, 0x0000}}, {{0x1391, 0x0000}}, {{0x1392, 0x0000}}, {{0x1393, 0x6b00}},
		{{0x1394, 0x0000}}, {{0x1395, 0x0000}}, {{0x1396, 0x0000}}, {{0x1397, 0x0000}},
		{{0x1398, 0x0000}}, {{0x1399, 0x0000}}, {{0x139a, 0x0000}}, {{0x139b, 0x0000}},
		{{0x139c, 0x0000}}, {{0x139d, 0x0000}}, {{0x139e, 0x0000}}, {{0x139f, 0x0000}},
		{{0x13a0, 0x66a0}}, {{0x13a1, 0x4800}}, {{0x13a2, 0x0002}}, {{0x13a3, 0x7a10}},
		{{0x13a4, 0x0000}}, {{0x13a5, 0x0000}}, {{0x13a6, 0x0000}}, {{0x13a7, 0x0000}},
		{{0x13a8, 0x0000}}, {{0x13a9, 0x0000}}, {{0x13aa, 0x0000}}, {{0x13ab, 0x0100}},
		{{0x13ac, 0x0000}}, {{0x13ad, 0x0000}}, {{0x13ae, 0x0000}}, {{0x13af, 0x0000}},
		{{0x13b0, 0x0000}}, {{0x13b1, 0x0000}}, {{0x13b2, 0x0000}}, {{0x13b3, 0x0000}},
		{{0x13b4, 0x0000}}, {{0x13b5, 0x0000}}, {{0x13b6, 0x0000}}, {{0x13b7, 0x0000}},
		{{0x13b8, 0x0000}}, {{0x13b9, 0x0000}}, {{0x13ba, 0x0000}}, {{0x13bb, 0x6b00}},
		{{0x13bc, 0x0000}}, {{0x13bd, 0x0000}}, {{0x13be, 0x0000}}, {{0x13bf, 0x0000}},
		{{0x13c0, 0x0000}}, {{0x13c1, 0x0000}}, {{0x13c2, 0x0000}}, {{0x13c3, 0x0000}},
		{{0x13c4, 0x0000}}, {{0x13c5, 0x0000}}, {{0x13c6, 0x0000}}, {{0x13c7, 0x0000}},
	}
};

static const phy_init_config training_8g_table_13 = {
	0x0009002e, 1107, true,
	{
		{{0x0010, 0x0400}}, {{0x080e, 0x000b}}, {{0x0480, 0x0809}}, {{0x0009, 0x0308}},
		{{0x0c09, 0x0028}}, {{0x8160, 0x087c}}, {{0x0098, 0x0820}}, {{0x0c7e, 0x0002}},
		{{0x0001, 0x0078}}, {{0x000a, 0x0370}}, {{0x0839, 0x0018}}, {{0x8160, 0x083c}},
		{{0x0661, 0x03f0}}, {{0x0839, 0x0070}}, {{0x0392, 0x0039}}, {{0x0078, 0x039a}},
		{{0x0039, 0x0e09}}, {{0x0100, 0x0839}}, {{0x0002, 0x0001}}, {{0x0038, 0x0000}},
		{{0x0100, 0x0839}}, {{0x0000, 0x0398}}, {{0x0839, 0x0e19}}, {{0x0100, 0x0839}},
		{{0x0002, 0x0001}}, {{0x0038, 0x0000}}, {{0x0100, 0x0839}}, {{0x0000, 0x0390}},
		{{0x0839, 0x0078}}, {{0x039a, 0x0039}}, {{0x0e29, 0x0100}}, {{0x0839, 0x0002}},
		{{0x0001, 0x0038}}, {{0x0000, 0x0100}}, {{0x0839, 0x0070}}, {{0x0392, 0x0039}},
		{{0x024b, 0x0100}}, {{0x0839, 0x0020}}, {{0x0004, 0x0038}}, {{0x0020, 0x0004}},
		{{0x0038, 0x0020}}, {{0x0004, 0x0038}}, {{0x0000, 0x0100}}, {{0x0839, 0x0000}},
		{{0x00f0, 0x0909}}, {{0x0010, 0x0400}}, {{0x089e, 0x0008}}, {{0x0370, 0x0839}},
		{{0x0000, 0x00f0}}, {{0x0909, 0x0003}}, {{0x03f0, 0x0839}}, {{0x1800, 0x8660}},
		{{0x0839, 0x0000}}, {{0x02a0, 0x0809}}, {{0x0008, 0x1880}}, {{0x0839, 0x0000}},
		{{0x82b0, 0x0838}}, {{0x0018, 0x00e0}}, {{0x0809, 0x0000}}, {{0x00e0, 0x0869}},
		{{0x000f, 0x07c0}}, {{0x0839, 0x000a}}, {{0x0510, 0x0839}}, {{0x000a, 0x0700}},
		{{0x0849, 0x000a}}, {{0x0700, 0x0859}}, {{0x000a, 0x0708}}, {{0x0859, 0x0002}},
		{{0x0708, 0x0849}}, {{0x0ff8, 0x8410}}, {{0x0839, 0x7ff8}}, {{0x8498, 0x0838}},
		{{0x0010, 0x8160}}, {{0x083c, 0x0000}}, {{0x07c8, 0x0809}}, {{0x0000, 0x0001}},
		{{0x0008, 0x0000}}, {{0x045a, 0x0089}}, {{0x0029, 0x8160}}, {{0x087c, 0x00b8}},
		{{0x0820, 0x0c7e}}, {{0x0001, 0x0000}}, {{0x0078, 0x0000}}, {{0x0001, 0x0078}},
		{{0x00d8, 0x0820}}, {{0x0c7e, 0x0001}}, {{0x0000, 0x0078}}, {{0x0000, 0x0001}},
		{{0x0078, 0x00f8}}, {{0x0820, 0x0c7e}}, {{0x0001, 0x0000}}, {{0x0078, 0x0000}},
		{{0x0001, 0x0078}}, {{0x0000, 0x0700}}, {{0x0849, 0x0000}}, {{0x0618, 0x0809}},
		{{0x3ff8, 0x84b8}}, {{0x0808, 0x0000}}, {{0x0000, 0x0008}}, {{0x0008, 0xc870}},
		{{0x0c0c, 0x0018}}, {{0x0710, 0x0849}}, {{0x0000, 0x0004}}, {{0x0048, 0x0000}},
		{{0x0004, 0x0048}}, {{0x0010, 0x0710}}, {{0x0849, 0x0000}}, {{0x0004, 0x0048}},
		{{0x0000, 0x0710}}, {{0x0849, 0x0000}}, {{0x0004, 0x0048}}, {{0x0000, 0x0004}},
		{{0x0018, 0x0000}}, {{0x0004, 0x0018}}, {{0x0000, 0x0004}}, {{0x0018, 0x0000}},
		{{0x8410, 0x0809}}, {{0x0000, 0x8498}}, {{0x0808, 0x0005}}, {{0x0510, 0x0809}},
		{{0x0198, 0x1000}}, {{0x0809, 0x0009}}, {{0x03c0, 0x0809}}, {{0x0010, 0x0510}},
		{{0x0809, 0x0000}}, {{0x03c0, 0x0809}}, {{0x0018, 0x0004}}, {{0x0008, 0x0002}},
		{{0x0510, 0x0809}}, {{0x0002, 0x1000}}, {{0x0809, 0x0000}}, {{0xc870, 0x0c0c}},
		{{0x0000, 0x02a0}}, {{0x0809, 0x0010}}, {{0x8160, 0x089c}}, {{0x0002, 0x07c8}},
		{{0x0809, 0x0000}}, {{0x0001, 0x0008}}, {{0x0040, 0x1932}}, {{0x0129, 0x000a}},
		{{0xc140, 0x080c}}, {{0x0098, 0x193a}}, {{0x0129, 0x0090}}, {{0x1932, 0x0329}},
		{{0x0090, 0x193a}}, {{0x0329, 0x0088}}, {{0x1882, 0x0009}}, {{0x0000, 0xc140}},
		{{0x080c, 0x0010}}, {{0x0400, 0x080e}}, {{0x0000, 0x02a0}}, {{0x0809, 0x0000}},
		{{0x03f0, 0x0809}}, {{0x000b, 0x0370}}, {{0x0809, 0x7800}}, {{0x8660, 0x0809}},
		{{0x000d, 0x07c0}}, {{0x0809, 0x0000}}, {{0x82b0, 0x0818}}, {{0x0000, 0x82b0}},
		{{0x0868, 0x0479}}, {{0xc7f8, 0x091c}}, {{0x0000, 0x0000}}, {{0x0118, 0x0038}},
		{{0x80a2, 0x0118}}, {{0x0009, 0xc9c0}}, {{0x0d1c, 0x0000}}, {{0x0000, 0x0118}},
		{{0x0008, 0x0508}}, {{0x0809, 0x0005}}, {{0x07c0, 0x0809}}, {{0x0008, 0x82b0}},
		{{0x0868, 0x0008}}, {{0x82b0, 0x0818}}, {{0x0008, 0x82b0}}, {{0x0888, 0x0010}},
		{{0x0510, 0x0809}}, {{0x0008, 0x1900}}, {{0x0c09, 0x0000}}, {{0x0508, 0x0809}},
		{{0x0002, 0x07c8}}, {{0x0829, 0x000a}}, {{0x03c8, 0x0c29}}, {{0x0661, 0x03f0}},
		{{0x0809, 0x0008}}, {{0x01a2, 0x0009}}, {{0x0009, 0xc800}}, {{0x0c0c, 0x025b}},
		{{0x0100, 0x0cb9}}, {{0x0020, 0x0004}}, {{0x00b8, 0x0009}}, {{0xc800, 0x0c6c}},
		{{0x026f, 0x0100}}, {{0x0c19, 0x0008}}, {{0x0004, 0x0018}}, {{0x027f, 0x0100}},
		{{0x0c19, 0x0479}}, {{0xc7f8, 0x080c}}, {{0x0000, 0x0000}}, {{0x0008, 0x0058}},
		{{0x008a, 0x0009}}, {{0x0009, 0xc9c0}}, {{0x0c0c, 0x0000}}, {{0x0000, 0x0008}},
		{{0x0018, 0x8160}}, {{0x086c, 0x1008}}, {{0x853b, 0x0868}}, {{0x0c00, 0x8588}},
		{{0x0868, 0x0008}}, {{0x85a8, 0x0868}}, {{0x0008, 0x85c8}}, {{0x0868, 0x0000}},
		{{0x8050, 0x0868}}, {{0x0060, 0x0138}}, {{0x0869, 0x0018}}, {{0x8510, 0x0868}},
		{{0x0018, 0x02c8}}, {{0x0869, 0x0010}}, {{0x8520, 0x0868}}, {{0x1ff8, 0x85d8}},
		{{0x0c68, 0x0000}}, {{0xfdf0, 0x0868}}, {{0x0008, 0x85f0}}, {{0x0868, 0x0008}},
		{{0xa5f0, 0x0868}}, {{0x0298, 0x0100}}, {{0x0869, 0x0002}}, {{0x0001, 0x0068}},
		{{0x0000, 0x0100}}, {{0x0869, 0x0000}}, {{0x85f0, 0x0868}}, {{0x0000, 0xa5f0}},
		{{0x0868, 0x1ff8}}, {{0x85d8, 0x0c68}}, {{0x0008, 0x8df0}}, {{0x0868, 0x0008}},
		{{0xadf0, 0x0868}}, {{0x02a8, 0x0100}}, {{0x0869, 0x0002}}, {{0x0001, 0x0068}},
		{{0x0000, 0x0100}}, {{0x0869, 0x0000}}, {{0x8df0, 0x0868}}, {{0x0000, 0xadf0}},
		{{0x0868, 0x0010}}, {{0x02c8, 0x0869}}, {{0x0028, 0x0004}}, {{0x0068, 0x000a}},
		{{0x0500, 0x0c69}}, {{0x0000, 0x8520}}, {{0x0868, 0x0008}}, {{0x8530, 0x0868}},
		{{0x02ba, 0x0100}}, {{0x0869, 0x0002}}, {{0x0001, 0x0068}}, {{0x0002, 0x0100}},
		{{0x0869, 0x0000}}, {{0x8530, 0x0868}}, {{0x0000, 0x8510}}, {{0x0868, 0x0000}},
		{{0x02c8, 0x0869}}, {{0x0008, 0x8050}}, {{0x0868, 0x0030}}, {{0x0004, 0x0068}},
		{{0x0008, 0x8520}}, {{0x0868, 0x0000}}, {{0x8328, 0x086b}}, {{0x02ca, 0x0100}},
		{{0x0869, 0x0002}}, {{0x0001, 0x0068}}, {{0x0004, 0x0100}}, {{0x0869, 0x0ff8}},
		{{0x8328, 0x086b}}, {{0x0009, 0x0500}}, {{0x0c29, 0x0000}}, {{0x8520, 0x0868}},
		{{0x0008, 0x03c8}}, {{0x0c29, 0x0000}}, {{0x0370, 0x0809}}, {{0x0000, 0x03f0}},
		{{0x0809, 0x0000}}, {{0x0400, 0x080e}}, {{0x0010, 0x0004}}, {{0x0118, 0x0020}},
		{{0x82b0, 0x0808}}, {{0x0479, 0xc7f8}}, {{0x080c, 0x0000}}, {{0x0000, 0x0008}},
		{{0x0060, 0x008a}}, {{0x0009, 0x0009}}, {{0xc9c0, 0x0c0c}}, {{0x0000, 0x0000}},
		{{0x0008, 0x0008}}, {{0x02a0, 0x0809}}, {{0x0000, 0x8168}}, {{0x080c, 0x0479}},
		{{0xc7f8, 0x091c}}, {{0x0000, 0x0000}}, {{0x0118, 0x9190}}, {{0x80a1, 0x0918}},
		{{0x0009, 0xc9c0}}, {{0x0d1c, 0x0000}}, {{0x0000, 0x0118}}, {{0x0018, 0x00f0}},
		{{0x0909, 0x000a}}, {{0xc140, 0x092c}}, {{0x0088, 0x1932}}, {{0x0129, 0x0088}},
		{{0x193a, 0x0129}}, {{0x0000, 0xc140}}, {{0x092c, 0x0008}}, {{0x0300, 0x0819}},
		{{0x0010, 0x8160}}, {{0x080c, 0x0008}}, {{0x07c8, 0x0801}}, {{0x0008, 0x0000}},
		{{0x0008, 0x0008}}, {{0x1880, 0x0809}}, {{0x0010, 0x8160}}, {{0x080c, 0x1800}},
		{{0x8660, 0x0809}}, {{0x4000, 0x8668}}, {{0x0809, 0x0000}}, {{0x00f0, 0x0909}},
		{{0x000f, 0x07c0}}, {{0x0809, 0x0000}}, {{0x02a0, 0x0809}}, {{0x0008, 0x0618}},
		{{0x0809, 0x0000}}, {{0x84b8, 0x0808}}, {{0x0ff8, 0x8410}}, {{0x0809, 0x7ff8}},
		{{0x8498, 0x0808}}, {{0x0000, 0x07c8}}, {{0x0809, 0x0008}}, {{0x8168, 0x080c}},
		{{0x0000, 0x0001}}, {{0x0008, 0x0000}}, {{0x0004, 0x0008}}, {{0x0000, 0x0004}},
		{{0x0008, 0x0018}}, {{0x0300, 0x0809}}, {{0x0000, 0x0480}}, {{0x0809, 0x0008}},
		{{0x0510, 0x0809}}, {{0x7800, 0x8660}}, {{0x0809, 0x0018}}, {{0x00f0, 0x0909}},
		{{0x0008, 0x07c8}}, {{0x0801, 0x0010}}, {{0x0400, 0x080e}}, {{0x0661, 0x03f0}},
		{{0x0809, 0x0009}}, {{0x0370, 0x0809}}, {{0x0018, 0x8160}}, {{0x080c, 0x0008}},
		{{0xc800, 0x0c0c}}, {{0x0008, 0xc888}}, {{0x0c04, 0x0020}}, {{0x8302, 0x000b}},
		{{0x0018, 0x8582}}, {{0x0008, 0x9000}}, {{0x8539, 0x0808}}, {{0x0000, 0x8588}},
		{{0x0808, 0x0040}}, {{0x85c8, 0x0808}}, {{0x0000, 0xfdf0}}, {{0x0808, 0x0800}},
		{{0xc5f0, 0x0808}}, {{0x1ff8, 0xfdd8}}, {{0x0c08, 0x0018}}, {{0xfda8, 0x0808}},
		{{0x0040, 0x8520}}, {{0x08d8, 0x0080}}, {{0x8520, 0x08e8}}, {{0x030a, 0x0100}},
		{{0x08d9, 0x032a}}, {{0x0100, 0x08e9}}, {{0x0000, 0x0001}}, {{0x0008, 0x0000}},
		{{0x0100, 0x0809}}, {{0x1ff8, 0xfdd8}}, {{0x0c08, 0x0008}}, {{0xfda8, 0x0808}},
		{{0x0140, 0x8520}}, {{0x08d8, 0x0180}}, {{0x8520, 0x08e8}}, {{0x030a, 0x0100}},
		{{0x08d9, 0x032a}}, {{0x0100, 0x08e9}}, {{0x0000, 0x0001}}, {{0x0008, 0x0000}},
		{{0x0100, 0x0809}}, {{0x0009, 0x0500}}, {{0x0c09, 0x0010}}, {{0x82b0, 0x0808}},
		{{0x0000, 0x8520}}, {{0x0808, 0x0008}}, {{0x03c8, 0x0c09}}, {{0x0000, 0x0370}},
		{{0x0809, 0x0000}}, {{0x03f0, 0x0809}}, {{0x0000, 0x0400}}, {{0x080e, 0x0008}},
		{{0xc848, 0x0c0c}}, {{0x0000, 0xc890}}, {{0x0804, 0x0020}}, {{0x8302, 0x000b}},
		{{0x0018, 0x8582}}, {{0x0008, 0x0000}}, {{0x82b0, 0x0808}}, {{0x1000, 0x8539}},
		{{0x0808, 0x0000}}, {{0x8588, 0x0808}}, {{0x0040, 0x85c8}}, {{0x0808, 0x07f8}},
		{{0xfdf0, 0x0808}}, {{0x0800, 0xc5f0}}, {{0x0808, 0x0080}}, {{0x8088, 0x080b}},
		{{0x1ff8, 0xfdd8}}, {{0x0c08, 0x0018}}, {{0xfda8, 0x0808}}, {{0x0200, 0x8520}},
		{{0x08d8, 0x0400}}, {{0x8520, 0x08e8}}, {{0x02da, 0x0100}}, {{0x08d9, 0x02ea}},
		{{0x0100, 0x08e9}}, {{0x0002, 0x0001}}, {{0x0008, 0x0000}}, {{0x0100, 0x0809}},
		{{0x1ff8, 0xfdd8}}, {{0x0c08, 0x0008}}, {{0xfda8, 0x0808}}, {{0x0a00, 0x8520}},
		{{0x08d8, 0x0c00}}, {{0x8520, 0x08e8}}, {{0x02da, 0x0100}}, {{0x08d9, 0x02ea}},
		{{0x0100, 0x08e9}}, {{0x0000, 0x0001}}, {{0x0008, 0x0000}}, {{0x0100, 0x0809}},
		{{0x0009, 0x0500}}, {{0x0c09, 0x0010}}, {{0x82b0, 0x0808}}, {{0x0000, 0x8520}},
		{{0x0808, 0x0008}}, {{0x03c8, 0x0c09}}, {{0x0000, 0x0370}}, {{0x0809, 0x0000}},
		{{0x03f0, 0x0809}}, {{0x0000, 0x0400}}, {{0x080e, 0x0008}}, {{0xc848, 0x0c0c}},
		{{0x0000, 0xc890}}, {{0x0804, 0x1008}}, {{0x853b, 0x0808}}, {{0x0c00, 0x8588}},
		{{0x0808, 0x0008}}, {{0x85a8, 0x0808}}, {{0x0008, 0x85c8}}, {{0x0808, 0x0060}},
		{{0x0138, 0x0809}}, {{0x0018, 0x00c8}}, {{0x0809, 0x0000}}, {{0x00a4, 0x0809}},
		{{0x0000, 0x8510}}, {{0x0808, 0x02fa}}, {{0x0100, 0x08d9}}, {{0x031a, 0x0100}},
		{{0x08e9, 0x0002}}, {{0x0001, 0x0008}}, {{0x0002, 0x0100}}, {{0x0809, 0x0202}},
		{{0x8510, 0x0c08}}, {{0x0050, 0x00a2}}, {{0x0009, 0x0000}}, {{0x0000, 0x0008}},
		{{0x0000, 0x0000}}, {{0x0008, 0x0000}}, {{0x0000, 0x0008}}, {{0x0000, 0x00c8}},
		{{0x0809, 0x000b}}, {{0x0508, 0x0809}}, {{0x0008, 0x1900}}, {{0x0c09, 0x0002}},
		{{0x0000, 0x0008}}, {{0x0000, 0x0508}}, {{0x0809, 0x0009}}, {{0x0500, 0x0c09}},
		{{0x0010, 0x82b0}}, {{0x0808, 0x0000}}, {{0x8520, 0x0808}}, {{0x0008, 0x03c8}},
		{{0x0c09, 0x0000}}, {{0x0370, 0x0809}}, {{0x0000, 0x03f0}}, {{0x0809, 0x0000}},
		{{0x0400, 0x080e}}, {{0x0008, 0xc848}}, {{0x0c0c, 0x0000}}, {{0xc890, 0x0804}},
		{{0x0020, 0x8302}}, {{0x000b, 0x0018}}, {{0x8582, 0x0008}}, {{0x1000, 0x8539}},
		{{0x0808, 0x0000}}, {{0x8588, 0x0808}}, {{0x0040, 0x85c8}}, {{0x0808, 0x0008}},
		{{0xfdf0, 0x0808}}, {{0x0080, 0x8088}}, {{0x080b, 0x0000}}, {{0x03b8, 0x0869}},
		{{0x1ff8, 0xfdd8}}, {{0x0c08, 0x0018}}, {{0xfda8, 0x0808}}, {{0x0040, 0x8520}},
		{{0x08d8, 0x0080}}, {{0x8520, 0x08e8}}, {{0x02da, 0x0100}}, {{0x08d9, 0x02ea}},
		{{0x0100, 0x08e9}}, {{0x0002, 0x0001}}, {{0x0008, 0x0000}}, {{0x0100, 0x0809}},
		{{0x1ff8, 0xfdd8}}, {{0x0c08, 0x0008}}, {{0xfda8, 0x0808}}, {{0x0140, 0x8520}},
		{{0x08d8, 0x0180}}, {{0x8520, 0x08e8}}, {{0x02da, 0x0100}}, {{0x08d9, 0x02ea}},
		{{0x0100, 0x08e9}}, {{0x0000, 0x0001}}, {{0x0008, 0x0000}}, {{0x0100, 0x0809}},
		{{0x0009, 0x0500}}, {{0x0c09, 0x0010}}, {{0x82b0, 0x0808}}, {{0x0000, 0x8520}},
		{{0x0808, 0x0008}}, {{0x03c8, 0x0c09}}, {{0x0000, 0x0370}}, {{0x0809, 0x0000}},
		{{0x03f0, 0x0809}}, {{0x0000, 0x0400}}, {{0x080e, 0x0008}}, {{0xc848, 0x0c0c}},
		{{0x0000, 0xc890}}, {{0x0804, 0x0000}},
	}
};

static const phy_init_config training_8g_table_14 = {
	0x000d0000, 1, false,
	{
		{{0x00e7, 0x0600}},
	}
};

static const phy_init_config training_8g_table_15 = {
	0x00090000, 15, false,
	{
		{{0x001c, 0x0000}}, {{0x0020, 0x0058}}, {{0x0024, 0x0063}}, {{0x0025, 0x001e}},
		{{0x0026, 0x001e}}, {{0x002b, 0x00d2}}, {{0x0708, 0x00e9}}, {{0x0700, 0x010f}},
		{{0x0701, 0x0131}}, {{0x0702, 0x0150}}, {{0x0703, 0x00ef}}, {{0x0704, 0x0000}},
		{{0x0705, 0x0000}}, {{0x0706, 0x0000}}, {{0x0707, 0x0000}},
	}
};

static const phy_init_config training_8g_table_16 = {
	0x00020000, 145, false,
	{
		{{0x018a, 0x0000}}, {{0x0124, 0x0001}}, {{0x018b, 0x000e}}, {{0x0125, 0x0019}},
		{{0x018c, 0x0026}}, {{0x0126, 0x0001}}, {{0x018d, 0x000e}}, {{0x0127, 0x0019}},
		{{0x018e, 0x0026}}, {{0x0128, 0x000f}}, {{0x018f, 0x0013}}, {{0x0129, 0x0027}},
		{{0x0190, 0x002b}}, {{0x012a, 0x000f}}, {{0x0191, 0x0013}}, {{0x012b, 0x0027}},
		{{0x0192, 0x002b}}, {{0x012c, 0x0014}}, {{0x0193, 0x0018}}, {{0x012d, 0x002c}},
		{{0x0194, 0x0030}}, {{0x012e, 0x0014}}, {{0x0195, 0x0018}}, {{0x012f, 0x002c}},
		{{0x0196, 0x0030}}, {{0x0130, 0x0031}}, {{0x0197, 0x0030}}, {{0x0131, 0x0033}},
		{{0x0198, 0x0032}}, {{0x0132, 0x0031}}, {{0x0199, 0x0030}}, {{0x0133, 0x0033}},
		{{0x019a, 0x0032}}, {{0x0134, 0x0031}}, {{0x019b, 0x0031}}, {{0x0135, 0x0033}},
		{{0x019c, 0x0033}}, {{0x0136, 0x0031}}, {{0x019d, 0x0031}}, {{0x0137, 0x0033}},
		{{0x019e, 0x0033}}, {{0x0138, 0x0032}}, {{0x019f, 0x0032}}, {{0x0139, 0x0034}},
		{{0x01a0, 0x0034}}, {{0x013a, 0x0032}}, {{0x01a1, 0x0032}}, {{0x013b, 0x0034}},
		{{0x01a2, 0x0034}}, {{0x013c, 0x0035}}, {{0x01a3, 0x0035}}, {{0x013d, 0x0035}},
		{{0x01a4, 0x0035}}, {{0x013e, 0x0035}}, {{0x01a5, 0x0035}}, {{0x013f, 0x0035}},
		{{0x01a6, 0x0035}}, {{0x0140, 0x0036}}, {{0x01a7, 0x0036}}, {{0x0141, 0x0036}},
		{{0x01a8, 0x0036}}, {{0x0142, 0x0036}}, {{0x01a9, 0x0036}}, {{0x0143, 0x0036}},
		{{0x01aa, 0x0036}}, {{0x0144, 0x0037}}, {{0x01ab, 0x0036}}, {{0x0145, 0x0037}},
		{{0x01ac, 0x0036}}, {{0x0146, 0x0037}}, {{0x01ad, 0x0036}}, {{0x0147, 0x0037}},
		{{0x01ae, 0x0036}}, {{0x0148, 0x0037}}, {{0x01af, 0x0049}}, {{0x0149, 0x0037}},
		{{0x01b0, 0x0049}}, {{0x014a, 0x0037}}, {{0x01b1, 0x0049}}, {{0x014b, 0x0037}},
		{{0x01b2, 0x0049}}, {{0x014c, 0x004a}}, {{0x01b3, 0x004f}}, {{0x014d, 0x004a}},
		{{0x01b4, 0x004f}}, {{0x014e, 0x004a}}, {{0x01b5, 0x004f}}, {{0x014f, 0x004a}},
		{{0x01b6, 0x004f}}, {{0x0150, 0x0050}}, {{0x01b7, 0x0059}}, {{0x0151, 0x0050}},
		{{0x01b8, 0x0059}}, {{0x0152, 0x0050}}, {{0x01b9, 0x0059}}, {{0x0153, 0x0050}},
		{{0x01ba, 0x0059}}, {{0x0154, 0x005a}}, {{0x01bb, 0x0062}}, {{0x0155, 0x005a}},
		{{0x01bc, 0x0062}}, {{0x0156, 0x005a}}, {{0x01bd, 0x0062}}, {{0x0157, 0x005a}},
		{{0x01be, 0x0062}}, {{0x0158, 0x0063}}, {{0x01bf, 0x0068}}, {{0x0159, 0x0063}},
		{{0x01c0, 0x0068}}, {{0x015a, 0x0063}}, {{0x01c1, 0x0068}}, {{0x015b, 0x0063}},
		{{0x01c2, 0x0068}}, {{0x015c, 0x0069}}, {{0x01c3, 0x006e}}, {{0x015d, 0x0069}},
		{{0x01c4, 0x006e}}, {{0x015e, 0x0069}}, {{0x01c5, 0x006e}}, {{0x015f, 0x0069}},
		{{0x01c6, 0x006e}}, {{0x0160, 0x006f}}, {{0x01c7, 0x0073}}, {{0x0161, 0x006f}},
		{{0x01c8, 0x0073}}, {{0x0162, 0x006f}}, {{0x01c9, 0x0073}}, {{0x0163, 0x006f}},
		{{0x01ca, 0x0073}}, {{0x0164, 0x0074}}, {{0x01cb, 0x0073}}, {{0x0165, 0x0074}},
		{{0x01cc, 0x0073}}, {{0x0166, 0x0074}}, {{0x01cd, 0x0073}}, {{0x0167, 0x0074}},
		{{0x01ce, 0x0073}}, {{0x0168, 0x0074}}, {{0x01cf, 0x0078}}, {{0x0169, 0x0074}},
		{{0x01d0, 0x0078}}, {{0x016a, 0x0074}}, {{0x01d1, 0x0078}}, {{0x016b, 0x0074}},
		{{0x01d2, 0x0078}},
	}
};

static const phy_init_config training_8g_table_17 = {
	0x00040000, 120, false,
	{
		{{0x1323, 0x5b00}}, {{0x1327, 0x0000}}, {{0x133b, 0x7b00}}, {{0x133f, 0x0000}},
		{{0x1353, 0x5b00}}, {{0x1357, 0x0000}}, {{0x136b, 0x7b00}}, {{0x136f, 0x0000}},
		{{0x1008, 0x20e6}}, {{0x1009, 0xd800}}, {{0x100a, 0x1e03}}, {{0x100b, 0x0000}},
		{{0x100c, 0x0000}}, {{0x100d, 0x0000}}, {{0x100e, 0x0000}}, {{0x100f, 0x0000}},
		{{0x1010, 0x0000}}, {{0x1011, 0x0000}}, {{0x1012, 0x0000}}, {{0x1013, 0x1b00}},
		{{0x1014, 0x0000}}, {{0x1015, 0x0000}}, {{0x1016, 0x0000}}, {{0x1017, 0x0000}},
		{{0x1018, 0x40c6}}, {{0x1019, 0x5800}}, {{0x101a, 0x1f83}}, {{0x101b, 0x0000}},
		{{0x101c, 0x0000}}, {{0x101d, 0x0000}}, {{0x101e, 0x0000}}, {{0x101f, 0x0000}},
		{{0x1020, 0x0000}}, {{0x1021, 0x0000}}, {{0x1022, 0x0000}}, {{0x1023, 0x1b00}},
		{{0x1024, 0x0000}}, {{0x1025, 0x0000}}, {{0x1026, 0x0000}}, {{0x1027, 0x0000}},
		{{0x1028, 0x60e6}}, {{0x1029, 0x5800}}, {{0x102a, 0x1983}}, {{0x102b, 0x0000}},
		{{0x102c, 0x0000}}, {{0x102d, 0x0000}}, {{0x102e, 0x0000}}, {{0x102f, 0x0000}},
		{{0x1030, 0x0000}}, {{0x1031, 0x0000}}, {{0x1032, 0x0000}}, {{0x1033, 0x1b00}},
		{{0x1034, 0x0000}}, {{0x1035, 0x0000}}, {{0x1036, 0x0000}}, {{0x1037, 0x0000}},
		{{0x1038, 0x60c6}}, {{0x1039, 0xd801}}, {{0x103a, 0x1203}}, {{0x103b, 0x0000}},
		{{0x103c, 0x0000}}, {{0x103d, 0x0000}}, {{0x103e, 0x0000}}, {{0x103f, 0x0000}},
		{{0x1040, 0x0000}}, {{0x1041, 0x0000}}, {{0x1042, 0x0000}}, {{0x1043, 0x1b00}},
		{{0x1044, 0x0000}}, {{0x1045, 0x0000}}, {{0x1046, 0x0000}}, {{0x1047, 0x0000}},
		{{0x1048, 0xc046}}, {{0x1049, 0x5802}}, {{0x104a, 0x1701}}, {{0x104b, 0x0000}},
		{{0x104c, 0x0000}}, {{0x104d, 0x0000}}, {{0x104e, 0x0000}}, {{0x104f, 0x0000}},
		{{0x1050, 0xc086}}, {{0x1051, 0x5802}}, {{0x1052, 0x0302}}, {{0x1053, 0x0000}},
		{{0x1054, 0x0000}}, {{0x1055, 0x0000}}, {{0x1056, 0x0000}}, {{0x1057, 0x0000}},
		{{0x1058, 0x0000}}, {{0x1059, 0x0000}}, {{0x105a, 0x0000}}, {{0x105b, 0x1b00}},
		{{0x105c, 0x0000}}, {{0x105d, 0x0000}}, {{0x105e, 0x0000}}, {{0x105f, 0x0000}},
		{{0x1060, 0xa0c6}}, {{0x1061, 0x5802}}, {{0x1062, 0x0003}}, {{0x1063, 0x0000}},
		{{0x1064, 0x0000}}, {{0x1065, 0x0000}}, {{0x1066, 0x0000}}, {{0x1067, 0x0000}},
		{{0x1068, 0x0000}}, {{0x1069, 0x0000}}, {{0x106a, 0x0000}}, {{0x106b, 0x1b00}},
		{{0x106c, 0x0000}}, {{0x106d, 0x0000}}, {{0x106e, 0x0000}}, {{0x106f, 0x0000}},
		{{0x1070, 0x60c6}}, {{0x1071, 0x5806}}, {{0x1072, 0x0003}}, {{0x1073, 0x0000}},
		{{0x1074, 0x0000}}, {{0x1075, 0x0000}}, {{0x1076, 0x0000}}, {{0x1077, 0x0000}},
	}
};

static const phy_init_config training_8g_table_18 = {
	0x000c0000, 6, false,
	{
		{{0x0001, 0x5061}}, {{0x0002, 0x7098}}, {{0x0003, 0x0000}}, {{0x0000, 0xbedc}},
		{{0x0006, 0xb0db}}, {{0x0007, 0x0000}},
	}
};

static const phy_init_config training_8g_table_19 = {
	0x00090000, 37, false,
	{
		{{0x070c, 0x0000}}, {{0x070d, 0x07ff}}, {{0x070e, 0x0668}}, {{0x070f, 0x7910}},
		{{0x0710, 0x355e}}, {{0x0711, 0xcbb5}}, {{0x0713, 0xffff}}, {{0x0714, 0x0710}},
		{{0x0715, 0x7800}}, {{0x0c10, 0xffff}}, {{0x0c12, 0xff10}}, {{0x0712, 0x2ee8}},
		{{0x0c11, 0xffff}}, {{0x0716, 0xffdf}}, {{0x0717, 0x6f10}}, {{0x0718, 0x6f10}},
		{{0x0719, 0x2868}}, {{0x071a, 0x2868}}, {{0x071b, 0xfeef}}, {{0x0904, 0xe400}},
		{{0x0986, 0xe400}}, {{0x0920, 0x0000}}, {{0x0921, 0x0000}}, {{0x0922, 0x0000}},
		{{0x0923, 0x0000}}, {{0x0924, 0xff00}}, {{0x0925, 0xff00}}, {{0x0926, 0xff00}},
		{{0x0927, 0xff00}}, {{0x0930, 0x4000}}, {{0x0931, 0x2000}}, {{0x0932, 0xff00}},
		{{0x0933, 0xff00}}, {{0x090a, 0x0000}}, {{0x090c, 0x0000}}, {{0x090d, 0x0001}},
		{{0x0718, 0xffff}},
	}
};

static const phy_init_config training_8g_table_20 = {
	0x00020000, 3, false,
	{
		{{0x00f0, 0x27f7}}, {{0x00f1, 0x2108}}, {{0x00f2, 0x2108}},
	}
};

static const phy_init_config training_8g_table_21 = {
	0x00010000, 20, false,
	{
		{{0x00b9, 0x0001}}, {{0x00b1, 0x0180}}, {{0x00ba, 0x0001}}, {{0x00a2, 0x0000}},
		{{0x00b5, 0x0001}}, {{0x10b9, 0x0001}}, {{0x10b1, 0x0180}}, {{0x10ba, 0x0001}},
		{{0x10a2, 0x0000}}, {{0x10b5, 0x0001}}, {{0x20b9, 0x0001}}, {{0x20b1, 0x0180}},
		{{0x20ba, 0x0001}}, {{0x20a2, 0x0000}}, {{0x20b5, 0x0001}}, {{0x30b9, 0x0001}},
		{{0x30b1, 0x0180}}, {{0x30ba, 0x0001}}, {{0x30a2, 0x0000}}, {{0x30b5, 0x0001}},
	}
};

static const phy_init_config training_8g_table_22 = {
	0x00070000, 73, false,
	{
		{{0x0024, 0x5a3c}}, {{0x0025, 0x5a3c}}, {{0x0026, 0x5a3c}}, {{0x0027, 0x5a3c}},
		{{0x0028, 0x5a3c}}, {{0x0029, 0x5a3c}}, {{0x002a, 0x5a3c}}, {{0x002b, 0x5a3c}},
		{{0x0124, 0x5a3c}}, {{0x0125, 0x5a3c}}, {{0x0126, 0x5a3c}}, {{0x0127, 0x5a3c}},
		{{0x0128, 0x5a3c}}, {{0x0129, 0x5a3c}}, {{0x012a, 0x5a3c}}, {{0x012b, 0x5a3c}},
		{{0x0224, 0x5a3c}}, {{0x0225, 0x5a3c}}, {{0x0226, 0x5a3c}}, {{0x0227, 0x5a3c}},
		{{0x0228, 0x5a3c}}, {{0x0229, 0x5a3c}}, {{0x022a, 0x5a3c}}, {{0x022b, 0x5a3c}},
		{{0x0324, 0x5a3c}}, {{0x0325, 0x5a3c}}, {{0x0326, 0x5a3c}}, {{0x0327, 0x5a3c}},
		{{0x0328, 0x5a3c}}, {{0x0329, 0x5a3c}}, {{0x032a, 0x5a3c}}, {{0x032b, 0x5a3c}},
		{{0x0424, 0x5a3c}}, {{0x0425, 0x5a3c}}, {{0x0426, 0x5a3c}}, {{0x0427, 0x5a3c}},
		{{0x0428, 0x5a3c}}, {{0x0429, 0x5a3c}}, {{0x042a, 0x5a3c}}, {{0x042b, 0x5a3c}},
		{{0x0524, 0x5a3c}}, {{0x0525, 0x5a3c}}, {{0x0526, 0x5a3c}}, {{0x0527, 0x5a3c}},
		{{0x0528, 0x5a3c}}, {{0x0529, 0x5a3c}}, {{0x052a, 0x5a3c}}, {{0x052b, 0x5a3c}},
		{{0x0624, 0x5a3c}}, {{0x0625, 0x5a3c}}, {{0x0626, 0x5a3c}}, {{0x0627, 0x5a3c}},
		{{0x0628, 0x5a3c}}, {{0x0629, 0x5a3c}}, {{0x062a, 0x5a3c}}, {{0x062b, 0x5a3c}},
		{{0x0724, 0x5a3c}}, {{0x0725, 0x5a3c}}, {{0x0726, 0x5a3c}}, {{0x0727, 0x5a3c}},
		{{0x0728, 0x5a3c}}, {{0x0729, 0x5a3c}}, {{0x072a, 0x5a3c}}, {{0x072b, 0x5a3c}},
		{{0x0824, 0x5a3c}}, {{0x0825, 0x5a3c}}, {{0x0826, 0x5a3c}}, {{0x0827, 0x5a3c}},
		{{0x0828, 0x5a3c}}, {{0x0829, 0x5a3c}}, {{0x082a, 0x5a3c}}, {{0x082b, 0x5a3c}},
		{{0x0065, 0x01ff}},
	}
};

static const phy_init_config training_8g_table_23 = {
	0x00020000, 4, false,
	{
		{{0x007a, 0x00cc}}, {{0x007e, 0x00cc}}, {{0x0028, 0x0002}}, {{0x00ef, 0xffff}},
	}
};

static const phy_init_config training_8g_table_24 = {
	0x00090000, 1, false,
	{
		{{0x0910, 0x0002}},
	}
};

static const phy_init_config training_8g_table_25 = {
	0x00020000, 2, false,
	{
		{{0x0310, 0x0001}}, {{0x0311, 0x0001}},
	}
};

static const phy_init_config training_8g_table_26 = {
	0x000c0000, 1, false,
	{
		{{0x0080, 0x0002}},
	}
};

static const phy_init_config training_8g_table_27 = {
	0x000d0000, 2, false,
	{
		{{0x0003, 0x0000}}, {{0x0000, 0x0001}},
	}
};

const phy_init_config* lp4x_8g_train_table[] = {
	&training_8g_table_0,
	&training_8g_table_1,
	&training_8g_table_2,
	&training_8g_table_3,
	&training_8g_table_4,
	&training_8g_table_5,
	&training_8g_table_6,
	&training_8g_table_7,
	&training_8g_table_8,
	&training_8g_table_9,
	&training_8g_table_10,
	&training_8g_table_11,
	&training_8g_table_12,
	&training_8g_table_13,
	&training_8g_table_14,
	&training_8g_table_15,
	&training_8g_table_16,
	&training_8g_table_17,
	&training_8g_table_18,
	&training_8g_table_19,
	&training_8g_table_20,
	&training_8g_table_21,
	&training_8g_table_22,
	&training_8g_table_23,
	&training_8g_table_24,
	&training_8g_table_25,
	&training_8g_table_26,
	&training_8g_table_27,
	NULL,
};

static const phy_init_config training_16g_table_0 = {
	0x00090000, 8, false,
	{
		{{0x08f0, 0x0086}}, {{0x08f1, 0x010a}}, {{0x08f2, 0x0000}}, {{0x08f3, 0x002c}},
		{{0x08f4, 0x001a}}, {{0x08f5, 0x0000}}, {{0x08f6, 0x0039}}, {{0x08f7, 0x0000}},
	}
};

static const phy_init_config training_16g_table_1 = {
	0x00040000, 112, false,
	{
		{{0x1008, 0x20e6}}, {{0x1009, 0xd800}}, {{0x100a, 0x1e03}}, {{0x100b, 0x0000}},
		{{0x100c, 0x0000}}, {{0x100d, 0x0000}}, {{0x100e, 0x0000}}, {{0x100f, 0x0000}},
		{{0x1010, 0x0000}}, {{0x1011, 0x0000}}, {{0x1012, 0x0000}}, {{0x1013, 0x1b00}},
		{{0x1014, 0x0000}}, {{0x1015, 0x0000}}, {{0x1016, 0x0000}}, {{0x1017, 0x0000}},
		{{0x1018, 0x40c6}}, {{0x1019, 0x5800}}, {{0x101a, 0x1f83}}, {{0x101b, 0x0000}},
		{{0x101c, 0x0000}}, {{0x101d, 0x0000}}, {{0x101e, 0x0000}}, {{0x101f, 0x0000}},
		{{0x1020, 0x0000}}, {{0x1021, 0x0000}}, {{0x1022, 0x0000}}, {{0x1023, 0x1b00}},
		{{0x1024, 0x0000}}, {{0x1025, 0x0000}}, {{0x1026, 0x0000}}, {{0x1027, 0x0000}},
		{{0x1028, 0x60c6}}, {{0x1029, 0x5800}}, {{0x102a, 0x1983}}, {{0x102b, 0x0000}},
		{{0x102c, 0x0000}}, {{0x102d, 0x0000}}, {{0x102e, 0x0000}}, {{0x102f, 0x0000}},
		{{0x1030, 0x0000}}, {{0x1031, 0x0000}}, {{0x1032, 0x0000}}, {{0x1033, 0x1b00}},
		{{0x1034, 0x0000}}, {{0x1035, 0x0000}}, {{0x1036, 0x0000}}, {{0x1037, 0x0000}},
		{{0x1038, 0x60c6}}, {{0x1039, 0xd801}}, {{0x103a, 0x1203}}, {{0x103b, 0x0000}},
		{{0x103c, 0x0000}}, {{0x103d, 0x0000}}, {{0x103e, 0x0000}}, {{0x103f, 0x0000}},
		{{0x1040, 0x0000}}, {{0x1041, 0x0000}}, {{0x1042, 0x0000}}, {{0x1043, 0x1b00}},
		{{0x1044, 0x0000}}, {{0x1045, 0x0000}}, {{0x1046, 0x0000}}, {{0x1047, 0x0000}},
		{{0x1048, 0xc066}}, {{0x1049, 0x5802}}, {{0x104a, 0x1701}}, {{0x104b, 0x0000}},
		{{0x104c, 0x0000}}, {{0x104d, 0x0000}}, {{0x104e, 0x0000}}, {{0x104f, 0x0000}},
		{{0x1050, 0xc0a6}}, {{0x1051, 0x5802}}, {{0x1052, 0x0302}}, {{0x1053, 0x0000}},
		{{0x1054, 0x0000}}, {{0x1055, 0x0000}}, {{0x1056, 0x0000}}, {{0x1057, 0x0000}},
		{{0x1058, 0x0000}}, {{0x1059, 0x0000}}, {{0x105a, 0x0000}}, {{0x105b, 0x1b00}},
		{{0x105c, 0x0000}}, {{0x105d, 0x0000}}, {{0x105e, 0x0000}}, {{0x105f, 0x0000}},
		{{0x1060, 0xa0c6}}, {{0x1061, 0x5802}}, {{0x1062, 0x0003}}, {{0x1063, 0x0000}},
		{{0x1064, 0x0000}}, {{0x1065, 0x0000}}, {{0x1066, 0x0000}}, {{0x1067, 0x0000}},
		{{0x1068, 0x0000}}, {{0x1069, 0x0000}}, {{0x106a, 0x0000}}, {{0x106b, 0x1b00}},
		{{0x106c, 0x0000}}, {{0x106d, 0x0000}}, {{0x106e, 0x0000}}, {{0x106f, 0x0000}},
		{{0x1070, 0x60c6}}, {{0x1071, 0x5806}}, {{0x1072, 0x0003}}, {{0x1073, 0x0000}},
		{{0x1074, 0x0000}}, {{0x1075, 0x0000}}, {{0x1076, 0x0000}}, {{0x1077, 0x0000}},
	}
};

static const phy_init_config training_16g_table_2 = {
	0x00020000, 1, false,
	{
		{{0x0015, 0x0000}},
	}
};

static const phy_init_config training_16g_table_3 = {
	0x00030000, 4, false,
	{
		{{0x004a, 0x0000}}, {{0x004b, 0x0000}}, {{0x104a, 0x0000}}, {{0x104b, 0x0000}},
	}
};

static const phy_init_config training_16g_table_4 = {
	0x00020000, 3, false,
	{
		{{0x004c, 0x080e}}, {{0x004d, 0x0001}}, {{0x0045, 0x0001}},
	}
};

static const phy_init_config training_16g_table_5 = {
	0x00010000, 8, false,
	{
		{{0x0057, 0x0001}}, {{0x1057, 0x0001}}, {{0x2057, 0x0001}}, {{0x3057, 0x0001}},
		{{0x000f, 0x1589}}, {{0x100f, 0x1589}}, {{0x200f, 0x1589}}, {{0x300f, 0x1589}},
	}
};

static const phy_init_config training_16g_table_6 = {
	0x00090000, 7, false,
	{
		{{0x0803, 0x0000}}, {{0x0804, 0x0002}}, {{0x0805, 0x0001}}, {{0x0903, 0x0000}},
		{{0x090b, 0x0002}}, {{0x0811, 0x0000}}, {{0x0812, 0xff00}},
	}
};

static const phy_init_config training_16g_table_7 = {
	0x00020000, 1, false,
	{
		{{0x0072, 0x0003}},
	}
};

static const phy_init_config training_16g_table_8 = {
	0x00090000, 1, false,
	{
		{{0x080e, 0x0003}},
	}
};

static const phy_init_config training_16g_table_9 = {
	0x00020000, 1, false,
	{
		{{0x0073, 0x0003}},
	}
};

static const phy_init_config training_16g_table_10 = {
	0x00090000, 1, false,
	{
		{{0x080f, 0x0003}},
	}
};

static const phy_init_config training_16g_table_11 = {
	0x000d0000, 1, false,
	{
		{{0x0000, 0x0000}},
	}
};

static const phy_init_config training_16g_table_12 = {
	0x00040000, 592, false,
	{
		{{0x1000, 0x0000}}, {{0x1001, 0x0000}}, {{0x1002, 0x0000}}, {{0x1003, 0x0000}},
		{{0x1004, 0x0000}}, {{0x1005, 0x0000}}, {{0x1006, 0x0000}}, {{0x1007, 0x0000}},
		{{0x1188, 0xa0c6}}, {{0x1189, 0xd801}}, {{0x118a, 0x0403}}, {{0x118b, 0x0000}},
		{{0x118c, 0x0000}}, {{0x118d, 0x0000}}, {{0x118e, 0x0000}}, {{0x118f, 0x0000}},
		{{0x1190, 0xa0c6}}, {{0x1191, 0xd801}}, {{0x1192, 0x0003}}, {{0x1193, 0x0000}},
		{{0x1194, 0x0000}}, {{0x1195, 0x0000}}, {{0x1196, 0x0000}}, {{0x1197, 0x0000}},
		{{0x1198, 0xa0e6}}, {{0x1199, 0x5801}}, {{0x119a, 0x0403}}, {{0x119b, 0x0000}},
		{{0x119c, 0x0000}}, {{0x119d, 0x0000}}, {{0x119e, 0x0000}}, {{0x119f, 0x0000}},
		{{0x11a0, 0xa0e6}}, {{0x11a1, 0x5801}}, {{0x11a2, 0x0003}}, {{0x11a3, 0x0000}},
		{{0x11a4, 0x0000}}, {{0x11a5, 0x0000}}, {{0x11a6, 0x0000}}, {{0x11a7, 0x0000}},
		{{0x11a8, 0xe060}}, {{0x11a9, 0x0001}}, {{0x11aa, 0x0000}}, {{0x11ab, 0x0000}},
		{{0x11ac, 0x0000}}, {{0x11ad, 0x0000}}, {{0x11ae, 0x0000}}, {{0x11af, 0x0000}},
		{{0x11b0, 0x2060}}, {{0x11b1, 0x0002}}, {{0x11b2, 0x0000}}, {{0x11b3, 0x0000}},
		{{0x11b4, 0xe0a0}}, {{0x11b5, 0x0001}}, {{0x11b6, 0x0000}}, {{0x11b7, 0x0000}},
		{{0x11b8, 0x20a0}}, {{0x11b9, 0x0002}}, {{0x11ba, 0x0000}}, {{0x11bb, 0x0000}},
		{{0x11bc, 0x0000}}, {{0x11bd, 0x0000}}, {{0x11be, 0x0000}}, {{0x11bf, 0x0000}},
		{{0x11c0, 0xe0c6}}, {{0x11c1, 0xd802}}, {{0x11c2, 0x0003}}, {{0x11c3, 0x0000}},
		{{0x11c4, 0x0000}}, {{0x11c5, 0x0000}}, {{0x11c6, 0x0000}}, {{0x11c7, 0x0000}},
		{{0x11c8, 0x0000}}, {{0x11c9, 0x0000}}, {{0x11ca, 0x0000}}, {{0x11cb, 0x2b00}},
		{{0x11cc, 0x0000}}, {{0x11cd, 0x0000}}, {{0x11ce, 0x0000}}, {{0x11cf, 0x0000}},
		{{0x11d0, 0x0000}}, {{0x11d1, 0x0000}}, {{0x11d2, 0x0000}}, {{0x11d3, 0x0000}},
		{{0x11d4, 0x60e0}}, {{0x11d5, 0x0001}}, {{0x11d6, 0x0000}}, {{0x11d7, 0x0000}},
		{{0x11d8, 0x0000}}, {{0x11d9, 0x0000}}, {{0x11da, 0x0000}}, {{0x11db, 0x2b00}},
		{{0x11dc, 0x0000}}, {{0x11dd, 0x0000}}, {{0x11de, 0x0000}}, {{0x11df, 0x0000}},
		{{0x11e0, 0x00c6}}, {{0x11e1, 0x5804}}, {{0x11e2, 0x0083}}, {{0x11e3, 0x0000}},
		{{0x11e4, 0x0000}}, {{0x11e5, 0x0000}}, {{0x11e6, 0x0000}}, {{0x11e7, 0x0000}},
		{{0x11e8, 0x0000}}, {{0x11e9, 0x0000}}, {{0x11ea, 0x0000}}, {{0x11eb, 0x1b00}},
		{{0x11ec, 0x0000}}, {{0x11ed, 0x0000}}, {{0x11ee, 0x0000}}, {{0x11ef, 0x0000}},
		{{0x11f0, 0x0000}}, {{0x11f1, 0x0000}}, {{0x11f2, 0x0000}}, {{0x11f3, 0x0000}},
		{{0x11f4, 0x00c6}}, {{0x11f5, 0x5805}}, {{0x11f6, 0x0003}}, {{0x11f7, 0x0000}},
		{{0x11f8, 0x0000}}, {{0x11f9, 0x0000}}, {{0x11fa, 0x0000}}, {{0x11fb, 0x2b00}},
		{{0x11fc, 0x0000}}, {{0x11fd, 0x0000}}, {{0x11fe, 0x0000}}, {{0x11ff, 0x0000}},
		{{0x1200, 0xe0c6}}, {{0x1201, 0x5801}}, {{0x1202, 0x0003}}, {{0x1203, 0x0000}},
		{{0x1204, 0x0000}}, {{0x1205, 0x0000}}, {{0x1206, 0x0000}}, {{0x1207, 0x0000}},
		{{0x1208, 0x0000}}, {{0x1209, 0x0000}}, {{0x120a, 0x0000}}, {{0x120b, 0x1b00}},
		{{0x120c, 0x0000}}, {{0x120d, 0x0000}}, {{0x120e, 0x0000}}, {{0x120f, 0x0000}},
		{{0x1210, 0x0000}}, {{0x1211, 0x0000}}, {{0x1212, 0x0000}}, {{0x1213, 0x0000}},
		{{0x1214, 0x80c6}}, {{0x1215, 0x5802}}, {{0x1216, 0x0003}}, {{0x1217, 0x0000}},
		{{0x1218, 0x0000}}, {{0x1219, 0x0000}}, {{0x121a, 0x0000}}, {{0x121b, 0x3b00}},
		{{0x121c, 0x0000}}, {{0x121d, 0x0000}}, {{0x121e, 0x0000}}, {{0x121f, 0x0000}},
		{{0x1220, 0x014e}}, {{0x1221, 0x4800}}, {{0x1222, 0x0001}}, {{0x1223, 0x0400}},
		{{0x1224, 0x0000}}, {{0x1225, 0x0000}}, {{0x1226, 0x0000}}, {{0x1227, 0x0000}},
		{{0x1228, 0x064e}}, {{0x1229, 0x4800}}, {{0x122a, 0x0001}}, {{0x122b, 0x0400}},
		{{0x122c, 0x0000}}, {{0x122d, 0x0000}}, {{0x122e, 0x0000}}, {{0x122f, 0x0000}},
		{{0x1230, 0x0000}}, {{0x1231, 0x0000}}, {{0x1232, 0x0000}}, {{0x1233, 0x5f00}},
		{{0x1234, 0x0000}}, {{0x1235, 0x0000}}, {{0x1236, 0x0000}}, {{0x1237, 0x0000}},
		{{0x1238, 0x0000}}, {{0x1239, 0x0000}}, {{0x123a, 0x0000}}, {{0x123b, 0x0000}},
		{{0x123c, 0x0000}}, {{0x123d, 0x0000}}, {{0x123e, 0x0000}}, {{0x123f, 0x0000}},
		{{0x1240, 0x0000}}, {{0x1241, 0x0000}}, {{0x1242, 0x0000}}, {{0x1243, 0x0000}},
		{{0x1244, 0x0000}}, {{0x1245, 0x0000}}, {{0x1246, 0x0000}}, {{0x1247, 0x0000}},
		{{0x1248, 0x0000}}, {{0x1249, 0x0000}}, {{0x124a, 0x0000}}, {{0x124b, 0x2b00}},
		{{0x124c, 0x0000}}, {{0x124d, 0x0000}}, {{0x124e, 0x0000}}, {{0x124f, 0x0000}},
		{{0x1250, 0x0000}}, {{0x1251, 0x0000}}, {{0x1252, 0x0000}}, {{0x1253, 0x0000}},
		{{0x1254, 0x0000}}, {{0x1255, 0x0000}}, {{0x1256, 0x0000}}, {{0x1257, 0x0000}},
		{{0x1258, 0x018e}}, {{0x1259, 0x4800}}, {{0x125a, 0x0002}}, {{0x125b, 0x0410}},
		{{0x125c, 0x0000}}, {{0x125d, 0x0000}}, {{0x125e, 0x0000}}, {{0x125f, 0x0000}},
		{{0x1260, 0x068e}}, {{0x1261, 0x4800}}, {{0x1262, 0x0002}}, {{0x1263, 0x0410}},
		{{0x1264, 0x0000}}, {{0x1265, 0x0000}}, {{0x1266, 0x0000}}, {{0x1267, 0x0000}},
		{{0x1268, 0x0000}}, {{0x1269, 0x0000}}, {{0x126a, 0x0000}}, {{0x126b, 0x5f00}},
		{{0x126c, 0x0000}}, {{0x126d, 0x0000}}, {{0x126e, 0x0000}}, {{0x126f, 0x0000}},
		{{0x1270, 0x0000}}, {{0x1271, 0x0000}}, {{0x1272, 0x0000}}, {{0x1273, 0x0000}},
		{{0x1274, 0x0000}}, {{0x1275, 0x0000}}, {{0x1276, 0x0000}}, {{0x1277, 0x0000}},
		{{0x1278, 0x0000}}, {{0x1279, 0x0000}}, {{0x127a, 0x0000}}, {{0x127b, 0x0000}},
		{{0x127c, 0x0000}}, {{0x127d, 0x0000}}, {{0x127e, 0x0000}}, {{0x127f, 0x0000}},
		{{0x1280, 0x0000}}, {{0x1281, 0x0000}}, {{0x1282, 0x0000}}, {{0x1283, 0x6b00}},
		{{0x1284, 0x0000}}, {{0x1285, 0x0000}}, {{0x1286, 0x0000}}, {{0x1287, 0x0000}},
		{{0x1288, 0x6060}}, {{0x1289, 0x4800}}, {{0x128a, 0x0001}}, {{0x128b, 0x0000}},
		{{0x128c, 0x0000}}, {{0x128d, 0x0000}}, {{0x128e, 0x0000}}, {{0x128f, 0x0000}},
		{{0x1290, 0x6660}}, {{0x1291, 0x4800}}, {{0x1292, 0x0001}}, {{0x1293, 0x0000}},
		{{0x1294, 0x0000}}, {{0x1295, 0x0000}}, {{0x1296, 0x0000}}, {{0x1297, 0x0000}},
		{{0x1298, 0x6060}}, {{0x1299, 0x4800}}, {{0x129a, 0x0001}}, {{0x129b, 0x0000}},
		{{0x129c, 0x0000}}, {{0x129d, 0x0000}}, {{0x129e, 0x0000}}, {{0x129f, 0x0000}},
		{{0x12a0, 0x0000}}, {{0x12a1, 0x0000}}, {{0x12a2, 0x0000}}, {{0x12a3, 0x1b00}},
		{{0x12a4, 0x0000}}, {{0x12a5, 0x0000}}, {{0x12a6, 0x0000}}, {{0x12a7, 0x0000}},
		{{0x12a8, 0x60a0}}, {{0x12a9, 0x4800}}, {{0x12aa, 0x0002}}, {{0x12ab, 0x0010}},
		{{0x12ac, 0x0000}}, {{0x12ad, 0x0000}}, {{0x12ae, 0x0000}}, {{0x12af, 0x0000}},
		{{0x12b0, 0x66a0}}, {{0x12b1, 0x4800}}, {{0x12b2, 0x0002}}, {{0x12b3, 0x0010}},
		{{0x12b4, 0x0000}}, {{0x12b5, 0x0000}}, {{0x12b6, 0x0000}}, {{0x12b7, 0x0000}},
		{{0x12b8, 0x60a0}}, {{0x12b9, 0x4800}}, {{0x12ba, 0x0002}}, {{0x12bb, 0x0010}},
		{{0x12bc, 0x0000}}, {{0x12bd, 0x0000}}, {{0x12be, 0x0000}}, {{0x12bf, 0x0000}},
		{{0x12c0, 0x0000}}, {{0x12c1, 0x0000}}, {{0x12c2, 0x0000}}, {{0x12c3, 0x0000}},
		{{0x12c4, 0x0000}}, {{0x12c5, 0x0000}}, {{0x12c6, 0x0000}}, {{0x12c7, 0x0000}},
		{{0x12c8, 0x0000}}, {{0x12c9, 0x0000}}, {{0x12ca, 0x0000}}, {{0x12cb, 0x0b00}},
		{{0x12cc, 0x0000}}, {{0x12cd, 0x0000}}, {{0x12ce, 0x0000}}, {{0x12cf, 0x0400}},
		{{0x12d0, 0x0000}}, {{0x12d1, 0x0000}}, {{0x12d2, 0x0000}}, {{0x12d3, 0x0000}},
		{{0x12d4, 0x0000}}, {{0x12d5, 0x0000}}, {{0x12d6, 0x0000}}, {{0x12d7, 0x0000}},
		{{0x12d8, 0x464e}}, {{0x12d9, 0x4802}}, {{0x12da, 0x0001}}, {{0x12db, 0x0000}},
		{{0x12dc, 0x0000}}, {{0x12dd, 0x0000}}, {{0x12de, 0x0000}}, {{0x12df, 0x0000}},
		{{0x12e0, 0x0000}}, {{0x12e1, 0x0000}}, {{0x12e2, 0x0000}}, {{0x12e3, 0x1b00}},
		{{0x12e4, 0x0000}}, {{0x12e5, 0x0000}}, {{0x12e6, 0x0000}}, {{0x12e7, 0x0000}},
		{{0x12e8, 0x664e}}, {{0x12e9, 0x4802}}, {{0x12ea, 0x0001}}, {{0x12eb, 0x0000}},
		{{0x12ec, 0x0000}}, {{0x12ed, 0x0000}}, {{0x12ee, 0x0000}}, {{0x12ef, 0x0000}},
		{{0x12f0, 0x0000}}, {{0x12f1, 0x0000}}, {{0x12f2, 0x0000}}, {{0x12f3, 0x4b00}},
		{{0x12f4, 0x0000}}, {{0x12f5, 0x0000}}, {{0x12f6, 0x0000}}, {{0x12f7, 0x0000}},
		{{0x12f8, 0x0000}}, {{0x12f9, 0x0000}}, {{0x12fa, 0x0000}}, {{0x12fb, 0x0000}},
		{{0x12fc, 0x468e}}, {{0x12fd, 0x4802}}, {{0x12fe, 0x0002}}, {{0x12ff, 0x0010}},
		{{0x1300, 0x0000}}, {{0x1301, 0x0000}}, {{0x1302, 0x0000}}, {{0x1303, 0x2b00}},
		{{0x1304, 0x0000}}, {{0x1305, 0x0000}}, {{0x1306, 0x0000}}, {{0x1307, 0x0000}},
		{{0x1308, 0x668e}}, {{0x1309, 0x4802}}, {{0x130a, 0x0002}}, {{0x130b, 0x0010}},
		{{0x130c, 0x0000}}, {{0x130d, 0x0000}}, {{0x130e, 0x0000}}, {{0x130f, 0x0000}},
		{{0x1310, 0x0000}}, {{0x1311, 0x0000}}, {{0x1312, 0x0000}}, {{0x1313, 0x6b00}},
		{{0x1314, 0x0000}}, {{0x1315, 0x0000}}, {{0x1316, 0x0000}}, {{0x1317, 0x0000}},
		{{0x1318, 0x0000}}, {{0x1319, 0x0000}}, {{0x131a, 0x0000}}, {{0x131b, 0x0000}},
		{{0x131c, 0x0000}}, {{0x131d, 0x0000}}, {{0x131e, 0x0000}}, {{0x131f, 0x0000}},
		{{0x1320, 0xe960}}, {{0x1321, 0x4800}}, {{0x1322, 0x0005}}, {{0x1323, 0x0000}},
		{{0x1324, 0x0000}}, {{0x1325, 0x0000}}, {{0x1326, 0x0000}}, {{0x1327, 0x0000}},
		{{0x1328, 0x0000}}, {{0x1329, 0x0000}}, {{0x132a, 0x0000}}, {{0x132b, 0x0b00}},
		{{0x132c, 0x0000}}, {{0x132d, 0x0000}}, {{0x132e, 0x0000}}, {{0x132f, 0x0400}},
		{{0x1330, 0x0000}}, {{0x1331, 0x0000}}, {{0x1332, 0x0000}}, {{0x1333, 0x0000}},
		{{0x1334, 0x2660}}, {{0x1335, 0x4800}}, {{0x1336, 0x0001}}, {{0x1337, 0x0000}},
		{{0x1338, 0x0000}}, {{0x1339, 0x0000}}, {{0x133a, 0x0000}}, {{0x133b, 0x1b00}},
		{{0x133c, 0x0000}}, {{0x133d, 0x0000}}, {{0x133e, 0x0000}}, {{0x133f, 0x0400}},
		{{0x1340, 0x0000}}, {{0x1341, 0x0000}}, {{0x1342, 0x0000}}, {{0x1343, 0x0000}},
		{{0x1344, 0x0000}}, {{0x1345, 0x0000}}, {{0x1346, 0x0000}}, {{0x1347, 0x0000}},
		{{0x1348, 0x0000}}, {{0x1349, 0x0000}}, {{0x134a, 0x0000}}, {{0x134b, 0x0000}},
		{{0x134c, 0x0000}}, {{0x134d, 0x0000}}, {{0x134e, 0x0000}}, {{0x134f, 0x0000}},
		{{0x1350, 0xe9a0}}, {{0x1351, 0x4800}}, {{0x1352, 0x0006}}, {{0x1353, 0x0010}},
		{{0x1354, 0x0000}}, {{0x1355, 0x0000}}, {{0x1356, 0x0000}}, {{0x1357, 0x0000}},
		{{0x1358, 0x0000}}, {{0x1359, 0x0000}}, {{0x135a, 0x0000}}, {{0x135b, 0x0b00}},
		{{0x135c, 0x0000}}, {{0x135d, 0x0000}}, {{0x135e, 0x0000}}, {{0x135f, 0x0400}},
		{{0x1360, 0x0000}}, {{0x1361, 0x0000}}, {{0x1362, 0x0000}}, {{0x1363, 0x0000}},
		{{0x1364, 0x26a0}}, {{0x1365, 0x4800}}, {{0x1366, 0x0002}}, {{0x1367, 0x0010}},
		{{0x1368, 0x0000}}, {{0x1369, 0x0000}}, {{0x136a, 0x0000}}, {{0x136b, 0x1b00}},
		{{0x136c, 0x0000}}, {{0x136d, 0x0000}}, {{0x136e, 0x0000}}, {{0x136f, 0x0400}},
		{{0x1370, 0x0000}}, {{0x1371, 0x0000}}, {{0x1372, 0x0000}}, {{0x1373, 0x0000}},
		{{0x1374, 0x0000}}, {{0x1375, 0x0000}}, {{0x1376, 0x0000}}, {{0x1377, 0x0000}},
		{{0x1378, 0x0000}}, {{0x1379, 0x0000}}, {{0x137a, 0x0000}}, {{0x137b, 0x0000}},
		{{0x137c, 0x0000}}, {{0x137d, 0x0000}}, {{0x137e, 0x0000}}, {{0x137f, 0x0000}},
		{{0x1380, 0x6660}}, {{0x1381, 0x4800}}, {{0x1382, 0x0001}}, {{0x1383, 0x7a00}},
		{{0x1384, 0x0000}}, {{0x1385, 0x0000}}, {{0x1386, 0x0000}}, {{0x1387, 0x0000}},
		{{0x1388, 0x0000}}, {{0x1389, 0x0000}}, {{0x138a, 0x0000}}, {{0x138b, 0x0100}},
		{{0x138c, 0x0000}}, {{0x138d, 0x0000}}, {{0x138e, 0x0000}}, {{0x138f, 0x0000}},
		{{0x1390, 0x0000}}, {{0x1391, 0x0000}}, {{0x1392, 0x0000}}, {{0x1393, 0x0000}},
		{{0x1394, 0x0000}}, {{0x1395, 0x0000}}, {{0x1396, 0x0000}}, {{0x1397, 0x0000}},
		{{0x1398, 0x0000}}, {{0x1399, 0x0000}}, {{0x139a, 0x0000}}, {{0x139b, 0x6b00}},
		{{0x139c, 0x0000}}, {{0x139d, 0x0000}}, {{0x139e, 0x0000}}, {{0x139f, 0x0000}},
		{{0x13a0, 0x0000}}, {{0x13a1, 0x0000}}, {{0x13a2, 0x0000}}, {{0x13a3, 0x0000}},
		{{0x13a4, 0x0000}}, {{0x13a5, 0x0000}}, {{0x13a6, 0x0000}}, {{0x13a7, 0x0000}},
		{{0x13a8, 0x66a0}}, {{0x13a9, 0x4800}}, {{0x13aa, 0x0002}}, {{0x13ab, 0x7a10}},
		{{0x13ac, 0x0000}}, {{0x13ad, 0x0000}}, {{0x13ae, 0x0000}}, {{0x13af, 0x0000}},
		{{0x13b0, 0x0000}}, {{0x13b1, 0x0000}}, {{0x13b2, 0x0000}}, {{0x13b3, 0x0100}},
		{{0x13b4, 0x0000}}, {{0x13b5, 0x0000}}, {{0x13b6, 0x0000}}, {{0x13b7, 0x0000}},
		{{0x13b8, 0x0000}}, {{0x13b9, 0x0000}}, {{0x13ba, 0x0000}}, {{0x13bb, 0x0000}},
		{{0x13bc, 0x0000}}, {{0x13bd, 0x0000}}, {{0x13be, 0x0000}}, {{0x13bf, 0x0000}},
		{{0x13c0, 0x0000}}, {{0x13c1, 0x0000}}, {{0x13c2, 0x0000}}, {{0x13c3, 0x6b00}},
		{{0x13c4, 0x0000}}, {{0x13c5, 0x0000}}, {{0x13c6, 0x0000}}, {{0x13c7, 0x0000}},
		{{0x13c8, 0x0000}}, {{0x13c9, 0x0000}}, {{0x13ca, 0x0000}}, {{0x13cb, 0x0000}},
		{{0x13cc, 0x0000}}, {{0x13cd, 0x0000}}, {{0x13ce, 0x0000}}, {{0x13cf, 0x0000}},
	}
};

static const phy_init_config training_16g_table_13 = {
	0x0009002e, 1107, true,
	{
		{{0x0010, 0x0400}}, {{0x080e, 0x000b}}, {{0x0480, 0x0809}}, {{0x0009, 0x0308}},
		{{0x0c09, 0x0028}}, {{0x8160, 0x087c}}, {{0x0098, 0x0820}}, {{0x0c7e, 0x0002}},
		{{0x0001, 0x0078}}, {{0x000a, 0x0370}}, {{0x0839, 0x0018}}, {{0x8160, 0x083c}},
		{{0x0661, 0x03f0}}, {{0x0839, 0x0070}}, {{0x0392, 0x0039}}, {{0x0078, 0x039a}},
		{{0x0039, 0x0e09}}, {{0x0100, 0x0839}}, {{0x0002, 0x0001}}, {{0x0038, 0x0000}},
		{{0x0100, 0x0839}}, {{0x0000, 0x0398}}, {{0x0839, 0x0e19}}, {{0x0100, 0x0839}},
		{{0x0002, 0x0001}}, {{0x0038, 0x0000}}, {{0x0100, 0x0839}}, {{0x0000, 0x0390}},
		{{0x0839, 0x0078}}, {{0x039a, 0x0039}}, {{0x0e29, 0x0100}}, {{0x0839, 0x0002}},
		{{0x0001, 0x0038}}, {{0x0000, 0x0100}}, {{0x0839, 0x0070}}, {{0x0392, 0x0039}},
		{{0x024b, 0x0100}}, {{0x0839, 0x0020}}, {{0x0004, 0x0038}}, {{0x0020, 0x0004}},
		{{0x0038, 0x0020}}, {{0x0004, 0x0038}}, {{0x0000, 0x0100}}, {{0x0839, 0x0000}},
		{{0x00f0, 0x0909}}, {{0x0010, 0x0400}}, {{0x089e, 0x0008}}, {{0x0370, 0x0839}},
		{{0x0000, 0x00f0}}, {{0x0909, 0x0003}}, {{0x03f0, 0x0839}}, {{0x1800, 0x8660}},
		{{0x0839, 0x0000}}, {{0x02a0, 0x0809}}, {{0x0008, 0x1880}}, {{0x0839, 0x0000}},
		{{0x82b0, 0x0838}}, {{0x0018, 0x00e0}}, {{0x0809, 0x0000}}, {{0x00e0, 0x0869}},
		{{0x000f, 0x07c0}}, {{0x0839, 0x000a}}, {{0x0510, 0x0839}}, {{0x000a, 0x0700}},
		{{0x0849, 0x000a}}, {{0x0700, 0x0859}}, {{0x000a, 0x0708}}, {{0x0859, 0x0002}},
		{{0x0708, 0x0849}}, {{0x0ff8, 0x8410}}, {{0x0839, 0x7ff8}}, {{0x8498, 0x0838}},
		{{0x0010, 0x8160}}, {{0x083c, 0x0000}}, {{0x07c8, 0x0809}}, {{0x0000, 0x0001}},
		{{0x0008, 0x0000}}, {{0x045a, 0x0089}}, {{0x0029, 0x8160}}, {{0x087c, 0x00b8}},
		{{0x0820, 0x0c7e}}, {{0x0001, 0x0000}}, {{0x0078, 0x0000}}, {{0x0001, 0x0078}},
		{{0x00d8, 0x0820}}, {{0x0c7e, 0x0001}}, {{0x0000, 0x0078}}, {{0x0000, 0x0001}},
		{{0x0078, 0x00f8}}, {{0x0820, 0x0c7e}}, {{0x0001, 0x0000}}, {{0x0078, 0x0000}},
		{{0x0001, 0x0078}}, {{0x0000, 0x0700}}, {{0x0849, 0x0000}}, {{0x0618, 0x0809}},
		{{0x3ff8, 0x84b8}}, {{0x0808, 0x0000}}, {{0x0000, 0x0008}}, {{0x0008, 0xc870}},
		{{0x0c0c, 0x0018}}, {{0x0710, 0x0849}}, {{0x0000, 0x0004}}, {{0x0048, 0x0000}},
		{{0x0004, 0x0048}}, {{0x0010, 0x0710}}, {{0x0849, 0x0000}}, {{0x0004, 0x0048}},
		{{0x0000, 0x0710}}, {{0x0849, 0x0000}}, {{0x0004, 0x0048}}, {{0x0000, 0x0004}},
		{{0x0018, 0x0000}}, {{0x0004, 0x0018}}, {{0x0000, 0x0004}}, {{0x0018, 0x0000}},
		{{0x8410, 0x0809}}, {{0x0000, 0x8498}}, {{0x0808, 0x0005}}, {{0x0510, 0x0809}},
		{{0x0198, 0x1000}}, {{0x0809, 0x0009}}, {{0x03c0, 0x0809}}, {{0x0010, 0x0510}},
		{{0x0809, 0x0000}}, {{0x03c0, 0x0809}}, {{0x0018, 0x0004}}, {{0x0008, 0x0002}},
		{{0x0510, 0x0809}}, {{0x0002, 0x1000}}, {{0x0809, 0x0000}}, {{0xc870, 0x0c0c}},
		{{0x0000, 0x02a0}}, {{0x0809, 0x0010}}, {{0x8160, 0x089c}}, {{0x0002, 0x07c8}},
		{{0x0809, 0x0000}}, {{0x0001, 0x0008}}, {{0x0040, 0x1932}}, {{0x0129, 0x000a}},
		{{0xc140, 0x080c}}, {{0x0098, 0x193a}}, {{0x0129, 0x0090}}, {{0x1932, 0x0329}},
		{{0x0090, 0x193a}}, {{0x0329, 0x0088}}, {{0x1882, 0x0009}}, {{0x0000, 0xc140}},
		{{0x080c, 0x0010}}, {{0x0400, 0x080e}}, {{0x0000, 0x02a0}}, {{0x0809, 0x0000}},
		{{0x03f0, 0x0809}}, {{0x000b, 0x0370}}, {{0x0809, 0x7800}}, {{0x8660, 0x0809}},
		{{0x000d, 0x07c0}}, {{0x0809, 0x0000}}, {{0x82b0, 0x0818}}, {{0x0000, 0x82b0}},
		{{0x0868, 0x0479}}, {{0xc7f8, 0x091c}}, {{0x0000, 0x0000}}, {{0x0118, 0x0038}},
		{{0x80a2, 0x0118}}, {{0x0009, 0xc9c0}}, {{0x0d1c, 0x0000}}, {{0x0000, 0x0118}},
		{{0x0008, 0x0508}}, {{0x0809, 0x0005}}, {{0x07c0, 0x0809}}, {{0x0008, 0x82b0}},
		{{0x0868, 0x0008}}, {{0x82b0, 0x0818}}, {{0x0008, 0x82b0}}, {{0x0888, 0x0010}},
		{{0x0510, 0x0809}}, {{0x0008, 0x1900}}, {{0x0c09, 0x0000}}, {{0x0508, 0x0809}},
		{{0x0002, 0x07c8}}, {{0x0829, 0x000a}}, {{0x03c8, 0x0c29}}, {{0x0661, 0x03f0}},
		{{0x0809, 0x0008}}, {{0x01a2, 0x0009}}, {{0x0009, 0xc800}}, {{0x0c0c, 0x025b}},
		{{0x0100, 0x0cb9}}, {{0x0020, 0x0004}}, {{0x00b8, 0x0009}}, {{0xc800, 0x0c6c}},
		{{0x026f, 0x0100}}, {{0x0c19, 0x0008}}, {{0x0004, 0x0018}}, {{0x027f, 0x0100}},
		{{0x0c19, 0x0479}}, {{0xc7f8, 0x080c}}, {{0x0000, 0x0000}}, {{0x0008, 0x0058}},
		{{0x008a, 0x0009}}, {{0x0009, 0xc9c0}}, {{0x0c0c, 0x0000}}, {{0x0000, 0x0008}},
		{{0x0018, 0x8160}}, {{0x086c, 0x1008}}, {{0x853b, 0x0868}}, {{0x0c00, 0x8588}},
		{{0x0868, 0x0008}}, {{0x85a8, 0x0868}}, {{0x0008, 0x85c8}}, {{0x0868, 0x0000}},
		{{0x8050, 0x0868}}, {{0x0060, 0x0138}}, {{0x0869, 0x0018}}, {{0x8510, 0x0868}},
		{{0x0018, 0x02c8}}, {{0x0869, 0x0010}}, {{0x8520, 0x0868}}, {{0x1ff8, 0x85d8}},
		{{0x0c68, 0x0000}}, {{0xfdf0, 0x0868}}, {{0x0008, 0x85f0}}, {{0x0868, 0x0008}},
		{{0xa5f0, 0x0868}}, {{0x0298, 0x0100}}, {{0x0869, 0x0002}}, {{0x0001, 0x0068}},
		{{0x0000, 0x0100}}, {{0x0869, 0x0000}}, {{0x85f0, 0x0868}}, {{0x0000, 0xa5f0}},
		{{0x0868, 0x1ff8}}, {{0x85d8, 0x0c68}}, {{0x0008, 0x8df0}}, {{0x0868, 0x0008}},
		{{0xadf0, 0x0868}}, {{0x02a8, 0x0100}}, {{0x0869, 0x0002}}, {{0x0001, 0x0068}},
		{{0x0000, 0x0100}}, {{0x0869, 0x0000}}, {{0x8df0, 0x0868}}, {{0x0000, 0xadf0}},
		{{0x0868, 0x0010}}, {{0x02c8, 0x0869}}, {{0x0028, 0x0004}}, {{0x0068, 0x000a}},
		{{0x0500, 0x0c69}}, {{0x0000, 0x8520}}, {{0x0868, 0x0008}}, {{0x8530, 0x0868}},
		{{0x02ba, 0x0100}}, {{0x0869, 0x0002}}, {{0x0001, 0x0068}}, {{0x0002, 0x0100}},
		{{0x0869, 0x0000}}, {{0x8530, 0x0868}}, {{0x0000, 0x8510}}, {{0x0868, 0x0000}},
		{{0x02c8, 0x0869}}, {{0x0008, 0x8050}}, {{0x0868, 0x0030}}, {{0x0004, 0x0068}},
		{{0x0008, 0x8520}}, {{0x0868, 0x0000}}, {{0x8328, 0x086b}}, {{0x02ca, 0x0100}},
		{{0x0869, 0x0002}}, {{0x0001, 0x0068}}, {{0x0004, 0x0100}}, {{0x0869, 0x0ff8}},
		{{0x8328, 0x086b}}, {{0x0009, 0x0500}}, {{0x0c29, 0x0000}}, {{0x8520, 0x0868}},
		{{0x0008, 0x03c8}}, {{0x0c29, 0x0000}}, {{0x0370, 0x0809}}, {{0x0000, 0x03f0}},
		{{0x0809, 0x0000}}, {{0x0400, 0x080e}}, {{0x0010, 0x0004}}, {{0x0118, 0x0020}},
		{{0x82b0, 0x0808}}, {{0x0479, 0xc7f8}}, {{0x080c, 0x0000}}, {{0x0000, 0x0008}},
		{{0x0060, 0x008a}}, {{0x0009, 0x0009}}, {{0xc9c0, 0x0c0c}}, {{0x0000, 0x0000}},
		{{0x0008, 0x0008}}, {{0x02a0, 0x0809}}, {{0x0000, 0x8168}}, {{0x080c, 0x0479}},
		{{0xc7f8, 0x091c}}, {{0x0000, 0x0000}}, {{0x0118, 0x9190}}, {{0x80a1, 0x0918}},
		{{0x0009, 0xc9c0}}, {{0x0d1c, 0x0000}}, {{0x0000, 0x0118}}, {{0x0018, 0x00f0}},
		{{0x0909, 0x000a}}, {{0xc140, 0x092c}}, {{0x0088, 0x1932}}, {{0x0129, 0x0088}},
		{{0x193a, 0x0129}}, {{0x0000, 0xc140}}, {{0x092c, 0x0008}}, {{0x0300, 0x0819}},
		{{0x0010, 0x8160}}, {{0x080c, 0x0008}}, {{0x07c8, 0x0801}}, {{0x0008, 0x0000}},
		{{0x0008, 0x0008}}, {{0x1880, 0x0809}}, {{0x0010, 0x8160}}, {{0x080c, 0x1800}},
		{{0x8660, 0x0809}}, {{0x4000, 0x8668}}, {{0x0809, 0x0000}}, {{0x00f0, 0x0909}},
		{{0x000f, 0x07c0}}, {{0x0809, 0x0000}}, {{0x02a0, 0x0809}}, {{0x0008, 0x0618}},
		{{0x0809, 0x0000}}, {{0x84b8, 0x0808}}, {{0x0ff8, 0x8410}}, {{0x0809, 0x7ff8}},
		{{0x8498, 0x0808}}, {{0x0000, 0x07c8}}, {{0x0809, 0x0008}}, {{0x8168, 0x080c}},
		{{0x0000, 0x0001}}, {{0x0008, 0x0000}}, {{0x0004, 0x0008}}, {{0x0000, 0x0004}},
		{{0x0008, 0x0018}}, {{0x0300, 0x0809}}, {{0x0000, 0x0480}}, {{0x0809, 0x0008}},
		{{0x0510, 0x0809}}, {{0x7800, 0x8660}}, {{0x0809, 0x0018}}, {{0x00f0, 0x0909}},
		{{0x0008, 0x07c8}}, {{0x0801, 0x0010}}, {{0x0400, 0x080e}}, {{0x0661, 0x03f0}},
		{{0x0809, 0x0009}}, {{0x0370, 0x0809}}, {{0x0018, 0x8160}}, {{0x080c, 0x0008}},
		{{0xc800, 0x0c0c}}, {{0x0008, 0xc888}}, {{0x0c04, 0x0020}}, {{0x8302, 0x000b}},
		{{0x0018, 0x8582}}, {{0x0008, 0x9000}}, {{0x8539, 0x0808}}, {{0x0000, 0x8588}},
		{{0x0808, 0x0040}}, {{0x85c8, 0x0808}}, {{0x0000, 0xfdf0}}, {{0x0808, 0x0800}},
		{{0xc5f0, 0x0808}}, {{0x1ff8, 0xfdd8}}, {{0x0c08, 0x0018}}, {{0xfda8, 0x0808}},
		{{0x0040, 0x8520}}, {{0x08d8, 0x0080}}, {{0x8520, 0x08e8}}, {{0x030a, 0x0100}},
		{{0x08d9, 0x032a}}, {{0x0100, 0x08e9}}, {{0x0000, 0x0001}}, {{0x0008, 0x0000}},
		{{0x0100, 0x0809}}, {{0x1ff8, 0xfdd8}}, {{0x0c08, 0x0008}}, {{0xfda8, 0x0808}},
		{{0x0140, 0x8520}}, {{0x08d8, 0x0180}}, {{0x8520, 0x08e8}}, {{0x030a, 0x0100}},
		{{0x08d9, 0x032a}}, {{0x0100, 0x08e9}}, {{0x0000, 0x0001}}, {{0x0008, 0x0000}},
		{{0x0100, 0x0809}}, {{0x0009, 0x0500}}, {{0x0c09, 0x0010}}, {{0x82b0, 0x0808}},
		{{0x0000, 0x8520}}, {{0x0808, 0x0008}}, {{0x03c8, 0x0c09}}, {{0x0000, 0x0370}},
		{{0x0809, 0x0000}}, {{0x03f0, 0x0809}}, {{0x0000, 0x0400}}, {{0x080e, 0x0008}},
		{{0xc848, 0x0c0c}}, {{0x0000, 0xc890}}, {{0x0804, 0x0020}}, {{0x8302, 0x000b}},
		{{0x0018, 0x8582}}, {{0x0008, 0x0000}}, {{0x82b0, 0x0808}}, {{0x1000, 0x8539}},
		{{0x0808, 0x0000}}, {{0x8588, 0x0808}}, {{0x0040, 0x85c8}}, {{0x0808, 0x07f8}},
		{{0xfdf0, 0x0808}}, {{0x0800, 0xc5f0}}, {{0x0808, 0x0080}}, {{0x8088, 0x080b}},
		{{0x1ff8, 0xfdd8}}, {{0x0c08, 0x0018}}, {{0xfda8, 0x0808}}, {{0x0200, 0x8520}},
		{{0x08d8, 0x0400}}, {{0x8520, 0x08e8}}, {{0x02da, 0x0100}}, {{0x08d9, 0x02ea}},
		{{0x0100, 0x08e9}}, {{0x0002, 0x0001}}, {{0x0008, 0x0000}}, {{0x0100, 0x0809}},
		{{0x1ff8, 0xfdd8}}, {{0x0c08, 0x0008}}, {{0xfda8, 0x0808}}, {{0x0a00, 0x8520}},
		{{0x08d8, 0x0c00}}, {{0x8520, 0x08e8}}, {{0x02da, 0x0100}}, {{0x08d9, 0x02ea}},
		{{0x0100, 0x08e9}}, {{0x0000, 0x0001}}, {{0x0008, 0x0000}}, {{0x0100, 0x0809}},
		{{0x0009, 0x0500}}, {{0x0c09, 0x0010}}, {{0x82b0, 0x0808}}, {{0x0000, 0x8520}},
		{{0x0808, 0x0008}}, {{0x03c8, 0x0c09}}, {{0x0000, 0x0370}}, {{0x0809, 0x0000}},
		{{0x03f0, 0x0809}}, {{0x0000, 0x0400}}, {{0x080e, 0x0008}}, {{0xc848, 0x0c0c}},
		{{0x0000, 0xc890}}, {{0x0804, 0x1008}}, {{0x853b, 0x0808}}, {{0x0c00, 0x8588}},
		{{0x0808, 0x0008}}, {{0x85a8, 0x0808}}, {{0x0008, 0x85c8}}, {{0x0808, 0x0060}},
		{{0x0138, 0x0809}}, {{0x0018, 0x00c8}}, {{0x0809, 0x0000}}, {{0x00a4, 0x0809}},
		{{0x0000, 0x8510}}, {{0x0808, 0x02fa}}, {{0x0100, 0x08d9}}, {{0x031a, 0x0100}},
		{{0x08e9, 0x0002}}, {{0x0001, 0x0008}}, {{0x0002, 0x0100}}, {{0x0809, 0x0202}},
		{{0x8510, 0x0c08}}, {{0x0050, 0x00a2}}, {{0x0009, 0x0000}}, {{0x0000, 0x0008}},
		{{0x0000, 0x0000}}, {{0x0008, 0x0000}}, {{0x0000, 0x0008}}, {{0x0000, 0x00c8}},
		{{0x0809, 0x000b}}, {{0x0508, 0x0809}}, {{0x0008, 0x1900}}, {{0x0c09, 0x0002}},
		{{0x0000, 0x0008}}, {{0x0000, 0x0508}}, {{0x0809, 0x0009}}, {{0x0500, 0x0c09}},
		{{0x0010, 0x82b0}}, {{0x0808, 0x0000}}, {{0x8520, 0x0808}}, {{0x0008, 0x03c8}},
		{{0x0c09, 0x0000}}, {{0x0370, 0x0809}}, {{0x0000, 0x03f0}}, {{0x0809, 0x0000}},
		{{0x0400, 0x080e}}, {{0x0008, 0xc848}}, {{0x0c0c, 0x0000}}, {{0xc890, 0x0804}},
		{{0x0020, 0x8302}}, {{0x000b, 0x0018}}, {{0x8582, 0x0008}}, {{0x1000, 0x8539}},
		{{0x0808, 0x0000}}, {{0x8588, 0x0808}}, {{0x0040, 0x85c8}}, {{0x0808, 0x0008}},
		{{0xfdf0, 0x0808}}, {{0x0080, 0x8088}}, {{0x080b, 0x0000}}, {{0x03b8, 0x0869}},
		{{0x1ff8, 0xfdd8}}, {{0x0c08, 0x0018}}, {{0xfda8, 0x0808}}, {{0x0040, 0x8520}},
		{{0x08d8, 0x0080}}, {{0x8520, 0x08e8}}, {{0x02da, 0x0100}}, {{0x08d9, 0x02ea}},
		{{0x0100, 0x08e9}}, {{0x0002, 0x0001}}, {{0x0008, 0x0000}}, {{0x0100, 0x0809}},
		{{0x1ff8, 0xfdd8}}, {{0x0c08, 0x0008}}, {{0xfda8, 0x0808}}, {{0x0140, 0x8520}},
		{{0x08d8, 0x0180}}, {{0x8520, 0x08e8}}, {{0x02da, 0x0100}}, {{0x08d9, 0x02ea}},
		{{0x0100, 0x08e9}}, {{0x0000, 0x0001}}, {{0x0008, 0x0000}}, {{0x0100, 0x0809}},
		{{0x0009, 0x0500}}, {{0x0c09, 0x0010}}, {{0x82b0, 0x0808}}, {{0x0000, 0x8520}},
		{{0x0808, 0x0008}}, {{0x03c8, 0x0c09}}, {{0x0000, 0x0370}}, {{0x0809, 0x0000}},
		{{0x03f0, 0x0809}}, {{0x0000, 0x0400}}, {{0x080e, 0x0008}}, {{0xc848, 0x0c0c}},
		{{0x0000, 0xc890}}, {{0x0804, 0x0000}},
	}
};

static const phy_init_config training_16g_table_14 = {
	0x000d0000, 1, false,
	{
		{{0x00e7, 0x0600}},
	}
};

static const phy_init_config training_16g_table_15 = {
	0x00090000, 15, false,
	{
		{{0x001c, 0x0000}}, {{0x0020, 0x0058}}, {{0x0024, 0x0063}}, {{0x0025, 0x001e}},
		{{0x0026, 0x001e}}, {{0x002b, 0x00d2}}, {{0x0708, 0x00e9}}, {{0x0700, 0x010f}},
		{{0x0701, 0x0131}}, {{0x0702, 0x0150}}, {{0x0703, 0x00ef}}, {{0x0704, 0x0000}},
		{{0x0705, 0x0000}}, {{0x0706, 0x0000}}, {{0x0707, 0x0000}},
	}
};

static const phy_init_config training_16g_table_16 = {
	0x00020000, 145, false,
	{
		{{0x018a, 0x0000}}, {{0x0124, 0x0001}}, {{0x018b, 0x000e}}, {{0x0125, 0x0019}},
		{{0x018c, 0x0026}}, {{0x0126, 0x0001}}, {{0x018d, 0x000e}}, {{0x0127, 0x0019}},
		{{0x018e, 0x0026}}, {{0x0128, 0x000f}}, {{0x018f, 0x0013}}, {{0x0129, 0x0027}},
		{{0x0190, 0x002b}}, {{0x012a, 0x000f}}, {{0x0191, 0x0013}}, {{0x012b, 0x0027}},
		{{0x0192, 0x002b}}, {{0x012c, 0x0014}}, {{0x0193, 0x0018}}, {{0x012d, 0x002c}},
		{{0x0194, 0x0030}}, {{0x012e, 0x0014}}, {{0x0195, 0x0018}}, {{0x012f, 0x002c}},
		{{0x0196, 0x0030}}, {{0x0130, 0x0031}}, {{0x0197, 0x0030}}, {{0x0131, 0x0033}},
		{{0x0198, 0x0032}}, {{0x0132, 0x0031}}, {{0x0199, 0x0030}}, {{0x0133, 0x0033}},
		{{0x019a, 0x0032}}, {{0x0134, 0x0031}}, {{0x019b, 0x0031}}, {{0x0135, 0x0033}},
		{{0x019c, 0x0033}}, {{0x0136, 0x0031}}, {{0x019d, 0x0031}}, {{0x0137, 0x0033}},
		{{0x019e, 0x0033}}, {{0x0138, 0x0032}}, {{0x019f, 0x0032}}, {{0x0139, 0x0034}},
		{{0x01a0, 0x0034}}, {{0x013a, 0x0032}}, {{0x01a1, 0x0032}}, {{0x013b, 0x0034}},
		{{0x01a2, 0x0034}}, {{0x013c, 0x0035}}, {{0x01a3, 0x0035}}, {{0x013d, 0x0035}},
		{{0x01a4, 0x0035}}, {{0x013e, 0x0035}}, {{0x01a5, 0x0035}}, {{0x013f, 0x0035}},
		{{0x01a6, 0x0035}}, {{0x0140, 0x0036}}, {{0x01a7, 0x0036}}, {{0x0141, 0x0036}},
		{{0x01a8, 0x0036}}, {{0x0142, 0x0036}}, {{0x01a9, 0x0036}}, {{0x0143, 0x0036}},
		{{0x01aa, 0x0036}}, {{0x0144, 0x0037}}, {{0x01ab, 0x0037}}, {{0x0145, 0x0037}},
		{{0x01ac, 0x0037}}, {{0x0146, 0x0037}}, {{0x01ad, 0x0037}}, {{0x0147, 0x0037}},
		{{0x01ae, 0x0037}}, {{0x0148, 0x0038}}, {{0x01af, 0x004a}}, {{0x0149, 0x0038}},
		{{0x01b0, 0x004a}}, {{0x014a, 0x0038}}, {{0x01b1, 0x004a}}, {{0x014b, 0x0038}},
		{{0x01b2, 0x004a}}, {{0x014c, 0x004b}}, {{0x01b3, 0x0050}}, {{0x014d, 0x004b}},
		{{0x01b4, 0x0050}}, {{0x014e, 0x004b}}, {{0x01b5, 0x0050}}, {{0x014f, 0x004b}},
		{{0x01b6, 0x0050}}, {{0x0150, 0x0051}}, {{0x01b7, 0x005a}}, {{0x0151, 0x0051}},
		{{0x01b8, 0x005a}}, {{0x0152, 0x0051}}, {{0x01b9, 0x005a}}, {{0x0153, 0x0051}},
		{{0x01ba, 0x005a}}, {{0x0154, 0x005b}}, {{0x01bb, 0x0063}}, {{0x0155, 0x005b}},
		{{0x01bc, 0x0063}}, {{0x0156, 0x005b}}, {{0x01bd, 0x0063}}, {{0x0157, 0x005b}},
		{{0x01be, 0x0063}}, {{0x0158, 0x0064}}, {{0x01bf, 0x0069}}, {{0x0159, 0x0064}},
		{{0x01c0, 0x0069}}, {{0x015a, 0x0064}}, {{0x01c1, 0x0069}}, {{0x015b, 0x0064}},
		{{0x01c2, 0x0069}}, {{0x015c, 0x006a}}, {{0x01c3, 0x006f}}, {{0x015d, 0x006a}},
		{{0x01c4, 0x006f}}, {{0x015e, 0x006a}}, {{0x01c5, 0x006f}}, {{0x015f, 0x006a}},
		{{0x01c6, 0x006f}}, {{0x0160, 0x0070}}, {{0x01c7, 0x0074}}, {{0x0161, 0x0070}},
		{{0x01c8, 0x0074}}, {{0x0162, 0x0070}}, {{0x01c9, 0x0074}}, {{0x0163, 0x0070}},
		{{0x01ca, 0x0074}}, {{0x0164, 0x0075}}, {{0x01cb, 0x0074}}, {{0x0165, 0x0075}},
		{{0x01cc, 0x0074}}, {{0x0166, 0x0075}}, {{0x01cd, 0x0074}}, {{0x0167, 0x0075}},
		{{0x01ce, 0x0074}}, {{0x0168, 0x0075}}, {{0x01cf, 0x0079}}, {{0x0169, 0x0075}},
		{{0x01d0, 0x0079}}, {{0x016a, 0x0075}}, {{0x01d1, 0x0079}}, {{0x016b, 0x0075}},
		{{0x01d2, 0x0079}},
	}
};

static const phy_init_config training_16g_table_17 = {
	0x00040000, 120, false,
	{
		{{0x132b, 0x5b00}}, {{0x132f, 0x0000}}, {{0x1343, 0x0b00}}, {{0x1347, 0x0400}},
		{{0x135b, 0x5b00}}, {{0x135f, 0x0000}}, {{0x1373, 0x0b00}}, {{0x1377, 0x0400}},
		{{0x1008, 0x20e6}}, {{0x1009, 0xd800}}, {{0x100a, 0x1e03}}, {{0x100b, 0x0000}},
		{{0x100c, 0x0000}}, {{0x100d, 0x0000}}, {{0x100e, 0x0000}}, {{0x100f, 0x0000}},
		{{0x1010, 0x0000}}, {{0x1011, 0x0000}}, {{0x1012, 0x0000}}, {{0x1013, 0x1b00}},
		{{0x1014, 0x0000}}, {{0x1015, 0x0000}}, {{0x1016, 0x0000}}, {{0x1017, 0x0000}},
		{{0x1018, 0x40c6}}, {{0x1019, 0x5800}}, {{0x101a, 0x1f83}}, {{0x101b, 0x0000}},
		{{0x101c, 0x0000}}, {{0x101d, 0x0000}}, {{0x101e, 0x0000}}, {{0x101f, 0x0000}},
		{{0x1020, 0x0000}}, {{0x1021, 0x0000}}, {{0x1022, 0x0000}}, {{0x1023, 0x1b00}},
		{{0x1024, 0x0000}}, {{0x1025, 0x0000}}, {{0x1026, 0x0000}}, {{0x1027, 0x0000}},
		{{0x1028, 0x60c6}}, {{0x1029, 0x5800}}, {{0x102a, 0x1983}}, {{0x102b, 0x0000}},
		{{0x102c, 0x0000}}, {{0x102d, 0x0000}}, {{0x102e, 0x0000}}, {{0x102f, 0x0000}},
		{{0x1030, 0x0000}}, {{0x1031, 0x0000}}, {{0x1032, 0x0000}}, {{0x1033, 0x1b00}},
		{{0x1034, 0x0000}}, {{0x1035, 0x0000}}, {{0x1036, 0x0000}}, {{0x1037, 0x0000}},
		{{0x1038, 0x60c6}}, {{0x1039, 0xd801}}, {{0x103a, 0x1203}}, {{0x103b, 0x0000}},
		{{0x103c, 0x0000}}, {{0x103d, 0x0000}}, {{0x103e, 0x0000}}, {{0x103f, 0x0000}},
		{{0x1040, 0x0000}}, {{0x1041, 0x0000}}, {{0x1042, 0x0000}}, {{0x1043, 0x1b00}},
		{{0x1044, 0x0000}}, {{0x1045, 0x0000}}, {{0x1046, 0x0000}}, {{0x1047, 0x0000}},
		{{0x1048, 0xc066}}, {{0x1049, 0x5802}}, {{0x104a, 0x1701}}, {{0x104b, 0x0000}},
		{{0x104c, 0x0000}}, {{0x104d, 0x0000}}, {{0x104e, 0x0000}}, {{0x104f, 0x0000}},
		{{0x1050, 0xc0a6}}, {{0x1051, 0x5802}}, {{0x1052, 0x0302}}, {{0x1053, 0x0000}},
		{{0x1054, 0x0000}}, {{0x1055, 0x0000}}, {{0x1056, 0x0000}}, {{0x1057, 0x0000}},
		{{0x1058, 0x0000}}, {{0x1059, 0x0000}}, {{0x105a, 0x0000}}, {{0x105b, 0x1b00}},
		{{0x105c, 0x0000}}, {{0x105d, 0x0000}}, {{0x105e, 0x0000}}, {{0x105f, 0x0000}},
		{{0x1060, 0xa0c6}}, {{0x1061, 0x5802}}, {{0x1062, 0x0003}}, {{0x1063, 0x0000}},
		{{0x1064, 0x0000}}, {{0x1065, 0x0000}}, {{0x1066, 0x0000}}, {{0x1067, 0x0000}},
		{{0x1068, 0x0000}}, {{0x1069, 0x0000}}, {{0x106a, 0x0000}}, {{0x106b, 0x1b00}},
		{{0x106c, 0x0000}}, {{0x106d, 0x0000}}, {{0x106e, 0x0000}}, {{0x106f, 0x0000}},
		{{0x1070, 0x60c6}}, {{0x1071, 0x5806}}, {{0x1072, 0x0003}}, {{0x1073, 0x0000}},
		{{0x1074, 0x0000}}, {{0x1075, 0x0000}}, {{0x1076, 0x0000}}, {{0x1077, 0x0000}},
	}
};

static const phy_init_config training_16g_table_18 = {
	0x000c0000, 6, false,
	{
		{{0x0001, 0x5061}}, {{0x0002, 0x7098}}, {{0x0003, 0x0000}}, {{0x0000, 0xbedc}},
		{{0x0006, 0xb0db}}, {{0x0007, 0x0000}},
	}
};

static const phy_init_config training_16g_table_19 = {
	0x00090000, 37, false,
	{
		{{0x070c, 0x0000}}, {{0x070d, 0x07ff}}, {{0x070e, 0x0668}}, {{0x070f, 0x7910}},
		{{0x0710, 0x355e}}, {{0x0711, 0xcbb5}}, {{0x0713, 0xffff}}, {{0x0714, 0x0710}},
		{{0x0715, 0x7800}}, {{0x0c10, 0xffff}}, {{0x0c12, 0xff10}}, {{0x0712, 0x2ee8}},
		{{0x0c11, 0xffff}}, {{0x0716, 0xffdf}}, {{0x0717, 0x6f10}}, {{0x0718, 0x6f10}},
		{{0x0719, 0x2868}}, {{0x071a, 0x2868}}, {{0x071b, 0xfeef}}, {{0x0904, 0xe400}},
		{{0x0986, 0xe400}}, {{0x0920, 0x0000}}, {{0x0921, 0x0000}}, {{0x0922, 0x0000}},
		{{0x0923, 0x0000}}, {{0x0924, 0xff00}}, {{0x0925, 0xff00}}, {{0x0926, 0xff00}},
		{{0x0927, 0xff00}}, {{0x0930, 0x4000}}, {{0x0931, 0x2000}}, {{0x0932, 0xff00}},
		{{0x0933, 0xff00}}, {{0x090a, 0x0000}}, {{0x090c, 0x0000}}, {{0x090d, 0x0001}},
		{{0x0718, 0xffff}},
	}
};

static const phy_init_config training_16g_table_20 = {
	0x00020000, 3, false,
	{
		{{0x00f0, 0x27f7}}, {{0x00f1, 0x2108}}, {{0x00f2, 0x2108}},
	}
};

static const phy_init_config training_16g_table_21 = {
	0x00010000, 20, false,
	{
		{{0x00b9, 0x0001}}, {{0x00b1, 0x0180}}, {{0x00ba, 0x0001}}, {{0x00a2, 0x0000}},
		{{0x00b5, 0x0001}}, {{0x10b9, 0x0001}}, {{0x10b1, 0x0180}}, {{0x10ba, 0x0001}},
		{{0x10a2, 0x0000}}, {{0x10b5, 0x0001}}, {{0x20b9, 0x0001}}, {{0x20b1, 0x0180}},
		{{0x20ba, 0x0001}}, {{0x20a2, 0x0000}}, {{0x20b5, 0x0001}}, {{0x30b9, 0x0001}},
		{{0x30b1, 0x0180}}, {{0x30ba, 0x0001}}, {{0x30a2, 0x0000}}, {{0x30b5, 0x0001}},
	}
};

static const phy_init_config training_16g_table_22 = {
	0x00070000, 73, false,
	{
		{{0x0024, 0x5a3c}}, {{0x0025, 0x5a3c}}, {{0x0026, 0x5a3c}}, {{0x0027, 0x5a3c}},
		{{0x0028, 0x5a3c}}, {{0x0029, 0x5a3c}}, {{0x002a, 0x5a3c}}, {{0x002b, 0x5a3c}},
		{{0x0124, 0x5a3c}}, {{0x0125, 0x5a3c}}, {{0x0126, 0x5a3c}}, {{0x0127, 0x5a3c}},
		{{0x0128, 0x5a3c}}, {{0x0129, 0x5a3c}}, {{0x012a, 0x5a3c}}, {{0x012b, 0x5a3c}},
		{{0x0224, 0x5a3c}}, {{0x0225, 0x5a3c}}, {{0x0226, 0x5a3c}}, {{0x0227, 0x5a3c}},
		{{0x0228, 0x5a3c}}, {{0x0229, 0x5a3c}}, {{0x022a, 0x5a3c}}, {{0x022b, 0x5a3c}},
		{{0x0324, 0x5a3c}}, {{0x0325, 0x5a3c}}, {{0x0326, 0x5a3c}}, {{0x0327, 0x5a3c}},
		{{0x0328, 0x5a3c}}, {{0x0329, 0x5a3c}}, {{0x032a, 0x5a3c}}, {{0x032b, 0x5a3c}},
		{{0x0424, 0x5a3c}}, {{0x0425, 0x5a3c}}, {{0x0426, 0x5a3c}}, {{0x0427, 0x5a3c}},
		{{0x0428, 0x5a3c}}, {{0x0429, 0x5a3c}}, {{0x042a, 0x5a3c}}, {{0x042b, 0x5a3c}},
		{{0x0524, 0x5a3c}}, {{0x0525, 0x5a3c}}, {{0x0526, 0x5a3c}}, {{0x0527, 0x5a3c}},
		{{0x0528, 0x5a3c}}, {{0x0529, 0x5a3c}}, {{0x052a, 0x5a3c}}, {{0x052b, 0x5a3c}},
		{{0x0624, 0x5a3c}}, {{0x0625, 0x5a3c}}, {{0x0626, 0x5a3c}}, {{0x0627, 0x5a3c}},
		{{0x0628, 0x5a3c}}, {{0x0629, 0x5a3c}}, {{0x062a, 0x5a3c}}, {{0x062b, 0x5a3c}},
		{{0x0724, 0x5a3c}}, {{0x0725, 0x5a3c}}, {{0x0726, 0x5a3c}}, {{0x0727, 0x5a3c}},
		{{0x0728, 0x5a3c}}, {{0x0729, 0x5a3c}}, {{0x072a, 0x5a3c}}, {{0x072b, 0x5a3c}},
		{{0x0824, 0x5a3c}}, {{0x0825, 0x5a3c}}, {{0x0826, 0x5a3c}}, {{0x0827, 0x5a3c}},
		{{0x0828, 0x5a3c}}, {{0x0829, 0x5a3c}}, {{0x082a, 0x5a3c}}, {{0x082b, 0x5a3c}},
		{{0x0065, 0x01ff}},
	}
};

static const phy_init_config training_16g_table_23 = {
	0x00020000, 4, false,
	{
		{{0x007a, 0x00cc}}, {{0x007e, 0x00cc}}, {{0x0028, 0x0002}}, {{0x00ef, 0xffff}},
	}
};

static const phy_init_config training_16g_table_24 = {
	0x00090000, 1, false,
	{
		{{0x0910, 0x0002}},
	}
};

static const phy_init_config training_16g_table_25 = {
	0x00020000, 2, false,
	{
		{{0x0310, 0x0001}}, {{0x0311, 0x0001}},
	}
};

static const phy_init_config training_16g_table_26 = {
	0x000c0000, 1, false,
	{
		{{0x0080, 0x0002}},
	}
};

static const phy_init_config training_16g_table_27 = {
	0x000d0000, 2, false,
	{
		{{0x0003, 0x0000}}, {{0x0000, 0x0001}},
	}
};

const phy_init_config* lp4x_16g_train_table[] = {
	&training_16g_table_0,
	&training_16g_table_1,
	&training_16g_table_2,
	&training_16g_table_3,
	&training_16g_table_4,
	&training_16g_table_5,
	&training_16g_table_6,
	&training_16g_table_7,
	&training_16g_table_8,
	&training_16g_table_9,
	&training_16g_table_10,
	&training_16g_table_11,
	&training_16g_table_12,
	&training_16g_table_13,
	&training_16g_table_14,
	&training_16g_table_15,
	&training_16g_table_16,
	&training_16g_table_17,
	&training_16g_table_18,
	&training_16g_table_19,
	&training_16g_table_20,
	&training_16g_table_21,
	&training_16g_table_22,
	&training_16g_table_23,
	&training_16g_table_24,
	&training_16g_table_25,
	&training_16g_table_26,
	&training_16g_table_27,
	NULL,
};
