// SPDX-License-Identifier: GPL-2.0+
/*
 * Copyright (C) 2026 Spacemit
 */

#include "k3_ddr.h"

static const phy_init_config lp4x_training_fw_table = {
	0x00050000, 25930, true,
	{
		{{0x0220, 0x0000}}, {{0x017c, 0x0000}}, {{0x017c, 0x0000}}, {{0x017c, 0x0000}},
		{{0x017c, 0x0000}}, {{0x017c, 0x0000}}, {{0x017c, 0x0000}}, {{0x017c, 0x0000}},
		{{0x017c, 0x0000}}, {{0x017c, 0x0000}}, {{0x017c, 0x0000}}, {{0x017c, 0x0000}},
		{{0x017c, 0x0000}}, {{0x017c, 0x0000}}, {{0x017c, 0x0000}}, {{0x017c, 0x0000}},
		{{0x0050, 0x0000}}, {{0x0050, 0x0000}}, {{0x0050, 0x0000}}, {{0x0050, 0x0000}},
		{{0x264a, 0x7000}}, {{0x264a, 0x7000}}, {{0x264a, 0x7000}}, {{0x264a, 0x7000}},
		{{0x2069, 0x0040}}, {{0x0000, 0x0000}}, {{0x0000, 0x0000}}, {{0x0000, 0x0000}},
		{{0x0000, 0x0000}}, {{0x0000, 0x0000}}, {{0x0000, 0x0000}}, {{0x0000, 0x0000}},
		{{0x1cf8, 0xb348}}, {{0x1c04, 0x37c0}}, {{0x0a69, 0x02f4}}, {{0x4738, 0x232f}},
		{{0x07c7, 0x244a}}, {{0x7200, 0x4468}}, {{0x20a8, 0x00c0}}, {{0x7c9b, 0x7b85}},
		{{0x244a, 0x7400}}, {{0x4368, 0x2053}}, {{0x807e, 0x20a8}}, {{0x0140, 0x232f}},
		{{0x12c0, 0x0018}}, {{0x0021, 0x4508}}, {{0x1d01, 0x17d2}}, {{0x2553, 0x907e}},
		{{0x07f8, 0xffe2}}, {{0x2242, 0x0042}}, {{0x795d, 0x2305}}, {{0x02c3, 0x793d}},
		{{0x240a, 0x1340}}, {{0x2142, 0x8041}}, {{0x07fc, 0xffe2}}, {{0x1c04, 0x10d0}},
		{{0x226c, 0x0043}}, {{0xbac1, 0x0a15}}, {{0x0031, 0x63bb}}, {{0x0019, 0x0000}},
		{{0x0a15, 0x0030}}, {{0x230a, 0x0000}}, {{0x2242, 0x8042}}, {{0x07fc, 0xffe2}},
		{{0x1b01, 0x07d2}}, {{0x1404, 0x301f}}, {{0x7fe0, 0x1408}}, {{0x340d, 0x78e0}},
		{{0x230a, 0x9080}}, {{0x2005, 0x004a}}, {{0x20e0, 0x07c1}}, {{0x2244, 0x90fe}},
		{{0x230a, 0x0000}}, {{0x0038, 0x0002}}, {{0x222f, 0x1082}}, {{0x222f, 0x1282}},
		{{0x242f, 0x9282}}, {{0x001c, 0x0001}}, {{0x1104, 0x040a}}, {{0x1104, 0x040b}},
		{{0x2442, 0x104c}}, {{0x1b04, 0x0290}}, {{0x1b04, 0x02d0}}, {{0x0ced, 0x9011}},
		{{0x0020, 0x0005}}, {{0x2244, 0x80cb}}, {{0x20e0, 0x07c1}}, {{0x1101, 0x048a}},
		{{0x2342, 0x104b}}, {{0x1b01, 0x0292}}, {{0x0bf5, 0x9011}}, {{0x2020, 0x07c0}},
		{{0x1104, 0x040a}}, {{0x1b04, 0x0290}}, {{0x07dd, 0xffcf}}, {{0x220a, 0x0f80}},
		{{0x8000, 0x0000}}, {{0x230a, 0x0f80}}, {{0x1234, 0xdead}}, {{0x1a00, 0x00c0}},
		{{0x7444, 0x23aa}}, {{0x0010, 0x1a00}}, {{0x00c0, 0x7444}}, {{0x23aa, 0x00d0}},
		{{0x1a00, 0x00c0}}, {{0x7444, 0x1a00}}, {{0x0000, 0x7444}}, {{0x1a00, 0x0040}},
		{{0x7444, 0x1a00}}, {{0x0700, 0x7444}}, {{0x1a00, 0x06c0}}, {{0x7444, 0x230a}},
		{{0x0f80, 0xabcd}}, {{0xdead, 0x1a00}}, {{0x00c0, 0x2069}}, {{0x0040, 0x78e0}},
		{{0xc4e1, 0x240a}}, {{0x1f80, 0x8000}}, {{0xf000, 0x0c19}}, {{0x1703, 0x240a}},
		{{0x1f80, 0x8001}}, {{0x0000, 0x0c0d}}, {{0x1702, 0xc4c1}}, {{0x2020, 0x07c0}},
		{{0x7fff, 0x78e0}}, {{0x2253, 0x8142}}, {{0x7ce0, 0x224e}}, {{0x8803, 0x0016}},
		{{0x000c, 0x2801}}, {{0x00cc, 0x2900}}, {{0x0081, 0x2800}}, {{0x0080, 0x7fe0}},
		{{0x7985, 0x234e}}, {{0x0003, 0x2800}}, {{0x00c1, 0x7fe0}}, {{0x7802, 0x78e0}},
		{{0x700c, 0x702c}}, {{0x704c, 0x706c}}, {{0x704d, 0x706d}}, {{0x708d, 0x70ad}},
		{{0x70cd, 0x70ed}}, {{0x704f, 0x706f}}, {{0x708f, 0x254a}}, {{0x3000, 0x264a}},
		{{0x3000, 0x70ef}}, {{0x44db, 0x8001}}, {{0x0000, 0x42db}}, {{0x8000, 0x0400}},
		{{0x706f, 0x78e0}}, {{0x2022, 0x0f80}}, {{0x0000, 0x7250}}, {{0x2069, 0x0040}},
		{{0x78e0, 0xf1fe}}, {{0xc2e2, 0x256f}}, {{0x1943, 0x8d80}}, {{0x4348, 0x0837}},
		{{0x0324, 0x4220}}, {{0x15ef, 0x9080}}, {{0x082b, 0x011f}}, {{0x40c3, 0x9018}},
		{{0x0064, 0x1800}}, {{0x0205, 0x09b2}}, {{0x0560, 0x1802}}, {{0x0005, 0x0992}},
		{{0x0560, 0x4040}}, {{0xeb07, 0x098a}}, {{0x0560, 0x1302}}, {{0x1500, 0x238c}},
		{{0x0f7f, 0xc6c2}}, {{0xc3e1, 0xc2e1}}, {{0xc1e1, 0xc0e1}}, {{0xc0f1, 0xc1a1}},
		{{0x7014, 0x4020}}, {{0xf205, 0x7487}}, {{0xc0d1, 0x7fe0}}, {{0xc0a4, 0x226f}},
		{{0x07c3, 0x41c3}}, {{0x8000, 0x063b}}, {{0x8a63, 0x8920}}, {{0x238c, 0x8fc3}},
		{{0xaa20, 0xf20c}}, {{0xc184, 0xc140}}, {{0x0986, 0x0560}}, {{0xc184, 0xd91b}},
		{{0xd8ff, 0x0de6}}, {{0x01e0, 0xb910}}, {{0x0902, 0x0560}}, {{0xd8ff, 0x700c}},
		{{0x20ab, 0x00c4}}, {{0x7fff, 0xf000}}, {{0xc2e6, 0x1cfc}}, {{0xb6c8, 0xc1a7}},
		{{0xc041, 0x700c}}, {{0xc143, 0xc040}}, {{0x40c3, 0x8000}}, {{0x063a, 0x88e0}},
		{{0xc003, 0x702c}}, {{0xc245, 0xa020}}, {{0x42c3, 0x8000}}, {{0x05f4, 0xc001}},
		{{0x6f34, 0xe224}}, {{0x78f4, 0xc046}}, {{0xc001, 0x7916}}, {{0x6158, 0xc044}},
		{{0xf04f, 0xc000}}, {{0x7214, 0x700c}}, {{0xc042, 0xc000}}, {{0x2044, 0x004d}},
		{{0xc002, 0x20ca}}, {{0x0fe5, 0xc042}}, {{0xc005, 0x0881}}, {{0x034e, 0xc000}},
		{{0x46cb, 0x8000}}, {{0xe3ac, 0x0a8a}}, {{0x00e0, 0x26f4}}, {{0x1000, 0xc000}},
		{{0x7e14, 0x0a8e}}, {{0x00e0, 0x9606}}, {{0x700c, 0x0c52}}, {{0x00a0, 0x712c}},
		{{0xc604, 0x2d40}}, {{0x10db, 0x70ad}}, {{0x0043, 0x0000}}, {{0xc101, 0x0af6}},
		{{0x0360, 0x40e1}}, {{0x7014, 0x40c1}}, {{0x20c2, 0x0821}}, {{0x8820, 0x2940}},
		{{0x0340, 0x2005}}, {{0x0f80, 0x9002}}, {{0x011a, 0x9000}}, {{0x0d72, 0x01e0}},
		{{0x780f, 0xc103}}, {{0xb8c5, 0x71c5}}, {{0x71a5, 0x8140}}, {{0xc102, 0x7827}},
		{{0x2800, 0x06c1}}, {{0xc003, 0x7945}}, {{0xa020, 0xc006}}, {{0x41c3, 0x8000}},
		{{0x05f4, 0x6028}}, {{0x0db9, 0x9004}}, {{0xc000, 0x7104}}, {{0xc040, 0xc000}},
		{{0x0863, 0x8114}}, {{0xc0a7, 0x1404}}, {{0x341b, 0xc6c6}}, {{0xc2e6, 0x1cfc}},
		{{0xb6c8, 0x2494}}, {{0x3527, 0x710c}}, {{0x218a, 0x0fdf}}, {{0x0baa, 0x0360}},
		{{0x704c, 0x734c}}, {{0xc096, 0x702c}}, {{0x0c8a, 0xffef}}, {{0xba0a, 0x704c}},
		{{0xc24c, 0xc24b}}, {{0x1600, 0x7081}}, {{0x8000, 0x0001}}, {{0x710c, 0xc24a}},
		{{0xb923, 0x7826}}, {{0xd925, 0xb913}}, {{0x0e8e, 0xffef}}, {{0xc253, 0x206f}},
		{{0x00c3, 0x881a}}, {{0xb824, 0x1e00}}, {{0x7002, 0x8000}}, {{0x047c, 0x0819}},
		{{0x00df, 0x081f}}, {{0x009f, 0x0825}}, {{0x005f, 0x1e00}}, {{0x7043, 0x8000}},
		{{0x047c, 0xf010}}, {{0x1e00, 0x7203}}, {{0x8000, 0x047c}}, {{0xf00a, 0x1e00}},
		{{0x7103, 0x8000}}, {{0x047c, 0xf006}}, {{0x1e00, 0x7083}}, {{0x8000, 0x047c}},
		{{0xc094, 0x41c3}}, {{0x8000, 0x0548}}, {{0x0caa, 0xffef}}, {{0x764c, 0xc094}},
		{{0x712c, 0x08d2}}, {{0x04e0, 0x714c}}, {{0x244a, 0x7180}}, {{0x704c, 0x708d}},
		{{0x214a, 0x0000}}, {{0x20a8, 0x0300}}, {{0x2405, 0x1f80}}, {{0x9006, 0x0120}},
		{{0x9000, 0xc38a}}, {{0x7285, 0x6078}}, {{0xa820, 0x7124}}, {{0x1600, 0x7080}},
		{{0x8000, 0x0058}}, {{0xe80f, 0x244a}}, {{0x7180, 0x702c}}, {{0x20a8, 0x02c0}},
		{{0x2205, 0x0f80}}, {{0x9006, 0x2120}}, {{0x9000, 0x7244}}, {{0x6078, 0xa826}},
		{{0x7124, 0x09c6}}, {{0x0340, 0x70cd}}, {{0x45cb, 0x8000}}, {{0x063a, 0x70ed}},
		{{0x1c27, 0x3003}}, {{0x78d0, 0xc18f}}, {{0x2400, 0x3f82}}, {{0x0000, 0x004b}},
		{{0x09ce, 0x02e0}}, {{0x2440, 0x39c3}}, {{0xe8b1, 0x1427}}, {{0x309b, 0x40c3}},
		{{0x8000, 0x0550}}, {{0x1800, 0x0043}}, {{0x0c56, 0x0220}}, {{0x4063, 0x8d20}},
		{{0xc807, 0xb90c}}, {{0x7825, 0x781b}}, {{0x2005, 0x0f81}}, {{0x9006, 0x1e02}},
		{{0x2005, 0x0f80}}, {{0x9006, 0x0004}}, {{0xb1e0, 0xb0e0}}, {{0xc196, 0x0826}},
		{{0x0520, 0x144b}}, {{0x3080, 0x8d40}}, {{0x143c, 0x3103}}, {{0xc093, 0x2314}},
		{{0x0081, 0x6038}}, {{0xa8e0, 0x41c3}}, {{0x012b, 0x0002}}, {{0x0b8a, 0x01e0}},
		{{0x740c, 0xc196}}, {{0x09c6, 0x0220}}, {{0x4063, 0x71c5}}, {{0x78d0, 0x0889}},
		{{0x8114, 0xc807}}, {{0x244a, 0x7180}}, {{0x706c, 0xc346}}, {{0x20a8, 0x0340}},
		{{0x2305, 0x0001}}, {{0x793b, 0x2356}}, {{0x0803, 0x2105}}, {{0x0f82, 0x9007}},
		{{0xe002, 0x702c}}, {{0xb220, 0x781b}}, {{0x2005, 0x0f81}}, {{0x9007, 0xe004}},
		{{0x700c, 0x0dba}}, {{0x02a0, 0xb100}}, {{0x1427, 0x3080}}, {{0xc04d, 0xc08a}},
		{{0xc045, 0x700c}}, {{0x0225, 0x0020}}, {{0xc042, 0x881a}}, {{0x0817, 0x00ff}},
		{{0x750c, 0x41c3}}, {{0x012e, 0x0001}}, {{0x0b1e, 0x01e0}}, {{0xc202, 0xd880}},
		{{0xf00a, 0xc202}}, {{0x750c, 0x41c3}}, {{0x012d, 0x0002}}, {{0x0b0a, 0x01e0}},
		{{0x706c, 0x700c}}, {{0xc044, 0xc004}}, {{0x2000, 0x0f80}}, {{0x0000, 0xff80}},
		{{0xc04e, 0xc004}}, {{0x2055, 0x0800}}, {{0xc047, 0x700c}}, {{0xc048, 0xf084}},
		{{0x706d, 0x704c}}, {{0x70cd, 0x264a}}, {{0x3000, 0xf047}}, {{0xc002, 0xc103}},
		{{0x209a, 0x0018}}, {{0xb908, 0x7bb0}}, {{0x238c, 0x8fc3}}, {{0x6098, 0x6038}},
		{{0x60e8, 0xf406}}, {{0xddff, 0x702c}}, {{0xe8aa, 0xf02d}}, {{0xe821, 0x79d0}},
		{{0x7850, 0x084b}}, {{0x0065, 0x4338}}, {{0x278c, 0x9042}}, {{0x003e, 0x0005}},
		{{0x1600, 0x7080}}, {{0x8000, 0x047c}}, {{0x6f49, 0xc240}}, {{0xc203, 0x7063}},
		{{0xc041, 0x41c3}}, {{0x0131, 0x0004}}, {{0x0a8e, 0x01e0}}, {{0x740c, 0x1600}},
		{{0x7082, 0x8000}}, {{0x047c, 0x43a9}}, {{0xddff, 0x7263}}, {{0xf008, 0x1600}},
		{{0x7080, 0x8000}}, {{0x047c, 0x661e}}, {{0xf002, 0xddff}}, {{0x41c1, 0x260a}},
		{{0x3340, 0x1600}}, {{0x7080, 0x8000}}, {{0x047c, 0x250a}}, {{0x1780, 0x4628}},
		{{0x60f8, 0x260a}}, {{0x3000, 0x272f}}, {{0x1788, 0x278c}}, {{0x9fc3, 0x0770}},
		{{0xffee, 0xc496}}, {{0x262f, 0xf088}}, {{0xf40a, 0x202f}}, {{0x8388, 0xf208}},
		{{0x1600, 0x7082}}, {{0x8000, 0x047c}}, {{0x43a9, 0x621a}}, {{0x262f, 0xf088}},
		{{0xf212, 0xc00e}}, {{0x2204, 0x0f81}}, {{0x0000, 0xfffe}}, {{0x7a3d, 0x7061}},
		{{0x621a, 0x212f}}, {{0x8086, 0x0022}}, {{0x0004, 0xc007}}, {{0x081d, 0x0043}},
		{{0xc207, 0xf00c}}, {{0x41c3, 0x0135}}, {{0x0000, 0x09fe}}, {{0x01e0, 0xd80a}},
		{{0x710c, 0xc046}}, {{0xf006, 0x704c}}, {{0xc003, 0xc18f}}, {{0x7914, 0xb140}},
		{{0xc003, 0x7104}}, {{0xc043, 0xc003}}, {{0x7614, 0x06f8}}, {{0xffe5, 0xddff}},
		{{0xc702, 0xc505}}, {{0x2440, 0x3f1b}}, {{0x2f40, 0x130f}}, {{0x1302, 0x3500}},
		{{0x1501, 0x148e}}, {{0x41c3, 0x0136}}, {{0x0003, 0xc043}}, {{0xc203, 0x750c}},
		{{0x43c1, 0xc240}}, {{0x09b2, 0x01e0}}, {{0xc202, 0xc807}}, {{0x2e40, 0x1202}},
		{{0xc108, 0x7ae5}}, {{0x7845, 0x7124}}, {{0x781b, 0xc148}}, {{0x7634, 0x2005}},
		{{0x0f81, 0x9006}}, {{0x0002, 0xc003}}, {{0xb100, 0xf7a2}}, {{0xc002, 0xc693}},
		{{0xc202, 0x7e14}}, {{0x1600, 0x10c1}}, {{0xc004, 0x6038}}, {{0x2048, 0x000d}},
		{{0x7bb0, 0x41c3}}, {{0x0137, 0x0002}}, {{0x096e, 0x01e0}}, {{0x750c, 0xc807}},
		{{0x43db, 0x9006}}, {{0x0c02, 0x78e5}}, {{0x781b, 0x2005}}, {{0x06c0, 0xb0a0}},
		{{0x1601, 0x10c1}}, {{0xc004, 0xc202}}, {{0xc041, 0x6038}}, {{0x2048, 0x000d}},
		{{0x7bb0, 0x750c}}, {{0x41c3, 0x0138}}, {{0x0004, 0x093e}}, {{0x01e0, 0xc240}},
		{{0xc105, 0xc807}}, {{0x234f, 0x325b}}, {{0x7624, 0xc145}}, {{0xc102, 0x7f05}},
		{{0x78fb, 0x7124}}, {{0xc142, 0x2005}}, {{0x06c1, 0xb1a0}}, {{0x2005, 0x0f80}},
		{{0x9006, 0x0004}}, {{0xc104, 0xb020}}, {{0xc102, 0xc00d}}, {{0x7110, 0x05de}},
		{{0xffe5, 0x206f}}, {{0x00c3, 0xc006}}, {{0x41c3, 0x0139}}, {{0x0000, 0x0ada}},
		{{0xffef, 0x2078}}, {{0x0000, 0x0b66}}, {{0x0280, 0x0e62}}, {{0x0440, 0x206f}},
		{{0x00c3, 0x881a}}, {{0x0817, 0x003e}}, {{0x70ad, 0xbd8d}}, {{0x266f, 0x1a43}},
		{{0x0aa6, 0x0360}}, {{0xb6a0, 0x78bd}}, {{0xb600, 0xc094}}, {{0x712c, 0x0d46}},
		{{0x04a0, 0x704c}}, {{0x700c, 0x702c}}, {{0x0f8e, 0x0320}}, {{0x704c, 0x2494}},
		{{0x3b18, 0x1404}}, {{0x341b, 0xc6c6}}, {{0xb8e6, 0x742c}}, {{0x20ad, 0x00c1}},
		{{0xf403, 0x7914}}, {{0xf006, 0x7915}}, {{0x0909, 0x0354}}, {{0x762c, 0x7915}},
		{{0x7fe0, 0x6901}}, {{0x41c3, 0x8000}}, {{0x063a, 0x8940}}, {{0x8921, 0x229f}},
		{{0x0a01, 0x215f}}, {{0x0d01, 0x6058}}, {{0x6119, 0x8943}}, {{0x8902, 0x1600}},
		{{0x7081, 0x8000}}, {{0x001c, 0x0a17}}, {{0x01bf, 0xb8c2}}, {{0x7034, 0x41c3}},
		{{0x8000, 0x04d0}}, {{0xf209, 0xe108}}, {{0xf007, 0x7034}}, {{0x41c3, 0x8000}},
		{{0x04c0, 0xf203}}, {{0xe108, 0x6119}}, {{0x7fe0, 0x8900}}, {{0xd938, 0xb99f}},
		{{0x8940, 0x11fc}}, {{0x8081, 0x718d}}, {{0xba25, 0x2941}}, {{0x01c3, 0x216d}},
		{{0x0180, 0x2406}}, {{0x1081, 0x7865}}, {{0x7fe0, 0x7825}}, {{0xc2e6, 0x1cfc}},
		{{0xb6c8, 0xc1a4}}, {{0x4318, 0xd8fa}}, {{0x09d6, 0x0360}}, {{0xc143, 0xc103}},
		{{0x090f, 0x07f4}}, {{0x7f1d, 0xc003}}, {{0xb87e, 0xb886}}, {{0xc043, 0x700c}},
		{{0x0a0e, 0x0020}}, {{0xd9ff, 0x40c3}}, {{0x8000, 0x063a}}, {{0x8800, 0x235f}},
		{{0x3d01, 0x70ad}}, {{0x209f, 0x0a01}}, {{0xda22, 0x6038}}, {{0x2032, 0x0f83}},
		{{0x8000, 0x0681}}, {{0x710c, 0x2800}}, {{0x06c0, 0xb802}}, {{0x200f, 0x06c0}},
		{{0x232f, 0x3007}}, {{0xbb83, 0x700c}}, {{0x762c, 0xc542}}, {{0x1c04, 0x36c0}},
		{{0x0f06, 0x0060}}, {{0x1c00, 0x3341}}, {{0x7ef0, 0x268c}}, {{0x9004, 0xf78d}},
		{{0xd8ff, 0xc042}}, {{0x700c, 0xd907}}, {{0x724c, 0x706c}}, {{0xc541, 0x0eea}},
		{{0x0060, 0xc540}}, {{0x6ee1, 0x78ef}}, {{0xc042, 0x700c}}, {{0xd907, 0x724c}},
		{{0x706c, 0xc541}}, {{0x0ed2, 0x0060}}, {{0xc540, 0xc003}}, {{0x762c, 0xda22}},
		{{0x7b0f, 0x700c}}, {{0xc542, 0x1c04}}, {{0x36c0, 0x0ebe}}, {{0x0060, 0x1c00}},
		{{0x3381, 0xe708}}, {{0x78ef, 0xc042}}, {{0x700c, 0xd907}}, {{0x724c, 0x706c}},
		{{0xc541, 0x0ea6}}, {{0x0060, 0xc540}}, {{0xd828, 0xc042}}, {{0x700c, 0xd907}},
		{{0x724c, 0x706c}}, {{0xc541, 0x0e92}}, {{0x0060, 0xc540}}, {{0x700c, 0x0e0e}},
		{{0x0060, 0x712c}}, {{0xc0a4, 0x1404}}, {{0x341b, 0xc6c6}}, {{0xc2e6, 0x1cfc}},
		{{0xb6c8, 0xc1a5}}, {{0x4548, 0x4628}}, {{0x4200, 0x7f3b}}, {{0x41c3, 0x024b}},
		{{0x0001, 0x0f26}}, {{0x01a0, 0x750c}}, {{0x706f, 0x0037}}, {{0x0000, 0x2514}},
		{{0x1081, 0xc083}}, {{0x20a8, 0x0180}}, {{0x21b4, 0x03c3}}, {{0x1802, 0x00d4}},
		{{0x448b, 0x9428}}, {{0x9409, 0x9466}}, {{0x9487, 0xc042}}, {{0xc141, 0x750c}},
		{{0x41c3, 0x024c}}, {{0x0005, 0x0ef2}}, {{0x01a0, 0xc440}}, {{0x7167, 0x222f}},
		{{0x06c8, 0x0acf}}, {{0x83a4, 0x244a}}, {{0x7100, 0xc0a5}}, {{0x1404, 0x341b}},
		{{0xc6c6, 0x78e0}}, {{0x40c3, 0x8000}}, {{0x0458, 0x7fe0}}, {{0x1800, 0x0005}},
		{{0x700c, 0x1e00}}, {{0x7004, 0x9004}}, {{0x0040, 0x7ee0}}, {{0x684f, 0x0a33}},
		{{0x0815, 0x40c3}}, {{0xffd8, 0x063b}}, {{0x2011, 0x8080}}, {{0x700c, 0xf203}},
		{{0x7ee0, 0x0a1f}}, {{0x04b1, 0xb9c6}}, {{0x228a, 0x0d7e}}, {{0x623a, 0x0a0f}},
		{{0x01f5, 0xdb55}}, {{0x2311, 0x8080}}, {{0x7de0, 0x7034}}, {{0x7ce0, 0x7fe0}},
		{{0x710c, 0x78e0}}, {{0xc2e6, 0x1cfc}}, {{0xb6c8, 0xc1a3}}, {{0x47cb, 0x8000}},
		{{0x098a, 0x9700}}, {{0xe803, 0x1f06}}, {{0x1045, 0x2742}}, {{0x1f8d, 0x0892}},
		{{0x0020, 0x40a1}}, {{0x43db, 0x8000}}, {{0x0458, 0x1b00}}, {{0x3004, 0x702c}},
		{{0xda07, 0x706c}}, {{0x40a1, 0x4628}}, {{0xc142, 0xc141}}, {{0x093a, 0x0060}},
		{{0xc140, 0x2742}}, {{0x1800, 0x702c}}, {{0xda07, 0x706c}}, {{0xc642, 0xc641}},
		{{0x0926, 0x0060}}, {{0xc640, 0x1300}}, {{0x3100, 0xb7c3}}, {{0xb7c2, 0xb7c1}},
		{{0xb7c0, 0xc0a3}}, {{0x1404, 0x341b}}, {{0xc6c6, 0x78e0}}, {{0x41c3, 0x8000}},
		{{0x0458, 0x9103}}, {{0x9120, 0x7110}}, {{0x700c, 0x7ce0}}, {{0x0789, 0xffcf}},
		{{0x40c3, 0x8000}}, {{0x0458, 0x9000}}, {{0x7fe0, 0xb822}}, {{0xc0f1, 0x0b12}},
		{{0x00a0, 0x700c}}, {{0x0b1a, 0x00a0}}, {{0x700c, 0x0932}}, {{0x00a0, 0x700c}},
		{{0x0f16, 0xffcf}}, {{0xc0d1, 0x7fe0}}, {{0x700c, 0x78e0}}, {{0xc2e6, 0x1cfc}},
		{{0xb6c8, 0x2482}}, {{0x3504, 0x1600}}, {{0x709b, 0x8000}}, {{0x0460, 0x4508}},
		{{0x700c, 0x0b1b}}, {{0x3030, 0xc05c}}, {{0x210a, 0x06c0}}, {{0x6909, 0x2104}},
		{{0x8001, 0xc01c}}, {{0x7104, 0xc05c}}, {{0xf5fa, 0x1600}}, {{0x7080, 0x8000}},
		{{0x0468, 0x7114}}, {{0x0232, 0x0022}}, {{0x1cbc, 0x3000}}, {{0xc080, 0x702c}},
		{{0x0d52, 0xffaf}}, {{0xda46, 0x244a}}, {{0x7200, 0x70ed}}, {{0x2540, 0x119f}},
		{{0x2540, 0x138e}}, {{0x230a, 0x13c0}}, {{0x264a, 0x3000}}, {{0x20a8, 0x0d00}},
		{{0x0b5d, 0x37ae}}, {{0x202f, 0x02c7}}, {{0x0821, 0x0135}}, {{0x2653, 0x3042}},
		{{0x0e31, 0x3135}}, {{0xc180, 0x1700}}, {{0x310c, 0x9660}}, {{0x9644, 0x7914}},
		{{0xb183, 0xb167}}, {{0xb14b, 0xf01b}}, {{0xb8c1, 0xc180}}, {{0x7914, 0x2514}},
		{{0x1080, 0x9052}}, {{0x9076, 0x901a}}, {{0xb152, 0xb176}}, {{0xb11a, 0xf00f}},
		{{0xb8c1, 0x2653}}, {{0x3042, 0xc180}}, {{0x7914, 0x2514}}, {{0x1080, 0x9052}},
		{{0x9076, 0x901a}}, {{0xb143, 0xb167}}, {{0xb10b, 0x7165}}, {{0x72c5, 0x72e7}},
		{{0x2640, 0x305e}}, {{0xc01c, 0x1600}}, {{0x7001, 0x8000}}, {{0x0464, 0x244a}},
		{{0x7200, 0x7a0f}}, {{0x2100, 0x008b}}, {{0x20a8, 0x0701}}, {{0x0f29, 0x1043}},
		{{0x43c3, 0x8000}}, {{0x090a, 0x0f49}}, {{0x1135, 0x2514}}, {{0x13c2, 0x23f4}},
		{{0x03cc, 0x4b18}}, {{0xb283, 0x20f4}}, {{0x03c0, 0xe310}}, {{0xb207, 0x23f4}},
		{{0x03c0, 0xf014}}, {{0x0f3f, 0x12e3}}, {{0x4f30, 0x0f4d}}, {{0x1135, 0xc380}},
		{{0x080b, 0x0132}}, {{0x2514, 0x13c2}}, {{0xb8c1, 0x2314}}, {{0x0000, 0x9063}},
		{{0x9087, 0x900b}}, {{0xb263, 0xb287}}, {{0xb20b, 0xf033}}, {{0x78fb, 0x2044}},
		{{0x0182, 0x6358}}, {{0x906f, 0x62ba}}, {{0xb272, 0x9073}}, {{0xb276, 0x9017}},
		{{0xf026, 0x0f2d}}, {{0x1135, 0x704c}}, {{0x2514, 0x13c0}}, {{0xb047, 0xb043}},
		{{0xb04b, 0xf01f}}, {{0x2753, 0x1042}}, {{0x0825, 0x0133}}, {{0x2514, 0x1082}},
		{{0x2314, 0x0000}}, {{0x9063, 0x9087}}, {{0x900b, 0xf010}}, {{0x2753, 0x1040}},
		{{0x2514, 0x1000}}, {{0xb056, 0xb052}}, {{0xb05a, 0xf00b}}, {{0xb8c1, 0x2314}},
		{{0x0000, 0x9072}}, {{0x9096, 0x901a}}, {{0xb272, 0xb296}}, {{0xb21a, 0x71e5}},
		{{0x40c3, 0x8000}}, {{0x0904, 0x0b11}}, {{0x11f1, 0xda46}}, {{0x0bf6, 0xffaf}},
		{{0x702c, 0xf063}}, {{0x244a, 0x7200}}, {{0x706c, 0x2353}}, {{0x109f, 0x214e}},
		{{0x021e, 0x704c}}, {{0x20a8, 0x0641}}, {{0x0b1d, 0x11d3}}, {{0x0a3b, 0x0135}},
		{{0x2514, 0x1081}}, {{0x91c3, 0x2014}}, {{0x008c, 0xb4c3}}, {{0x91c7, 0xb4c7}},
		{{0x912b, 0xf049}}, {{0x0a3b, 0x07e5}}, {{0x2600, 0x3081}}, {{0x0a43, 0x0135}},
		{{0xc680, 0x0973}}, {{0x0133, 0x2014}}, {{0x008c, 0x2614}}, {{0x1041, 0x91c3}},
		{{0x91e7, 0x912b}}, {{0xf035, 0x795b}}, {{0x2144, 0x0181}}, {{0x653c, 0x94d2}},
		{{0x6119, 0xb1d2}}, {{0x94d6, 0xb1d6}}, {{0x949a, 0xb19a}}, {{0xf02c, 0x0a37}},
		{{0x0135, 0x2014}}, {{0x0081, 0xb16b}}, {{0xb167, 0xb163}}, {{0xf024, 0x7f3c}},
		{{0xbf3e, 0x61f9}}, {{0xb9c1, 0x79e2}}, {{0x2614, 0x1041}}, {{0x7c5b, 0x91d2}},
		{{0x91f6, 0x913a}}, {{0x2444, 0x118c}}, {{0x641c, 0xb4d2}}, {{0xb4f6, 0xb43a}},
		{{0xf012, 0x795b}}, {{0x2144, 0x0181}}, {{0x6119, 0xb17a}}, {{0xb176, 0xb172}},
		{{0xf00a, 0xb9c1}}, {{0x2614, 0x1041}}, {{0x91d2, 0x91f6}}, {{0x913a, 0xb4c3}},
		{{0xb4e7, 0xb42b}}, {{0x7144, 0x9514}}, {{0x1600, 0x709b}}, {{0x8000, 0x045b}},
		{{0x1536, 0x111f}}, {{0xc057, 0x9513}}, {{0x152e, 0x111e}}, {{0x95d5, 0xc05e}},
		{{0x1600, 0x7100}}, {{0x8000, 0x045e}}, {{0x959c, 0x957d}}, {{0xc056, 0x9502}},
		{{0x151c, 0x110b}}, {{0x953a, 0x1cec}}, {{0x3000, 0x9501}}, {{0xb908, 0x1c8c}},
		{{0x3040, 0x1cf0}}, {{0x3000, 0x9500}}, {{0xd91f, 0xb908}}, {{0x1cf4, 0x3000}},
		{{0x1544, 0x1100}}, {{0x95f6, 0x9552}}, {{0x1c40, 0x3018}}, {{0x1540, 0x1100}},
		{{0xbac5, 0x1ce4}}, {{0x3080, 0x1cb0}}, {{0x3000, 0x9511}}, {{0x6f56, 0x1c84}},
		{{0x3000, 0x9510}}, {{0x1c88, 0x3000}}, {{0x950f, 0x1c94}}, {{0x3000, 0x951f}},
		{{0xc052, 0x951e}}, {{0xc05a, 0x950a}}, {{0x1c98, 0x3000}}, {{0x9509, 0x1c9c}},
		{{0x3000, 0x950d}}, {{0x1ca0, 0x3000}}, {{0x9506, 0xc055}}, {{0x9519, 0xc053}},
		{{0x9518, 0x1ca4}}, {{0x3000, 0x9507}}, {{0xc054, 0x9503}}, {{0x1ca8, 0x3000}},
		{{0x950b, 0x1cac}}, {{0x3000, 0x9504}}, {{0xc05f, 0x9505}}, {{0xc058, 0x9508}},
		{{0xc059, 0x950c}}, {{0xc05b, 0x14bc}}, {{0x3000, 0x7014}}, {{0x2379, 0x3000}},
		{{0xc05d, 0x2f40}}, {{0x3140, 0x1cb4}}, {{0x3000, 0x2e40}}, {{0x30c0, 0x1c90}},
		{{0x3000, 0xc01f}}, {{0x1448, 0x301e}}, {{0xb80d, 0x1cd0}}, {{0x3000, 0xc01f}},
		{{0x2e40, 0x331e}}, {{0x20ad, 0x00c1}}, {{0xc05f, 0x6e17}}, {{0x1c43, 0x3018}},
		{{0x6c12, 0x1cb8}}, {{0x3000, 0x2b40}}, {{0x03c0, 0x1cc8}}, {{0x3000, 0xc015}},
		{{0x14ac, 0x300c}}, {{0xb807, 0x1c42}}, {{0x3018, 0x2b40}}, {{0x13c0, 0x1ccc}},
		{{0x3000, 0x787d}}, {{0x1ce8, 0x3000}}, {{0x202f, 0x02c2}}, {{0x1cdc, 0x3000}},
		{{0xc01d, 0x736c}}, {{0xbb0d, 0x1d42}}, {{0x1004, 0x2155}}, {{0x0800, 0xc055}},
		{{0x6912, 0x1c80}}, {{0x3000, 0x234f}}, {{0x0300, 0x1cf8}}, {{0x3000, 0xc017}},
		{{0xc513, 0xbc08}}, {{0xb80a, 0x1cd8}}, {{0x3000, 0xc01e}}, {{0xbd0d, 0x7d64}},
		{{0xb80d, 0x1cd4}}, {{0x3000, 0xc01a}}, {{0xb808, 0xc057}}, {{0xc01b, 0xb805}},
		{{0xc05a, 0xc019}}, {{0x68f3, 0xc018}}, {{0x2744, 0x160b}}, {{0xc71d, 0xb80a}},
		{{0x1ce0, 0x3000}}, {{0x14a8, 0x3000}}, {{0xbf0a, 0xb8c5}}, {{0x1cfc, 0x3000}},
		{{0xc014, 0x68d6}}, {{0x14a4, 0x3000}}, {{0xb8c1, 0x1c41}}, {{0x3018, 0x14a0}},
		{{0x3000, 0xb802}}, {{0xc05b, 0x149c}}, {{0x3000, 0xb8c1}}, {{0x1c44, 0x3018}},
		{{0x1498, 0x3000}}, {{0xb80d, 0x1cc4}}, {{0x3000, 0xc012}}, {{0xb807, 0x1cc0}},
		{{0x3000, 0x1494}}, {{0x3000, 0x2840}}, {{0x011b, 0x1488}}, {{0x3000, 0xb805}},
		{{0xc058, 0x1484}}, {{0x3000, 0x1c84}}, {{0x3340, 0x14c0}}, {{0x300d, 0x2840}},
		{{0x01df, 0x14b0}}, {{0x3000, 0xb808}}, {{0xc059, 0x1440}}, {{0x3600, 0xb80b}},
		{{0xc053, 0x14f4}}, {{0x3000, 0xb804}}, {{0x1ca4, 0x3000}}, {{0x14f0, 0x3000}},
		{{0xb805, 0xc052}}, {{0x14ec, 0x3000}}, {{0xb807, 0xc054}}, {{0x14b4, 0x3000}},
		{{0x2084, 0x080f}}, {{0x1cb4, 0x3000}}, {{0x1490, 0x3000}}, {{0x2044, 0x0600}},
		{{0x1ca8, 0x3000}}, {{0xc01e, 0x20ad}}, {{0x00c1, 0xc05e}}, {{0x148c, 0x3000}},
		{{0x7824, 0x1c88}}, {{0x3000, 0x784f}}, {{0x1cac, 0x3000}}, {{0xc01a, 0xc215}},
		{{0x7984, 0x2084}}, {{0x080f, 0xc05a}}, {{0x1443, 0x3600}}, {{0x14b4, 0x300c}},
		{{0x1c98, 0x3040}}, {{0x7844, 0x1c9c}}, {{0x3000, 0x14b8}}, {{0x3000, 0x79cf}},
		{{0xc61e, 0x2084}}, {{0x0f01, 0x1cb8}}, {{0x3000, 0x1442}}, {{0x3600, 0x7844}},
		{{0x1ca0, 0x3000}}, {{0xc01b, 0x14e4}}, {{0x3002, 0x2084}}, {{0x0f01, 0xc05b}},
		{{0x14c4, 0x3000}}, {{0x7b04, 0xc017}}, {{0x1c90, 0x30c0}}, {{0x1444, 0x3603}},
		{{0x2084, 0x000c}}, {{0xc057, 0x1480}}, {{0x3000, 0x7d04}}, {{0x2344, 0x3400}},
		{{0x1c80, 0x3000}}, {{0xc018, 0x14f8}}, {{0x301b, 0x2084}}, {{0x0801, 0xc058}},
		{{0x202f, 0x07c7}}, {{0x1c94, 0x3000}}, {{0x14e8, 0x3000}}, {{0x1441, 0x361f}},
		{{0x2304, 0x379b}}, {{0xb8c3, 0x1c8c}}, {{0x3000, 0xc019}}, {{0x145c, 0x301e}},
		{{0x2705, 0x16cf}}, {{0x2084, 0x000c}}, {{0xc059, 0xc013}}, {{0x2605, 0x335e}},
		{{0x14d4, 0x300d}}, {{0x2004, 0x0f80}}, {{0x0000, 0x0800}}, {{0xc053, 0x14a4}},
		{{0x3000, 0x2044}}, {{0x0400, 0xc05d}}, {{0xc012, 0x2084}}, {{0x0801, 0xc052}},
		{{0xc014, 0x780f}}, {{0xc055, 0x14dc}}, {{0x3000, 0xb8c3}}, {{0xc054, 0x14a8}},
		{{0x3000, 0x7c05}}, {{0x14ac, 0x3000}}, {{0x7a05, 0xc01a}}, {{0x2305, 0x100b}},
		{{0x14fc, 0x3000}}, {{0x7905, 0x14b8}}, {{0x3000, 0x2705}}, {{0x301f, 0xc01b}},
		{{0x7b05, 0x14d8}}, {{0x3000, 0x7c05}}, {{0x1488, 0x3000}}, {{0x7e85, 0xc41f}},
		{{0x7a05, 0x14e0}}, {{0x3000, 0x7d45}}, {{0x1490, 0x3002}}, {{0x2305, 0x100b}},
		{{0x1498, 0x3000}}, {{0x2405, 0x12cc}}, {{0x1484, 0x300b}}, {{0x7905, 0x149c}},
		{{0x3000, 0x1c02}}, {{0x3304, 0x1c0a}}, {{0x3384, 0x2705}}, {{0x301f, 0x14a0}},
		{{0x3000, 0x2305}}, {{0x17cb, 0x468b}}, {{0xb6a4, 0x7865}}, {{0x1480, 0x3003}},
		{{0x7a05, 0xc013}}, {{0x2605, 0x30de}}, {{0xc319, 0x7f65}}, {{0x14d0, 0x3003}},
		{{0x78e5, 0x7b25}}, {{0xb660, 0x14c8}}, {{0x3003, 0xc118}}, {{0x2305, 0x10cb}},
		{{0x14cc, 0x3003}}, {{0x2105, 0x0781}}, {{0x1c0c, 0x32c4}}, {{0x2305, 0x008c}},
		{{0xc21d, 0x1494}}, {{0x3003, 0xb682}}, {{0x7a05, 0x148c}}, {{0x3000, 0x7b25}},
		{{0xc115, 0x7b05}}, {{0xc012, 0xb667}}, {{0x7845, 0x7905}}, {{0xc014, 0x7825}},
		{{0xb603, 0xf20f}}, {{0x14bc, 0x3000}}, {{0x086d, 0x0051}}, {{0xc11c, 0x1600}},
		{{0x7000, 0x8000}}, {{0x0464, 0x792f}}, {{0x6038, 0x085d}}, {{0x0212, 0xc016}},
		{{0x244a, 0x7200}}, {{0xc180, 0x781b}}, {{0xb88d, 0xb893}}, {{0x20a8, 0x0280}},
		{{0x1102, 0x0502}}, {{0x2005, 0x0f83}}, {{0x9000, 0x0000}}, {{0x7204, 0xb340}},
		{{0xc016, 0xe008}}, {{0xc056, 0x14b0}}, {{0x3000, 0x2053}}, {{0x807e, 0xc016}},
		{{0x1e00, 0x7004}}, {{0x8000, 0x045e}}, {{0xf209, 0x14b0}}, {{0x3000, 0x712c}},
		{{0x7906, 0x1e00}}, {{0x7042, 0x8000}}, {{0x0469, 0x40c3}}, {{0x8000, 0x0988}},
		{{0x1800, 0x0005}}, {{0x14bc, 0x3000}}, {{0x082d, 0x0051}}, {{0xc11c, 0x1600}},
		{{0x7000, 0x8000}}, {{0x0464, 0x1e00}}, {{0x7003, 0x8000}}, {{0x0460, 0x792f}},
		{{0x6038, 0x683a}}, {{0xb93d, 0x6038}}, {{0xb8c2, 0x7822}}, {{0x1e00, 0x7000}},
		{{0x8000, 0x0464}}, {{0xc016, 0x7810}}, {{0x2480, 0x3504}}, {{0x1404, 0x341b}},
		{{0xc6c6, 0x78e0}}, {{0xc2e6, 0x1cfc}}, {{0xb6c8, 0xc1a5}}, {{0x4548, 0x4628}},
		{{0xf004, 0x0866}}, {{0xffef, 0xbe62}}, {{0x4318, 0xf038}}, {{0x0eef, 0x1070}},
		{{0x4f3e, 0x702c}}, {{0xda07, 0x706c}}, {{0xc542, 0xc541}}, {{0x09ba, 0x0020}},
		{{0xc540, 0x0846}}, {{0xffcf, 0x0ee5}}, {{0x10b0, 0x4318}}, {{0x77c5, 0xf026}},
		{{0x2542, 0x1f80}}, {{0x702c, 0xda07}}, {{0x706c, 0xc742}}, {{0xc741, 0xc044}},
		{{0x0996, 0x0020}}, {{0xc740, 0xc003}}, {{0x702c, 0xda07}}, {{0x706c, 0xc742}},
		{{0xc741, 0x0986}}, {{0x0020, 0xc740}}, {{0x268c, 0x9048}}, {{0x00ce, 0x0025}},
		{{0x732c, 0xd8ff}}, {{0x2600, 0x1f8e}}, {{0x0000, 0xfe00}}, {{0xb521, 0xb500}},
		{{0x0ff6, 0xff8f}}, {{0x4318, 0x71ad}}, {{0x262f, 0x9388}}, {{0xf239, 0x0e35}},
		{{0x1114, 0x0d31}}, {{0x1071, 0x2353}}, {{0xb0be, 0x45cb}}, {{0x8000, 0x098a}},
		{{0x70ed, 0x2542}}, {{0x1800, 0xc043}}, {{0xf3cc, 0xc003}}, {{0x702c, 0xda07}},
		{{0x706c, 0xc742}}, {{0xc741, 0x0932}}, {{0x0020, 0xc740}}, {{0x77c5, 0xf1e2}},
		{{0x2353, 0xb0be}}, {{0x70ad, 0x47cb}}, {{0x8000, 0x094c}}, {{0xf5a8, 0x0e5b}},
		{{0x1070, 0x702c}}, {{0x702c, 0xda07}}, {{0x706c, 0x40e1}}, {{0xc542, 0xc541}},
		{{0x0906, 0x0020}}, {{0xc540, 0x4f3e}}, {{0x702c, 0xda07}}, {{0x706c, 0xc542}},
		{{0xc541, 0x08f6}}, {{0x0020, 0xc540}}, {{0x0e1b, 0x9091}}, {{0xf025, 0x40c3}},
		{{0x8000, 0x0458}}, {{0x1000, 0x011b}}, {{0xf036, 0xc542}}, {{0xc541, 0x702c}},
		{{0xda07, 0x706c}}, {{0xc540, 0xf00f}}, {{0x702c, 0xc142}}, {{0xc141, 0xda07}},
		{{0x706c, 0xc140}}, {{0xf006, 0xda07}}, {{0x706c, 0xc542}}, {{0xc541, 0xc540}},
		{{0x40e1, 0x08b6}}, {{0x0000, 0x7467}}, {{0xf01e, 0x202f}}, {{0x8382, 0x7704}},
		{{0xf786, 0xb521}}, {{0xb500, 0x2340}}, {{0x321b, 0xf016}}, {{0x262f, 0xf008}},
		{{0x21ca, 0x0021}}, {{0xb500, 0x0f22}}, {{0xffaf, 0xb521}}, {{0x4508, 0xc004}},
		{{0x702c, 0xda07}}, {{0x706c, 0xc142}}, {{0xc141, 0x087e}}, {{0x0020, 0xc140}},
		{{0x2540, 0x111b}}, {{0x202f, 0x06c8}}, {{0xc0a5, 0x1404}}, {{0x341b, 0xc6c6}},
		{{0x0813, 0x0072}}, {{0x706c, 0x42c3}}, {{0x9004, 0x0042}}, {{0x9220, 0xe908}},
		{{0x716c, 0xd909}}, {{0xb912, 0x0741}}, {{0xff6f, 0x4060}}, {{0x08f7, 0x8092}},
		{{0x9220, 0xe9f8}}, {{0x08ef, 0x80f2}}, {{0x682a, 0x9200}}, {{0xe8f2, 0x218c}},
		{{0x0fff, 0xf1f1}}, {{0xc2e2, 0x082f}}, {{0x0052, 0x45cb}}, {{0x8000, 0x0458}},
		{{0x8d42, 0x9560}}, {{0x0913, 0x027f}}, {{0x2804, 0x0080}}, {{0x8d31, 0xe985}},
		{{0x7910, 0x714c}}, {{0xf003, 0x7910}}, {{0x704c, 0x0e2e}}, {{0xffef, 0x4060}},
		{{0xb500, 0xc6c2}}, {{0xc2e6, 0x1cfc}}, {{0xb6c8, 0xc1a1}}, {{0x4508, 0xd87f}},
		{{0x4748, 0x4338}}, {{0x70cd, 0xe2a6}}, {{0x7864, 0xb5ce}}, {{0xb5cd, 0xb5cc}},
		{{0xb5cb, 0xb5c2}}, {{0xb5c1, 0xb5c0}}, {{0x0248, 0x002d}}, {{0xc040, 0xc006}},
		{{0x2024, 0x03c0}}, {{0x00e7, 0x0000}}, {{0x011d, 0x0000}}, {{0x0235, 0x0000}},
		{{0x0141, 0x0000}}, {{0x022d, 0x0000}}, {{0x0229, 0x0000}}, {{0x015f, 0x0000}},
		{{0x0171, 0x0000}}, {{0x0087, 0x0000}}, {{0x008f, 0x0000}}, {{0x00b3, 0x0000}},
		{{0x016b, 0x0000}}, {{0x0173, 0x0000}}, {{0x0209, 0x0000}}, {{0x0177, 0x0000}},
		{{0x0199, 0x0000}}, {{0x01a3, 0x0000}}, {{0x0097, 0x0000}}, {{0x01f5, 0x0000}},
		{{0x01f1, 0x0000}}, {{0x01ed, 0x0000}}, {{0x01e9, 0x0000}}, {{0x01e5, 0x0000}},
		{{0x01e1, 0x0000}}, {{0x01dd, 0x0000}}, {{0x004f, 0x0000}}, {{0x0189, 0x0000}},
		{{0x003b, 0x0000}}, {{0x01cd, 0x0000}}, {{0x0187, 0x0000}}, {{0x0025, 0x0000}},
		{{0x018b, 0x0000}}, {{0x0023, 0x0000}}, {{0x018f, 0x0000}}, {{0x0015, 0x0000}},
		{{0x018b, 0x0000}}, {{0x0191, 0x0000}}, {{0x019b, 0x0000}}, {{0x000b, 0x0000}},
		{{0x23ad, 0x0a02}}, {{0xf0c2, 0xbbc5}}, {{0xf0c0, 0xb8c2}}, {{0xb5c6, 0xb5c5}},
		{{0x1d06, 0x1405}}, {{0xf09e, 0xc000}}, {{0x797d, 0x2353}}, {{0x014c, 0x2080}},
		{{0x0d7e, 0xda12}}, {{0x2144, 0x0801}}, {{0xb584, 0x0811}}, {{0x01f5, 0xb523}},
		{{0xd955, 0x0909}}, {{0x000e, 0x704c}}, {{0xb5c6, 0xb545}}, {{0xf0b2, 0xb5c6}},
		{{0xb5c5, 0xb5c4}}, {{0x1d06, 0x1205}}, {{0xf0ac, 0x2b41}}, {{0x034c, 0x2b41}},
		{{0x018b, 0x2353}}, {{0x015e, 0x2b41}}, {{0x0102, 0x2b41}}, {{0x0281, 0x2053}},
		{{0x0083, 0x2444}}, {{0x120c, 0x2344}}, {{0x1c00, 0x2244}}, {{0x0f02, 0x2144}},
		{{0x0f01, 0x7885}}, {{0x2245, 0x00c2}}, {{0xb980, 0x7865}}, {{0x1d0c, 0x1784}},
		{{0xb545, 0xf067}}, {{0x228a, 0x0008}}, {{0x2053, 0x008c}}, {{0x2b41, 0x00c0}},
		{{0x2b41, 0x0081}}, {{0x7b44, 0x2044}}, {{0x0800, 0x2144}}, {{0x0f41, 0x7b85}},
		{{0x2045, 0x0480}}, {{0x1d06, 0x1085}}, {{0xb526, 0xb564}}, {{0xb505, 0xf07a}},
		{{0x2b41, 0x0081}}, {{0x2b41, 0x00cb}}, {{0xbb25, 0x2053}}, {{0x0082, 0x2144}},
		{{0x0f4c, 0x2344}}, {{0x1801, 0x2344}}, {{0x0400, 0x2145}}, {{0x0481, 0x7845}},
		{{0x1d06, 0x1105}}, {{0xb586, 0xb525}}, {{0xf03c, 0xb504}}, {{0x2353, 0x0141}},
		{{0x787d, 0xbb22}}, {{0xb526, 0x2044}}, {{0x0801, 0x2344}}, {{0x0800, 0xf020}},
		{{0xb5c6, 0xb5c5}}, {{0xb5c4, 0xb5c3}}, {{0xf054, 0xb5c6}}, {{0xb5c5, 0xb5c4}},
		{{0x1d06, 0x1605}}, {{0xf04e, 0xb5c6}}, {{0xb5c5, 0xb5c4}}, {{0x1d06, 0x1505}},
		{{0xf048, 0x2353}}, {{0x0141, 0x787d}}, {{0x2b41, 0x0082}}, {{0x23ad, 0x0a02}},
		{{0xb526, 0x2044}}, {{0x0801, 0x2244}}, {{0x0800, 0xb564}}, {{0x2145, 0x0581}},
		{{0x2045, 0x0180}}, {{0xb525, 0xf035}}, {{0xb5c6, 0x1d0a}}, {{0x1485, 0xb504}},
		{{0x1d06, 0x1385}}, {{0xf02e, 0xd928}}, {{0xb8c2, 0xb5c6}}, {{0xb5c5, 0xb523}},
		{{0xb504, 0xf028}}, {{0xd830, 0xb5c6}}, {{0xb5c5, 0xb5c4}}, {{0xf021, 0xbb22}},
		{{0x2344, 0x0800}}, {{0x2045, 0x0180}}, {{0xf018, 0x787d}}, {{0x2044, 0x0800}},
		{{0x2045, 0x0580}}, {{0xf012, 0xd80e}}, {{0xf010, 0x236d}}, {{0x0200, 0x2045}},
		{{0x0480, 0xf00c}}, {{0x23ad, 0x0882}}, {{0xb566, 0xb565}}, {{0xb564, 0xb563}},
		{{0xf008, 0x787d}}, {{0x2044, 0x0800}}, {{0xb506, 0xb505}}, {{0xb504, 0xb503}},
		{{0x0b35, 0x343f}}, {{0x141c, 0x301e}}, {{0x6f0f, 0xe09e}}, {{0x013c, 0x000d}},
		{{0x41c3, 0x5540}}, {{0x0000, 0x0915}}, {{0x000e, 0x2653}}, {{0x3040, 0xb50a}},
		{{0xb509, 0xb508}}, {{0xb507, 0xf00c}}, {{0x41c3, 0x0280}}, {{0x0001, 0x2111}},
		{{0x8000, 0xf28c}}, {{0xb5ca, 0xb5c9}}, {{0xb5c8, 0xb5c7}}, {{0x0f33, 0x1673}},
		{{0x2742, 0x1840}}, {{0x0f69, 0x1070}}, {{0x710c, 0x0f85}}, {{0x10f0, 0xd809}},
		{{0x0f59, 0x13f1}}, {{0x212f, 0x06c2}}, {{0x740c, 0x2351}}, {{0xb080, 0x2344}},
		{{0x3302, 0x7826}}, {{0x0a65, 0x0331}}, {{0x20cf, 0x0061}}, {{0xf034, 0x0827}},
		{{0x0095, 0x0b0d}}, {{0x30df, 0x74cd}}, {{0x1d16, 0x1105}}, {{0x0b0d, 0x30bf}},
		{{0x1d18, 0x1105}}, {{0xbe81, 0xb5cb}}, {{0x40c1, 0x76cd}}, {{0x1d18, 0x1185}},
		{{0xf022, 0x0f19}}, {{0x1651, 0xc000}}, {{0xe0c7, 0xf408}}, {{0x1d1a, 0x1045}},
		{{0xd809, 0x1d16}}, {{0x1245, 0xf018}}, {{0x700c, 0xf016}}, {{0x2351, 0xb0c0}},
		{{0x2344, 0x3301}}, {{0xb50d, 0xb50b}}, {{0x20ca, 0x0161}}, {{0x2351, 0xb080}},
		{{0x0915, 0x0330}}, {{0x20cf, 0x0061}}, {{0xb50b, 0xf006}}, {{0x1d16, 0x1245}},
		{{0x1d1a, 0x1045}}, {{0x230b, 0xbf80}}, {{0x0004, 0x0018}}, {{0xf20a, 0x2351}},
		{{0xb480, 0x20c5}}, {{0x01a2, 0x234b}}, {{0xb600, 0x20c5}}, {{0x0062, 0xb50b}},
		{{0x0b0b, 0x33fe}}, {{0xc008, 0x1d04}}, {{0x1045, 0xe80b}}, {{0x9545, 0x9526}},
		{{0x70cd, 0xb5cc}}, {{0xb5cb, 0xb5c6}}, {{0xb5c5, 0xb543}}, {{0xb524, 0x0b13}},
		{{0x331e, 0xe805}}, {{0xbe84, 0xb5cc}}, {{0xf003, 0x1d1c}}, {{0x1405, 0x40c3}},
		{{0x8000, 0x045d}}, {{0x8800, 0x0815}}, {{0x00b1, 0x700c}}, {{0xb50e, 0xb50d}},
		{{0xb506, 0xb505}}, {{0xb50a, 0xb509}}, {{0x0e09, 0x3291}}, {{0x1d00, 0x1045}},
		{{0x7487, 0x1404}}, {{0x341b, 0xc6c6}}, {{0xc100, 0x2653}}, {{0x304b, 0x40e1}},
		{{0xb5c8, 0x0a9e}}, {{0xffaf, 0x1d0e}}, {{0x12c4, 0x7114}}, {{0x23ca, 0x1022}},
		{{0xb5ca, 0x1d12}}, {{0x12c4, 0xf16c}}, {{0xc2e2, 0x0d8e}}, {{0x0020, 0x4528}},
		{{0x0c22, 0x0320}}, {{0x760c, 0x0b2e}}, {{0xff8f, 0x7704}}, {{0x0e52, 0x0020}},
		{{0x7810, 0x0e32}}, {{0x0000, 0xed09}}, {{0x40c3, 0x0000}}, {{0x61a8, 0x0ba6}},
		{{0xffcf, 0x0a52}}, {{0xff8f, 0xc6c2}}, {{0xc2e2, 0x0d5e}}, {{0x0020, 0x4528}},
		{{0x0bf2, 0x0320}}, {{0x760c, 0x0e0e}}, {{0x0000, 0xed09}}, {{0x40c3, 0x0000}},
		{{0x61a8, 0x0b82}}, {{0xffcf, 0x0a2e}}, {{0xff8f, 0xc6c2}}, {{0x40c3, 0x8000}},
		{{0x046a, 0x7fe0}}, {{0x1800, 0x0043}}, {{0xc2e2, 0x45cb}}, {{0x8000, 0x0458}},
		{{0xad10, 0xe803}}, {{0xc6c2, 0x0aba}}, {{0xff8f, 0x1d08}}, {{0x1003, 0x1d0c}},
		{{0x1001, 0xc6c2}}, {{0xc2e6, 0x1cfc}}, {{0xb6c8, 0xc1aa}}, {{0xc410, 0xc711}},
		{{0x46cb, 0x8000}}, {{0x0458, 0xc447}}, {{0xc40f, 0xc344}}, {{0xc249, 0xc446}},
		{{0xc145, 0xc043}}, {{0xf054, 0x8e10}}, {{0x081d, 0x0051}}, {{0xc005, 0xc104}},
		{{0x09de, 0xffaf}}, {{0x8ea8, 0x7114}}, {{0xd8f0, 0x20ca}}, {{0x0c22, 0xbd24}},
		{{0x60b8, 0xae08}}, {{0xc009, 0x0b27}}, {{0x1031, 0xc048}}, {{0xc005, 0x09c2}},
		{{0xffaf, 0xc104}}, {{0x8e25, 0x7114}}, {{0xc009, 0x2178}}, {{0x0101, 0x793b}},
		{{0x7224, 0x21ca}}, {{0x0121, 0x6038}}, {{0xc048, 0xc003}}, {{0x45cb, 0x8000}},
		{{0x094c, 0x080d}}, {{0x021e, 0x951e}}, {{0xb881, 0xb51e}}, {{0xc003, 0x080d}},
		{{0x035e, 0x951e}}, {{0xb880, 0xb51e}}, {{0x9640, 0x0fd9}}, {{0x1031, 0x2253}},
		{{0x0080, 0x7414}}, {{0x708d, 0xf49d}}, {{0xc003, 0x081b}}, {{0x025f, 0x8e04}},
		{{0x8e23, 0x0913}}, {{0x0001, 0x1600}}, {{0x7100, 0x8000}}, {{0x098c, 0x7014}},
		{{0xf2d2, 0x6a04}}, {{0xb600, 0x4d3e}}, {{0x702c, 0xda07}}, {{0x706c, 0xc442}},
		{{0xc441, 0x0af6}}, {{0xffef, 0xc440}}, {{0x097e, 0xff8f}}, {{0xc005, 0x085b}},
		{{0x81b1, 0x1612}}, {{0x108b, 0x0b53}}, {{0x9010, 0x9600}}, {{0x8e22, 0xc204}},
		{{0x2053, 0x808c}}, {{0x7b3b, 0x1410}}, {{0x301b, 0xc507}}, {{0x21ca, 0x00c1}},
		{{0xc309, 0x7a5d}}, {{0x2244, 0x0802}}, {{0x2353, 0x315b}}, {{0xbdc1, 0x2245}},
		{{0x058f, 0x2040}}, {{0x0202, 0x4b31}}, {{0xb640, 0x0c21}}, {{0x1131, 0xc145}},
		{{0x8e64, 0x8e23}}, {{0x7170, 0xf407}}, {{0x41c3, 0x8000}}, {{0x098c, 0x9120}},
		{{0x7034, 0x0230}}, {{0x0022, 0xe00c}}, {{0xbac2, 0x7454}}, {{0x0240, 0x0022}},
		{{0x7abd, 0xc304}}, {{0xc006, 0x41c3}}, {{0x8000, 0x094c}}, {{0xbb22, 0xb1b8}},
		{{0xb1b6, 0x192a}}, {{0x06c4, 0xb1f4}}, {{0xb113, 0x2344}}, {{0x0800, 0x2045}},
		{{0x0180, 0xb14f}}, {{0xb140, 0x08f2}}, {{0xffaf, 0xb112}}, {{0x023d, 0x0000}},
		{{0x0821, 0x0131}}, {{0x702c, 0x4d3e}}, {{0xda07, 0x706c}}, {{0xc142, 0xc140}},
		{{0x0a46, 0xffef}}, {{0xc141, 0x9600}}, {{0x7404, 0x08ce}}, {{0xffaf, 0xb600}},
		{{0x8e03, 0x8e24}}, {{0xc205, 0x7014}}, {{0x20ca, 0x0041}}, {{0xae03, 0xc007}},
		{{0xc103, 0xc304}}, {{0xc041, 0xc006}}, {{0x706f, 0x1c08}}, {{0x36c0, 0xc040}},
		{{0x0a16, 0xffef}}, {{0x40a1, 0x8e05}}, {{0x7214, 0xf488}}, {{0xc005, 0x0862}},
		{{0xffaf, 0xc104}}, {{0x7114, 0xf482}}, {{0xc106, 0xc007}}, {{0xc205, 0xc140}},
		{{0xc103, 0xc304}}, {{0x1c08, 0x3041}}, {{0xc041, 0x4d3e}}, {{0xf080, 0x7014}},
		{{0xf4ec, 0x8e03}}, {{0x8e24, 0xc205}}, {{0x7014, 0x20ca}}, {{0x0041, 0xae03}},
		{{0xc007, 0xc103}}, {{0xc304, 0xc041}}, {{0xc006, 0xc442}}, {{0xc040, 0x09ca}},
		{{0xffef, 0x40a1}}, {{0x9640, 0xc003}}, {{0x8e22, 0xb8e9}}, {{0x6a04, 0xb600}},
		{{0xf207, 0x42c3}}, {{0x8000, 0x098c}}, {{0x9200, 0xb881}}, {{0xb200, 0x8e05}},
		{{0x7214, 0xc008}}, {{0x4837, 0xf41b}}, {{0xc005, 0x0ff6}}, {{0xff6f, 0xc104}},
		{{0x082b, 0x0051}}, {{0xc106, 0xc007}}, {{0xc205, 0xc140}}, {{0xc103, 0xc304}},
		{{0xc041, 0x4d3e}}, {{0x0982, 0xffef}}, {{0x1c08, 0x3041}}, {{0x9600, 0x7404}},
		{{0x086e, 0xffaf}}, {{0xb600, 0x8e02}}, {{0x7f02, 0xc103}}, {{0x093a, 0xffef}},
		{{0x40e1, 0xf07d}}, {{0xc005, 0x0fba}}, {{0xff6f, 0xc104}}, {{0xc106, 0x4708}},
		{{0xc007, 0x1605}}, {{0x109b, 0xc140}}, {{0xc103, 0xc205}}, {{0xc304, 0xc041}},
		{{0x4d3e, 0x0946}}, {{0xffef, 0x1c08}}, {{0x3001, 0x9600}}, {{0x7404, 0x0f95}},
		{{0x1031, 0xb600}}, {{0x0b8d, 0x3091}}, {{0x8e22, 0xc008}}, {{0x4835, 0x0d13}},
		{{0x1052, 0x0fb6}}, {{0xff4f, 0xc103}}, {{0x08ee, 0xffef}}, {{0x40a1, 0xc003}},
		{{0xb8eb, 0xf280}}, {{0x1600, 0x7100}}, {{0x8000, 0x098c}}, {{0xb880, 0x1e00}},
		{{0x7004, 0x8000}}, {{0x098c, 0xf076}}, {{0x4d3e, 0x702c}}, {{0xda07, 0x706c}},
		{{0x1c08, 0x36c0}}, {{0x1c00, 0x36c0}}, {{0x1c04, 0x36c0}}, {{0x08ea, 0xffcf}},
		{{0x8e62, 0xc008}}, {{0x9640, 0xb5ff}}, {{0x2017, 0x00cd}}, {{0x41c3, 0x8000}},
		{{0x098c, 0xe208}}, {{0x0d63, 0x1072}}, {{0xb640, 0x0f5e}}, {{0xff6f, 0x1900}},
		{{0x0085, 0x8e42}}, {{0x6558, 0x6829}}, {{0x2904, 0x0081}}, {{0x9600, 0x704c}},
		{{0x0ed6, 0xffaf}}, {{0x7930, 0xb600}}, {{0xc003, 0xb88b}}, {{0xc043, 0xf01f}},
		{{0x0f36, 0xff4f}}, {{0x8e05, 0x8e22}}, {{0x7214, 0xc008}}, {{0x4837, 0xf413}},
		{{0xc007, 0xc103}}, {{0xc205, 0xc041}}, {{0xc006, 0xc304}}, {{0x1c08, 0x3041}},
		{{0xc040, 0x0886}}, {{0xffef, 0x40a1}}, {{0x9600, 0x8e22}}, {{0x7404, 0x7f22}},
		{{0xb600, 0x40e1}}, {{0xf02b, 0x1900}}, {{0x00c5, 0x8e04}}, {{0xae03, 0xf02a}},
		{{0xb600, 0x702c}}, {{0x40c3, 0x8000}}, {{0x096a, 0xda07}}, {{0x706c, 0xc142}},
		{{0xc140, 0x0856}}, {{0xffef, 0xc141}}, {{0x0ede, 0xff4f}}, {{0xc304, 0xc106}},
		{{0x40c3, 0x8000}}, {{0x0994, 0xbb22}}, {{0xb0a9, 0xb0a7}}, {{0x180c, 0x06c4}},
		{{0xb0e5, 0xb024}}, {{0x2344, 0x0801}}, {{0x7abd, 0x2145}}, {{0x0181, 0xb04f}},
		{{0xb040, 0x0f5e}}, {{0xff6f, 0xb023}}, {{0xc005, 0x0fee}}, {{0xffaf, 0xc103}},
		{{0x0e66, 0x0360}}, {{0xc003, 0x4408}}, {{0x4081, 0xc0aa}}, {{0x1404, 0x341b}},
		{{0xc6c6, 0x78e0}}, {{0xc3e6, 0xc1b2}}, {{0x4628, 0x4508}}, {{0xc080, 0x702c}},
		{{0x0cc2, 0xff2f}}, {{0xda46, 0x8d06}}, {{0x8de0, 0x8d81}}, {{0x1502, 0x108b}},
		{{0x8d63, 0x8d44}}, {{0x8d25, 0x8da7}}, {{0x1c28, 0x3004}}, {{0xc080, 0x1c12}},
		{{0x3384, 0x1c06}}, {{0x33c4, 0x468b}}, {{0xb684, 0x1c0a}}, {{0x32c4, 0xb666}},
		{{0xb652, 0xb633}}, {{0x0efa, 0xff6f}}, {{0xb6b5, 0xc7c6}}, {{0x40c3, 0x8000}},
		{{0x045c, 0x7fe0}}, {{0x1800, 0x0003}}, {{0x41c3, 0x8000}}, {{0x0458, 0xb100}},
		{{0x7fe0, 0xb103}}, {{0x40c3, 0x8000}}, {{0x045c, 0x7fe0}}, {{0x1800, 0x0043}},
		{{0xc2e6, 0x1cfc}}, {{0xb6c8, 0xc1a7}}, {{0x47cb, 0x8000}}, {{0x0458, 0x4318}},
		{{0x9700, 0x4628}}, {{0x4548, 0x2053}}, {{0x0081, 0x708d}}, {{0xc446, 0xc445}},
		{{0xc444, 0x0927}}, {{0x0131, 0xc443}}, {{0x7404, 0xb700}}, {{0x40c3, 0x8000}},
		{{0x096a, 0x702c}}, {{0xda07, 0x706c}}, {{0xc442, 0xc441}}, {{0x0f5a, 0xffaf}},
		{{0xc440, 0x0de6}}, {{0xff4f, 0x720c}}, {{0xed83, 0x8f02}}, {{0x781b, 0x780f}},
		{{0x7077, 0x4100}}, {{0x21c8, 0x0381}}, {{0x2905, 0x0002}}, {{0x7849, 0x7810}},
		{{0x2139, 0x0000}}, {{0x6058, 0x7704}}, {{0x7d10, 0x258c}}, {{0x9004, 0xf795}},
		{{0xd81f, 0xb80a}}, {{0x4183, 0xb10d}}, {{0x2059, 0x0800}}, {{0xb109, 0xc083}},
		{{0x089e, 0x04e0}}, {{0xd908, 0x2500}}, {{0x1f80, 0x0000}}, {{0xff01, 0x7d10}},
		{{0x258c, 0x9fc3}}, {{0xf72e, 0x262f}}, {{0xf008, 0xf214}}, {{0x2d40, 0x1301}},
		{{0x6d17, 0x2104}}, {{0x0f82, 0x0000}}, {{0x7000, 0x2004}}, {{0x0f81, 0x0000}},
		{{0x7c00, 0x2205}}, {{0x0f80, 0x0000}}, {{0x0b00, 0x1c12}}, {{0x3004, 0xf005}},
		{{0x702c, 0x1c12}}, {{0x3005, 0x2344}}, {{0x3600, 0x2079}}, {{0x0000, 0xb808}},
		{{0x4283, 0xb22d}}, {{0xb206, 0xc083}}, {{0x0846, 0x04e0}}, {{0xd908, 0xc0a7}},
		{{0x1404, 0x341b}}, {{0xc6c6, 0x78e0}}, {{0x41c3, 0x8000}}, {{0x0458, 0xa902}},
		{{0x7fe0, 0xa905}}, {{0x1e00, 0x7004}}, {{0x9004, 0x004e}}, {{0x7ee0, 0x78e0}},
		{{0xc2e6, 0x1cfc}}, {{0xb6c8, 0xc1aa}}, {{0x2244, 0x008e}}, {{0xbe13, 0x2053}},
		{{0x0143, 0xc649}}, {{0x6a16, 0x4738}}, {{0x7a0f, 0xc009}}, {{0xb9c5, 0x2751}},
		{{0xb180, 0xdc36}}, {{0x2f40, 0x369e}}, {{0x69f7, 0x6bd7}}, {{0x2b40, 0x034b}},
		{{0x24ca, 0x15a1}}, {{0x2605, 0x305e}}, {{0xb90d, 0x2b40}}, {{0x069b, 0x7f05}},
		{{0x78c5, 0x2305}}, {{0x02c3, 0x7c45}}, {{0x2105, 0x0781}}, {{0xc043, 0x2305}},
		{{0x06c0, 0x2c40}}, {{0x1343, 0xdd26}}, {{0x2751, 0xb1c0}}, {{0xc146, 0x2c41}},
		{{0x1181, 0x6cd7}}, {{0x2c40, 0x168b}}, {{0xc042, 0xc009}}, {{0x7c65, 0x25ca}},
		{{0x11a1, 0x2305}}, {{0x130b, 0xc409}}, {{0x7aa5, 0x7825}}, {{0x2a41, 0x0181}},
		{{0x2a40, 0x0343}}, {{0xc747, 0x6ab7}}, {{0x2a40, 0x068f}}, {{0x78c5, 0x7985}},
		{{0x7a65, 0xc045}}, {{0x7d25, 0x7ae5}}, {{0xc080, 0xd910}}, {{0x1c10, 0x32c0}},
		{{0xc541, 0x0f7e}}, {{0x04a0, 0xc240}}, {{0xc0aa, 0x1404}}, {{0x341b, 0xc6c6}},
		{{0x710c, 0x1e00}}, {{0x7004, 0x9004}}, {{0x0040, 0x7ee0}}, {{0x5007, 0x793b}},
		{{0x2105, 0x0f81}}, {{0x9004, 0x0044}}, {{0x7fe0, 0xb100}}, {{0x5007, 0x793b}},
		{{0x2105, 0x0f81}}, {{0x9004, 0x0046}}, {{0x7fe0, 0xb100}}, {{0xc2e4, 0xc1a1}},
		{{0x1600, 0x70c1}}, {{0x8000, 0x000e}}, {{0x4508, 0x700c}}, {{0x7c3c, 0x7095}},
		{{0xf247, 0x1582}}, {{0x10c2, 0xf6d6}}, {{0x0a57, 0x0032}}, {{0x702c, 0x1583}},
		{{0x108b, 0x2514}}, {{0x1081, 0x6a61}}, {{0x89c1, 0x0e45}}, {{0x12c4, 0x11fe}},
		{{0x848e, 0x0b3d}}, {{0x1384, 0x238d}}, {{0x0ebf, 0x7744}}, {{0x702c, 0xf019}},
		{{0xe2bf, 0x702c}}, {{0xf615, 0x1583}}, {{0x108b, 0x2514}}, {{0x1083, 0x702c}},
		{{0x8bc1, 0x0e1d}}, {{0x12c4, 0x1302}}, {{0x048e, 0x0b15}}, {{0x13a4, 0xe2bf}},
		{{0x7144, 0x21ca}}, {{0x0fe1, 0xe2c0}}, {{0xf6b4, 0xf003}}, {{0x4140, 0x1583}},
		{{0x1082, 0x6199}}, {{0x7b2d, 0xe3c0}}, {{0x1d82, 0x1042}}, {{0xf649, 0x2514}},
		{{0x10c1, 0x89a1}}, {{0x0d0b, 0x1084}}, {{0x8920, 0x0a17}}, {{0x0045, 0xd8c8}},
		{{0x41c3, 0x01a0}}, {{0x0003, 0x0a32}}, {{0x0120, 0xc440}}, {{0xd807, 0x7487}},
		{{0xc6c4, 0x78e0}}, {{0xc2e6, 0x1cfc}}, {{0xb6c8, 0x1600}}, {{0x70c2, 0x8000}},
		{{0x000e, 0x4628}}, {{0x4508, 0x232f}}, {{0xb081, 0x700c}}, {{0xf23a, 0x0f42}},
		{{0xffef, 0x40a1}}, {{0xe8b6, 0x0f3a}}, {{0xffef, 0x40c1}}, {{0xe8b2, 0x1680}},
		{{0x1103, 0x1682}}, {{0x10c0, 0x1580}}, {{0x110c, 0x1582}}, {{0x10c2, 0x6079}},
		{{0x7f30, 0x6298}}, {{0x7a10, 0x0f13}}, {{0x1085, 0x0b13}}, {{0x3052, 0x7862}},
		{{0x1e82, 0x1002}}, {{0xf006, 0x0bfb}}, {{0xb052, 0x4990}}, {{0x1d82, 0x1002}},
		{{0x1582, 0x10c0}}, {{0x1583, 0x1082}}, {{0x7d14, 0x8d00}}, {{0x7210, 0xd807}},
		{{0xf790, 0x8d21}}, {{0x091d, 0x0084}}, {{0x1682, 0x10c1}}, {{0x1683, 0x1082}},
		{{0x7e34, 0x8e20}}, {{0x0a0d, 0x0044}}, {{0x8e21, 0x0909}}, {{0x0084, 0x700c}},
		{{0x1404, 0x341b}}, {{0xc6c6, 0x78e0}}, {{0xc2e6, 0x1cfc}}, {{0xb6c8, 0xc1a8}},
		{{0x0e46, 0x0020}}, {{0xc047, 0xc046}}, {{0x40c3, 0x8000}}, {{0x09dc, 0x706f}},
		{{0xc043, 0x40c3}}, {{0x8000, 0x331c}}, {{0xc042, 0xd825}}, {{0xb89f, 0x8820}},
		{{0x1033, 0x0080}}, {{0x7825, 0x08af}}, {{0x06ee, 0x218a}}, {{0x0a14, 0x1600}},
		{{0x7080, 0x8000}}, {{0x063c, 0x1a06}}, {{0x36c2, 0xc041}}, {{0x790a, 0xc002}},
		{{0x6038, 0xc044}}, {{0xc003, 0x6038}}, {{0xc045, 0xf03e}}, {{0x40c3, 0x8000}},
		{{0x066c, 0x8820}}, {{0xc001, 0x095b}}, {{0x002e, 0x70ed}}, {{0xc001, 0xc504}},
		{{0xc605, 0x1a07}}, {{0x3002, 0xc007}}, {{0x0839, 0x03ce}}, {{0xc006, 0x1a08}},
		{{0x33c2, 0x7314}}, {{0x40c1, 0xf406}}, {{0x0eee, 0xffef}}, {{0x41a1, 0xf004}},
		{{0x0e3e, 0xffcf}}, {{0x1207, 0x3083}}, {{0x1206, 0x3082}}, {{0x1208, 0x308c}},
		{{0x2078, 0x0000}}, {{0x41c3, 0x019f}}, {{0x0003, 0x0ace}}, {{0xff2f, 0xc440}},
		{{0x71e5, 0x2555}}, {{0x184d, 0x0fc3}}, {{0x92b4, 0x2655}}, {{0x184e, 0xc004}},
		{{0x2080, 0x0a14}}, {{0xc044, 0xc005}}, {{0x2080, 0x0a14}}, {{0xc045, 0xc001}},
		{{0x7104, 0xc041}}, {{0x40c3, 0x8000}}, {{0x063c, 0x8821}}, {{0xc001, 0x0981}},
		{{0x8005, 0xc102}}, {{0xd8a5, 0xb805}}, {{0x6119, 0xc142}}, {{0xc103, 0x7167}},
		{{0x6119, 0x0b3b}}, {{0xb0b4, 0xc143}}, {{0xc0a8, 0x1404}}, {{0x341b, 0xc6c6}},
		{{0xc2e6, 0x1cfc}}, {{0xb6c8, 0xc1b5}}, {{0x0d4e, 0x0020}}, {{0xc047, 0xd925}},
		{{0xb99f, 0x8940}}, {{0x1133, 0x0081}}, {{0xc045, 0x1600}}, {{0x7080, 0x8000}},
		{{0x063c, 0x7945}}, {{0xc040, 0x2178}}, {{0x00c0, 0x7104}}, {{0xc042, 0xf0f6}},
		{{0x40c3, 0x8000}}, {{0x066c, 0x8820}}, {{0xc000, 0x2111}}, {{0x8000, 0xf2eb}},
		{{0xc000, 0xb80c}}, {{0xc046, 0x700c}}, {{0xc041, 0xc101}}, {{0xc007, 0x2011}},
		{{0x8040, 0xf2db}}, {{0xc201, 0xc106}}, {{0xc807, 0xba08}}, {{0x7945, 0x7825}},
		{{0xc043, 0xc703}}, {{0x70cd, 0xbf90}}, {{0xc000, 0xc589}}, {{0x7dd5, 0x205a}},
		{{0x0a01, 0x205a}}, {{0x0502, 0x2605}}, {{0x13c0, 0x781b}}, {{0xc048, 0x2005}},
		{{0x0f83, 0x9000}}, {{0x0024, 0xc001}}, {{0x7915, 0x7a14}}, {{0x2114, 0x0380}},
		{{0x62da, 0x2034}}, {{0x0f81, 0x8000}}, {{0x5cac, 0x2034}}, {{0x0f8c, 0x8000}},
		{{0x5d4c, 0x2232}}, {{0x0f80, 0x8000}}, {{0x5dec, 0xb520}}, {{0xb584, 0xad02}},
		{{0x2232, 0x0f8c}}, {{0x8000, 0x5e8c}}, {{0x2232, 0x0f81}}, {{0x8000, 0x5e3c}},
		{{0x2232, 0x0f80}}, {{0x8000, 0x5edc}}, {{0xad83, 0xad2a}}, {{0xad0b, 0x0ada}},
		{{0x0060, 0x9300}}, {{0xb508, 0x78cf}}, {{0xc044, 0xc204}}, {{0x700c, 0x080e}},
		{{0x0060, 0x702c}}, {{0x78e5, 0x41c3}}, {{0x9000, 0x0024}}, {{0x2142, 0x091b}},
		{{0x781b, 0x2005}}, {{0x06c0, 0x9000}}, {{0x712c, 0xad12}}, {{0x0fee, 0x0020}},
		{{0x700c, 0x78e5}}, {{0x781b, 0x2005}}, {{0x06c0, 0x9020}}, {{0x40c3, 0x9000}},
		{{0x0024, 0x684c}}, {{0xc008, 0xad33}}, {{0x7845, 0x0a8e}}, {{0x0060, 0x9000}},
		{{0xc204, 0xb50c}}, {{0x710c, 0x0fc6}}, {{0x0020, 0x702c}}, {{0x78e5, 0x781b}},
		{{0x2005, 0x06c0}}, {{0x9000, 0x712c}}, {{0xad1a, 0x0fb2}}, {{0x0020, 0x710c}},
		{{0x78e5, 0x781b}}, {{0x2005, 0x06c0}}, {{0x9020, 0xc002}}, {{0x71c5, 0x0e1d}},
		{{0x9024, 0xad3b}}, {{0xc005, 0xc102}}, {{0xc289, 0x08ea}}, {{0x0360, 0x70ad}},
		{{0xf04e, 0xc103}}, {{0x2615, 0x335e}}, {{0x79a5, 0x1620}}, {{0x3103, 0x40c3}},
		{{0x9002, 0x0024}}, {{0x793b, 0x2105}}, {{0x0002, 0xb260}}, {{0xb864, 0x1628}},
		{{0x3102, 0x7825}}, {{0xb040, 0x1600}}, {{0x7080, 0x8000}}, {{0x0093, 0xe8b7}},
		{{0x1622, 0x308e}}, {{0x7aaf, 0x700c}}, {{0x0f52, 0x0020}}, {{0x702c, 0x78e5}},
		{{0x781b, 0x2005}}, {{0x06c0, 0xb0c0}}, {{0x162a, 0x308e}}, {{0x710c, 0x0f3e}},
		{{0x0020, 0x702c}}, {{0x78e5, 0x781b}}, {{0x2005, 0x06c0}}, {{0x0b9a, 0x0020}},
		{{0xb0c0, 0x083b}}, {{0x00f1, 0x2440}}, {{0x391e, 0x2615}}, {{0x335e, 0x1623}},
		{{0x308e, 0x700c}}, {{0x0f16, 0x0020}}, {{0x712c, 0x78e5}}, {{0x781b, 0x2005}},
		{{0x06c0, 0xb0c0}}, {{0x162b, 0x308e}}, {{0x710c, 0x0f02}}, {{0x0020, 0x712c}},
		{{0x78e5, 0x781b}}, {{0x2005, 0x06c0}}, {{0xb0c0, 0x71a5}}, {{0xc002, 0x0d67}},
		{{0x9024, 0x2440}}, {{0x391e, 0xc001}}, {{0x7104, 0xe089}}, {{0x063e, 0xffe5}},
		{{0xc041, 0xc000}}, {{0x7104, 0xc040}}, {{0x40c3, 0x8000}}, {{0x063c, 0x8821}},
		{{0xc000, 0x7030}}, {{0x060c, 0xffce}}, {{0xc0b5, 0x1404}}, {{0x341b, 0xc6c6}},
		{{0xc0e2, 0x70ad}}, {{0x706d, 0xdb68}}, {{0x7bac, 0x235f}}, {{0x1d0c, 0x7175}},
		{{0x716d, 0x631b}}, {{0x639b, 0x633b}}, {{0x8b80, 0x7c44}}, {{0xab80, 0xf5f5}},
		{{0x71a5, 0x0de5}}, {{0x9094, 0xc4c2}}, {{0xc2e4, 0x700c}}, {{0x1e00, 0x70c5}},
		{{0x9004, 0x0050}}, {{0x083a, 0xff6f}}, {{0x702c, 0x45cb}}, {{0x8000, 0x0550}},
		{{0x8d00, 0x70cd}}, {{0x704c, 0xe809}}, {{0x1600, 0x7080}}, {{0x8000, 0x0001}},
		{{0x714c, 0xb823}}, {{0x7a06, 0xd808}}, {{0x096a, 0xffef}}, {{0x702c, 0x8d00}},
		{{0xe808, 0x1600}}, {{0x7081, 0x8000}}, {{0x0001, 0x71cd}}, {{0xb923, 0x7e26}},
		{{0x700c, 0xd940}}, {{0x094e, 0xffef}}, {{0x42c1, 0x700c}}, {{0x0cae, 0xffaf}},
		{{0x712c, 0xc6c4}}, {{0xc0e6, 0xc406}}, {{0x7230, 0x2415}}, {{0x1002, 0xf7d2}},
		{{0xc004, 0xc105}}, {{0x92a1, 0x92c5}}, {{0x8861, 0x88e0}}, {{0x8900, 0x8981}},
		{{0x6f37, 0xb807}}, {{0x6179, 0x6098}}, {{0xb2b1, 0xb2d5}}, {{0xb230, 0xf010}},
		{{0xc403, 0x8b00}}, {{0x8b21, 0x9269}}, {{0xb807, 0x6119}}, {{0x8c00, 0x92ad}},
		{{0x8cc1, 0xb807}}, {{0xb271, 0xb2b5}}, {{0xb230, 0x60d8}}, {{0xb214, 0xc4c6}},
		{{0xc2e6, 0x1cfc}}, {{0xb6c8, 0xc1ac}}, {{0x7114, 0xf47d}}, {{0x71cd, 0xf075}},
		{{0x0813, 0x0090}}, {{0x081b, 0x0051}}, {{0x1600, 0x7081}}, {{0x8000, 0x0025}},
		{{0xf005, 0x1600}}, {{0x7081, 0x8000}}, {{0x0058, 0x09cd}}, {{0x00d1, 0x0df2}},
		{{0x0100, 0x0e42}}, {{0x0340, 0x70ad}}, {{0xf05b, 0xd8e4}}, {{0x7839, 0x1600}},
		{{0x708f, 0x8000}}, {{0x063c, 0xb8c1}}, {{0xe028, 0xc045}}, {{0xf049, 0x2940}},
		{{0x0303, 0xc344}}, {{0xc404, 0xc305}}, {{0xc807, 0xc288}}, {{0x7b85, 0x7865}},
		{{0x781b, 0xb891}}, {{0xb89c, 0xc347}}, {{0xb89f, 0x9060}}, {{0x2216, 0x0340}},
		{{0x7834, 0x0d6d}}, {{0x1071, 0xb060}}, {{0x2214, 0x0043}}, {{0x700c, 0x724c}},
		{{0xe308, 0x13f8}}, {{0x850c, 0x228d}}, {{0x0fff, 0x6098}}, {{0xc140, 0x7910}},
		{{0x2941, 0x01c0}}, {{0xc046, 0xc042}}, {{0x783d, 0xc041}}, {{0x2053, 0x015b}},
		{{0x740c, 0x41c3}}, {{0x02c0, 0x0006}}, {{0x716c, 0x42c1}}, {{0x0cea, 0x00e0}},
		{{0x1c0c, 0x36c0}}, {{0xc106, 0xc807}}, {{0xc204, 0xb906}}, {{0x2305, 0x3043}},
		{{0xc107, 0x7a05}}, {{0x7825, 0x781b}}, {{0xb891, 0x795b}}, {{0xb89c, 0x2105}},
		{{0x0f81, 0x9002}}, {{0x0050, 0xb89f}}, {{0xb160, 0xb060}}, {{0x71e5, 0x40c3}},
		{{0x8000, 0x063c}}, {{0x8801, 0x79f0}}, {{0x0867, 0x8045}}, {{0x71a5, 0x0d4f}},
		{{0x90b4, 0x79bb}}, {{0x71c5, 0x0e1d}}, {{0x90f4, 0x78cf}}, {{0x0d22, 0x0120}},
		{{0x730c, 0xc0ac}}, {{0x1404, 0x341b}}, {{0xc6c6, 0x78e0}}, {{0xc2e4, 0xc1a3}},
		{{0x4308, 0x730c}}, {{0x4668, 0x4548}}, {{0x0d06, 0x0120}}, {{0x260a, 0x3040}},
		{{0x40c3, 0x8000}}, {{0x0550, 0x8820}}, {{0xc006, 0xe914}}, {{0x1600, 0x7081}},
		{{0x8000, 0x0001}}, {{0x091d, 0x00ff}}, {{0x4161, 0xc042}}, {{0xd80f, 0x220a}},
		{{0x0780, 0x43a1}}, {{0xc640, 0x0efe}}, {{0x0460, 0x1c04}}, {{0x3001, 0xf00b}},
		{{0xc041, 0xd80f}}, {{0x4161, 0x220a}}, {{0x0780, 0x43a1}}, {{0x0d96, 0x0460}},
		{{0xc640, 0xc0a3}}, {{0xc6c4, 0x78e0}}, {{0xc2e2, 0x40c3}}, {{0x0000, 0x2ee0}},
		{{0x0fda, 0x02a0}}, {{0xd908, 0x0962}}, {{0x01e0, 0x4508}}, {{0x60b8, 0x6829}},
		{{0xb9c0, 0x6038}}, {{0xe009, 0x780f}}, {{0x2089, 0x0101}}, {{0x1a00, 0x3002}},
		{{0xc6c2, 0x78e0}}, {{0xc0e6, 0x42c3}}, {{0x8000, 0x063b}}, {{0x1600, 0x708b}},
		{{0x8000, 0x0008}}, {{0x0815, 0x0071}}, {{0x1203, 0x048d}}, {{0x1600, 0x7083}},
		{{0x8000, 0x0058}}, {{0x0b91, 0x0010}}, {{0x6a83, 0x6a61}}, {{0x7014, 0x739d}},
		{{0x6a82, 0x729d}}, {{0x8b60, 0x8ac0}}, {{0x778d, 0x2608}}, {{0x90c2, 0xf61b}},
		{{0x2178, 0x0001}}, {{0x1207, 0x360f}}, {{0xb902, 0x6a61}}, {{0xe120, 0x2e40}},
		{{0x1302, 0x7bc2}}, {{0x61be, 0x7ee5}}, {{0x2605, 0x1081}}, {{0x793b, 0xb991}},
		{{0xb99c, 0xb99f}}, {{0x9120, 0x2296}}, {{0x0008, 0x238d}}, {{0x0e3f, 0x2108}},
		{{0x030c, 0x2378}}, {{0x1081, 0x262f}}, {{0x32c2, 0x1600}}, {{0x70c3, 0x8000}},
		{{0x00d8, 0x7275}}, {{0xdfff, 0x268a}}, {{0x1fc7, 0x6941}}, {{0x2640, 0x31c1}},
		{{0x781b, 0x26ca}}, {{0x13c1, 0x78b5}}, {{0x2c02, 0x104d}}, {{0x7e84, 0x2000}},
		{{0x0f8c, 0x8000}}, {{0x043c, 0x6558}}, {{0x2679, 0x1001}}, {{0x6078, 0x6038}},
		{{0xb400, 0xc4c6}}, {{0x40c3, 0x8000}}, {{0x043c, 0x78b5}}, {{0x9020, 0xb021}},
		{{0xc4c6, 0x78e0}}, {{0xc807, 0x781b}}, {{0x2005, 0x0f80}}, {{0x9002, 0x0012}},
		{{0x9020, 0x2153}}, {{0x8080, 0xf206}}, {{0x080d, 0x0071}}, {{0x710c, 0x7ee0}},
		{{0x7fe0, 0x700c}}, {{0x2144, 0x0181}}, {{0x2179, 0x0100}}, {{0x7234, 0x7304}},
		{{0x7fe0, 0x20ca}}, {{0x00a1, 0x78e0}}, {{0x1600, 0x7080}}, {{0x8000, 0x0034}},
		{{0x7fe0, 0x206d}}, {{0x0180, 0x78e0}}, {{0x7fe0, 0x700c}}, {{0x090d, 0x03f0}},
		{{0x228a, 0x0fc7}}, {{0x714c, 0x7a38}}, {{0xb80d, 0x224f}}, {{0x0241, 0x2005}},
		{{0x0f80, 0x9002}}, {{0x0176, 0x1800}}, {{0x0005, 0xb040}}, {{0xb020, 0xb040}},
		{{0x7fe0, 0x1800}}, {{0x0005, 0x78e0}}, {{0xc2e6, 0x1cfc}}, {{0xb6c8, 0xc1a2}},
		{{0x4648, 0x4728}}, {{0x264a, 0x3000}}, {{0xc041, 0x2e40}}, {{0x309b, 0x70ad}},
		{{0xd8a6, 0xb89f}}, {{0x9020, 0xe988}}, {{0x10f6, 0x8101}}, {{0xe984, 0x10f8}},
		{{0x8100, 0xe81b}}, {{0x9660, 0xc101}}, {{0x9700, 0x2314}}, {{0x3342, 0xbb02}},
		{{0x7954, 0x7bb4}}, {{0x9141, 0x9120}}, {{0x2300, 0x0f83}}, {{0x0004, 0x1000}},
		{{0xb802, 0x7b7d}}, {{0xbbd2, 0x7810}}, {{0x08f2, 0x04a0}}, {{0x1c00, 0x30c1}},
		{{0x9700, 0x7104}}, {{0xb700, 0x71b5}}, {{0x71ad, 0xf5dc}}, {{0x9600, 0x2640}},
		{{0x305e, 0x7104}}, {{0x0ea7, 0xb0b4}}, {{0xb600, 0xc0a2}}, {{0x1404, 0x341b}},
		{{0xc6c6, 0x78e0}}, {{0xc2e6, 0x1cfc}}, {{0xb6c8, 0x2482}}, {{0x3302, 0x1600}},
		{{0x710c, 0x8000}}, {{0x000a, 0x14a0}}, {{0x301b, 0x4568}}, {{0x4648, 0xc140}},
		{{0x0c17, 0x107e}}, {{0xc041, 0xd8c8}}, {{0x41c3, 0x0198}}, {{0x0002, 0x42a1}},
		{{0x0a26, 0x00e0}}, {{0x4363, 0xc000}}, {{0xc101, 0x43c9}}, {{0x7610, 0xc082}},
		{{0x23ca, 0x1001}}, {{0x7630, 0x70ed}}, {{0x268a, 0x3fc3}}, {{0x23ca, 0x1001}},
		{{0xf032, 0xe0bf}}, {{0x0054, 0x000d}}, {{0xc301, 0x7bf4}}, {{0x8b41, 0xea26}},
		{{0xc100, 0x78ae}}, {{0x7914, 0x8901}}, {{0xe820, 0x2002}}, {{0x06c0, 0x8b80}},
		{{0x8960, 0x780e}}, {{0x2089, 0x0fc1}}, {{0x7210, 0x22ca}}, {{0x0009, 0x2302}},
		{{0x06c0, 0x780e}}, {{0x2048, 0x0000}}, {{0x7410, 0x2314}}, {{0x13c1, 0x24ca}},
		{{0x100b, 0xa941}}, {{0x7a4f, 0x788f}}, {{0x0819, 0x00a4}}, {{0xa980, 0x1901}},
		{{0x0003, 0x1900}}, {{0x0fc3, 0xf006}}, {{0x2314, 0x13c0}}, {{0x1800, 0x0784}},
		{{0x71e5, 0x71a5}}, {{0xe7bf, 0x079e}}, {{0xffee, 0x78b0}}, {{0x230c, 0x9380}},
		{{0x248a, 0x7001}}, {{0x20e8, 0x02a2}}, {{0x1301, 0x1480}}, {{0x1e01, 0x1012}},
		{{0x1301, 0x1480}}, {{0x1e01, 0x1012}}, {{0x700c, 0x2480}}, {{0x3302, 0x1404}},
		{{0x341b, 0xc6c6}}, {{0x0005, 0x0000}}, {{0xc2e6, 0x1cfc}}, {{0xb6c8, 0x2482}},
		{{0x3d02, 0xc241}}, {{0xc042, 0x1600}}, {{0x7100, 0x8000}}, {{0x000a, 0xc143}},
		{{0xc101, 0x2044}}, {{0x8080, 0x1ca8}}, {{0x3000, 0x1ca0}}, {{0x3040, 0xc103}},
		{{0xc002, 0x1ca4}}, {{0x30c0, 0x1c9c}}, {{0x3040, 0x1c98}}, {{0x3000, 0xf208}},
		{{0x41c3, 0x0195}}, {{0x0000, 0x0932}}, {{0x00e0, 0x740c}}, {{0xc102, 0xc003}},
		{{0x70ed, 0x2039}}, {{0x0042, 0xc101}}, {{0xc002, 0x2139}}, {{0x0001, 0x2455}},
		{{0x3a00, 0xc044}}, {{0x6a01, 0x1cac}}, {{0x3000, 0x6901}}, {{0x2048, 0x004e}},
		{{0x1cb0, 0x3000}}, {{0xf00f, 0x1a06}}, {{0x33c2, 0x45c9}}, {{0x2015, 0x005b}},
		{{0x0cce, 0x0420}}, {{0x1308, 0x3400}}, {{0x7014, 0xf49a}}, {{0x258c, 0x1ebf}},
		{{0x71e5, 0x14ac}}, {{0x3000, 0x79ef}}, {{0x09df, 0x8024}}, {{0x2455, 0x3980}},
		{{0x14a8, 0x3000}}, {{0xe806, 0xd9cb}}, {{0x740c, 0x08ce}}, {{0x00e0, 0xb911}},
		{{0xc602, 0xc703}}, {{0x71ad, 0x1c94}}, {{0x3005, 0xf016}}, {{0x1497, 0x3080}},
		{{0x1e83, 0x1002}}, {{0x14b0, 0x3000}}, {{0x1497, 0x3081}}, {{0x0d55, 0x1025}},
		{{0x1f83, 0x1042}}, {{0xc004, 0x71a5}}, {{0x1004, 0x040e}}, {{0xc044, 0x1004}},
		{{0x040f, 0xc044}}, {{0x1782, 0x10c1}}, {{0x1682, 0x10c0}}, {{0xc285, 0x1a06}},
		{{0x30c3, 0x4913}}, {{0x40c1, 0x41e1}}, {{0x0e2e, 0xffef}}, {{0x1c00, 0x3001}},
		{{0x1600, 0x7080}}, {{0x8000, 0x000b}}, {{0x080f, 0x00bf}}, {{0xc085, 0x0afa}},
		{{0x01e0, 0x702c}}, {{0xf004, 0x0c3a}}, {{0x0420, 0xc085}}, {{0xe850, 0xf050}},
		{{0x14a8, 0x3000}}, {{0xe807, 0x41c3}}, {{0x0197, 0x0000}}, {{0x084a, 0x00e0}},
		{{0x740c, 0xc101}}, {{0xc002, 0x0973}}, {{0x0020, 0x72ad}}, {{0x70cd, 0xf02d}},
		{{0x78f5, 0x80a0}}, {{0x8022, 0x1583}}, {{0x108c, 0x1183}}, {{0x0080, 0x1180}},
		{{0x0102, 0x1580}}, {{0x1103, 0x7882}}, {{0xc040, 0x2302}}, {{0x009b, 0xc285}},
		{{0x232f, 0x06c5}}, {{0x0dc2, 0xffef}}, {{0x40a1, 0x1583}}, {{0x1081, 0x0f8e}},
		{{0x0160, 0xc085}}, {{0xe8a4, 0x700c}}, {{0x2455, 0x3982}}, {{0x1496, 0x3081}},
		{{0x7a16, 0x4ae2}}, {{0x7114, 0x21c0}}, {{0x06c1, 0x7114}}, {{0x710c, 0x1a82}},
		{{0x0042, 0xf5f4}}, {{0x71c5, 0x14ac}}, {{0x3000, 0x7fcf}}, {{0x0fa5, 0x9024}},
		{{0x2455, 0x3980}}, {{0xf00b, 0xc001}}, {{0x0f52, 0x0160}}, {{0x1083, 0x0081}},
		{{0xe886, 0xc003}}, {{0x258d, 0x1e7f}}, {{0xc041, 0x700c}}, {{0x2480, 0x3d02}},
		{{0x1404, 0x341b}}, {{0xc6c6, 0x78e0}}, {{0xc0f1, 0x4328}}, {{0x0c6a, 0xffef}},
		{{0x4300, 0x0817}}, {{0x0090, 0x0819}}, {{0x0070, 0x7074}}, {{0xe88a, 0x7074}},
		{{0xd94f, 0xd84e}}, {{0xf010, 0xeb0b}}, {{0x7054, 0xf006}}, {{0xd951, 0xf005}},
		{{0xeb07, 0x7075}}, {{0xd94e, 0xd850}}, {{0xf006, 0x7054}}, {{0xf002, 0x7075}},
		{{0xd94f, 0xd851}}, {{0xc0d1, 0x7fe0}}, {{0x20ca, 0x0041}}, {{0xc2e6, 0x1cfc}},
		{{0xb6c8, 0xc1a6}}, {{0x7b14, 0xc342}}, {{0x4308, 0xc002}}, {{0x4648, 0x4728}},
		{{0x8861, 0x8800}}, {{0x7070, 0x20cc}}, {{0x83c5, 0x012a}}, {{0x0026, 0x70ad}},
		{{0x73f1, 0x0122}}, {{0x002e, 0x2f40}}, {{0x1201, 0xd8ff}}, {{0xc043, 0x776f}},
		{{0xc041, 0x2105}}, {{0x02c0, 0xc044}}, {{0x9e81, 0x9e00}}, {{0x0c35, 0x1022}},
		{{0x260a, 0x36c0}}, {{0x7a0f, 0xc004}}, {{0x2440, 0x35de}}, {{0x79af, 0x7b8f}},
		{{0x0b3e, 0x00e0}}, {{0x1c00, 0x3780}}, {{0x260a, 0x3000}}, {{0x1417, 0x3081}},
		{{0x230c, 0xb000}}, {{0xc001, 0x26ca}}, {{0x36c5, 0x2009}}, {{0x0040, 0xc041}},
		{{0x9e83, 0x9e02}}, {{0x0c33, 0x1022}}, {{0x230a, 0x3780}}, {{0x7a0f, 0xc004}},
		{{0x2440, 0x35df}}, {{0x79af, 0x1c00}}, {{0x37c0, 0x0b06}}, {{0x00e0, 0x7b8f}},
		{{0x4318, 0x1417}}, {{0x3081, 0x260c}}, {{0xb000, 0xc001}}, {{0x23ca, 0x3785}},
		{{0x2009, 0x0040}}, {{0xc041, 0x71a5}}, {{0xe5c0, 0x0790}}, {{0xffe5, 0xe608}},
		{{0xc002, 0x8820}}, {{0x0917, 0x03c5}}, {{0xc002, 0x8801}}, {{0x0f0f, 0x1025}},
		{{0x48f2, 0x4f30}}, {{0x2009, 0x0080}}, {{0xc043, 0xc301}}, {{0x2340, 0x1041}},
		{{0xdd40, 0x2309}}, {{0x02de, 0x211f}}, {{0x0043, 0x1211}}, {{0x370c, 0x2502}},
		{{0x12cd, 0xda80}}, {{0x251a, 0x1341}}, {{0x7ae2, 0x7a4c}}, {{0x7b8c, 0xcc10}},
		{{0x798c, 0x1600}}, {{0x708e, 0x8000}}, {{0x000e, 0x7a0c}}, {{0x230c, 0xb0c0}},
		{{0x23ca, 0x06c5}}, {{0x7330, 0x21ca}}, {{0x00c5, 0x234e}}, {{0x1fcb, 0x7150}},
		{{0x22ca, 0x0045}}, {{0x2609, 0x32c3}}, {{0x0e13, 0x103f}}, {{0x4140, 0x6f21}},
		{{0x792a, 0x790c}}, {{0x7230, 0x21ca}}, {{0x0085, 0xc003}}, {{0x7d6f, 0x7a0f}},
		{{0x40c3, 0x00ff}}, {{0xffff, 0x7110}}, {{0x20ca, 0x0045}}, {{0x655d, 0xb808}},
		{{0x7d05, 0x40a1}}, {{0xc0a6, 0x1404}}, {{0x341b, 0xc6c6}}, {{0xc2e6, 0x40c3}},
		{{0x8000, 0x042c}}, {{0x88e0, 0x264a}}, {{0x3000, 0x704c}}, {{0x45cb, 0x8000}},
		{{0x0550, 0x71ef}}, {{0xf027, 0x225a}}, {{0x0483, 0x70cd}}, {{0x6579, 0x1902}},
		{{0x0784, 0xf01e}}, {{0x2605, 0x12c0}}, {{0x781b, 0x2005}}, {{0x0f80, 0x9002}},
		{{0x0100, 0x9000}}, {{0x7c0f, 0x0e15}}, {{0x1321, 0x2f00}}, {{0x330c, 0x8902}},
		{{0x200f, 0x0380}}, {{0xa902, 0xf00b}}, {{0x8903, 0x7104}}, {{0xa903, 0x780f}},
		{{0x2314, 0x0000}}, {{0x60b8, 0xa8c3}}, {{0xa882, 0x71c5}}, {{0x0ec9, 0x9214}},
		{{0x7144, 0x0ab7}}, {{0x83e4, 0x2a40}}, {{0x030b, 0xc6c6}}, {{0xc3e6, 0xc1a1}},
		{{0x1600, 0x7103}}, {{0x8000, 0x000a}}, {{0x4528, 0x236d}}, {{0x0983, 0x0b13}},
		{{0x0070, 0x4608}}, {{0x0b11, 0x00d0}}, {{0x1a00, 0x0083}}, {{0xf006, 0x1a00}},
		{{0x0043, 0xf004}}, {{0x1a00, 0x00c3}}, {{0x2440, 0x30c0}}, {{0x2440, 0x3081}},
		{{0x0f5e, 0x0160}}, {{0x42c1, 0xe803}}, {{0xc7c6, 0x1402}}, {{0x3083, 0x1403}},
		{{0x308c, 0x6479}}, {{0x7a3d, 0x216c}}, {{0x0001, 0xad40}}, {{0x2600, 0x104b}},
		{{0x645c, 0x799d}}, {{0x246c, 0x100f}}, {{0x1300, 0x108c}}, {{0x1301, 0x108b}},
		{{0xad22, 0x67df}}, {{0x2300, 0x1301}}, {{0x793d, 0xad21}}, {{0x8f81, 0x8f20}},
		{{0x635b, 0x7a7d}}, {{0x6199, 0x236c}}, {{0x0003, 0x793d}}, {{0x63db, 0xad44}},
		{{0xad23, 0x8b40}}, {{0x8b21, 0x6159}}, {{0x793d, 0xad25}}, {{0xc7c6, 0x78e0}},
		{{0x791b, 0xd8e4}}, {{0x2144, 0x0181}}, {{0x7839, 0x7fe0}}, {{0xb8c1, 0x78e0}},
		{{0x2053, 0x0143}}, {{0x206d, 0x0182}}, {{0x20ad, 0x01c1}}, {{0x6058, 0xa961}},
		{{0x7fe0, 0xa900}}, {{0xd940, 0x7b1d}}, {{0x2053, 0x0142}}, {{0x7824, 0x2384}},
		{{0x0007, 0x6058}}, {{0x7fe0, 0x6078}}, {{0xc2e6, 0x1cfc}}, {{0xb6c8, 0x2482}},
		{{0x3f05, 0x1c46}}, {{0x3018, 0x700c}}, {{0xc34b, 0xc153}}, {{0x1c84, 0x3000}},
		{{0x1c54, 0x3018}}, {{0x1c53, 0x3018}}, {{0x1c52, 0x3018}}, {{0x097a, 0xffef}},
		{{0x1c51, 0x3018}}, {{0x1600, 0x7083}}, {{0x8000, 0x000d}}, {{0x4318, 0x710c}},
		{{0x2b41, 0x0101}}, {{0x1c45, 0x3018}}, {{0x7826, 0x1c88}}, {{0x3000, 0x0f02}},
		{{0x01a0, 0xc013}}, {{0xe808, 0x2344}}, {{0x0200, 0xb823}}, {{0x2052, 0x0000}},
		{{0x1c84, 0x3000}}, {{0x1464, 0x3600}}, {{0xc057, 0x226d}}, {{0x0200, 0xc054}},
		{{0x1484, 0x3000}}, {{0x2079, 0x0002}}, {{0x0ed6, 0x01a0}}, {{0xc013, 0x7014}},
		{{0x1488, 0x3000}}, {{0x78c0, 0x0b17}}, {{0x30f1, 0x1c88}}, {{0x3000, 0xc00b}},
		{{0x2079, 0x0080}}, {{0x7104, 0x1c45}}, {{0x3018, 0xd858}}, {{0xb89f, 0x88a0}},
		{{0x10cd, 0x808e}}, {{0x6a01, 0xc05e}}, {{0xc017, 0xc213}}, {{0xc30b, 0xc042}},
		{{0xc014, 0xc240}}, {{0x1446, 0x3602}}, {{0xc041, 0x41c3}}, {{0x01aa, 0x0005}},
		{{0x0c26, 0x00a0}}, {{0x740c, 0xc013}}, {{0x2078, 0x0041}}, {{0xb863, 0x1c44}},
		{{0x3018, 0xc014}}, {{0x7014, 0x1444}}, {{0x3600, 0x780f}}, {{0x207c, 0x0140}},
		{{0x7825, 0x1ca8}}, {{0x3000, 0xf205}}, {{0x14a8, 0x3000}}, {{0xe889, 0x1600}},
		{{0x7080, 0x8000}}, {{0x009a, 0xb8e0}}, {{0x700c, 0xc05b}}, {{0xf205, 0x0fb6}},
		{{0x0300, 0x710c}}, {{0xc05b, 0x1465}}, {{0x3600, 0x2378}}, {{0x3001, 0xdc4f}},
		{{0x1c49, 0x3018}}, {{0xc00b, 0xdb50}}, {{0x7dc5, 0x2078}}, {{0x0040, 0xc05a}},
		{{0xc00b, 0x1c4b}}, {{0x3358, 0xdd4e}}, {{0x2305, 0xb03e}}, {{0xc017, 0xc71a}},
		{{0x2378, 0x308e}}, {{0x2078, 0x0002}}, {{0xd84e, 0xc050}}, {{0xd84f, 0xc04a}},
		{{0xd850, 0x1c8c}}, {{0x3000, 0xd851}}, {{0x1c90, 0x3000}}, {{0xc01a, 0x7904}},
		{{0x6a12, 0x22c5}}, {{0x0061, 0xc058}}, {{0x7054, 0xd84e}}, {{0x741c, 0xc00b}},
		{{0x2105, 0x808b}}, {{0x2378, 0x3041}}, {{0x2078, 0x0000}}, {{0x1c42, 0x3018}},
		{{0x7824, 0x739d}}, {{0x2005, 0x82cc}}, {{0x1490, 0x3000}}, {{0x707c, 0x1c90}},
		{{0x3000, 0x2378}}, {{0x30c0, 0x1c43}}, {{0x3018, 0xc01e}}, {{0x7054, 0xdb51}},
		{{0x7704, 0x1c4f}}, {{0x3018, 0x40c3}}, {{0x8000, 0x09dc}}, {{0x1c98, 0x3000}},
		{{0x700c, 0xc04c}}, {{0xc01a, 0x7824}}, {{0x7885, 0x1442}}, {{0x3601, 0x1c41}},
		{{0x3018, 0xd84f}}, {{0x751c, 0x1441}}, {{0x3600, 0x79c4}}, {{0x7ee4, 0x7825}},
		{{0x1c4a, 0x3018}}, {{0x78c5, 0x1c4c}}, {{0x3018, 0x148c}}, {{0x3000, 0x7075}},
		{{0x73bd, 0x7095}}, {{0x707c, 0x1c8c}}, {{0x3000, 0xc018}}, {{0x7054, 0x47cb}},
		{{0x8000, 0x09dc}}, {{0x20ca, 0x0061}}, {{0x7075, 0xc058}}, {{0x20ca, 0x00a1}},
		{{0x7095, 0x71e5}}, {{0xc058, 0x20ca}}, {{0x00e1, 0x1c94}}, {{0x33c0, 0xc058}},
		{{0xc00c, 0x712c}}, {{0x7918, 0xc00c}}, {{0xb902, 0x210f}}, {{0x000d, 0x144b}},
		{{0x3600, 0x7d0b}}, {{0xc00c, 0x2079}}, {{0x0000, 0x1ca4}}, {{0x3000, 0xf407}},
		{{0x14a4, 0x3000}}, {{0x7014, 0x00d0}}, {{0x0042, 0xc00c}}, {{0x1e00, 0x7002}},
		{{0x8000, 0x063b}}, {{0x0b3a, 0x00e0}}, {{0x730c, 0x1484}}, {{0x3000, 0xc10b}},
		{{0x2400, 0x3f82}}, {{0x0000, 0x0144}}, {{0xc042, 0x1488}}, {{0x3000, 0x2400}},
		{{0x3f83, 0x0000}}, {{0x014c, 0x780f}}, {{0xc041, 0xc00c}}, {{0x780f, 0x1cb4}},
		{{0x3000, 0x1449}}, {{0x3600, 0xc040}}, {{0x0802, 0x0120}}, {{0x14b4, 0x3000}},
		{{0x40c3, 0x8000}}, {{0x066c, 0x8021}}, {{0x14b4, 0x3000}}, {{0xc214, 0x0f26}},
		{{0x01e0, 0xc314}}, {{0xc00b, 0x7214}}, {{0xf752, 0x1600}}, {{0x7101, 0x8000}},
		{{0x0006, 0xd880}}, {{0xda7f, 0x1cd8}}, {{0x3000, 0x213c}}, {{0x0f80, 0x0000}},
		{{0x0c80, 0x1c83}}, {{0x3082, 0x1cb8}}, {{0x3000, 0xf011}}, {{0xf409, 0x710c}},
		{{0x1cb8, 0x3000}}, {{0xd8d4, 0xd950}}, {{0x1cd8, 0x3000}}, {{0xf005, 0xd97f}},
		{{0x700c, 0x1cb8}}, {{0x3000, 0x1c83}}, {{0x3042, 0xc114}}, {{0xc01b, 0xc20b}},
		{{0xc141, 0xc113}}, {{0xc042, 0x2400}}, {{0x3f80, 0x0000}}, {{0x0144, 0xc040}},
		{{0x7baf, 0x09aa}}, {{0x0060, 0x2455}}, {{0x3e00, 0xc01e}}, {{0xdc4f, 0xd951}},
		{{0x1ce8, 0x3000}}, {{0x700c, 0xc04e}}, {{0xc00c, 0x1ce0}}, {{0x3001, 0x1ce4}},
		{{0x3041, 0x7014}}, {{0x14a4, 0x3000}}, {{0x21ca, 0x0301}}, {{0xdc4e, 0x7a1b}},
		{{0x7b1b, 0x14d8}}, {{0x3000, 0x1ca0}}, {{0x3040, 0x7704}}, {{0x1c47, 0x3018}},
		{{0x1498, 0x3000}}, {{0x1cac, 0x3000}}, {{0x1494, 0x3000}}, {{0x1cb0, 0x3000}},
		{{0xd850, 0xc059}}, {{0x20ca, 0x0301}}, {{0xc059, 0x1441}}, {{0x3600, 0x2044}},
		{{0x804b, 0x6b01}}, {{0x1c9c, 0x3000}}, {{0xc319, 0x1490}}, {{0x3000, 0x731c}},
		{{0x144a, 0x3600}}, {{0x2044, 0x804c}}, {{0x14a0, 0x3000}}, {{0x707c, 0x1ca0}},
		{{0x3000, 0x148c}}, {{0x3000, 0x7075}}, {{0x711c, 0xc019}}, {{0x7095, 0x703c}},
		{{0xc059, 0xc018}}, {{0x7075, 0x721c}}, {{0x149c, 0x3000}}, {{0x7095, 0x705c}},
		{{0x1c9c, 0x3000}}, {{0xc10e, 0x1445}}, {{0x3600, 0x7110}}, {{0x0762, 0x0026}},
		{{0x2455, 0x3e00}}, {{0x144c, 0x3600}}, {{0x149c, 0x300d}}, {{0xb8e0, 0xc019}},
		{{0xc04f, 0x14a0}}, {{0x3000, 0xc04d}}, {{0xf447, 0x1442}}, {{0x3601, 0x1443}},
		{{0x3600, 0x790b}}, {{0xf215, 0xc00e}}, {{0x7014, 0xd850}}, {{0xc04d, 0xc10d}},
		{{0xd84e, 0x21ca}}, {{0x0001, 0xc14d}}, {{0xd84f, 0xd951}}, {{0xc14f, 0x21ca}},
		{{0x0001, 0xc00e}}, {{0xc14f, 0x2079}}, {{0x0000, 0x7d1b}}, {{0xf02d, 0xc11a}},
		{{0x1443, 0x3600}}, {{0x790b, 0xf217}}, {{0xc00e, 0xd951}}, {{0xc14d, 0x7014}},
		{{0xd84f, 0x21ca}}, {{0x0001, 0xd850}}, {{0xc04f, 0xc14d}}, {{0xc10f, 0xd84e}},
		{{0x21ca, 0x0001}}, {{0xc00e, 0xc14f}}, {{0x2079, 0x0000}}, {{0x781b, 0x68a1}},
		{{0xf013, 0xc00b}}, {{0x080f, 0x00b1}}, {{0x74ad, 0xc00a}}, {{0xc04f, 0xd84e}},
		{{0xf00a, 0x41c3}}, {{0x01ab, 0x0000}}, {{0x0a9e, 0xfeaf}}, {{0x700c, 0xc00a}},
		{{0xc04f, 0xc010}}, {{0xc04d, 0x700c}}, {{0xc052, 0xc017}}, {{0x2456, 0x3a02}},
		{{0x7014, 0x700c}}, {{0x1cdf, 0x3002}}, {{0xaa03, 0xf218}}, {{0xc017, 0x14a8}},
		{{0x300c, 0x7baf}}, {{0x1cdf, 0x3002}}, {{0x2400, 0x3f80}}, {{0x0000, 0x0143}},
		{{0x2400, 0x3f81}}, {{0x0000, 0x0083}}, {{0x2400, 0x3f82}}, {{0x0000, 0x00df}},
		{{0x0dda, 0x0160}}, {{0xc440, 0xf007}}, {{0x700c, 0x1c83}}, {{0x3002, 0x1cdf}},
		{{0x3043, 0x1444}}, {{0x3600, 0x7514}}, {{0x065a, 0x0006}}, {{0x0cf2, 0x0080}},
		{{0x2079, 0x0000}}, {{0xc052, 0x14a8}}, {{0x3001, 0x78af}}, {{0x0d6e, 0x0360}},
		{{0xc056, 0xc050}}, {{0x1483, 0x3080}}, {{0xc055, 0x2432}}, {{0x3f80, 0x0000}},
		{{0x0143, 0xc04a}}, {{0xc010, 0x2079}}, {{0x0001, 0x14a4}}, {{0x3000, 0x7906}},
		{{0x09ad, 0x003e}}, {{0xda7f, 0x40c3}}, {{0x8000, 0x063b}}, {{0x88c1, 0x40c3}},
		{{0x8000, 0x063b}}, {{0x1002, 0x009b}}, {{0xc016, 0x265f}}, {{0x128d, 0x1428}},
		{{0x301f, 0x7214}}, {{0xc015, 0x43cb}}, {{0x8000, 0x00ca}}, {{0x2400, 0x3f81}},
		{{0x0000, 0x0154}}, {{0x4a10, 0x23c0}}, {{0x106e, 0x2700}}, {{0x301f, 0x653d}},
		{{0xf034, 0x1600}}, {{0x7080, 0x8000}}, {{0x066c, 0x085d}}, {{0x03ae, 0x2e40}},
		{{0x1300, 0xc70d}}, {{0x244a, 0x7280}}, {{0x7f05, 0xc807}}, {{0x264a, 0x3000}},
		{{0x42a1, 0x20a8}}, {{0x0880, 0x2705}}, {{0x1781, 0x7905}}, {{0x793b, 0xb991}},
		{{0xb99c, 0xb99f}}, {{0x9120, 0xc415}}, {{0x7b2f, 0x647c}}, {{0x248c, 0x9002}},
		{{0xaa20, 0xf785}}, {{0x1a00, 0x07c2}}, {{0xf00b, 0x1300}}, {{0x10cc, 0x0b0f}},
		{{0x0323, 0x7b8f}}, {{0x1a00, 0x0003}}, {{0xf003, 0x7962}}, {{0xaa20, 0x2656}},
		{{0x381e, 0x7144}}, {{0xe50a, 0x71c5}}, {{0x0b9b, 0xb385}}, {{0x42c3, 0x0000}},
		{{0x8480, 0x40c3}}, {{0x8000, 0x5f2c}}, {{0x0f2a, 0xfe6f}}, {{0x702c, 0x14df}},
		{{0x3080, 0xc05f}}, {{0xf0a0, 0xc017}}, {{0x08e5, 0x0010}}, {{0xc00b, 0x0817}},
		{{0x00b1, 0x704c}}, {{0xc00a, 0x790f}}, {{0x0f26, 0xfeaf}}, {{0x14b4, 0x3000}},
		{{0xf066, 0x40c3}}, {{0x8000, 0x063b}}, {{0x88e1, 0x40c3}}, {{0x8000, 0x063b}},
		{{0x8802, 0x275f}}, {{0x1281, 0x1600}}, {{0x709b, 0x8000}}, {{0x066c, 0x1207}},
		{{0x361f, 0x1cd4}}, {{0x3000, 0x2400}}, {{0x3f80, 0x0000}}, {{0x0154, 0x6038}},
		{{0xf044, 0x0b85}}, {{0x33ee, 0x2f40}}, {{0x130b, 0xc110}}, {{0xe926, 0x244a}},
		{{0x7280, 0x264a}}, {{0x3000, 0x4508}}, {{0x20a8, 0x07c0}}, {{0xc112, 0xc20d}},
		{{0x2605, 0x32c3}}, {{0x8d80, 0x7034}}, {{0x2305, 0x07c3}}, {{0xc10a, 0x7a65}},
		{{0x46cb, 0x9002}}, {{0x0000, 0x7a5b}}, {{0x6199, 0x7ac5}}, {{0xb220, 0xf20a}},
		{{0xc10f, 0x8d40}}, {{0x7965, 0x793b}}, {{0x7e25, 0xc10a}}, {{0x623a, 0xb640}},
		{{0x2656, 0x381e}}, {{0x71a5, 0xf018}}, {{0xc112, 0x2305}}, {{0x17cb, 0x43c3}},
		{{0x9002, 0x1e00}}, {{0x7034, 0xc10d}}, {{0x2105, 0x02c1}}, {{0x7a3b, 0xc10a}},
		{{0x7a65, 0xb220}}, {{0xf208, 0xc10f}}, {{0x2105, 0x02c1}}, {{0x7a3b, 0xc10a}},
		{{0x7a65, 0xb220}}, {{0xe00a, 0x71e5}}, {{0x14d4, 0x3001}}, {{0x0977, 0x83e5}},
		{{0x702c, 0x40c3}}, {{0x0004, 0x93e0}}, {{0x09d2, 0x0240}}, {{0xc807, 0x781b}},
		{{0x2005, 0x0f80}}, {{0x9003, 0xe002}}, {{0x1800, 0x0005}}, {{0xc113, 0xc00a}},
		{{0xc20b, 0xc316}}, {{0x1ce0, 0x3000}}, {{0x2455, 0x3e00}}, {{0xc046, 0xc01b}},
		{{0x1c00, 0x3001}}, {{0xc045, 0xc014}}, {{0xc044, 0x2400}}, {{0x3f80, 0x0000}},
		{{0x0144, 0xc043}}, {{0x14b8, 0x3000}}, {{0xc042, 0x1446}}, {{0x3600, 0x780f}},
		{{0xc041, 0x40c3}}, {{0x8000, 0x5f2c}}, {{0x08f2, 0x0040}}, {{0xc10a, 0xc01f}},
		{{0x6119, 0xc14a}}, {{0xc10a, 0xc015}}, {{0x7110, 0x06be}}, {{0xffee, 0x228a}},
		{{0x0a14, 0x40c3}}, {{0x8000, 0x063b}}, {{0x8801, 0xc10a}}, {{0xc051, 0x1600}},
		{{0x7080, 0x8000}}, {{0x066c, 0xc711}}, {{0x1c4d, 0x3018}}, {{0xc011, 0x7a0a}},
		{{0x40c3, 0x8000}}, {{0x063b, 0x8802}}, {{0x1cc8, 0x3000}}, {{0xc01f, 0x4910}},
		{{0xc055, 0xc011}}, {{0x205f, 0x0280}}, {{0x1cc4, 0x3000}}, {{0x14ac, 0x3000}},
		{{0x6058, 0xc05c}}, {{0x14b0, 0x3000}}, {{0x6058, 0xc05d}}, {{0xc015, 0x780f}},
		{{0x1cd4, 0x3000}}, {{0xc01c, 0x1cbc}}, {{0x3000, 0xc01d}}, {{0x020f, 0x0020}},
		{{0x1cc0, 0x3000}}, {{0x144d, 0x3600}}, {{0x2011, 0x83c0}}, {{0xf2ed, 0x275a}},
		{{0x1280, 0xd940}}, {{0x14c4, 0x301b}}, {{0x70ef, 0x1c48}}, {{0x3018, 0xc01e}},
		{{0x2905, 0x0001}}, {{0x14bc, 0x3000}}, {{0x1ccc, 0x3000}}, {{0x14c0, 0x3000}},
		{{0x1c4e, 0x3058}}, {{0x1cd0, 0x3000}}, {{0x1448, 0x3600}}, {{0xc056, 0x232f}},
		{{0x16c7, 0x239f}}, {{0x140d, 0xc016}}, {{0x77ad, 0x706c}}, {{0x780f, 0x702c}},
		{{0x70cd, 0x704c}}, {{0x2300, 0x1f8b}}, {{0x8000, 0x61a8}}, {{0xc04a, 0xf016}},
		{{0x1301, 0x1481}}, {{0xeb0c, 0xe991}}, {{0x4ad1, 0x4c13}}, {{0x793b, 0x0919}},
		{{0x00e3, 0x706c}}, {{0x702c, 0x4608}}, {{0x4281, 0xf008}}, {{0xe904, 0x716c}},
		{{0x41a1, 0xf004}}, {{0x706c, 0x4100}}, {{0x14d8, 0x3000}}, {{0x44a9, 0x71a5}},
		{{0x7510, 0x4020}}, {{0xf7a6, 0x4ad1}}, {{0xeb0b, 0x1447}}, {{0x3603, 0x7c3b}},
		{{0x7b02, 0x0c0f}}, {{0x10c3, 0x1447}}, {{0x3602, 0x4160}}, {{0x4608, 0x144e}},
		{{0x3600, 0xdda5}}, {{0xbd05, 0x7a02}}, {{0x7110, 0x1448}}, {{0x3600, 0x26ca}},
		{{0x1089, 0x2400}}, {{0x3f82, 0x0000}}, {{0x0154, 0xc10c}}, {{0x6058, 0xc052}},
		{{0xc00e, 0x79ac}}, {{0x7dbb, 0x43e1}}, {{0x78ac, 0xdc84}}, {{0x239a, 0x0a14}},
		{{0x271a, 0x330c}}, {{0x6119, 0x248a}}, {{0x7001, 0x633b}}, {{0x6398, 0x14cc}},
		{{0x300d, 0x14d0}}, {{0x300c, 0x2000}}, {{0x0f80, 0x8000}}, {{0x0a5c, 0x264a}},
		{{0x3000, 0xb0c0}}, {{0x20a8, 0x0641}}, {{0xc20a, 0x144f}}, {{0x3600, 0x41c3}},
		{{0x8000, 0x61a8}}, {{0x229f, 0x040d}}, {{0x2e01, 0x3000}}, {{0x60d8, 0x780f}},
		{{0x621b, 0x6329}}, {{0xc317, 0xeb21}}, {{0xe926, 0x205f}}, {{0x00c0, 0x6058}},
		{{0x42c3, 0x8000}}, {{0x5f2c, 0x0947}}, {{0x0070, 0x604a}}, {{0x2000, 0x0f80}},
		{{0x8000, 0x5f2c}}, {{0x091d, 0x00f1}}, {{0x8861, 0x8822}}, {{0xc01f, 0x6058}},
		{{0x2302, 0x000b}}, {{0x14d4, 0x3000}}, {{0x7822, 0x7071}}, {{0xc015, 0xf611}},
		{{0xc01f, 0x4b10}}, {{0xf00c, 0xb981}}, {{0x7334, 0xd97f}}, {{0xf426, 0xd87f}},
		{{0x702c, 0xf011}}, {{0xd97f, 0x700c}}, {{0xf003, 0xc015}}, {{0x4140, 0x7b2d}},
		{{0x7a0d, 0x7a62}}, {{0x238a, 0x1fc1}}, {{0x7554, 0x21ca}}, {{0x02cb, 0x20ca}},
		{{0x002b, 0xc210}}, {{0xad20, 0xac00}}, {{0xea0b, 0x7a0f}}, {{0x0a13, 0x0044}},
		{{0xc212, 0x2232}}, {{0x07c2, 0x6058}}, {{0x6159, 0xac00}}, {{0xad20, 0x72a5}},
		{{0x7285, 0x2640}}, {{0x305e, 0xf004}}, {{0x700c, 0xf1ed}}, {{0x14cc, 0x3000}},
		{{0x71e7, 0x7167}}, {{0x2055, 0x0840}}, {{0x1ccc, 0x3000}}, {{0x14d0, 0x3000}},
		{{0x274c, 0xb280}}, {{0x2055, 0x0840}}, {{0x1cd0, 0x3000}}, {{0xc016, 0x7104}},
		{{0x065e, 0xffe5}}, {{0xc056, 0x14bc}}, {{0x3000, 0x71e5}}, {{0x2080, 0x0a14}},
		{{0x1cbc, 0x3000}}, {{0x14c0, 0x3000}}, {{0x2080, 0x0a14}}, {{0x1cc0, 0x3000}},
		{{0x14c4, 0x3000}}, {{0xe00a, 0x1cc4}}, {{0x3000, 0x14c8}}, {{0x3000, 0x7710}},
		{{0x05f4, 0xffce}}, {{0xf0b4, 0x1600}}, {{0x7081, 0x8000}}, {{0x066c, 0xc011}},
		{{0x2111, 0x8000}}, {{0xf29b, 0xc01c}}, {{0x706f, 0xc052}}, {{0xc01d, 0xc050}},
		{{0x234c, 0xb240}}, {{0xf286, 0xc014}}, {{0x2378, 0x3201}}, {{0x2078, 0x0000}},
		{{0x782b, 0xf480}}, {{0xc012, 0x248a}}, {{0x7001, 0x1440}}, {{0x300b, 0xc04a}},
		{{0x70ef, 0x70cd}}, {{0x70ed, 0x706c}}, {{0x700c, 0x264a}}, {{0x3000, 0x20a8}},
		{{0x0900, 0xc10a}}, {{0x1102, 0x0482}}, {{0xc14a, 0x1302}}, {{0x1481, 0x0929}},
		{{0x00a5, 0x264c}}, {{0xb000, 0x264a}}, {{0x3000, 0xf215}}, {{0x7aed, 0x79cd}},
		{{0x7d0d, 0x7c6d}}, {{0x7942, 0x4cb2}}, {{0x7230, 0x27ca}}, {{0x1009, 0x26ca}},
		{{0x10c9, 0xf009}}, {{0x264c, 0xb000}}, {{0x264a, 0x3040}}, {{0x43e3, 0x20ca}},
		{{0x07c1, 0x71e7}}, {{0x7aed, 0x79cd}}, {{0x7d0d, 0x7c6d}}, {{0x7942, 0x4cb2}},
		{{0x7230, 0x20ca}}, {{0x03cb, 0x23ca}}, {{0x038b, 0x790d}}, {{0x7a6d, 0x623f}},
		{{0x1600, 0x708b}}, {{0x8000, 0x0015}}, {{0x0b35, 0x10bf}}, {{0x2f44, 0x108f}},
		{{0x1600, 0x7080}}, {{0x8000, 0x0093}}, {{0xe812, 0xc00b}}, {{0xc311, 0x7a22}},
		{{0xc043, 0xc00e}}, {{0x41c3, 0x01b1}}, {{0x0006, 0x1c00}}, {{0x36c0, 0xc042}},
		{{0xc00c, 0xc041}}, {{0x0ca2, 0xfe6f}}, {{0x227f, 0x0140}}, {{0xc00a, 0xc111}},
		{{0xc50c, 0x446b}}, {{0x90c0, 0x2400}}, {{0x3f80, 0x0000}}, {{0x014c, 0x20f4}},
		{{0x0043, 0xd8a5}}, {{0xb805, 0x7d0c}}, {{0x7a1b, 0xc01e}}, {{0x219a, 0x0a14}},
		{{0x249a, 0x1102}}, {{0x7e0a, 0xc00e}}, {{0x63db, 0x784c}}, {{0x651d, 0xc00a}},
		{{0x61b9, 0x643c}}, {{0xb060, 0x2400}}, {{0x1f80, 0x8000}}, {{0x0a5e, 0xa8e0}},
		{{0xc012, 0x7167}}, {{0x234c, 0xb280}}, {{0x2055, 0x0840}}, {{0xc052, 0xc010}},
		{{0x2055, 0x0840}}, {{0x06dc, 0xffe5}}, {{0xc050, 0x40c3}}, {{0x8000, 0x063b}},
		{{0x8802, 0x1cc8}}, {{0x3000, 0xc01c}}, {{0x2080, 0x0a14}}, {{0xc05c, 0xc01d}},
		{{0x2080, 0x0a14}}, {{0xc05d, 0xc011}}, {{0x7104, 0xc051}}, {{0xc111, 0x14c8}},
		{{0x3000, 0x7110}}, {{0x0692, 0xffee}}, {{0xd8a5, 0xc10e}}, {{0xb806, 0x7124}},
		{{0xc14e, 0xc10f}}, {{0xc14a, 0xc10d}}, {{0xc150, 0x14ac}}, {{0x3001, 0x6119}},
		{{0x1cac, 0x3040}}, {{0x14b0, 0x3001}}, {{0x6119, 0x00ad}}, {{0xffef, 0x1cb0}},
		{{0x3040, 0xc013}}, {{0x7114, 0x01a8}}, {{0xffc1, 0x01af}}, {{0xffcf, 0x0942}},
		{{0x0020, 0xc10b}}, {{0xc10c, 0xd8a5}}, {{0xb805, 0x7124}}, {{0xc14c, 0x1498}},
		{{0x3001, 0x6119}}, {{0x1c98, 0x3040}}, {{0xc10c, 0x7234}}, {{0x1494, 0x3001}},
		{{0x6119, 0x06f0}}, {{0xffa5, 0x1c94}}, {{0x3040, 0xc01b}}, {{0x7014, 0x0b70}},
		{{0x0302, 0x2480}}, {{0x3f05, 0x1404}}, {{0x341b, 0xc6c6}}, {{0xc2e6, 0xc1a3}},
		{{0x4508, 0x208a}}, {{0x080c, 0x0cf6}}, {{0xff2f, 0x4628}}, {{0x0d63, 0x1275}},
		{{0x208a, 0x0144}}, {{0x085b, 0x036e}}, {{0x706c, 0x4768}}, {{0xbf8f, 0x70ad}},
		{{0xd907, 0xda18}}, {{0x40e1, 0xc542}}, {{0xc541, 0x08ce}}, {{0xff2f, 0xc540}},
		{{0x0cd6, 0xff2f}}, {{0xd8ff, 0x700c}}, {{0xd919, 0xda08}}, {{0xdb47, 0x1c08}},
		{{0x3101, 0xc641}}, {{0x08b2, 0xff2f}}, {{0xc540, 0x1200}}, {{0x3082, 0x700c}},
		{{0xd907, 0x706c}}, {{0xc542, 0xc641}}, {{0x089e, 0xff2f}}, {{0xc540, 0x1c08}},
		{{0x3101, 0xc641}}, {{0x6f13, 0xd919}}, {{0xda08, 0xdb41}}, {{0xf020, 0x706c}},
		{{0x4768, 0xbf8f}}, {{0x70ad, 0xd907}}, {{0xda28, 0x40e1}}, {{0xc542, 0xc541}},
		{{0x0876, 0xff2f}}, {{0xc540, 0x0c82}}, {{0xff2f, 0xd8ff}}, {{0x700c, 0xd907}},
		{{0xda08, 0x706c}}, {{0xc542, 0xc641}}, {{0x085e, 0xff2f}}, {{0xc540, 0x6f13}},
		{{0xd919, 0xda08}}, {{0xdb43, 0x1c08}}, {{0x3101, 0xc641}}, {{0x084a, 0xff2f}},
		{{0xc540, 0x700c}}, {{0xd907, 0x744c}}, {{0x706c, 0x1c08}}, {{0x3281, 0xc641}},
		{{0x0836, 0xff2f}}, {{0xc540, 0x0c2a}}, {{0xff2f, 0xd8ff}}, {{0x700c, 0xd907}},
		{{0x704c, 0x706c}}, {{0xc542, 0xc541}}, {{0x081e, 0xff2f}}, {{0xc540, 0x700c}},
		{{0xd907, 0x704c}}, {{0x706c, 0xc542}}, {{0xc541, 0x080e}}, {{0xff2f, 0xc540}},
		{{0x0ac2, 0xfe8f}}, {{0x7704, 0xc0a3}}, {{0xc6c6, 0x78e0}}, {{0xc0f1, 0x708d}},
		{{0x42c3, 0x9003}}, {{0xff6a, 0x43c3}}, {{0x9003, 0xe160}}, {{0xb280, 0xb380}},
		{{0xb381, 0x1e00}}, {{0x7304, 0x9004}}, {{0x0180, 0x1ac4}}, {{0x031c, 0x8006}},
		{{0x2359, 0x0b02}}, {{0x7234, 0x781b}}, {{0x7845, 0xb080}}, {{0x41c3, 0x900f}},
		{{0xe022, 0x1600}}, {{0x7100, 0x900e}}, {{0x0022, 0xf404}}, {{0xb8a4, 0xf005}},
		{{0x2046, 0x0500}}, {{0xb884, 0x0ae6}}, {{0x0120, 0xb100}}, {{0xca03, 0x7114}},
		{{0x0940, 0x02ce}}, {{0xc0d1, 0x7ee0}}, {{0xc2e6, 0x1cfc}}, {{0xb6c8, 0xc1a7}},
		{{0xc241, 0x4338}}, {{0x4708, 0xc00d}}, {{0xc101, 0x0cb2}}, {{0x0060, 0xc343}},
		{{0x1203, 0x3081}}, {{0xc045, 0x7134}}, {{0xd956, 0xf705}}, {{0xc807, 0x2045}},
		{{0x0501, 0xc001}}, {{0x71ad, 0x70cd}}, {{0xa726, 0xa7a2}}, {{0xa7c1, 0x082b}},
		{{0x00f0, 0xa7c0}}, {{0xc001, 0x082f}}, {{0x0050, 0xc001}}, {{0x0839, 0x0090}},
		{{0xc001, 0xe8a0}}, {{0xc003, 0x204b}}, {{0x8140, 0xf225}}, {{0x1f10, 0x1481}},
		{{0x1f0c, 0x1401}}, {{0xf02d, 0xc003}}, {{0x204b, 0x8140}}, {{0xf220, 0xd828}},
		{{0xf026, 0xc003}}, {{0x204b, 0x8140}}, {{0xf21c, 0x1f10}}, {{0x1401, 0x1f0c}},
		{{0x1481, 0xf01f}}, {{0xc003, 0x204b}}, {{0x8140, 0xf219}}, {{0xd826, 0xf018}},
		{{0xc201, 0x41c3}}, {{0x01a8, 0x0001}}, {{0x09ae, 0xfe6f}}, {{0x700c, 0x8726}},
		{{0xf00f, 0x1f10}}, {{0x14c1, 0x1f0c}}, {{0x1441, 0xf00b}}, {{0xd829, 0xf008}},
		{{0x1f10, 0x1441}}, {{0x1f0c, 0x14c1}}, {{0xf003, 0xd827}}, {{0xa703, 0x783b}},
		{{0x41c3, 0x9003}}, {{0xe000, 0xda40}}, {{0x7825, 0x1e00}}, {{0x7084, 0x9004}},
		{{0x00f2, 0xb0a0}}, {{0x19a7, 0x039c}}, {{0x1600, 0x7080}}, {{0x8000, 0x0008}},
		{{0x0b3b, 0x3275}}, {{0xc042, 0x46cb}}, {{0x0000, 0x5a3c}}, {{0x2024, 0x06c0}},
		{{0x0063, 0x0000}}, {{0x0021, 0x0000}}, {{0x0033, 0x0000}}, {{0x0037, 0x0000}},
		{{0x003b, 0x0000}}, {{0x003f, 0x0000}}, {{0x0043, 0x0000}}, {{0x020d, 0x0000}},
		{{0x0043, 0x0000}}, {{0xdeff, 0xbe08}}, {{0xf01c, 0x700c}}, {{0x41c3, 0x01a4}},
		{{0x0001, 0x0926}}, {{0xfe6f, 0x4263}}, {{0xf014, 0x46cb}}, {{0x0000, 0xa536}},
		{{0xf011, 0x46cb}}, {{0x0000, 0xaaaa}}, {{0xf00c, 0x46cb}}, {{0x0000, 0xa536}},
		{{0xf008, 0x46cb}}, {{0x0000, 0xb2b2}}, {{0xf004, 0x46cb}}, {{0x0000, 0x8241}},
		{{0x70ad, 0xc005}}, {{0x7014, 0x700c}}, {{0xc044, 0xf20d}}, {{0x1600, 0x7080}},
		{{0x8000, 0x0099}}, {{0x218a, 0x0abe}}, {{0x7014, 0x20ca}}, {{0x0041, 0x780f}},
		{{0xc044, 0x2342}}, {{0x30c0, 0xc046}}, {{0x7514, 0xc002}}, {{0x2078, 0x0100}},
		{{0x00c4, 0x0026}}, {{0xc042, 0xc203}}, {{0xc304, 0x78cf}}, {{0xc240, 0xc204}},
		{{0x0e7e, 0x0320}}, {{0x2e41, 0x1201}}, {{0xc002, 0xb807}}, {{0xc042, 0x40c3}},
		{{0x0000, 0xffff}}, {{0x4100, 0x4200}}, {{0x1e00, 0x7005}}, {{0x900f, 0xe0ca}},
		{{0x08d2, 0x0160}}, {{0x4300, 0xd80f}}, {{0x41c1, 0x42c1}}, {{0x43c1, 0x0862}},
		{{0x0160, 0xc640}}, {{0xc005, 0xe82d}}, {{0x0b83, 0x3010}}, {{0xc00e, 0x41c3}},
		{{0x01a5, 0x0000}}, {{0x2079, 0x0000}}, {{0x086e, 0xfe6f}}, {{0x78a5, 0x40c3}},
		{{0x900f, 0xe0ca}}, {{0x254a, 0x1000}}, {{0x1858, 0x8405}}, {{0xc004, 0x772c}},
		{{0x2011, 0x8340}}, {{0x40c1, 0x20c7}}, {{0x0042, 0x7910}}, {{0x78af, 0x4220}},
		{{0x4320, 0x081e}}, {{0x0160, 0xc140}}, {{0x71a5, 0x0de5}}, {{0x9214, 0xd808}},
		{{0x41c1, 0x42c1}}, {{0x43c1, 0x080a}}, {{0x0160, 0xc640}}, {{0xf006, 0x40c3}},
		{{0x900f, 0xe0ca}}, {{0x1858, 0x8405}}, {{0xc006, 0x7514}}, {{0xc002, 0x7404}},
		{{0xc042, 0xf753}}, {{0x40c3, 0x900f}}, {{0xe1ae, 0x1800}}, {{0x0005, 0x18fe}},
		{{0x8005, 0xf015}}, {{0x0b43, 0xb050}}, {{0xf1a8, 0x40c3}}, {{0x900f, 0xe0ca}},
		{{0x1858, 0x8585}}, {{0xf003, 0x0be1}}, {{0xb050, 0x218a}}, {{0x0004, 0x40c3}},
		{{0x900f, 0xe1ae}}, {{0xb020, 0x18fe}}, {{0x8044, 0x41c3}}, {{0x900f, 0xe0c0}},
		{{0x0b0f, 0x3010}}, {{0xc002, 0x2045}}, {{0x0140, 0xb100}}, {{0xf008, 0xc002}},
		{{0xb883, 0xb100}}, {{0x1e00, 0x7005}}, {{0x900f, 0xe0ca}}, {{0xc103, 0x0c22}},
		{{0xffef, 0x4063}}, {{0x716c, 0x42c3}}, {{0x9003, 0xe166}}, {{0xb260, 0xb261}},
		{{0x1600, 0x7081}}, {{0x8000, 0x0008}}, {{0x44cb, 0x8000}}, {{0x063c, 0x2178}},
		{{0x0101, 0xb902}}, {{0xe130, 0x1afa}}, {{0x8044, 0xa705}}, {{0x1afc, 0x80c4}},
		{{0x8c61, 0x8c20}}, {{0x0b4d, 0x0044}}, {{0x40c3, 0x8000}}, {{0x066c, 0xc40c}},
		{{0x88a0, 0xc601}}, {{0x0d37, 0x106e}}, {{0x2714, 0x1042}}, {{0xc001, 0x0815}},
		{{0x0070, 0xd80a}}, {{0xc001, 0xe889}}, {{0x1a1c, 0x0285}}, {{0x750c, 0xf008}},
		{{0x1a1c, 0x0145}}, {{0xf004, 0xd80f}}, {{0x1a1c, 0x0005}}, {{0x0e0f, 0x1095}},
		{{0x24f4, 0x104b}}, {{0x0b07, 0x11de}}, {{0xb20e, 0x7170}}, {{0x7124, 0xf7a4}},
		{{0xc0a7, 0x1404}}, {{0x341b, 0xc6c6}}, {{0xd897, 0xb89f}}, {{0x88c1, 0x8800}},
		{{0x70ad, 0xbe08}}, {{0x7e05, 0xf117}}, {{0xc2e6, 0x1cfc}}, {{0xb6c8, 0x2482}},
		{{0x3802, 0xc241}}, {{0x4528, 0xc04f}}, {{0x702c, 0xc094}}, {{0xda50, 0x4378}},
		{{0xc152, 0x0ce2}}, {{0xfe2f, 0xc151}}, {{0x14c4, 0x3000}}, {{0x6d4b, 0x2079}},
		{{0x0000, 0xe008}}, {{0xc044, 0x14cc}}, {{0x3000, 0x09ce}}, {{0xff6f, 0xc040}},
		{{0x0a37, 0x0175}}, {{0xc045, 0x099a}}, {{0x0040, 0x70ad}}, {{0xe818, 0x40c3}},
		{{0x8000, 0x063c}}, {{0x8821, 0x8840}}, {{0x71ad, 0x2208}}, {{0x8043, 0xf610}},
		{{0xc000, 0x224e}}, {{0x0041, 0x6179}}, {{0x7854, 0xe01c}}, {{0x7a3b, 0x0c96}},
		{{0xfe2f, 0x702c}}, {{0xf004, 0x71b5}}, {{0x70ad, 0xf3e7}}, {{0xc000, 0x1600}},
		{{0x7081, 0x8000}}, {{0x001d, 0x8004}}, {{0xc046, 0xc000}}, {{0x8003, 0xc04c}},
		{{0xc000, 0x8002}}, {{0xc049, 0xc001}}, {{0x7314, 0xc004}}, {{0x20ca, 0x02a1}},
		{{0xc044, 0x700c}}, {{0xc04b, 0x20ca}}, {{0x0261, 0xc04b}}, {{0x700c, 0x0917}},
		{{0x003f, 0xc047}}, {{0xc001, 0x207c}}, {{0x0080, 0x2005}}, {{0x837e, 0xf40a}},
		{{0xf037, 0xc001}}, {{0x2552, 0x1001}}, {{0x2079, 0x0040}}, {{0x782b, 0xf431}},
		{{0x41c3, 0x8000}}, {{0x063c, 0x8960}}, {{0xc807, 0x42c3}}, {{0x8000, 0x066c}},
		{{0x235f, 0x050c}}, {{0xc706, 0x8a40}}, {{0x89c1, 0xc594}}, {{0x7f05, 0x659d}},
		{{0xf01b, 0x0a33}}, {{0x00ee, 0x2b40}}, {{0x0300, 0x2705}}, {{0x100b, 0xc004}},
		{{0x702c, 0x240a}}, {{0x7000, 0x40a1}}, {{0x20a8, 0x0340}}, {{0x2305, 0x104c}},
		{{0x7c9b, 0xbc91}}, {{0xbc9c, 0xbc9f}}, {{0x9480, 0x2156}}, {{0x0801, 0x1802}},
		{{0x0314, 0xe514}}, {{0x7164, 0x0ecf}}, {{0x90e5, 0x710c}}, {{0xc047, 0x14c8}},
		{{0x3000, 0xc101}}, {{0x1600, 0x708b}}, {{0x8000, 0x066c}}, {{0xc050, 0x14c0}},
		{{0x3000, 0xb980}}, {{0xc142, 0xc043}}, {{0x14bc, 0x3000}}, {{0xc101, 0x1600}},
		{{0x708c, 0x8000}}, {{0x063c, 0xc04e}}, {{0x14b8, 0x3000}}, {{0x7334, 0x41c3}},
		{{0x8000, 0x063c}}, {{0xc04d, 0xc000}}, {{0x8941, 0xdb0f}}, {{0xbb08, 0x8001}},
		{{0x23ca, 0x0021}}, {{0x45cb, 0x9002}}, {{0x0000, 0xc04a}}, {{0xc807, 0xf01c}},
		{{0x0b33, 0x132e}}, {{0x2c40, 0x130f}}, {{0xc103, 0x7f65}}, {{0x7f05, 0x21f4}},
		{{0x030e, 0xc107}}, {{0x7034, 0xc10c}}, {{0x79e5, 0x793b}}, {{0x79a5, 0xb1c0}},
		{{0xf209, 0xc103}}, {{0x21f4, 0x030e}}, {{0xc106, 0x79e5}}, {{0x793b, 0x79a5}},
		{{0xb1c0, 0x7185}}, {{0x0acd, 0x8325}}, {{0xc193, 0xc00a}}, {{0x7014, 0xc000}},
		{{0xc048, 0x20ca}}, {{0x0041, 0x08f6}}, {{0x02e0, 0xc048}}, {{0x0b4f, 0x3135}},
		{{0x712c, 0xc005}}, {{0xdafe, 0x7844}}, {{0x0843, 0x0091}}, {{0xc807, 0x781b}},
		{{0x2005, 0x0f80}}, {{0x9003, 0xe012}}, {{0x0b0b, 0x30b5}}, {{0x704c, 0xb040}},
		{{0xf002, 0xb020}}, {{0xc005, 0x0827}}, {{0x00f1, 0x700c}}, {{0x712c, 0x42c3}},
		{{0x9004, 0x0180}}, {{0xb98e, 0x1a00}}, {{0x0205, 0x0b0f}}, {{0x30b5, 0xb202}},
		{{0x700c, 0xb201}}, {{0xf003, 0x1a02}}, {{0x0205, 0x40c3}}, {{0x8000, 0x063c}},
		{{0x1001, 0x0083}}, {{0x1600, 0x708c}}, {{0x8000, 0x063c}}, {{0x0b2f, 0x0304}},
		{{0xc000, 0x2c40}}, {{0x1342, 0x2205}}, {{0x0f82, 0x9002}}, {{0x1f6a, 0x7894}},
		{{0x900e, 0xc591}}, {{0x7470, 0xb80a}}, {{0x7825, 0xb200}}, {{0xc003, 0x7d94}},
		{{0x20f4, 0x0302}}, {{0x7185, 0xb540}}, {{0xf7ac, 0x0806}}, {{0xff2f, 0xd8c8}},
		{{0xc000, 0x080e}}, {{0xff2f, 0x900a}}, {{0xd980, 0xc002}}, {{0xc142, 0xc101}},
		{{0x7314, 0xd8d4}}, {{0xb9a0, 0xc143}}, {{0xc102, 0x706f}}, {{0x21ca, 0x0001}},
		{{0xc142, 0xf0d8}}, {{0xc00d, 0x09b6}}, {{0xfeef, 0x712c}}, {{0xc00a, 0x1600}},
		{{0x708e, 0x8000}}, {{0x063c, 0x230a}}, {{0x16c0, 0x7014}}, {{0x23ca, 0x1021}},
		{{0xf0b8, 0x1600}}, {{0x7080, 0x8000}}, {{0x066c, 0x2011}}, {{0x8380, 0xf2b1}},
		{{0xc001, 0x0867}}, {{0x00b5, 0xc191}}, {{0x79d4, 0x9140}}, {{0xc009, 0xdc7f}},
		{{0x7c44, 0xc309}}, {{0x6098, 0xe0ff}}, {{0xc00e, 0x23d5}}, {{0x082d, 0x7014}},
		{{0x6358, 0xb100}}, {{0xf22b, 0x0857}}, {{0x01be, 0x2054}}, {{0x0802, 0xc300}},
		{{0x2e40, 0x134c}}, {{0x7bd4, 0xb140}}, {{0x2405, 0x1f80}}, {{0x9002, 0x016a}},
		{{0x9040, 0x930e}}, {{0x2405, 0x1f81}}, {{0x9002, 0x1f6a}}, {{0x2204, 0x0f82}},
		{{0x0000, 0xc3ff}}, {{0x7812, 0xb30e}}, {{0xb80a, 0x2004}}, {{0x0f80, 0x0000}},
		{{0x3c00, 0x7845}}, {{0xf00a, 0xc003}}, {{0x0813, 0x00b1}}, {{0xc191, 0x21f4}},
		{{0x0382, 0xc009}}, {{0x79d4, 0x6058}}, {{0xb100, 0xc807}}, {{0x2e40, 0x130f}},
		{{0xc107, 0x2005}}, {{0x03c3, 0xc00c}}, {{0x2454, 0x389e}}, {{0x7034, 0x7865}},
		{{0x26f4, 0x3381}}, {{0x42c3, 0x9002}}, {{0x1e00, 0x781b}}, {{0x7845, 0xb020}},
		{{0xf208, 0xc006}}, {{0x26f4, 0x3381}}, {{0x7865, 0x781b}}, {{0x7845, 0xb020}},
		{{0x265e, 0x129f}}, {{0xc50b, 0xf050}}, {{0xc110, 0xe90b}}, {{0x0813, 0x0235}},
		{{0x4300, 0x2016}}, {{0x0381, 0x2132}}, {{0x0f83, 0x8000}}, {{0x0744, 0xc101}},
		{{0x73e3, 0xb808}}, {{0x7334, 0x702c}}, {{0xb98b, 0x239f}}, {{0x040d, 0x20ca}},
		{{0x0041, 0xc10f}}, {{0x78e5, 0x781b}}, {{0x633b, 0x2300}}, {{0x02cc, 0x2480}},
		{{0x1f09, 0x8c20}}, {{0x2005, 0x0f80}}, {{0x9002, 0x016e}}, {{0x090b, 0x0071}},
		{{0x9000, 0xe89f}}, {{0xf027, 0xe819}}, {{0x094b, 0x00f1}}, {{0x2314, 0x12c1}},
		{{0xc008, 0x633b}}, {{0x8b40, 0x8000}}, {{0x1301, 0x009e}}, {{0x8b22, 0x220e}},
		{{0x0782, 0x7822}}, {{0x0a0d, 0x0005}}, {{0xc008, 0xab20}}, {{0x8000, 0xab01}},
		{{0x1c00, 0x1083}}, {{0xf00f, 0x214f}}, {{0x0040, 0x081b}}, {{0x0091, 0xc008}},
		{{0x8040, 0x2314}}, {{0x12c0, 0x6078}}, {{0x6038, 0xa840}}, {{0x8c00, 0x7104}},
		{{0xac00, 0x71a5}}, {{0xc104, 0x78b0}}, {{0x0861, 0x8064}}, {{0x4300, 0x71c5}},
		{{0x40c3, 0x8000}}, {{0x063c, 0x8801}}, {{0x7610, 0x068a}}, {{0xffee, 0x208a}},
		{{0x0fcf, 0x41c3}}, {{0x9003, 0xe176}}, {{0xb100, 0x700c}}, {{0x7167, 0xb100}},
		{{0xc002, 0x230c}}, {{0xb000, 0x0650}}, {{0xffe5, 0x1c4c}}, {{0x36c0, 0xc007}},
		{{0xe831, 0x1600}}, {{0x708c, 0x8000}}, {{0x063c, 0x41c3}}, {{0x8000, 0x063c}},
		{{0xc807, 0x245f}}, {{0x1503, 0x89a1}}, {{0xc106, 0x1600}}, {{0x709e, 0x8000}},
		{{0x066c, 0xc294}}, {{0x7905, 0x627a}}, {{0xf01b, 0x0e33}}, {{0x332e, 0x2c40}},
		{{0x1303, 0xc004}}, {{0x7b25, 0x240a}}, {{0x7000, 0x706d}}, {{0x270a, 0x3080}},
		{{0x20a8, 0x0340}}, {{0x2305, 0x02c0}}, {{0x781b, 0x1702}}, {{0x350e, 0xb891}},
		{{0xb89c, 0x2356}}, {{0x180b, 0xb89f}}, {{0xb0c0, 0xe214}}, {{0x7185, 0x0dcf}},
		{{0x9305, 0xc005}}, {{0x081d, 0x0090}}, {{0xc005, 0x0829}}, {{0x00d1, 0xc807}},
		{{0x781b, 0x2005}}, {{0x0f80, 0x9003}}, {{0xe012, 0x1800}}, {{0x0105, 0xf00a}},
		{{0xc807, 0x781b}}, {{0x2005, 0x0f80}}, {{0x9003, 0xe012}}, {{0x1800, 0x0085}},
		{{0x2480, 0x3802}}, {{0x1404, 0x341b}}, {{0xc6c6, 0x78e0}}, {{0xc2e4, 0x45cb}},
		{{0x9004, 0x0050}}, {{0x700c, 0x702c}}, {{0x0a66, 0xfe6f}}, {{0x1d00, 0x1085}},
		{{0x1600, 0x7080}}, {{0x8000, 0x0550}}, {{0x70cd, 0x704c}}, {{0xe808, 0x1600}},
		{{0x7080, 0x8000}}, {{0x0001, 0x714c}}, {{0xb823, 0x7a06}}, {{0xd808, 0x0b96}},
		{{0xfeef, 0x702c}}, {{0x1600, 0x7080}}, {{0x8000, 0x0550}}, {{0xe808, 0x1600}},
		{{0x7080, 0x8000}}, {{0x0001, 0x71cd}}, {{0xb823, 0x7e06}}, {{0x700c, 0xd940}},
		{{0x0b72, 0xfeef}}, {{0x42c1, 0x700c}}, {{0x0ed2, 0xfeaf}}, {{0x712c, 0x1d00}},
		{{0x1045, 0xc6c4}}, {{0xc3e1, 0xc2e1}}, {{0xc1e1, 0xc0e1}}, {{0xc0f1, 0xc1a1}},
		{{0x1600, 0x7082}}, {{0x8000, 0x0012}}, {{0x4320, 0xc184}}, {{0x080f, 0x00a4}},
		{{0xc140, 0xc100}}, {{0x0b7a, 0x0360}}, {{0x4060, 0x7487}}, {{0xc0d1, 0x7fe0}},
		{{0xc0a4, 0x78e0}}, {{0x8820, 0x8841}}, {{0x6917, 0x7fe0}}, {{0x6058, 0x78e0}},
		{{0x8820, 0x8841}}, {{0x6916, 0x7fe0}}, {{0x6058, 0x78e0}}, {{0xc0e4, 0x215f}},
		{{0x0483, 0x41c3}}, {{0x8000, 0x0550}}, {{0x69c4, 0x708d}}, {{0x6179, 0x8942}},
		{{0x89a3, 0x63db}}, {{0x2204, 0x0001}}, {{0xf00a, 0x8b40}}, {{0x7a0b, 0xf206}},
		{{0x8b41, 0x792f}}, {{0x210f, 0x0081}}, {{0x7264, 0x7185}}, {{0x0cef, 0x9344}},
		{{0x782f, 0xc4c4}}, {{0xc2e6, 0x1cfc}}, {{0xb6c8, 0xc1a3}}, {{0x70ad, 0x41a1}},
		{{0xc042, 0x740c}}, {{0x0f72, 0xffef}}, {{0xb999, 0x47cb}}, {{0x8000, 0x0674}},
		{{0x0a7e, 0x0120}}, {{0x40e1, 0xd90b}}, {{0x0b9e, 0x02e0}}, {{0x40e1, 0xd916}},
		{{0x0b96, 0x02e0}}, {{0x200a, 0x03c0}}, {{0x706d, 0xd868}}, {{0x235f, 0x1d01}},
		{{0x78ac, 0x6038}}, {{0x089e, 0x02e0}}, {{0x60f8, 0x7175}}, {{0x716d, 0xf5f7}},
		{{0x71a5, 0x0de9}}, {{0x9094, 0x40c3}}, {{0x8000, 0x066a}}, {{0x1e00, 0x73c0}},
		{{0x8000, 0x0670}}, {{0x1800, 0x0003}}, {{0x1e00, 0x7005}}, {{0x8000, 0x063a}},
		{{0x0c4a, 0x00c0}}, {{0x0c52, 0x00e0}}, {{0x4508, 0x4100}}, {{0x0c46, 0x02e0}},
		{{0x40a1, 0x266f}}, {{0x10c3, 0x8e20}}, {{0x8e58, 0x40c3}}, {{0x001e, 0x8480}},
		{{0x43c3, 0x7735}}, {{0x9400, 0x4508}}, {{0x2144, 0x8081}}, {{0x25ca, 0x10c1}},
		{{0xea08, 0x41c3}}, {{0x0201, 0x0000}}, {{0x0ede, 0xffef}}, {{0xd80a, 0xf01c}},
		{{0x7034, 0x41c3}}, {{0x0beb, 0xc200}}, {{0x20ca, 0x0041}}, {{0x0a1e, 0x01e0}},
		{{0x702c, 0x1600}}, {{0x7080, 0x8000}}, {{0x000d, 0x080d}}, {{0x00be, 0xd840}},
		{{0x09da, 0x0340}}, {{0x702c, 0x1e00}}, {{0x70c5, 0x9004}}, {{0x00c0, 0x09fe}},
		{{0x01e0, 0x40a1}}, {{0x1600, 0x7080}}, {{0x8000, 0x000d}}, {{0x080d, 0x001e}},
		{{0x1e00, 0x7045}}, {{0x9004, 0x00c0}}, {{0x45cb, 0x8000}}, {{0x0550, 0x8d00}},
		{{0xe811, 0x8e00}}, {{0x081f, 0x00df}}, {{0x0a42, 0x0040}}, {{0x700c, 0x0882}},
		{{0xfe6f, 0xd9ff}}, {{0x8d00, 0xe810}}, {{0x8e00, 0x714c}}, {{0xb823, 0x7a06}},
		{{0xf00b, 0x082a}}, {{0xff0f, 0x40c3}}, {{0x001e, 0x8480}}, {{0x09ae, 0x01e0}},
		{{0x702c, 0xf062}}, {{0x704c, 0x700c}}, {{0x09aa, 0xfeef}}, {{0xd908, 0x8d01}},
		{{0x081d, 0x0094}}, {{0x8d00, 0xe807}}, {{0x8e00, 0x714c}}, {{0xb823, 0x7a06}},
		{{0xf002, 0x704c}}, {{0x700c, 0x098e}}, {{0xfeef, 0x702c}}, {{0x8d00, 0x706f}},
		{{0x704c, 0xe806}}, {{0x8e00, 0x714c}}, {{0xb823, 0x7a06}}, {{0x700c, 0x0976}},
		{{0xfeef, 0xd90a}}, {{0x8d00, 0xe807}}, {{0x8e00, 0x716f}}, {{0xb823, 0x2306}},
		{{0x301b, 0xd808}}, {{0x702c, 0x095e}}, {{0xfeef, 0x4263}}, {{0x8d00, 0xe807}},
		{{0x8e00, 0x714c}}, {{0xb823, 0x7a06}}, {{0xf002, 0x704c}}, {{0x700c, 0x0946}},
		{{0xfeef, 0xd996}}, {{0x1600, 0x7080}}, {{0x8000, 0x013e}}, {{0x0839, 0x003e}},
		{{0xd825, 0xb89f}}, {{0x88a0, 0x1033}}, {{0x008e, 0x0e56}}, {{0x0020, 0x730c}},
		{{0x6d52, 0x1600}}, {{0x7081, 0x8000}}, {{0x0677, 0x7ac5}}, {{0x2505, 0x1380}},
		{{0x7845, 0x7a0f}}, {{0x0a0e, 0xfeef}}, {{0x730c, 0x700c}}, {{0x762c, 0x0906}},
		{{0xfeef, 0x714c}}, {{0x0dd6, 0x02c0}}, {{0x700c, 0x0c62}}, {{0xfeaf, 0x712c}},
		{{0x0fae, 0x0040}}, {{0xc002, 0x0881}}, {{0x0031, 0x70ad}}, {{0xdeff, 0x702c}},
		{{0x42c3, 0xffbf}}, {{0xf7f7, 0x776c}}, {{0x40e1, 0xc541}}, {{0x0a22, 0x03a0}},
		{{0xc640, 0x774c}}, {{0x712c, 0x4340}}, {{0x40e1, 0xc541}}, {{0x0a12, 0x03a0}},
		{{0xc640, 0xd90b}}, {{0x09ea, 0x02a0}}, {{0x40e1, 0xd916}}, {{0x09e2, 0x02a0}},
		{{0x40e1, 0x1209}}, {{0x309e, 0xf01d}}, {{0x2532, 0x1f80}}, {{0x8000, 0x046c}},
		{{0x60f8, 0x706c}}, {{0xdc68, 0x215a}}, {{0x0d02, 0x7c6a}}, {{0x7e7b, 0x7eb5}},
		{{0x629a, 0x604a}}, {{0x663c, 0x7174}}, {{0x716c, 0x2400}}, {{0x1f8c, 0x8000}},
		{{0x063a, 0xac48}}, {{0xf5f0, 0x7124}}, {{0x09db, 0x8094}}, {{0x71a5, 0x0dcd}},
		{{0x97a4, 0x702c}}, {{0x08e6, 0xff0f}}, {{0xd837, 0xb89f}}, {{0x8820, 0x2040}},
		{{0x0502, 0x8802}}, {{0x1a01, 0x0052}}, {{0x4abe, 0xaa01}}, {{0x12f7, 0x808d}},
		{{0x12f9, 0x8080}}, {{0x8980, 0x2140}}, {{0x0503, 0xaaa0}}, {{0xaa02, 0x1b01}},
		{{0x0312, 0x8922}}, {{0x13f7, 0x8082}}, {{0x13f9, 0x8080}}, {{0xab21, 0xab40}},
		{{0xab02, 0xc0a3}}, {{0x1404, 0x341b}}, {{0xc6c6, 0x78e0}}, {{0xc0e4, 0x40c3}},
		{{0x8000, 0x063c}}, {{0x41c3, 0x8000}}, {{0x042c, 0x8881}}, {{0x88c0, 0x8960}},
		{{0x70ad, 0x702c}}, {{0x700c, 0xf00e}}, {{0x0809, 0x0384}}, {{0x0c0f, 0x1005}},
		{{0x2105, 0x0f82}}, {{0x9002, 0x1f6a}}, {{0xb2a0, 0x2196}}, {{0x0010, 0x7104}},
		{{0x08e9, 0x80c4}}, {{0xc4c4, 0x78e0}}, {{0xc2e6, 0xc1a3}}, {{0x46cb, 0x8000}},
		{{0x0674, 0x4508}}, {{0xd916, 0x08c2}}, {{0x02e0, 0x40c1}}, {{0xd90d, 0x08ba}},
		{{0x02e0, 0x40c1}}, {{0xd90d, 0xda48}}, {{0x08d2, 0x01a0}}, {{0x40c1, 0xd90d}},
		{{0xda7f, 0x0e02}}, {{0xfeef, 0x40c1}}, {{0x710c, 0x78b8}}, {{0xb802, 0x0ede}},
		{{0x00e0, 0x200f}}, {{0x034f, 0xd916}}, {{0xe80b, 0xda08}}, {{0x08ae, 0x01a0}},
		{{0x40c1, 0xd916}}, {{0xdaef, 0x0dde}}, {{0xfeef, 0x40c1}}, {{0xf00a, 0xdaf7}},
		{{0x0dd2, 0xfeef}}, {{0x40c1, 0xd916}}, {{0xda10, 0x0892}}, {{0x01a0, 0x40c1}},
		{{0xd916, 0xda20}}, {{0x0886, 0x01a0}}, {{0x40c1, 0x40c3}}, {{0x8000, 0x063a}},
		{{0x8820, 0x255f}}, {{0x1d00, 0x704c}}, {{0x219f, 0x0a01}}, {{0x43c3, 0xffbf}},
		{{0xdfff, 0x1c08}}, {{0x3001, 0x1c04}}, {{0x3001, 0x6119}}, {{0x61d9, 0x78ef}},
		{{0x0ea2, 0x0360}}, {{0x1c00, 0x3fc1}}, {{0xd90d, 0x0876}}, {{0x02a0, 0x40c1}},
		{{0xd916, 0x086e}}, {{0x02a0, 0x40c1}}, {{0xc0a3, 0xc6c6}}, {{0xc0e4, 0xc502}},
		{{0x4468, 0x7b0f}}, {{0x20ad, 0x0a03}}, {{0xde3f, 0x7b22}}, {{0x080b, 0x00a5}},
		{{0xadc0, 0x4851}}, {{0xf008, 0x0c0b}}, {{0x1025, 0x4891}}, {{0xf004, 0x7871}},
		{{0x702c, 0xad00}}, {{0x7b6c, 0x211a}}, {{0x0042, 0xcc11}}, {{0x1210, 0x370c}},
		{{0x7b0c, 0x7a8c}}, {{0x6278, 0xc4c4}}, {{0xda9a, 0xba9f}}, {{0x8a60, 0x4408}},
		{{0x710c, 0xbbe0}}, {{0x7de0, 0xbbe1}}, {{0x700c, 0x7de0}}, {{0x129a, 0x80c2}},
		{{0xb9a0, 0x0913}}, {{0x00b1, 0x2479}}, {{0x1000, 0x227a}}, {{0x0001, 0x7fe0}},
		{{0x7824, 0x2284}}, {{0x0001, 0xba26}}, {{0x7fe0, 0x7844}}, {{0x216f, 0x06c3}},
		{{0x1107, 0x0480}}, {{0xb8e6, 0x700c}}, {{0x7ce0, 0x9100}}, {{0x7fe0, 0x206d}},
		{{0x00c0, 0x78e0}}, {{0xc2e6, 0xc1a3}}, {{0x4728, 0x4508}}, {{0x700c, 0x0d52}},
		{{0xfe2f, 0x702c}}, {{0x70cd, 0xed1e}}, {{0x0b96, 0x02c0}}, {{0x700c, 0xd925}},
		{{0x704c, 0xdb51}}, {{0xc642, 0xc741}}, {{0x0a6e, 0xfeaf}}, {{0xc640, 0x700c}},
		{{0xd926, 0x704c}}, {{0xdb51, 0xc642}}, {{0xc641, 0x0a5e}}, {{0xfeaf, 0xc640}},
		{{0x700c, 0xd910}}, {{0x0e6e, 0xfeaf}}, {{0x714c, 0x0b42}}, {{0x02c0, 0xf00c}},
		{{0xbfc1, 0xd880}}, {{0xd919, 0x744c}}, {{0xdb51, 0xc642}}, {{0xc741, 0x0a3a}},
		{{0xfeaf, 0xc640}}, {{0x700c, 0x09b6}}, {{0xfeaf, 0x712c}}, {{0xed87, 0x40c3}},
		{{0x0000, 0x7530}}, {{0x0e36, 0x01a0}}, {{0xd91e, 0xc0a3}}, {{0xc6c6, 0x78e0}},
		{{0xc2e6, 0xc1a3}}, {{0x4728, 0x4508}}, {{0x700c, 0x0cd6}}, {{0xfe2f, 0xd9ff}},
		{{0x700c, 0xd907}}, {{0x744c, 0x706c}}, {{0x4608, 0xc042}}, {{0xc041, 0x09fa}},
		{{0xfeaf, 0xc040}}, {{0x706c, 0x4060}}, {{0xb890, 0x732c}}, {{0x42a1, 0xc642}},
		{{0xc741, 0x09e6}}, {{0xfeaf, 0xc640}}, {{0xd880, 0xd907}}, {{0x744c, 0x706c}},
		{{0xc642, 0xc641}}, {{0x09d2, 0xfeaf}}, {{0xc640, 0x700c}}, {{0x094e, 0xfeaf}},
		{{0x712c, 0xc0a3}}, {{0xc6c6, 0x78e0}}, {{0xc2e6, 0x1cfc}}, {{0xb6c8, 0xc1a4}},
		{{0xc143, 0x1600}}, {{0x7001, 0x8000}}, {{0x0670, 0x4708}}, {{0xb8c1, 0x1600}},
		{{0x708e, 0x8000}}, {{0x0034, 0x2078}}, {{0x008d, 0x704c}}, {{0x706c, 0x0f16}},
		{{0x0120, 0x40a1}}, {{0x43db, 0x9003}}, {{0xe014, 0x0fc2}}, {{0x0260, 0x1b00}},
		{{0x3005, 0x700c}}, {{0x0c4a, 0xfe2f}}, {{0xd9ff, 0xc003}}, {{0x706c, 0xd90f}},
		{{0xc040, 0x4060}}, {{0xb892, 0xda08}}, {{0xc741, 0x096e}}, {{0xfeaf, 0x1c08}},
		{{0x3001, 0x700c}}, {{0x08e6, 0xfeaf}}, {{0x712c, 0x2e41}}, {{0x11c3, 0x266d}},
		{{0x1182, 0x2205}}, {{0x80fe, 0x1b00}}, {{0x3045, 0xf209}}, {{0x1600, 0x7001}},
		{{0x8000, 0x0670}}, {{0x0ebe, 0x0120}}, {{0x40a1, 0xc0a4}}, {{0x1404, 0x341b}},
		{{0xc6c6, 0x78e0}}, {{0xc0f1, 0xc1a2}}, {{0xc807, 0xc180}}, {{0x714c, 0x1c04}},
		{{0x3001, 0x0b96}}, {{0x0260, 0x1c00}}, {{0x3001, 0x41c3}}, {{0x0255, 0x0000}},
		{{0x09d6, 0xffef}}, {{0x750c, 0xc280}}, {{0x700c, 0x0a96}}, {{0xfe2f, 0x712c}},
		{{0xc0a2, 0xc0d1}}, {{0x7ee0, 0x78e0}}, {{0xc2e6, 0x1cfc}}, {{0xb6c8, 0xc1a1}},
		{{0x4528, 0x4608}}, {{0x706f, 0xf075}}, {{0x0e71, 0x103e}}, {{0x740c, 0x41c3}},
		{{0x00b0, 0x0001}}, {{0x09a2, 0xffef}}, {{0x4263, 0x70ed}}, {{0x40c3, 0x8000}},
		{{0x063a, 0x8800}}, {{0x41c3, 0x8000}}, {{0x047c, 0x8920}}, {{0x209f, 0x0018}},
		{{0x244a, 0x7200}}, {{0xc140, 0xd907}}, {{0x60b8, 0x60fb}}, {{0x204a, 0x0000}},
		{{0x20a8, 0x0280}}, {{0xc200, 0x23b2}}, {{0x008c, 0x7a0f}}, {{0x2c00, 0x1040}},
		{{0x7724, 0x7845}}, {{0x7a0f, 0x41c3}}, {{0x00b1, 0x0001}}, {{0x095a, 0xffef}},
		{{0x740c, 0xc000}}, {{0x7f16, 0x278c}}, {{0x9004, 0x07b4}}, {{0xffcb, 0xd959}},
		{{0x740c, 0x0946}}, {{0xffef, 0xb911}}, {{0x0e71, 0x107e}}, {{0x740c, 0x41c3}},
		{{0x00b3, 0x0001}}, {{0x0932, 0xffef}}, {{0x4263, 0x70ed}}, {{0x40c3, 0x8000}},
		{{0x063a, 0x8800}}, {{0x41c3, 0x8000}}, {{0x047c, 0x8920}}, {{0x209f, 0x0018}},
		{{0x244a, 0x7200}}, {{0xc140, 0xd907}}, {{0x60b8, 0x60fb}}, {{0x204a, 0x0000}},
		{{0x20a8, 0x0280}}, {{0xc200, 0x23b2}}, {{0x008c, 0x7a0f}}, {{0x2c00, 0x1040}},
		{{0x7724, 0x7845}}, {{0x7a0f, 0x41c3}}, {{0x00b4, 0x0001}}, {{0x08ea, 0xffef}},
		{{0x740c, 0xc000}}, {{0x7f16, 0x278c}}, {{0x9004, 0x07b4}}, {{0xffcb, 0xd9b5}},
		{{0x740c, 0x08d6}}, {{0xffef, 0xb910}}, {{0x2556, 0x180d}}, {{0x7167, 0x0b1d}},
		{{0xb194, 0x7487}}, {{0x1404, 0x341b}}, {{0xc6c6, 0x78e0}}, {{0xc2e6, 0x1cfc}},
		{{0xb6c8, 0x2482}}, {{0x3302, 0x4748}}, {{0x4608, 0xc08f}}, {{0x702c, 0xda50}},
		{{0x0862, 0xfdef}}, {{0x4568, 0x0e2b}}, {{0x10b1, 0x750c}}, {{0x41c3, 0x024f}},
		{{0x0001, 0x0896}}, {{0xffef, 0x42a1}}, {{0xc08f, 0x702c}}, {{0x0bce, 0x0260}},
		{{0x704c, 0xc28f}}, {{0x700c, 0x094a}}, {{0xfe2f, 0xd909}}, {{0xf05e, 0xc087}},
		{{0x702c, 0x0832}}, {{0xfdef, 0xda1c}}, {{0xc080, 0x702c}}, {{0x0826, 0xfdef}},
		{{0xda1c, 0x750c}}, {{0xee12, 0x41c3}}, {{0x0251, 0x0001}}, {{0x085a, 0xffef}},
		{{0x42a1, 0x2700}}, {{0x1f8d, 0x0100}}, {{0x0020, 0x2740}}, {{0x198b, 0x2740}},
		{{0x1a0e, 0x73ed}}, {{0x710c, 0xf01c}}, {{0x41c3, 0x0250}}, {{0x0001, 0x083a}},
		{{0xffef, 0x42a1}}, {{0xd809, 0xd94e}}, {{0xda4f, 0xdb50}}, {{0xdc51, 0x2740}},
		{{0x148d, 0x2740}}, {{0x140b, 0x2740}}, {{0x180e, 0xdf07}}, {{0xc043, 0xc14a}},
		{{0xc24b, 0xc044}}, {{0xc34c, 0xc045}}, {{0xc44d, 0xc046}}, {{0xc647, 0xc549}},
		{{0x706f, 0xc580}}, {{0xc687, 0x1c00}}, {{0x3041, 0x1c20}}, {{0x32c0, 0x1c04}},
		{{0x3241, 0xc042}}, {{0xc08f, 0x702c}}, {{0x0faa, 0xfdaf}}, {{0xda50, 0x1604}},
		{{0x1402, 0xc807}}, {{0x1504, 0x1401}}, {{0x7845, 0xc14e}}, {{0x7a30, 0x098a}},
		{{0x0260, 0xc18f}}, {{0xc10e, 0x202f}}, {{0x06c7, 0xc28f}}, {{0x0892, 0xfe2f}},
		{{0x792f, 0x7167}}, {{0x0bd1, 0xb3c4}}, {{0x2480, 0x3302}}, {{0x1404, 0x341b}},
		{{0xc6c6, 0x78e0}}, {{0xc0f1, 0xc1b4}}, {{0xc080, 0x702c}}, {{0x0f66, 0xfdaf}},
		{{0xda50, 0x41c3}}, {{0x0256, 0x0000}}, {{0x0f9e, 0xffaf}}, {{0x750c, 0xc180}},
		{{0xd84e, 0x0946}}, {{0x0260, 0xda09}}, {{0xc280, 0x700c}}, {{0x0852, 0xfe2f}},
		{{0xd909, 0xc0b4}}, {{0xc0d1, 0x7ee0}}, {{0x7ee0, 0x78e0}}, {{0xc2e4, 0x41c3}},
		{{0x9004, 0x00e4}}, {{0x708d, 0x43c3}}, {{0x8000, 0x063c}}, {{0x0821, 0x00b0}},
		{{0x6942, 0xde25}}, {{0xbe9f, 0x0831}}, {{0x0071, 0x8ea0}}, {{0xb1a0, 0xb280}},
		{{0xb28b, 0x9381}}, {{0xd9f0, 0xb380}}, {{0xb227, 0xf01c}}, {{0xb180, 0x1600}},
		{{0x7081, 0x8000}}, {{0x0058, 0xb220}}, {{0xb28b, 0x9322}}, {{0xb320, 0x1a0e}},
		{{0x03c5, 0xf010}}, {{0xb1a0, 0x1633}}, {{0x1081, 0xb220}}, {{0xb28b, 0x9227}},
		{{0x2146, 0x0441}}, {{0xb227, 0x8ba2}}, {{0x8b25, 0xaba0}}, {{0xab21, 0xb287}},
		{{0x0d16, 0x0280}}, {{0xc6c4, 0x78e0}}, {{0xc2e6, 0xc1a3}}, {{0x4728, 0x4508}},
		{{0x700c, 0x090e}}, {{0xfe2f, 0x702c}}, {{0x70b5, 0x70ad}}, {{0xdc2e, 0x46cb}},
		{{0x9003, 0xe002}}, {{0xf210, 0xc807}}, {{0x762c, 0xda22}}, {{0x781b, 0x7e05}},
		{{0x700c, 0x746c}}, {{0x1e00, 0x1045}}, {{0xc542, 0xc741}}, {{0x0e1a, 0xfe6f}},
		{{0xc440, 0xf00f}}, {{0x700c, 0x762c}}, {{0xda22, 0x706c}}, {{0xc542, 0xc741}},
		{{0x0e06, 0xfe6f}}, {{0xc440, 0xc807}}, {{0x781b, 0x78c5}}, {{0xb0a0, 0x700c}},
		{{0x0d7a, 0xfe6f}}, {{0x712c, 0xc0a3}}, {{0xc6c6, 0x78e0}}, {{0xc2e6, 0x1cfc}},
		{{0xb6c8, 0xc1ae}}, {{0x45cb, 0x8000}}, {{0x063a, 0x1500}}, {{0x109b, 0xc049}},
		{{0xb8c1, 0x2078}}, {{0x008f, 0x4063}}, {{0x0c3a, 0x0120}}, {{0x41e1, 0x8d40}},
		{{0x275f, 0x1d01}}, {{0x46cb, 0x8000}}, {{0x0674, 0x229f}}, {{0x0a01, 0xc14c}},
		{{0xc048, 0x6159}}, {{0x61d9, 0x892c}}, {{0x0b21, 0x3030}}, {{0xc144, 0x1600}},
		{{0x7080, 0x8000}}, {{0x007d, 0xb8c0}}, {{0x0f37, 0x1021}}, {{0xc043, 0x1600}},
		{{0x7082, 0x8000}}, {{0x0058, 0xf00e}}, {{0x1600, 0x7080}}, {{0x8000, 0x004a}},
		{{0xb8c0, 0x0f1f}}, {{0x1021, 0xc043}}, {{0x1600, 0x7082}}, {{0x8000, 0x0025}},
		{{0xc003, 0x2052}}, {{0x0000, 0x791b}}, {{0x794b, 0x09a0}}, {{0xffc2, 0xc009}},
		{{0x2b40, 0x3101}}, {{0x70ad, 0xb802}}, {{0xc04b, 0xc004}}, {{0x79f6, 0xc146}},
		{{0xb8c6, 0xc044}}, {{0x2714, 0x16c0}}, {{0xc047, 0xc008}}, {{0xe82b, 0xc406}},
		{{0x40c3, 0x8000}}, {{0x05f4, 0x7404}}, {{0x706d, 0x641c}}, {{0x0037, 0x0000}},
		{{0x1420, 0x1082}}, {{0x1401, 0x1481}}, {{0x40c3, 0x9002}}, {{0x0118, 0x2042}},
		{{0x009e, 0xba0d}}, {{0xb90d, 0x2205}}, {{0x0003, 0x2205}}, {{0x0782, 0x7825}},
		{{0x2105, 0x0781}}, {{0x7165, 0xb3a0}}, {{0xb2a0, 0xb3a0}}, {{0xb0a0, 0xb1a0}},
		{{0xb0a0, 0xc007}}, {{0x41c3, 0x8000}}, {{0x05f4, 0x6028}}, {{0x0bc5, 0x9004}},
		{{0xf02b, 0xc006}}, {{0x2000, 0x0f80}}, {{0x8000, 0x0618}}, {{0xc04a, 0x40c3}},
		{{0x9002, 0x0118}}, {{0xb862, 0xc04d}}, {{0x0031, 0x0000}}, {{0xc00a, 0x1001}},
		{{0x0481, 0xc04a}}, {{0xc004, 0x0e4a}}, {{0x02a0, 0xc145}}, {{0xc105, 0xc30d}},
		{{0xb88a, 0xb90d}}, {{0x2105, 0x0f82}}, {{0x9002, 0x0118}}, {{0x7965, 0x71a5}},
		{{0xb200, 0x1900}}, {{0x0fc5, 0xb200}}, {{0xc007, 0x41c3}}, {{0x8000, 0x05f4}},
		{{0x6028, 0x0dcd}}, {{0x9004, 0xc109}}, {{0xc00b, 0x239f}}, {{0x3a01, 0xda7f}},
		{{0x7905, 0xc003}}, {{0x7d2f, 0xd90d}}, {{0x7710, 0xc00c}}, {{0x2300, 0x301b}},
		{{0x2300, 0x339b}}, {{0x40c1, 0xf418}}, {{0x0eda, 0xfe8f}}, {{0xd90d, 0xda49}},
		{{0x099a, 0x0160}}, {{0x40c1, 0x704c}}, {{0x43c3, 0xffff}}, {{0xdfff, 0x40a1}},
		{{0x4163, 0x1c08}}, {{0x3001, 0x1c04}}, {{0x3001, 0x0fca}}, {{0x0320, 0x1c00}},
		{{0x3fc1, 0xf028}}, {{0x0eae, 0xfe8f}}, {{0xd90d, 0xda49}}, {{0x096e, 0x0160}},
		{{0x40c1, 0xda0d}}, {{0x716c, 0x40a1}}, {{0x0912, 0x0360}}, {{0x4163, 0xd90d}},
		{{0xdafe, 0x0e92}}, {{0xfeaf, 0x40c1}}, {{0xd90d, 0xdac8}}, {{0x094e, 0x0160}},
		{{0x40c1, 0xc003}}, {{0x712c, 0xda0d}}, {{0x7918, 0x782f}}, {{0x726c, 0x08ee}},
		{{0x0360, 0x4163}}, {{0x40c3, 0x0003}}, {{0xd090, 0x0822}}, {{0x01a0, 0x702c}},
		{{0x40c3, 0x0003}}, {{0xf7a0, 0x0816}}, {{0x01a0, 0x702c}}, {{0xd90d, 0x0942}},
		{{0x0260, 0x40c1}}, {{0xc008, 0xe8b5}}, {{0xc006, 0x70ed}}, {{0x2000, 0x0f80}},
		{{0x8000, 0x0618}}, {{0xc045, 0xf026}}, {{0xc005, 0x1001}}, {{0x048d, 0xc045}},
		{{0xc004, 0x0d4e}}, {{0x02a0, 0x41a1}}, {{0xbd0d, 0x4608}}, {{0x204f, 0x025b}},
		{{0x2505, 0x1f8d}}, {{0x9002, 0x0118}}, {{0xd80a, 0x0f6a}}, {{0x0160, 0x1d00}},
		{{0x16c4, 0xbe8a}}, {{0xd80a, 0x0f5e}}, {{0x0160, 0xb5c0}}, {{0xd80a, 0x0f56}},
		{{0x0160, 0x1d00}}, {{0x16c4, 0xd80a}}, {{0x0f4a, 0x0160}}, {{0xb5c0, 0x71e5}},
		{{0xc007, 0x41c3}}, {{0x8000, 0x05f4}}, {{0x6028, 0x0fb1}}, {{0x9004, 0xc0ae}},
		{{0x1404, 0x341b}}, {{0xc6c6, 0x78e0}}, {{0xc2e6, 0x1cfc}}, {{0xb6c8, 0xc1a8}},
		{{0x46cb, 0x9004}}, {{0x00f4, 0x9600}}, {{0xd9ff, 0x276f}}, {{0x1443, 0xc046}},
		{{0x9604, 0x2755}}, {{0x1a03, 0xc047}}, {{0x1e08, 0x1005}}, {{0xb620, 0x8f40}},
		{{0x1600, 0x7081}}, {{0x8000, 0x0638}}, {{0x2278, 0x0080}}, {{0xb808, 0x7825}},
		{{0x1e90, 0x9004}}, {{0x8b00, 0x7254}}, {{0x29c0, 0x00a1}}, {{0x0893, 0x0030}},
		{{0x2142, 0x009e}}, {{0xddae, 0xbd9f}}, {{0x2542, 0x109b}}, {{0x9522, 0x13fe}},
		{{0xb080, 0x9560}}, {{0x9581, 0x1300}}, {{0x3102, 0x13ff}}, {{0xb09f, 0x13fd}},
		{{0xb08b, 0xc044}}, {{0xc141, 0x750c}}, {{0x41c3, 0x0031}}, {{0x0007, 0x1c0c}},
		{{0x32c0, 0x1c08}}, {{0x37c0, 0x0bc2}}, {{0xffaf, 0xc440}}, {{0xc807, 0x1300}},
		{{0x3102, 0x43c3}}, {{0x9007, 0xe084}}, {{0x791b, 0x2105}}, {{0x00c0, 0xb040}},
		{{0x9540, 0x6b02}}, {{0x7825, 0xb040}}, {{0x6b8c, 0x9501}}, {{0x2105, 0x0302}},
		{{0xb200, 0x6b0a}}, {{0x9542, 0x7825}}, {{0xb040, 0x13ff}}, {{0xb083, 0x2442}},
		{{0x1900, 0x2105}}, {{0x0002, 0xb260}}, {{0xe00a, 0x13fd}}, {{0xb082, 0x2105}},
		{{0x0003, 0x7204}}, {{0xb340, 0x13fe}}, {{0xb082, 0x7905}}, {{0xb140, 0x0e17}},
		{{0x3013, 0x8f20}}, {{0x1600, 0x7080}}, {{0x8000, 0x0638}}, {{0x782a, 0x2600}},
		{{0x301e, 0x40c3}}, {{0x0000, 0x2af8}}, {{0x1e00, 0x7784}}, {{0x9004, 0x0088}},
		{{0x0e9a, 0x0160}}, {{0x702c, 0xc006}}, {{0xb600, 0xc007}}, {{0xb604, 0x1600}},
		{{0x7081, 0x8000}}, {{0x0638, 0x40c3}}, {{0x8000, 0x0550}}, {{0x793d, 0xb9a0}},
		{{0x7724, 0xa821}}, {{0xc0a8, 0x1404}}, {{0x341b, 0xc6c6}}, {{0xc2e6, 0x1cfc}},
		{{0xb6c8, 0x0ea2}}, {{0x02e0, 0xc1a1}}, {{0xc040, 0x700c}}, {{0x0e5e, 0x0160}},
		{{0xd940, 0x71cd}}, {{0x45cb, 0x9005}}, {{0xe1f0, 0x43db}}, {{0x9004, 0x0092}},
		{{0x1e00, 0x7384}}, {{0x9005, 0xe620}}, {{0xb5c0, 0x130a}}, {{0x350f, 0xc000}},
		{{0xe804, 0x1d96}}, {{0x9384, 0xf024}}, {{0x2784, 0x1c07}}, {{0x274f, 0x1280}},
		{{0x1d51, 0x901c}}, {{0x208a, 0x0a0f}}, {{0x0e22, 0x0160}}, {{0x702c, 0x40c3}},
		{{0x000f, 0x4240}}, {{0x702c, 0x0e16}}, {{0x0160, 0x1dd0}}, {{0x9384, 0xbf89}},
		{{0x1381, 0x3701}}, {{0x1d96, 0x9384}}, {{0x1dd0, 0x9005}}, {{0x1d51, 0x93dc}},
		{{0xc807, 0xb9c4}}, {{0x781b, 0x2005}}, {{0x06c2, 0xb220}}, {{0xca03, 0x41c3}},
		{{0x9013, 0xe050}}, {{0x7014, 0x21c0}}, {{0x02a2, 0x1900}}, {{0x0045, 0x7487}},
		{{0x1404, 0x341b}}, {{0xc6c6, 0x78e0}}, {{0xc2e6, 0x1cfc}}, {{0xb6c8, 0xc1ab}},
		{{0xc040, 0x690a}}, {{0xc245, 0x4220}}, {{0x47cb, 0x8000}}, {{0x063c, 0x083d}},
		{{0x00b4, 0xc341}}, {{0x0aa3, 0x00b5}}, {{0x700c, 0x1600}}, {{0x7100, 0x8000}},
		{{0x0006, 0x208c}}, {{0x8fd8, 0x009e}}, {{0x002d, 0xd940}}, {{0x8fc0, 0x8f21}},
		{{0x42c1, 0xf006}}, {{0xc301, 0x7b14}}, {{0xd841, 0xb300}}, {{0x7850, 0x09f9}},
		{{0x8025, 0x7144}}, {{0x0207, 0x0000}}, {{0xc000, 0xc188}}, {{0x714c, 0x1c24}},
		{{0x3001, 0x0d12}}, {{0x0060, 0x1c20}}, {{0x3001, 0xc100}}, {{0xc807, 0x1701}},
		{{0x108b, 0x8fc0}}, {{0xe128, 0x2005}}, {{0x004f, 0xf021}}, {{0x78e5, 0x781b}},
		{{0xb891, 0xb89c}}, {{0xb89f, 0xc288}}, {{0xc501, 0x9020}}, {{0x22f4, 0x0300}},
		{{0x7d94, 0xb9c5}}, {{0x6119, 0x4948}}, {{0x2004, 0x0f82}}, {{0x0000, 0xfffe}},
		{{0x706c, 0xe2ea}}, {{0xb500, 0xf786}}, {{0x2100, 0x0f83}}, {{0x0000, 0xffb6}},
		{{0xc005, 0xb560}}, {{0x71c5, 0x7894}}, {{0xb060, 0x7cd0}}, {{0x0bc1, 0x9325}},
		{{0x2c40, 0x1300}}, {{0xf006, 0x41c3}}, {{0x027f, 0x0001}}, {{0x0b9a, 0xfd8f}},
		{{0xf0f6, 0xc011}}, {{0xc312, 0xc047}}, {{0xd880, 0xc043}}, {{0x40c3, 0x9002}},
		{{0x0020, 0xc044}}, {{0xc003, 0x7074}}, {{0x20ca, 0x0041}}, {{0xc043, 0xc004}},
		{{0x7054, 0x20c0}}, {{0x0122, 0x094a}}, {{0xfdef, 0xc044}}, {{0x8f20, 0x2079}},
		{{0x0000, 0xe008}}, {{0xc142, 0xc046}}, {{0xc002, 0x8f21}}, {{0x7e10, 0x7630}},
		{{0x0148, 0x000d}}, {{0x40c3, 0x8000}}, {{0x066c, 0x8800}}, {{0x2011, 0x8380}},
		{{0xf28c, 0xc007}}, {{0xe833, 0xc100}}, {{0xc807, 0x2e40}}, {{0x1302, 0x7945}},
		{{0x7905, 0xc006}}, {{0x42c3, 0x0000}}, {{0xffff, 0x706d}}, {{0x240a, 0x7000}},
		{{0x244a, 0x1000}}, {{0x20a8, 0x06c0}}, {{0x2105, 0x02c3}}, {{0x7d7b, 0xc304}},
		{{0xd840, 0x7a50}}, {{0x7ba5, 0x93a0}}, {{0x7b90, 0x2356}}, {{0x180b, 0x2504}},
		{{0x101e, 0x2553}}, {{0x114c, 0x78bd}}, {{0x2400, 0x178c}}, {{0x206c, 0x0140}},
		{{0x6098, 0x2009}}, {{0x0082, 0x2008}}, {{0x00cc, 0xc301}}, {{0x7990, 0x7850}},
		{{0x6038, 0x7bd4}}, {{0x781d, 0xb300}}, {{0xf008, 0xc002}}, {{0xc501, 0x780f}},
		{{0x0936, 0x0020}}, {{0x7dd4, 0xb500}}, {{0xc100, 0x0925}}, {{0x0070, 0x70d5}},
		{{0xc100, 0xe99a}}, {{0x0e9d, 0x1010}}, {{0x0ea1, 0x1050}}, {{0x0ea5, 0x1090}},
		{{0x0e25, 0x10d1}}, {{0x41c3, 0x8000}}, {{0x012a, 0xf011}}, {{0x43c3, 0x8000}},
		{{0x012b, 0x6b41}}, {{0x6a21, 0x22ca}}, {{0x00c1, 0x72d5}}, {{0x0e0f, 0x10f4}},
		{{0x21ca, 0x0085}}, {{0x41c3, 0x8000}}, {{0x012e, 0x1600}}, {{0x7082, 0x8000}},
		{{0x000d, 0x8920}}, {{0x140c, 0x301b}}, {{0x0a3d, 0x017e}}, {{0x2300, 0x305b}},
		{{0x0afe, 0x0060}}, {{0xc18a, 0xc100}}, {{0x2615, 0x104d}}, {{0x2500, 0x1f8d}},
		{{0x8000, 0x0474}}, {{0x0d92, 0x0260}}, {{0x1429, 0x3080}}, {{0x0811, 0x0874}},
		{{0xc12a, 0x0911}}, {{0x001e, 0x1d00}}, {{0x1043, 0xf006}}, {{0x09fb, 0x801e}},
		{{0x1d00, 0x1003}}, {{0xc301, 0x212f}}, {{0x06c7, 0x7bd4}}, {{0x9340, 0x0a0b}},
		{{0x0064, 0x700c}}, {{0x4a30, 0xb300}}, {{0xc002, 0x7104}}, {{0xc042, 0xf166}},
		{{0x41c3, 0x8000}}, {{0x0127, 0xf1cb}}, {{0x41c3, 0x8000}}, {{0x0128, 0xf1c7}},
		{{0x41c3, 0x8000}}, {{0x0129, 0xf1c3}}, {{0x8fc0, 0x1440}}, {{0x301b, 0xf02d}},
		{{0x40c3, 0x8000}}, {{0x066c, 0x8800}}, {{0x084d, 0x034e}}, {{0xc001, 0xc18a}},
		{{0x0a7e, 0x0060}}, {{0x20f4, 0x0340}}, {{0xca01, 0xe806}}, {{0xc08a, 0x09a2}},
		{{0x0120, 0x4163}}, {{0x1600, 0x7080}}, {{0x8000, 0x000d}}, {{0x0819, 0x015e}},
		{{0xc000, 0x2515}}, {{0x1000, 0x2032}}, {{0x0f81, 0x8000}}, {{0x0474, 0x0982}},
		{{0x0120, 0xc08a}}, {{0xc005, 0x2014}}, {{0x034d, 0x080e}}, {{0xffaf, 0xc08a}},
		{{0x8f21, 0xb500}}, {{0x71c5, 0x7dd0}}, {{0x09a9, 0x8345}}, {{0xc0ab, 0x1404}},
		{{0x341b, 0xc6c6}}, {{0xc2e6, 0xc1a4}}, {{0x2840, 0x034d}}, {{0x46cb, 0x9002}},
		{{0x0158, 0x2505}}, {{0x1381, 0x4200}}, {{0x9100, 0x2a40}}, {{0x030f, 0x204f}},
		{{0x0003, 0xb8a0}}, {{0xb160, 0xb100}}, {{0xc807, 0x6e22}}, {{0x7f05, 0x78fb}},
		{{0x7825, 0x9080}}, {{0x0c17, 0x1175}}, {{0x706c, 0x2455}}, {{0x1d00, 0x78e5}},
		{{0x2659, 0x1ac3}}, {{0x781b, 0x7865}}, {{0x9060, 0x2154}}, {{0x0a00, 0x78a5}},
		{{0x9020, 0xc343}}, {{0xc442, 0x211f}}, {{0x0300, 0x7862}}, {{0xb806, 0x2804}},
		{{0x0041, 0x7830}}, {{0xc041, 0xd8a0}}, {{0x4835, 0x2553}}, {{0x1140, 0x43a1}},
		{{0xc040, 0x23ad}}, {{0x0984, 0x41c3}}, {{0x027a, 0x0006}}, {{0x0f4a, 0xff6f}},
		{{0x740c, 0x78b0}}, {{0xc0a4, 0xc6c6}}, {{0xc2e6, 0x1cfc}}, {{0xb6c8, 0xc1a7}},
		{{0x1600, 0x708e}}, {{0x8000, 0x063a}}, {{0xd94a, 0xb99f}}, {{0x70d5, 0x21c0}},
		{{0x0ce2, 0x89e0}}, {{0x45cb, 0x8000}}, {{0x0674, 0xc044}}, {{0xd90d, 0x0b5a}},
		{{0x0260, 0x40a1}}, {{0xd90d, 0xda7f}}, {{0x08aa, 0xfeaf}}, {{0x40a1, 0xd90d}},
		{{0xdafe, 0x08a2}}, {{0xfeaf, 0x40a1}}, {{0xc104, 0xd868}}, {{0x78ca, 0xb9c1}},
		{{0x2744, 0x1042}}, {{0x2178, 0x009b}}, {{0x716c, 0x70ed}}, {{0x0b2b, 0x30a1}},
		{{0xc043, 0x225f}}, {{0x0d01, 0xc003}}, {{0x704c, 0x43c3}}, {{0xffff, 0xdfff}},
		{{0x6038, 0x60b9}}, {{0xc004, 0xc742}}, {{0x1c04, 0x3041}}, {{0x0976, 0x0320}},
		{{0x1c00, 0x3fc1}}, {{0xf05d, 0x2279}}, {{0x0000, 0x2679}}, {{0x1001, 0xb802}},
		{{0xb902, 0x7404}}, {{0x7838, 0x7b58}}, {{0x46cb, 0x9004}}, {{0x00fc, 0x780f}},
		{{0xc346, 0xb600}}, {{0x1600, 0x7080}}, {{0x8000, 0x063a}}, {{0xdafc, 0xc045}},
		{{0xc105, 0xd8cf}}, {{0x7034, 0x20ca}}, {{0x0081, 0x1ef8}}, {{0x9004, 0xd90d}},
		{{0xda48, 0x0aea}}, {{0x0120, 0x40a1}}, {{0xc006, 0x235f}}, {{0x3d02, 0x43c3}},
		{{0xffff, 0xdfff}}, {{0x6832, 0x7905}}, {{0xc003, 0xc741}}, {{0x1c00, 0x3fc1}},
		{{0x6058, 0x60b8}}, {{0xc043, 0x782f}}, {{0xc103, 0x0fba}}, {{0x02e0, 0x704c}},
		{{0x40c3, 0x0003}}, {{0xd090, 0x702c}}, {{0x09a2, 0x0160}}, {{0x4318, 0xb6e0}},
		{{0xc005, 0x702c}}, {{0x7014, 0xd8f0}}, {{0x20ca, 0x03e2}}, {{0x1ef8, 0x9004}},
		{{0x098a, 0x0160}}, {{0x4063, 0xd90d}}, {{0x0ab6, 0x0220}}, {{0x40a1, 0xd90d}},
		{{0xdafe, 0x0fc2}}, {{0xfe6f, 0x40a1}}, {{0xd90d, 0xda7f}}, {{0x0fb6, 0xfe6f}},
		{{0x40a1, 0xc103}}, {{0xc004, 0xda0d}}, {{0x0a22, 0x0320}}, {{0x706c, 0x40c3}},
		{{0x0000, 0x36b0}}, {{0x0956, 0x0160}}, {{0xd90a, 0xd90d}}, {{0x0a82, 0x0220}},
		{{0x40a1, 0xc0a7}}, {{0x1404, 0x341b}}, {{0xc6c6, 0x78e0}}, {{0xc2e6, 0x1cfc}},
		{{0xb6c8, 0xc1a2}}, {{0x45cb, 0x9004}}, {{0x00f4, 0x9500}}, {{0xd9cc, 0xc040}},
		{{0x9504, 0xc041}}, {{0x2004, 0x0f82}}, {{0x0000, 0xff33}}, {{0xc000, 0xb544}},
		{{0x7825, 0xb500}}, {{0x1600, 0x7080}}, {{0x8000, 0x00a8}}, {{0x088b, 0x0030}},
		{{0xd933, 0x750c}}, {{0x0db2, 0xff6f}}, {{0xb910, 0x1207}}, {{0x360b, 0x43db}},
		{{0x9006, 0x0084}}, {{0x224a, 0x0000}}, {{0x2342, 0x311f}}, {{0x41c3, 0x8000}},
		{{0x0444, 0x2a40}}, {{0x0303, 0x2305}}, {{0x02c3, 0x21f4}}, {{0x008c, 0x7e7b}},
		{{0x2605, 0x16c3}}, {{0xb380, 0x21f4}}, {{0x008c, 0x2340}}, {{0x308f, 0x7fc5}},
		{{0x2140, 0x031e}}, {{0xb780, 0x26f4}}, {{0x308c, 0x2605}}, {{0x17cf, 0x2140}},
		{{0x0403, 0xb780}}, {{0x7154, 0x6159}}, {{0x23f4, 0x0082}}, {{0x2342, 0x3080}},
		{{0x78c5, 0xb040}}, {{0x8944, 0x2742}}, {{0x3903, 0x2605}}, {{0x10cc, 0xb440}},
		{{0x4b1a, 0x8966}}, {{0x2605, 0x100c}}, {{0x6842, 0xb460}}, {{0x8908, 0x7e45}},
		{{0x714c, 0xb600}}, {{0xf5cc, 0x40c3}}, {{0x9004, 0x0084}}, {{0x1800, 0x0005}},
		{{0x1804, 0x0005}}, {{0x40c3, 0x0000}}, {{0x2af8, 0x0872}}, {{0x0160, 0x702c}},
		{{0xc000, 0xb500}}, {{0xc001, 0xb504}}, {{0xc0a2, 0x1404}}, {{0x341b, 0xc6c6}},
		{{0xc2e6, 0x1cfc}}, {{0xb6c8, 0xc1b5}}, {{0x4628, 0xd935}}, {{0xc051, 0xd8c8}},
		{{0xb911, 0xc352}}, {{0x0cf2, 0xff6f}}, {{0x4748, 0x0ac2}}, {{0x0060, 0x40c1}},
		{{0x09a6, 0xfeaf}}, {{0xc048, 0x4508}}, {{0xd8c8, 0xef05}}, {{0xd91b, 0xb912}},
		{{0xf003, 0xd96b}}, {{0xb910, 0x0cd2}}, {{0xff4f, 0xc194}}, {{0x2400, 0x3f82}},
		{{0x0000, 0x004f}}, {{0x2454, 0x39c3}}, {{0x0af2, 0x0060}}, {{0x40e1, 0xd8c8}},
		{{0xee06, 0xd973}}, {{0x0cb2, 0xff6f}}, {{0xb910, 0xf02b}}, {{0xd96d, 0x0caa}},
		{{0xff6f, 0xb910}}, {{0x0d1d, 0x10f0}}, {{0xd971, 0x0d25}}, {{0x1070, 0xd96f}},
		{{0x0d23, 0x10b0}}, {{0xd907, 0xed96}}, {{0xd937, 0xd8c8}}, {{0xb911, 0xf00d}},
		{{0xd8c8, 0x0c86}}, {{0xff6f, 0xb910}}, {{0x720c, 0xf00a}}, {{0xd8c8, 0xb910}},
		{{0xf003, 0xd8c8}}, {{0xb914, 0x0c72}}, {{0xff4f, 0x710c}}, {{0xc048, 0xf009}},
		{{0x700c, 0x41c3}}, {{0x0072, 0x0001}}, {{0x0e3e, 0xfd6f}}, {{0x42a1, 0xc014}},
		{{0x0916, 0xfeaf}}, {{0xc04b, 0x144f}}, {{0x3081, 0x4300}}, {{0xc012, 0xc149}},
		{{0x144e, 0x3081}}, {{0xc209, 0xc042}}, {{0xc14d, 0xc00d}}, {{0xc240, 0xc20b}},
		{{0xc041, 0x41c3}}, {{0x0074, 0x0005}}, {{0x0c2e, 0xff6f}}, {{0xd8c8, 0xd821}},
		{{0xb89f, 0x10ff}}, {{0x8483, 0x8840}}, {{0x10f7, 0x808d}}, {{0x10f8, 0x808c}},
		{{0x8825, 0x1038}}, {{0x0080, 0x1c14}}, {{0x3101, 0xc142}}, {{0xc043, 0xd8c8}},
		{{0x41c3, 0x0075}}, {{0x0008, 0xc441}}, {{0xc540, 0x0bfe}}, {{0xff6f, 0x1c10}},
		{{0x3281, 0xc008}}, {{0x7014, 0x00f6}}, {{0x002c, 0x218a}}, {{0x0a14, 0xc009}},
		{{0x706f, 0x790a}}, {{0xc011, 0x6038}}, {{0xc04a, 0xc00b}}, {{0x08cb, 0x0072}},
		{{0x70cd, 0xc00a}}, {{0xc04c, 0xc109}}, {{0xc00d, 0x08ad}}, {{0x0044, 0xc00c}},
		{{0xc709, 0xc04e}}, {{0x70ad, 0xc012}}, {{0x0885, 0x036e}}, {{0xd8c8, 0x41c3}},
		{{0x0076, 0x0004}}, {{0x4263, 0x43c1}}, {{0xc541, 0x0bae}}, {{0xff6f, 0xc740}},
		{{0xc00e, 0xc04f}}, {{0x700c, 0xc050}}, {{0xc00f, 0xc410}}, {{0x41c3, 0x0077}},
		{{0x0003, 0x8861}}, {{0x1002, 0x0482}}, {{0xc04f, 0xd8c8}}, {{0x0b8a, 0xff6f}},
		{{0xc440, 0xc010}}, {{0x7104, 0xe0c0}}, {{0xc050, 0xf7b0}}, {{0xc00f, 0x231a}},
		{{0x3f81, 0x0000}}, {{0x2940, 0x9040}}, {{0xc011, 0x6038}}, {{0x261a, 0x1f81}},
		{{0x0000, 0x14a0}}, {{0x6119, 0x40e1}}, {{0x209a, 0x0a14}}, {{0x6119, 0x40a1}},
		{{0x209a, 0x0102}}, {{0x6038, 0x1083}}, {{0x008c, 0x1082}}, {{0x00c3, 0xd8c8}},
		{{0x41c3, 0x0078}}, {{0x0003, 0x0b42}}, {{0xff6f, 0xc440}}, {{0xc00e, 0x71a5}},
		{{0x2055, 0x0840}}, {{0x0d73, 0x92b4}}, {{0xc04e, 0xc00d}}, {{0x7710, 0x0768}},
		{{0xffe5, 0x71e5}}, {{0xc00b, 0x71c5}}, {{0x7610, 0xc00c}}, {{0x2096, 0x050a}},
		{{0x0746, 0xffeb}}, {{0xc04c, 0xc008}}, {{0x7167, 0x230c}}, {{0xb000, 0xc00a}},
		{{0x2096, 0x0a14}}, {{0x0726, 0xffeb}}, {{0xc04a, 0xd979}}, {{0xd8c8, 0x0afa}},
		{{0xff6f, 0xb910}}, {{0xc0b5, 0x1404}}, {{0x341b, 0xc6c6}}, {{0xc2e6, 0x1cfc}},
		{{0xb6c8, 0x2482}}, {{0x3803, 0xc147}}, {{0xc045, 0xc007}}, {{0x08ae, 0x0060}},
		{{0xc24d, 0x41c3}}, {{0x8000, 0x063f}}, {{0x8920, 0x1600}}, {{0x708b, 0x8000}},
		{{0x0025, 0xc050}}, {{0x1c55, 0x3042}}, {{0xc196, 0x2400}}, {{0x3f82, 0x0000}},
		{{0x0055, 0x2400}}, {{0x3f83, 0x0000}}, {{0x0055, 0x08e2}}, {{0x0060, 0x710c}},
		{{0xc010, 0x7014}}, {{0x01f2, 0x000c}}, {{0xc105, 0xc016}}, {{0x7524, 0xc149}},
		{{0xc105, 0xc052}}, {{0x2378, 0x10c0}}, {{0x7124, 0x7104}}, {{0xc14a, 0x702c}},
		{{0xc053, 0xc148}}, {{0xc113, 0xc012}}, {{0x2108, 0x0000}}, {{0xc051, 0xc011}},
		{{0x7014, 0x01a6}}, {{0x000c, 0xc009}}, {{0xc04b, 0xc00a}}, {{0xc04c, 0x700c}},
		{{0xc043, 0xc007}}, {{0xdaff, 0x7014}}, {{0x740c, 0xf206}}, {{0x41c3, 0x0084}},
		{{0x0003, 0xf005}}, {{0x41c3, 0x0083}}, {{0x0003, 0xc240}}, {{0xc203, 0x0a4a}},
		{{0xff6f, 0xc303}}, {{0x706f, 0xc103}}, {{0xc013, 0x213c}}, {{0x0001, 0x2379}},
		{{0x3000, 0x7825}}, {{0x7114, 0xf49d}}, {{0xc103, 0xc012}}, {{0x213a, 0x0001}},
		{{0x2379, 0x3040}}, {{0x2105, 0x803e}}, {{0xf293, 0xc197}}, {{0x2400, 0x3f82}},
		{{0x0000, 0x0057}}, {{0x2454, 0x3ac3}}, {{0x0842, 0x0060}}, {{0x4063, 0x1456}},
		{{0x3080, 0xc054}}, {{0x1457, 0x3080}}, {{0xc044, 0xc104}}, {{0xc014, 0x7110}},
		{{0x00fe, 0x002d}}, {{0x208a, 0x0a14}}, {{0xc104, 0x790a}}, {{0xc00b, 0x6038}},
		{{0xc04e, 0xc00c}}, {{0x6038, 0xc04f}}, {{0x700c, 0xc046}}, {{0xc106, 0xc00d}},
		{{0x08b3, 0x006e}}, {{0xdba5, 0xc008}}, {{0xbb05, 0x797b}}, {{0x790c, 0xc005}},
		{{0xda84, 0x6119}}, {{0xc003, 0x786c}}, {{0x611b, 0xc104}}, {{0x208a, 0x0a14}},
		{{0x782c, 0x6319}}, {{0xc006, 0xc306}}, {{0x784c, 0x6038}}, {{0x1080, 0x0102}},
		{{0x1082, 0x00c1}}, {{0x1083, 0x0080}}, {{0xc240, 0xc204}}, {{0xc042, 0xc141}},
		{{0x41c3, 0x0082}}, {{0x0005, 0x0992}}, {{0xff6f, 0x740c}}, {{0xc70e, 0xc60f}},
		{{0x71ad, 0x1600}}, {{0x7080, 0x8000}}, {{0x000b, 0x082b}}, {{0x007f, 0x244a}},
		{{0x77c0, 0xc198}}, {{0x200a, 0x03c0}}, {{0x20a8, 0x0180}}, {{0x1004, 0x0482}},
		{{0x1902, 0x0094}}, {{0xc298, 0x740c}}, {{0x41c3, 0x007e}}, {{0x001f, 0xdb1f}},
		{{0xf012, 0x248a}}, {{0x7001, 0x210a}}, {{0x0380, 0xc098}}, {{0x20a8, 0x0180}},
		{{0x1102, 0x0482}}, {{0x1802, 0x0094}}, {{0xc298, 0x740c}}, {{0x41c3, 0x007a}},
		{{0x0040, 0xdb40}}, {{0x0ad2, 0xfd4f}}, {{0x77e5, 0x77c5}}, {{0x70b5, 0x77a5}},
		{{0xf5d1, 0xc00e}}, {{0x2055, 0x0840}}, {{0xc04e, 0xc006}}, {{0x7104, 0xc046}},
		{{0xe08a, 0xc00f}}, {{0x2055, 0x0840}}, {{0x0734, 0xffe5}}, {{0xc04f, 0xc104}},
		{{0xc014, 0x7110}}, {{0xc004, 0x7104}}, {{0x0720, 0xffe5}}, {{0xc044, 0x7167}},
		{{0x7277, 0x06b6}}, {{0xffc5, 0xc003}}, {{0xdaa5, 0xba05}}, {{0x7104, 0xc043}},
		{{0xc00b, 0xc103}}, {{0x6058, 0xc04b}}, {{0xc011, 0x7110}}, {{0xc00c, 0x6058}},
		{{0x0672, 0xffeb}}, {{0xc04c, 0xc008}}, {{0xdaa5, 0xba06}}, {{0x7104, 0xc048}},
		{{0xc009, 0xc108}}, {{0x6058, 0xc049}}, {{0xc010, 0x7110}}, {{0xc00a, 0x6058}},
		{{0x063e, 0xffeb}}, {{0xc04a, 0x1600}}, {{0x7080, 0x8000}}, {{0x000a, 0x081f}},
		{{0x003e, 0x704c}}, {{0xc005, 0xc107}}, {{0x0b9a, 0xffef}}, {{0xc30d, 0xc005}},
		{{0xc107, 0xc30d}}, {{0x0b8e, 0xffef}}, {{0x714c, 0x700c}}, {{0x2480, 0x3803}},
		{{0x1404, 0x341b}}, {{0xc6c6, 0x78e0}}, {{0xc2e6, 0x1cfc}}, {{0xb6c8, 0x2482}},
		{{0x3a08, 0x4338}}, {{0xc187, 0x2440}}, {{0x39c2, 0x0ac6}}, {{0xfeaf, 0x4508}},
		{{0x08cf, 0x0031}}, {{0xc042, 0xc08a}}, {{0x08d6, 0x0020}}, {{0x41a1, 0xc027}},
		{{0xc28a, 0x4163}}, {{0x43a1, 0x08ea}}, {{0xfeaf, 0xc043}}, {{0xc045, 0x700c}},
		{{0xc040, 0xc003}}, {{0x46a9, 0x70ed}}, {{0xc041, 0xf015}}, {{0x8e00, 0x0823}},
		{{0x06c5, 0x8e01}}, {{0x0b1b, 0x3025}}, {{0x78ef, 0xc28a}}, {{0x4163, 0x08c2}},
		{{0xfeaf, 0x43a1}}, {{0xc100, 0x090b}}, {{0x0005, 0xc040}}, {{0xc741, 0xe610}},
		{{0xe708, 0xe7bf}}, {{0xf7ec, 0x74cd}}, {{0xc642, 0xf028}}, {{0xc001, 0x7f0f}},
		{{0x66f8, 0x208b}}, {{0x8003, 0xc044}}, {{0xf410, 0xc004}}, {{0xc28a, 0x4163}},
		{{0x780f, 0x43a1}}, {{0x088a, 0xfeaf}}, {{0xc046, 0xc100}}, {{0x090d, 0x0005}},
		{{0xc706, 0xc040}}, {{0xc004, 0xc041}}, {{0x7fc2, 0x278b}}, {{0x9003, 0xf40d}},
		{{0x78ef, 0xc28a}}, {{0x4163, 0x086a}}, {{0xfeaf, 0x43a1}}, {{0xc100, 0x090b}},
		{{0x0005, 0xc040}}, {{0xc741, 0x7edd}}, {{0x0eb5, 0x9095}}, {{0xc000, 0xe811}},
		{{0xc100, 0xc005}}, {{0x1d83, 0x16c2}}, {{0x7110, 0x700c}}, {{0xc042, 0xc101}},
		{{0xc003, 0x21ca}}, {{0x0001, 0xc141}}, {{0xc001, 0x1d82}}, {{0x1002, 0xc002}},
		{{0x2480, 0x3a08}}, {{0x1404, 0x341b}}, {{0xc6c6, 0x78e0}}, {{0xc0e6, 0x248a}},
		{{0x7001, 0x70ad}}, {{0x704c, 0xdc7f}}, {{0x20a8, 0x0240}}, {{0x2016, 0x0083}},
		{{0x7144, 0xb3a3}}, {{0xb382, 0xb3a1}}, {{0xb380, 0x71ad}}, {{0x2114, 0x034e}},
		{{0x8e40, 0x8e81}}, {{0x2540, 0x104b}}, {{0x0c2f, 0x10a5}}, {{0x2114, 0x02cf}},
		{{0x8f40, 0x8f81}}, {{0x0c0f, 0x10a4}}, {{0x2016, 0x034c}}, {{0xb440, 0x8f41}},
		{{0xb441, 0x16fe}}, {{0x9082, 0x16ff}}, {{0x908c, 0x0c59}}, {{0x10a5, 0x2016}},
		{{0x034c, 0x4569}}, {{0xf02b, 0x2016}}, {{0x034c, 0x7744}}, {{0xb441, 0x16fe}},
		{{0x9082, 0x8fa0}}, {{0x2240, 0x005e}}, {{0x6d41, 0x2209}}, {{0x0782, 0xb440}},
		{{0x8ea0, 0x2209}}, {{0x0342, 0x7744}}, {{0xb440, 0x8e41}}, {{0x7144, 0xb442}},
		{{0x8f41, 0x16ff}}, {{0x908f, 0x6aa9}}, {{0x6f49, 0x2208}}, {{0x0342, 0xb443}},
		{{0x8ec1, 0x7a4e}}, {{0x4569, 0x2208}}, {{0x0382, 0x7144}}, {{0xb443, 0xf007}},
		{{0xb440, 0x16ff}}, {{0x9082, 0x4569}}, {{0xb441, 0x0d75}}, {{0x9fd4, 0x8940}},
		{{0x8981, 0x0c19}}, {{0x10a5, 0x7744}}, {{0x8942, 0x8983}}, {{0x0c37, 0x1084}},
		{{0xb040, 0x8943}}, {{0xb041, 0xf017}}, {{0xb041, 0x8942}}, {{0x7144, 0xb040}},
		{{0x8980, 0x2409}}, {{0x1082, 0x7744}}, {{0xb040, 0x8941}}, {{0x7144, 0xb042}},
		{{0x8943, 0x7744}}, {{0xb043, 0x8981}}, {{0x7a4e, 0x2208}}, {{0x0302, 0x7144}},
		{{0xb043, 0x117e}}, {{0x0082, 0x117f}}, {{0x008c, 0x0c1f}}, {{0x10a5, 0x7744}},
		{{0x117c, 0x0082}}, {{0x117d, 0x008c}}, {{0x0c43, 0x1084}}, {{0xb340, 0x117d}},
		{{0x0081, 0xb321}}, {{0xf01b, 0xb341}}, {{0x117c, 0x0082}}, {{0x7144, 0xb340}},
		{{0x117e, 0x008c}}, {{0x2409, 0x1082}}, {{0x7744, 0xb340}}, {{0x117f, 0x0082}},
		{{0x7144, 0xb342}}, {{0x117d, 0x0082}}, {{0x7744, 0xb343}}, {{0x117f, 0x008c}},
		{{0x794e, 0x2108}}, {{0x0301, 0x7124}}, {{0xb323, 0x244a}}, {{0x7f80, 0xe008}},
		{{0x20a8, 0x0300}}, {{0x9020, 0x0913}}, {{0x0f81, 0x0000}}, {{0xffff, 0xd97f}},
		{{0x1802, 0x0005}}, {{0xb020, 0xe008}}, {{0xc4c6, 0x78e0}}, {{0xc2e2, 0xc1a1}},
		{{0xdd3f, 0x1800}}, {{0x0003, 0xa9a0}}, {{0x8a61, 0x7074}}, {{0x706c, 0xf412}},
		{{0x8a63, 0x7074}}, {{0x716c, 0xf40e}}, {{0x244a, 0x7f80}}, {{0x6a85, 0x726c}},
		{{0x20a8, 0x01c0}}, {{0x1402, 0x148b}}, {{0x0b09, 0x1011}}, {{0x7164, 0xf003}},
		{{0xa860, 0x127f}}, {{0x0083, 0xeb92}}, {{0x127d, 0x0083}}, {{0xdd3e, 0xeb8e}},
		{{0x244a, 0x7f80}}, {{0xe27b, 0xdd3d}}, {{0x20a8, 0x0180}}, {{0x12fe, 0x8483}},
		{{0xeb84, 0x77a5}}, {{0x89a0, 0xf003}}, {{0xa9a0, 0x8840}}, {{0x7baf, 0x4b54}},
		{{0x0c17, 0x1333}}, {{0x700c, 0xd8c9}}, {{0x41c3, 0x019e}}, {{0x0003, 0x0daa}},
		{{0xff2f, 0xc440}}, {{0x760c, 0x7487}}, {{0xc6c2, 0x78e0}}, {{0x2053, 0x0142}},
		{{0xb826, 0xa941}}, {{0x7fe0, 0xa900}}, {{0xc2e2, 0x45cb}}, {{0x9004, 0x0146}},
		{{0xd820, 0x0872}}, {{0x0120, 0x1d00}}, {{0x1045, 0x1d00}}, {{0x1005, 0xc6c2}},
		{{0xc2e6, 0x1cfc}}, {{0xb6c8, 0x45cb}}, {{0x9004, 0x01c6}}, {{0x95c0, 0x1504}},
		{{0x110b, 0x260a}}, {{0x3040, 0x4318}}, {{0x236c, 0x1101}}, {{0x264f, 0x12cf}},
		{{0x2605, 0x1f80}}, {{0x0000, 0x0c00}}, {{0xb522, 0xb5e0}}, {{0xb500, 0x0836}},
		{{0x0120, 0xd80a}}, {{0xb5e0, 0x1600}}, {{0x7100, 0x9006}}, {{0x017e, 0xb8c8}},
		{{0x1e00, 0x3004}}, {{0x1600, 0x7100}}, {{0x9002, 0x01c0}}, {{0xb8c8, 0x1b00}},
		{{0x3004, 0xb5c0}}, {{0x1d04, 0x12c4}}, {{0x1404, 0x341b}}, {{0xc6c6, 0x78e0}},
		{{0xc2e6, 0x1cfc}}, {{0xb6c8, 0xc1a8}}, {{0xc144, 0xc043}}, {{0x71ad, 0x700c}},
		{{0xc247, 0x1e00}}, {{0x7344, 0x9000}}, {{0x0148, 0x0f06}}, {{0xfd6f, 0xd9ff}},
		{{0xc003, 0x704c}}, {{0xd90b, 0x7d18}}, {{0x2553, 0x1040}}, {{0xc045, 0xc041}},
		{{0x700c, 0x706c}}, {{0x4648, 0xc242}}, {{0x0c1e, 0xfdef}}, {{0xc240, 0x700c}},
		{{0xd9ff, 0x0832}}, {{0xfe2f, 0x704c}}, {{0xc003, 0x6d32}}, {{0xda22, 0x210f}},
		{{0x0000, 0x232f}}, {{0x3007, 0x700c}}, {{0x762c, 0xdb40}}, {{0xc642, 0x1c04}},
		{{0x36c0, 0x0bf6}}, {{0xfdef, 0x1c00}}, {{0x35c1, 0xc405}}, {{0xd880, 0xd919}},
		{{0x744c, 0xdb4b}}, {{0xc642, 0xc640}}, {{0x0bde, 0xfdef}}, {{0xc441, 0x700c}},
		{{0x0b5a, 0xfdef}}, {{0x712c, 0x0f7e}}, {{0x00e0, 0x208a}}, {{0x0010, 0x40c3}},
		{{0x0000, 0x9c40}}, {{0x0fd6, 0x00e0}}, {{0xd908, 0xd912}}, {{0x09fe, 0xff6f}},
		{{0x4063, 0x47cb}}, {{0x8000, 0x063c}}, {{0x8fa0, 0xc604}}, {{0x7eb4, 0xf013}},
		{{0x78af, 0xc046}}, {{0xc003, 0x0e92}}, {{0x0020, 0xc106}}, {{0x262f, 0xf007}},
		{{0xf207, 0xc006}}, {{0xc203, 0x0eb6}}, {{0x01a0, 0x722c}}, {{0xb600, 0x72c5}},
		{{0x71a5, 0x8f01}}, {{0x08dd, 0x8365}}, {{0xd913, 0x09c2}}, {{0xff6f, 0x4063}},
		{{0x8fc0, 0xc504}}, {{0x7dd4, 0xf033}}, {{0xc003, 0x0e5e}}, {{0x0020, 0x4338}},
		{{0x262f, 0xf007}}, {{0xf229, 0xc203}}, {{0x722c, 0x0e82}}, {{0x01a0, 0x4063}},
		{{0x9520, 0xb808}}, {{0x7825, 0xb500}}, {{0x1600, 0x7101}}, {{0x8000, 0x0006}},
		{{0x218c, 0x81c3}}, {{0xf705, 0x710c}}, {{0x1d00, 0x1045}}, {{0xf00d, 0x7810}},
		{{0x080d, 0x0095}}, {{0x40c3, 0x0000}}, {{0xffff, 0xf006}}, {{0x2e05, 0x7000}},
		{{0x0002, 0x0000}}, {{0xb500, 0x7b10}}, {{0x740c, 0x41c3}}, {{0x0242, 0x0002}},
		{{0x0bd6, 0xff2f}}, {{0x42c1, 0x72a5}}, {{0x71c5, 0x8f41}}, {{0x0a9d, 0x83a5}},
		{{0x79cf, 0x8fa0}}, {{0xf013, 0xc003}}, {{0x0dee, 0x0020}}, {{0x79af, 0x262f}},
		{{0xf007, 0xf40b}}, {{0xc004, 0x0d0d}}, {{0x103f, 0x78b4}}, {{0x9021, 0xf004}},
		{{0x10fe, 0x8101}}, {{0xb020, 0x8f41}}, {{0x71a5, 0x0adf}}, {{0x8345, 0xc007}},
		{{0xe819, 0x8f80}}, {{0x0a2f, 0x0324}}, {{0xd90c, 0xc303}}, {{0xc807, 0xb990}},
		{{0x7074, 0x21c0}}, {{0x0062, 0x7905}}, {{0xc004, 0x7450}}, {{0x20f4, 0x0303}},
		{{0x2c40, 0x1300}}, {{0x7825, 0x781b}}, {{0xb89c, 0x7185}}, {{0xb89f, 0xb060}},
		{{0xf7b4, 0x700c}}, {{0x0d6a, 0xfd6f}}, {{0xd9ff, 0xc005}}, {{0x706c, 0xd90c}},
		{{0xc041, 0x700c}}, {{0x744c, 0x4568}}, {{0xc342, 0x0a8e}}, {{0xfdef, 0xc340}},
		{{0xdeff, 0x700c}}, {{0xd907, 0x764c}}, {{0x706c, 0xc642}}, {{0xc541, 0x0a7a}},
		{{0xfdef, 0xc540}}, {{0xc005, 0xd910}}, {{0x744c, 0xc041}}, {{0x700c, 0x706c}},
		{{0xc542, 0x0a66}}, {{0xfdef, 0xc540}}, {{0xd880, 0xd907}}, {{0x764c, 0x706c}},
		{{0xc642, 0xc541}}, {{0x0a52, 0xfdef}}, {{0xc540, 0x700c}}, {{0x09ce, 0xfdef}},
		{{0x712c, 0x087a}}, {{0x01c0, 0xc0a8}}, {{0x1404, 0x341b}}, {{0xc6c6, 0x78e0}},
		{{0x1600, 0x7100}}, {{0x9004, 0x0148}}, {{0x7ee0, 0x78e0}}, {{0x41c3, 0x8000}},
		{{0x063b, 0x8901}}, {{0x8920, 0x2079}}, {{0x0000, 0x781b}}, {{0x7835, 0x2034}},
		{{0x0f80, 0x8000}}, {{0x043c, 0x7ee0}}, {{0x40c3, 0x8000}}, {{0x0670, 0x0239}},
		{{0xfd6f, 0x8000}}, {{0x40c3, 0x8000}}, {{0x063a, 0x8840}}, {{0x8801, 0x41c3}},
		{{0x8000, 0x0670}}, {{0x229f, 0x0a01}}, {{0x205f, 0x0d03}}, {{0x8100, 0x6058}},
		{{0x631b, 0x01f9}}, {{0xfd6f, 0x8b02}}, {{0xc2e4, 0xc1a2}}, {{0x4628, 0xc105}},
		{{0x4508, 0x0b19}}, {{0x0130, 0x740c}}, {{0x2350, 0x000c}}, {{0x2178, 0x0000}},
		{{0x7295, 0x781b}}, {{0x20c0, 0x0061}}, {{0x780f, 0x2000}}, {{0x0f80, 0x8000}},
		{{0x00c8, 0x888a}}, {{0xec07, 0x8880}}, {{0xad80, 0x8885}}, {{0xae80, 0x880a}},
		{{0xaa00, 0x0f8a}}, {{0x01e0, 0x4060}}, {{0x8d80, 0xe80a}}, {{0x8e00, 0x6098}},
		{{0x708d, 0x2089}}, {{0x0fc1, 0xae00}}, {{0x1d00, 0x1003}}, {{0x8ea0, 0x8a40}},
		{{0xc341, 0x740c}}, {{0x41c3, 0x01ba}}, {{0x0004, 0xc240}}, {{0x4281, 0x0a3a}},
		{{0xff2f, 0x43a1}}, {{0xc0a2, 0xc6c4}}, {{0xc2e2, 0x71ad}}, {{0xe886, 0x0eea}},
		{{0xfe0f, 0x0809}}, {{0x00d1, 0x72ad}}, {{0x40a1, 0xc6c2}}, {{0xc0e6, 0x0819}},
		{{0x00b5, 0x716d}}, {{0xdc4a, 0xbc9f}}, {{0x2079, 0x000f}}, {{0x8c00, 0x70ad}},
		{{0x71cd, 0xf009}}, {{0xdc7d, 0xbc9f}}, {{0x2079, 0x008f}}, {{0x8c00, 0x72cd}},
		{{0x71ad, 0x14db}}, {{0x908c, 0xb8c0}}, {{0x78e7, 0xb100}}, {{0x2b00, 0x1001}},
		{{0x0c13, 0x102e}}, {{0xaa20, 0x41c3}}, {{0x8000, 0x063a}}, {{0x706d, 0xabc0}},
		{{0xa9a0, 0x4061}}, {{0xc4c6, 0x78e0}}, {{0xc0e2, 0x0827}}, {{0x0050, 0xe8a8}},
		{{0x1600, 0x7080}}, {{0x8000, 0x0025}}, {{0x44cb, 0x8000}}, {{0x063e, 0x8ca0}},
		{{0x2078, 0x00c0}}, {{0x7104, 0xa100}}, {{0xaaa0, 0x8c01}}, {{0xf017, 0x1600}},
		{{0x7080, 0x8000}}, {{0x0058, 0x0811}}, {{0x0050, 0x0813}}, {{0x00d1, 0x1900}},
		{{0x0081, 0xf007}}, {{0x1900, 0x0041}}, {{0xf003, 0x1900}}, {{0x0001, 0x40c3}},
		{{0x8000, 0x0640}}, {{0x8820, 0xaa20}}, {{0x8801, 0xab00}}, {{0xc4c2, 0x78e0}},
		{{0xc0f1, 0x7704}}, {{0x086f, 0x01f5}}, {{0xc1a1, 0x1208}}, {{0x308c, 0x1206}},
		{{0x3082, 0x1207}}, {{0x3083, 0x2025}}, {{0x0000, 0xf008}}, {{0xf00b, 0xf010}},
		{{0xf013, 0xf018}}, {{0xf01b, 0xf020}}, {{0x700c, 0x41c3}}, {{0x009d, 0x0003}},
		{{0xf01e, 0x700c}}, {{0x41c3, 0x009e}}, {{0x0003, 0xf01a}}, {{0x700c, 0x41c3}},
		{{0x009f, 0x0003}}, {{0xf014, 0x700c}}, {{0x41c3, 0x00a0}}, {{0x0003, 0xf010}},
		{{0x700c, 0x41c3}}, {{0x00a1, 0x0003}}, {{0xf00a, 0x700c}}, {{0x41c3, 0x00a2}},
		{{0x0003, 0xf006}}, {{0x700c, 0x41c3}}, {{0x00a3, 0x0003}}, {{0x0aea, 0xfd2f}},
		{{0xc440, 0x7487}}, {{0xc0d1, 0x7ee0}}, {{0xc2e6, 0x1cfc}}, {{0xb6c8, 0xc1b4}},
		{{0x1600, 0x710c}}, {{0x8000, 0x000a}}, {{0xc04f, 0x4528}}, {{0xc450, 0xc010}},
		{{0xc34c, 0xc24d}}, {{0x781d, 0x2044}}, {{0x8780, 0xc04b}}, {{0x700c, 0xc053}},
		{{0xf206, 0xc00b}}, {{0x080d, 0x00b1}}, {{0x710c, 0xc053}}, {{0xd810, 0xc04b}},
		{{0xc010, 0xd940}}, {{0xda20, 0xb8e1}}, {{0xc00f, 0xa821}}, {{0xa840, 0xf20f}},
		{{0xcc10, 0x8d61}}, {{0x8d40, 0x1211}}, {{0x370c, 0xc041}}, {{0xd8c8, 0x41c3}},
		{{0x019b, 0x0004}}, {{0x08a2, 0xff2f}}, {{0xc440, 0x8d01}}, {{0xc20c, 0xc30d}},
		{{0xc044, 0x8d00}}, {{0xc104, 0x092a}}, {{0xfe6f, 0xc046}}, {{0xc110, 0x091d}},
		{{0x007e, 0xc045}}, {{0xc405, 0x8d61}}, {{0x8d40, 0xd8c8}}, {{0x41c3, 0x019c}},
		{{0x0003, 0x0876}}, {{0xff2f, 0xc440}}, {{0xc005, 0x7214}}, {{0x019e, 0x0005}},
		{{0x8d00, 0xc049}}, {{0x8d01, 0xc04a}}, {{0xc00b, 0xb822}}, {{0xc052, 0x740c}},
		{{0xc047, 0x700c}}, {{0xc051, 0xc012}}, {{0xc048, 0xc005}}, {{0xc607, 0xc106}},
		{{0xc04e, 0xc006}}, {{0x661e, 0xc007}}, {{0xbec5, 0x4915}}, {{0xc009, 0xbdc5}},
		{{0x0d0f, 0x1021}}, {{0x70ed, 0xc104}}, {{0xc00a, 0x081d}}, {{0x0040, 0xc104}},
		{{0xc20c, 0xc30d}}, {{0x08ba, 0xfe6f}}, {{0x40a1, 0xc204}}, {{0xc10a, 0x090f}},
		{{0x00a1, 0x4708}}, {{0xc009, 0x0e27}}, {{0x1000, 0xc104}}, {{0xc20c, 0xc30d}},
		{{0x089e, 0xfe6f}}, {{0x40c1, 0x0f17}}, {{0x1005, 0xc10e}}, {{0x0815, 0x0064}},
		{{0x4708, 0xc106}}, {{0xc646, 0xc149}}, {{0xf009, 0xc00e}}, {{0x0f09, 0x1005}},
		{{0xc70e, 0xf005}}, {{0xc006, 0xc546}}, {{0xc049, 0xc004}}, {{0xc607, 0xc104}},
		{{0x661e, 0xc007}}, {{0xbec6, 0x4915}}, {{0xc00a, 0xbdc6}}, {{0x0d13, 0x1021}},
		{{0x706f, 0xc106}}, {{0xc009, 0x7030}}, {{0x700c, 0xc045}}, {{0xf208, 0xc006}},
		{{0xc20c, 0xc30d}}, {{0x084a, 0xfe6f}}, {{0x41a1, 0xc045}}, {{0xc00a, 0x0e0f}},
		{{0x1001, 0xc106}}, {{0xc009, 0x0815}}, {{0x0040, 0xc006}}, {{0xc20c, 0xc30d}},
		{{0x082e, 0xfe6f}}, {{0x41c1, 0x4318}}, {{0xc005, 0x0815}}, {{0x06c5, 0x0b17}},
		{{0x33c4, 0xc004}}, {{0xc644, 0x1c14}}, {{0x36c0, 0xf009}}, {{0xc005, 0x080b}},
		{{0x03c5, 0xc745}}, {{0xf004, 0xc004}}, {{0xc544, 0xc04a}}, {{0xc105, 0xc00e}},
		{{0x0917, 0x0021}}, {{0xc512, 0xc008}}, {{0x262f, 0xf007}}, {{0xf204, 0xc008}},
		{{0x68a9, 0xf003}}, {{0x70ad, 0xc010}}, {{0x0825, 0x007e}}, {{0x78af, 0xc043}},
		{{0xc007, 0xc204}}, {{0xc306, 0xc042}}, {{0xc005, 0xc240}}, {{0xc211, 0xc041}},
		{{0x41c3, 0x019d}}, {{0x0006, 0x0f32}}, {{0xfeef, 0xd8c8}}, {{0xc00f, 0x8820}},
		{{0xc006, 0x0919}}, {{0x0021, 0x262f}}, {{0xf347, 0xf20b}}, {{0xc00f, 0x8821}},
		{{0xc004, 0x092d}}, {{0x0001, 0xf005}}, {{0x262f, 0xf347}}, {{0xf410, 0xc007}},
		{{0x202f, 0x8001}}, {{0xc047, 0xc012}}, {{0x751c, 0xc007}}, {{0x20ca, 0x0061}},
		{{0xc047, 0xf406}}, {{0xc013, 0xc548}}, {{0xe803, 0xf011}}, {{0xc548, 0xc104}},
		{{0xc00f, 0xa821}}, {{0xc011, 0x7104}}, {{0xc051, 0xc111}}, {{0xc00b, 0x7110}},
		{{0xc106, 0xc00f}}, {{0x0686, 0xffe5}}, {{0xa820, 0xc005}}, {{0xc0b4, 0x1404}},
		{{0x341b, 0xc6c6}}, {{0xc0e2, 0x40c3}}, {{0x8000, 0x063c}}, {{0x8840, 0x88a1}},
		{{0x2a40, 0x0341}}, {{0xf012, 0x2105}}, {{0x0f8c, 0x9002}}, {{0x0154, 0x9460}},
		{{0x4b48, 0x208b}}, {{0x800f, 0xf206}}, {{0x2342, 0x0800}}, {{0x2080, 0x0010}},
		{{0xb400, 0x2196}}, {{0x0010, 0x7144}}, {{0x0ddf, 0x9085}}, {{0xc4c2, 0x78e0}},
		{{0xd808, 0x704c}}, {{0x204f, 0x04c0}}, {{0x2615, 0x7081}}, {{0x8000, 0x043c}},
		{{0x7154, 0x714c}}, {{0xa100, 0xf5fa}}, {{0x7ee0, 0x78e0}}, {{0x716c, 0x4100}},
		{{0x228a, 0x0fc3}}, {{0x7274, 0x1937}}, {{0x0082, 0x1933}}, {{0x0082, 0xa944}},
		{{0xa940, 0x6079}}, {{0x726c, 0xf7b8}}, {{0x7ee0, 0x78e0}}, {{0xc0e6, 0x2840}},
		{{0x024e, 0x44cb}}, {{0x900e, 0x0048}}, {{0x2605, 0x130f}}, {{0x7285, 0xb720}},
		{{0x2605, 0x130f}}, {{0x7285, 0xb740}}, {{0x2605, 0x130f}}, {{0x7285, 0xc503}},
		{{0xb720, 0x2605}}, {{0x130f, 0x6c22}}, {{0xb740, 0x2605}}, {{0x1042, 0x7224}},
		{{0xb260, 0x2605}}, {{0x1042, 0x7224}}, {{0xb2a0, 0x6942}}, {{0x2605, 0x104c}},
		{{0x7e45, 0xb460}}, {{0x080d, 0x03f1}}, {{0xb6a0, 0x208a}}, {{0x0fc7, 0xf006}},
		{{0x1274, 0x0101}}, {{0x210f, 0x0000}}, {{0x1a74, 0x0004}}, {{0xc4c6, 0x78e0}},
		{{0x44cb, 0x900e}}, {{0x00c2, 0x1c02}}, {{0x1014, 0xb420}}, {{0xb441, 0x7fe0}},
		{{0xb462, 0x78e0}}, {{0xc0e2, 0x42c3}}, {{0x8000, 0x063f}}, {{0x4508, 0x8a00}},
		{{0x246f, 0x1e43}}, {{0x8c40, 0x203c}}, {{0x0040, 0x7b1b}}, {{0x7a79, 0x0a19}},
		{{0x036f, 0x710c}}, {{0x14bb, 0x1082}}, {{0x63b8, 0x2211}}, {{0x8000, 0x2144}},
		{{0x0040, 0xf203}}, {{0xc4c2, 0x2052}}, {{0x0000, 0xc4c2}}, {{0x682b, 0x0917}},
		{{0x0175, 0x7114}}, {{0x1600, 0x7100}}, {{0x8000, 0x0014}}, {{0x206d, 0x00c0}},
		{{0x7ee0, 0x700c}}, {{0xf3f8, 0xf1fe}}, {{0x1600, 0x7080}}, {{0x8000, 0x0092}},
		{{0x7ee0, 0x78e0}}, {{0xc2e6, 0x1cfc}}, {{0xb6c8, 0x2482}}, {{0x3608, 0x4100}},
		{{0xc086, 0x0dde}}, {{0xffaf, 0x4338}}, {{0xc183, 0x2440}}, {{0x32c2, 0x0fb2}},
		{{0xfe2f, 0x4063}}, {{0xe8af, 0x140b}}, {{0x3080, 0x0813}}, {{0x00b0, 0x722c}},
		{{0x7314, 0x700c}}, {{0xf204, 0x702c}}, {{0xf002, 0x710c}}, {{0x2109, 0x0002}},
		{{0x7852, 0xc783}}, {{0x6038, 0x70cd}}, {{0x7f34, 0x68a2}}, {{0xc082, 0xc386}},
		{{0x41e1, 0x0c2a}}, {{0xffef, 0x4263}}, {{0x0811, 0x0384}}, {{0x1409, 0x3081}},
		{{0x4608, 0xc141}}, {{0xc122, 0xc140}}, {{0x258d, 0x1cbf}}, {{0xbf62, 0xee0a}},
		{{0xc001, 0x1b83}}, {{0x3002, 0xc000}}, {{0x1b82, 0x3002}}, {{0x700c, 0xf003}},
		{{0x750c, 0x2480}}, {{0x3608, 0x1404}}, {{0x341b, 0xc6c6}}, {{0xc2e4, 0x702c}},
		{{0xda34, 0x4508}}, {{0x0c9e, 0xfcef}}, {{0x2055, 0x080e}}, {{0xd932, 0xb99f}},
		{{0x1101, 0x0480}}, {{0xad01, 0x1101}}, {{0x0480, 0xad02}}, {{0x1101, 0x0480}},
		{{0xad03, 0x1101}}, {{0x0480, 0xad04}}, {{0x1101, 0x0480}}, {{0xad0b, 0x1101}},
		{{0x0480, 0xad0c}}, {{0x1101, 0x0480}}, {{0xad0d, 0x1101}}, {{0x0480, 0xad0e}},
		{{0x1101, 0x0480}}, {{0xad10, 0x1101}}, {{0x0480, 0xad11}}, {{0x1101, 0x0480}},
		{{0xad16, 0x114e}}, {{0x0480, 0xad18}}, {{0x1102, 0x0480}}, {{0x4220, 0x2280}},
		{{0x0c7e, 0x1d33}}, {{0x1002, 0x1201}}, {{0x0480, 0x1d35}}, {{0x1002, 0x1201}},
		{{0x0480, 0x1d36}}, {{0x1002, 0x1201}}, {{0x0480, 0x1d37}}, {{0x1002, 0x1201}},
		{{0x0480, 0x1d38}}, {{0x1002, 0x1201}}, {{0x0480, 0x1d3f}}, {{0x1002, 0x1201}},
		{{0x0480, 0x1d40}}, {{0x1002, 0x1201}}, {{0x0480, 0x1d41}}, {{0x1002, 0x1201}},
		{{0x0480, 0x1d42}}, {{0x1002, 0x1201}}, {{0x0480, 0x1d44}}, {{0x1002, 0x1201}},
		{{0x0480, 0x1d45}}, {{0x1002, 0x1201}}, {{0x0480, 0x1d4a}}, {{0x1002, 0x121c}},
		{{0x0480, 0x1d4c}}, {{0x1002, 0x8900}}, {{0x1d67, 0x1002}}, {{0x1201, 0x0480}},
		{{0x1d69, 0x1002}}, {{0x1201, 0x0480}}, {{0x1d6a, 0x1002}}, {{0x1201, 0x0480}},
		{{0x1d6b, 0x1002}}, {{0x1201, 0x0480}}, {{0x1d6c, 0x1002}}, {{0x1201, 0x0480}},
		{{0x1d73, 0x1002}}, {{0x1201, 0x0480}}, {{0x1d74, 0x1002}}, {{0x1201, 0x0480}},
		{{0x1d75, 0x1002}}, {{0x1201, 0x0480}}, {{0x1d76, 0x1002}}, {{0x1201, 0x0480}},
		{{0x1d78, 0x1002}}, {{0x1201, 0x0480}}, {{0x1d79, 0x1002}}, {{0x1201, 0x0480}},
		{{0x1d7e, 0x1002}}, {{0x1201, 0x0480}}, {{0xae00, 0x8902}}, {{0x1d9b, 0x1002}},
		{{0x1201, 0x0480}}, {{0x1d9d, 0x1002}}, {{0x1201, 0x0480}}, {{0x1d9e, 0x1002}},
		{{0x1201, 0x0480}}, {{0x1d9f, 0x1002}}, {{0x1201, 0x0480}}, {{0x1e20, 0x1002}},
		{{0x1201, 0x0480}}, {{0x1da7, 0x1002}}, {{0x1201, 0x0480}}, {{0x1e28, 0x1002}},
		{{0x1201, 0x0480}}, {{0x1da9, 0x1002}}, {{0x1201, 0x0480}}, {{0x1daa, 0x1002}},
		{{0x1201, 0x0480}}, {{0x1e2c, 0x1002}}, {{0x8a00, 0x1dad}}, {{0x1002, 0x8a01}},
		{{0x1db2, 0x1002}}, {{0x8a02, 0x1e34}}, {{0x1002, 0x8904}}, {{0x1dcf, 0x1002}},
		{{0xc6c4, 0x78e0}}, {{0xc2e6, 0x1cfc}}, {{0xb6c8, 0x256f}}, {{0x1243, 0x8d00}},
		{{0x084d, 0x017e}}, {{0xc1bc, 0x42c3}}, {{0x9004, 0x0110}}, {{0x1202, 0x0500}},
		{{0x41c3, 0x8000}}, {{0x0130, 0x1902}}, {{0x0014, 0x1202}}, {{0x0500, 0x1902}},
		{{0x0014, 0x1204}}, {{0x0500, 0x1902}}, {{0x0014, 0x1280}}, {{0x8500, 0xb100}},
		{{0xc807, 0x7b1b}}, {{0x2305, 0x0080}}, {{0x9080, 0x6a0c}}, {{0x7865, 0xb183}},
		{{0x9080, 0x6a0a}}, {{0x7865, 0xb181}}, {{0x9000, 0xb102}}, {{0xc097, 0x41c3}},
		{{0x8000, 0x0504}}, {{0x0b3e, 0xfcef}}, {{0xda12, 0xc097}}, {{0x085e, 0x02a0}},
		{{0xd912, 0x8d20}}, {{0x090b, 0x01ff}}, {{0x700c, 0x2144}}, {{0x0040, 0x42c3}},
		{{0x9004, 0x0116}}, {{0xd925, 0xb99f}}, {{0xb200, 0x8900}}, {{0x1ace, 0x8004}},
		{{0x1133, 0x0080}}, {{0x1ad0, 0x8004}}, {{0x11f4, 0x8080}}, {{0xe892, 0x0e0e}},
		{{0x0180, 0xc803}}, {{0xe80e, 0x702c}}, {{0x2105, 0x0f83}}, {{0x9002, 0x0146}},
		{{0x9340, 0x2196}}, {{0x0010, 0x2244}}, {{0x0302, 0x208d}}, {{0x0e3f, 0xb340}},
		{{0x0c0e, 0x0300}}, {{0x0c9e, 0x0000}}, {{0x1600, 0x7100}}, {{0x8000, 0x0006}},
		{{0x208c, 0x8019}}, {{0x0364, 0x0005}}, {{0x0f82, 0xfdcf}}, {{0x7014, 0x035c}},
		{{0x0002, 0xca03}}, {{0x080f, 0x00b5}}, {{0x1207, 0x3603}}, {{0x2345, 0x0502}},
		{{0xf004, 0x080d}}, {{0x0135, 0xda56}}, {{0x722c, 0xf006}}, {{0x4260, 0x712c}},
		{{0x2285, 0x05c1}}, {{0xc149, 0x700c}}, {{0xb88c, 0x44cb}}, {{0x9003, 0xe1b2}},
		{{0x7b7b, 0x224f}}, {{0x0401, 0x7d5b}}, {{0xc153, 0xb400}}, {{0x2305, 0x0f82}},
		{{0x9003, 0xe01e}}, {{0x2305, 0x0f83}}, {{0x9002, 0x001e}}, {{0x93c0, 0x793b}},
		{{0xb99c, 0xb99f}}, {{0xc14f, 0x266c}}, {{0x1081, 0x2145}}, {{0x0181, 0xb220}},
		{{0xc10f, 0xb88d}}, {{0x91c0, 0x41c3}}, {{0x9003, 0xe01e}}, {{0xb97e, 0x7d25}},
		{{0xc109, 0xc54d}}, {{0x7e26, 0xc10d}}, {{0xb1c0, 0x1600}}, {{0x7101, 0x9002}},
		{{0x0158, 0xb9a0}}, {{0x1ca6, 0x9044}}, {{0x93a0, 0x2545}}, {{0x1141, 0x0cd6}},
		{{0x00a0, 0xb220}}, {{0xc109, 0xc807}}, {{0xc486, 0x7932}}, {{0xc150, 0x6c2a}},
		{{0x2546, 0x1142}}, {{0xc152, 0x791b}}, {{0xba82, 0x2105}}, {{0x0f81, 0x9003}},
		{{0xe01e, 0x47cb}}, {{0x8000, 0x063c}}, {{0xb140, 0x8f42}}, {{0x8f23, 0x706c}},
		{{0xaf40, 0x1704}}, {{0x109e, 0x218c}}, {{0x8fc3, 0xc348}}, {{0x26ca, 0x3022}},
		{{0xc347, 0xc346}}, {{0xaf21, 0xf00d}}, {{0xc10a, 0x7170}}, {{0x0220, 0x0005}},
		{{0x8f45, 0xc10a}}, {{0x7150, 0x0218}}, {{0x0006, 0x2640}}, {{0x305e, 0x212f}},
		{{0x0787, 0xc14a}}, {{0xb90c, 0x7825}}, {{0x43c3, 0x9002}}, {{0x01a0, 0x7c1b}},
		{{0xc14c, 0x6ba2}}, {{0x7b85, 0x9320}}, {{0xc00a, 0x228a}}, {{0x0fcf, 0x1c18}},
		{{0x3044, 0xb80d}}, {{0xc04e, 0x2405}}, {{0x1340, 0x9060}}, {{0x6d02, 0x2405}},
		{{0x1001, 0x1c1a}}, {{0x30c4, 0x9160}}, {{0x7204, 0x2405}}, {{0x1001, 0x1c1c}},
		{{0x30c4, 0x9160}}, {{0x6822, 0x7c25}}, {{0x1c1e, 0x30c4}}, {{0x9460, 0xc00e}},
		{{0x1c22, 0x3084}}, {{0x1c20, 0x30c4}}, {{0x2005, 0x0f80}}, {{0x9002, 0x0158}},
		{{0xc051, 0x9040}}, {{0xc00e, 0x6962}}, {{0x224f, 0x0001}}, {{0x7b05, 0xc011}},
		{{0xbaa0, 0xb020}}, {{0xb040, 0x93a0}}, {{0x141c, 0x3102}}, {{0x1418, 0x310e}},
		{{0x141e, 0x3101}}, {{0x1420, 0x3100}}, {{0x141a, 0x311b}}, {{0xc241, 0xc20a}},
		{{0xc043, 0xc142}}, {{0x740c, 0x41c3}}, {{0x0042, 0x0007}}, {{0x43c1, 0xc544}},
		{{0x08e6, 0xfeef}}, {{0x1c00, 0x36c0}}, {{0x255f, 0x1380}}, {{0x2302, 0x3381}},
		{{0x7adb, 0x79a2}}, {{0x201c, 0x0f80}}, {{0x51eb, 0x851f}}, {{0x223c, 0x0342}},
		{{0xc612, 0xc255}}, {{0xb825, 0xc04b}}, {{0x213f, 0x0002}}, {{0x7813, 0xc054}},
		{{0x213a, 0x0000}}, {{0x706f, 0x7845}}, {{0xc056, 0x1600}}, {{0x7100, 0x8000}},
		{{0x0006, 0x081b}}, {{0x0f85, 0x0000}}, {{0x0c80, 0x9601}}, {{0x781b, 0x0d53}},
		{{0x1024, 0x2379}}, {{0x3100, 0xd943}}, {{0xf013, 0x0b37}}, {{0x3010, 0x9601}},
		{{0x791b, 0x0919}}, {{0x0344, 0x9620}}, {{0x7822, 0xc10b}}, {{0x78a2, 0x090d}},
		{{0x0002, 0xc114}}, {{0x082b, 0x0043}}, {{0x2379, 0x3100}}, {{0xd947, 0x0a4a}},
		{{0xfcef, 0xb910}}, {{0x7167, 0x0bb7}}, {{0xb174, 0x72c5}}, {{0xf008, 0xc116}},
		{{0xc015, 0x2005}}, {{0x807e, 0xf5f8}}, {{0x706f, 0xf003}}, {{0x756f, 0xc30c}},
		{{0xc213, 0xc807}}, {{0x43cb, 0x9002}}, {{0x015a, 0x7b45}}, {{0xc20c, 0x7d7b}},
		{{0x212f, 0x06c7}}, {{0x2205, 0x0f82}}, {{0x0001, 0x000f}}, {{0xc24b, 0xc20c}},
		{{0xc30b, 0xbd9c}}, {{0x7a05, 0x7a5b}}, {{0x7865, 0x2205}}, {{0x02c3, 0xbd9f}},
		{{0xb320, 0x1500}}, {{0x111b, 0x791b}}, {{0xc009, 0xb99c}}, {{0xb99f, 0x2005}},
		{{0x06c0, 0xb500}}, {{0x91c0, 0x2205}}, {{0x0f82, 0x9002}}, {{0x0028, 0x266c}},
		{{0x1040, 0xb880}}, {{0xb100, 0x9200}}, {{0x791b, 0x2184}}, {{0x0f87, 0x219f}},
		{{0x0802, 0x0ad2}}, {{0x00a0, 0x2155}}, {{0x0a00, 0xc010}}, {{0xbea0, 0x7465}},
		{{0x2304, 0x3001}}, {{0xb520, 0xc807}}, {{0xc10b, 0x2354}}, {{0x19c3, 0x7905}},
		{{0x793b, 0xb99c}}, {{0xb99f, 0xb1c0}}, {{0xc111, 0x9140}}, {{0xc40e, 0xc50c}},
		{{0x7c65, 0x224f}}, {{0x0003, 0xbaa0}}, {{0xb160, 0xb140}}, {{0x7d05, 0x9440}},
		{{0x79bb, 0x2105}}, {{0x02c3, 0xb340}}, {{0x8f43, 0xc10a}}, {{0x090b, 0x00a5}},
		{{0x228c, 0x8fc3}}, {{0xf503, 0xc10a}}, {{0x7150, 0x05f0}}, {{0xffe2, 0x8f64}},
		{{0x8f25, 0x7330}}, {{0x05fa, 0xffee}}, {{0x260a, 0x30c0}}, {{0xc10f, 0x7a1b}},
		{{0x2205, 0x0f83}}, {{0x9002, 0x001e}}, {{0x91a0, 0xc109}}, {{0xc00d, 0x79a5}},
		{{0xb020, 0x93c0}}, {{0x2205, 0x0f81}}, {{0x9003, 0xe01e}}, {{0x2205, 0x0f82}},
		{{0x9002, 0x0028}}, {{0x266c, 0x1040}}, {{0xb880, 0xb100}}, {{0x9200, 0x791b}},
		{{0x2184, 0x0f87}}, {{0x219f, 0x0802}}, {{0x0a2a, 0x00a0}}, {{0x2155, 0x0a00}},
		{{0xc010, 0xbea0}}, {{0x7d04, 0xc00d}}, {{0xb0a0, 0xc807}}, {{0x781b, 0x2005}},
		{{0x0f80, 0x9003}}, {{0xe01e, 0xb0c0}}, {{0x090e, 0x0180}}, {{0xc0bc, 0x1404}},
		{{0x341b, 0xc6c6}}, {{0xc2e6, 0x1cfc}}, {{0xb6c8, 0xc1a6}}, {{0x0c22, 0xffaf}},
		{{0x4608, 0x0c46}}, {{0xffaf, 0xc044}}, {{0x0c32, 0xffaf}}, {{0xc043, 0xc045}},
		{{0x700c, 0x08fe}}, {{0xfd2f, 0xd9ff}}, {{0x0a3e, 0xfdaf}}, {{0xd8ff, 0x71ed}},
		{{0x40c3, 0x0001}}, {{0x0000, 0xd919}}, {{0xda08, 0xdb47}}, {{0xc742, 0xc641}},
		{{0xc740, 0x0e16}}, {{0xfd6f, 0x4318}}, {{0x700c, 0xd919}}, {{0xda08, 0xdb47}},
		{{0x4508, 0xc042}}, {{0xc641, 0x0e02}}, {{0xfd6f, 0xc040}}, {{0x700c, 0xd919}},
		{{0xda08, 0xdb47}}, {{0xc542, 0xc641}}, {{0x0dee, 0xfd6f}}, {{0xc740, 0xd919}},
		{{0xda08, 0xdb47}}, {{0x4063, 0xc742}}, {{0xc641, 0x0dde}}, {{0xfd6f, 0xc740}},
		{{0xc003, 0x706c}}, {{0xc542, 0x2044}}, {{0x0041, 0x6038}}, {{0xe020, 0x7a0f}},
		{{0x700c, 0xd907}}, {{0xc541, 0x0dc2}}, {{0xfd6f, 0xc540}}, {{0x2b40, 0x3080}},
		{{0xd919, 0xda08}}, {{0xdb41, 0xc542}}, {{0xc641, 0xc043}}, {{0x0daa, 0xfd6f}},
		{{0xc540, 0xc105}}, {{0xc004, 0xdb41}}, {{0xc542, 0x7914}}, {{0x2154, 0x0c80}},
		{{0xb8c0, 0x6038}}, {{0x2054, 0x0c80}}, {{0x7a0f, 0xc003}}, {{0xd919, 0xc641}},
		{{0x0d86, 0xfd6f}}, {{0xc740, 0x202f}}, {{0x06c2, 0xd907}}, {{0x724c, 0x706c}},
		{{0x1c08, 0x30c1}}, {{0xc541, 0x0d72}}, {{0xfd6f, 0xc540}}, {{0x0962, 0xfdaf}},
		{{0xd8ff, 0x700c}}, {{0xd907, 0xda40}}, {{0x706c, 0xc542}}, {{0xc541, 0x0d5a}},
		{{0xfd6f, 0xc540}}, {{0xd880, 0xd907}}, {{0x744c, 0x706c}}, {{0xc542, 0xc541}},
		{{0x0d46, 0xfd6f}}, {{0xc540, 0xc0a6}}, {{0x1404, 0x341b}}, {{0xc6c6, 0x78e0}},
		{{0xc2e6, 0x1cfc}}, {{0xb6c8, 0xc807}}, {{0x264a, 0x3040}}, {{0x47cb, 0x9004}},
		{{0x00c2, 0x791b}}, {{0x2105, 0x0f80}}, {{0x9002, 0x001e}}, {{0x9000, 0x2105}},
		{{0x0f81, 0x9003}}, {{0xe01e, 0x70cd}}, {{0x2004, 0x0f80}}, {{0x0000, 0xff78}},
		{{0x2045, 0x0180}}, {{0xb100, 0x1f00}}, {{0x1784, 0x1600}}, {{0x7080, 0x8000}},
		{{0x0005, 0x726d}}, {{0x2756, 0x181b}}, {{0xe838, 0x700c}}, {{0x08fe, 0x00a0}},
		{{0x742c, 0x40c3}}, {{0x0098, 0x9680}}, {{0x702c, 0xb7c0}}, {{0x1b00, 0x3784}},
		{{0x1bfe, 0xb784}}, {{0x1e00, 0x7384}}, {{0x9004, 0x0620}}, {{0x08de, 0x00a0}},
		{{0x1bc4, 0xb384}}, {{0xd833, 0x47cb}}, {{0x9004, 0x0400}}, {{0x45cb, 0x9004}},
		{{0x0144, 0xb700}}, {{0xd820, 0x085e}}, {{0x00a0, 0xb5c0}}, {{0x208a, 0x0010}},
		{{0x1dac, 0x9784}}, {{0x1d00, 0x12c4}}, {{0x084a, 0x00a0}}, {{0x1dac, 0x9384}},
		{{0x700c, 0xd920}}, {{0xb5c0, 0x08a6}}, {{0x00a0, 0xb7c0}}, {{0x2555, 0x1ac0}},
		{{0xb0c0, 0x1d00}}, {{0x12c4, 0xf050}}, {{0x082a, 0x00a0}}, {{0x740c, 0x208a}},
		{{0x0c07, 0x45cb}}, {{0x9004, 0x0092}}, {{0xb500, 0xb7c0}}, {{0x47cb, 0x000f}},
		{{0x4240, 0x702c}}, {{0x40e1, 0x1b00}}, {{0x3384, 0x1e00}}, {{0x7384, 0x9004}},
		{{0x0620, 0x1bfe}}, {{0xb384, 0x1bc4}}, {{0xb384, 0x0862}}, {{0x00a0, 0x1d99}},
		{{0x10dd, 0x78fd}}, {{0x702c, 0x0856}}, {{0x00a0, 0x1d99}}, {{0x12dc, 0x40c3}},
		{{0x0098, 0x9680}}, {{0x702c, 0x0846}}, {{0x00a0, 0x1d99}}, {{0x139c, 0xd833}},
		{{0x47cb, 0x9004}}, {{0x0400, 0x1d5e}}, {{0x1784, 0xb700}}, {{0x760c, 0x0fc6}},
		{{0x0060, 0x1db2}}, {{0x1384, 0x700c}}, {{0x41c3, 0x0000}}, {{0x2710, 0x1d5e}},
		{{0x12c4, 0x081a}}, {{0x00a0, 0x1db2}}, {{0x12c4, 0x700c}}, {{0xd920, 0x1d5e}},
		{{0x1384, 0x1db2}}, {{0x1384, 0x0806}}, {{0x00a0, 0xb7c0}}, {{0x1daf, 0x139c}},
		{{0x1db2, 0x12c4}}, {{0x1404, 0x341b}}, {{0xc6c6, 0x78e0}}, {{0xc2e6, 0x098e}},
		{{0xfdcf, 0xe81e}}, {{0xc807, 0x43c3}}, {{0x9004, 0x0058}}, {{0x6b42, 0x6a86}},
		{{0x781b, 0x7b05}}, {{0x7a05, 0x7c05}}, {{0x93e0, 0x9220}}, {{0x94c0, 0xdd3f}},
		{{0x1600, 0x7080}}, {{0x8000, 0x0096}}, {{0xbd08, 0x7fa4}}, {{0x79a4, 0x7ea4}},
		{{0x7f05, 0x7905}}, {{0x78c5, 0xb3e0}}, {{0xb220, 0xb400}}, {{0xc6c6, 0x78e0}},
		{{0xc2e6, 0x1cfc}}, {{0xb6c8, 0xc1a6}}, {{0x2079, 0x004e}}, {{0x4728, 0x4508}},
		{{0x4020, 0x41c1}}, {{0x09ee, 0x0020}}, {{0xc244, 0x7014}}, {{0x700c, 0xc043}},
		{{0xf232, 0x43db}}, {{0x8000, 0x0550}}, {{0x40a1, 0x0cf2}}, {{0xff2f, 0x1b00}},
		{{0x3043, 0x40c3}}, {{0x0000, 0x7530}}, {{0x0f72, 0x0060}}, {{0x702c, 0xc204}},
		{{0x40c3, 0x8000}}, {{0x0674, 0x0b1e}}, {{0x01a0, 0xd90c}}, {{0x279f, 0x1a01}},
		{{0x265f, 0x1d01}}, {{0x704c, 0x43c3}}, {{0xffff, 0xefff}}, {{0x40a1, 0x61f9}},
		{{0x2100, 0x0f81}}, {{0x8000, 0x0674}}, {{0xc242, 0x1c04}}, {{0x3041, 0x0e96}},
		{{0x0220, 0x1c00}}, {{0x3fc1, 0x0d3a}}, {{0xfeef, 0x40a1}}, {{0x700c, 0x1b00}},
		{{0x3002, 0xf03d}}, {{0x2614, 0x13c0}}, {{0xc045, 0x6f14}}, {{0x78d6, 0x2000}},
		{{0x0f9b, 0x8000}}, {{0x0618, 0xf02b}}, {{0x1301, 0x348d}}, {{0xc004, 0x0c72}},
		{{0x01a0, 0x41a1}}, {{0xbd0d, 0x4708}}, {{0x204f, 0x028e}}, {{0x2505, 0x1f8d}},
		{{0x9002, 0x0118}}, {{0x40c3, 0x0000}}, {{0x0bb8, 0x702c}}, {{0x0eee, 0x0060}},
		{{0xb5c0, 0xbf89}}, {{0xd80a, 0x0e7e}}, {{0x0060, 0xb5e0}}, {{0xd80a, 0x0e76}},
		{{0x0060, 0xb5c0}}, {{0xd80a, 0x0e6e}}, {{0x0060, 0xb5e0}}, {{0xd80a, 0x0e66}},
		{{0x0060, 0xb5c0}}, {{0xc003, 0x7104}}, {{0xc043, 0xc005}}, {{0x2032, 0x0f81}},
		{{0x8000, 0x05f4}}, {{0xc003, 0x08a5}}, {{0x8044, 0x40c3}}, {{0x0003, 0xd090}},
		{{0x0eaa, 0x0060}}, {{0x702c, 0xc0a6}}, {{0x1404, 0x341b}}, {{0xc6c6, 0x78e0}},
		{{0xc2e6, 0x1cfc}}, {{0xb6c8, 0xc1a2}}, {{0x4338, 0x260a}}, {{0x3000, 0x732c}},
		{{0x4063, 0x4568}}, {{0x0f72, 0x0160}}, {{0x4648, 0x710c}}, {{0x2800, 0x0780}},
		{{0x70d5, 0x68d2}}, {{0xf406, 0x732c}}, {{0xdabf, 0x0cba}}, {{0xfdaf, 0x4063}},
		{{0x70b5, 0x260f}}, {{0x178d, 0xf407}}, {{0x732c, 0xda7f}}, {{0x0ca6, 0xfdaf}},
		{{0x4063, 0x47cb}}, {{0x8000, 0x063a}}, {{0x8f00, 0x265f}}, {{0x3d0e, 0x704c}},
		{{0x209f, 0x0a01}}, {{0x238a, 0x0dff}}, {{0x1c04, 0x3001}}, {{0x1c00, 0x3fc1}},
		{{0x7063, 0x60d9}}, {{0x0c3e, 0x0220}}, {{0x78af, 0xc807}}, {{0x45cb, 0x9004}},
		{{0x0018, 0x41c3}}, {{0x8000, 0x066b}}, {{0x781b, 0x78a5}}, {{0x9040, 0x8f00}},
		{{0xa940, 0x209f}}, {{0x0a01, 0x732c}}, {{0x7063, 0x60d8}}, {{0x88c3, 0x262f}},
		{{0xf385, 0x2684}}, {{0x1001, 0x2e41}}, {{0x1100, 0x20c5}}, {{0x04a4, 0x1e00}},
		{{0x7004, 0x900e}}, {{0x0022, 0x0f2a}}, {{0x0120, 0x4063}}, {{0xc807, 0x2554}},
		{{0x1803, 0xdf95}}, {{0x6b42, 0xbf9f}}, {{0x70d5, 0x6aa6}}, {{0x781b, 0x27c0}},
		{{0x1062, 0x7b05}}, {{0x7a05, 0x7d05}}, {{0x8f00, 0x93e0}}, {{0x9220, 0x95c0}},
		{{0xdc3f, 0xbc08}}, {{0x7f84, 0x7984}}, {{0x7e84, 0x7f05}}, {{0x7905, 0x78c5}},
		{{0xb3e0, 0xb220}}, {{0xb500, 0xc0a2}}, {{0x1404, 0x341b}}, {{0xc6c6, 0x78e0}},
		{{0x1600, 0x7082}}, {{0x8000, 0x001c}}, {{0x781b, 0x7a19}}, {{0x784f, 0x7839}},
		{{0x7fe0, 0xb8c0}}, {{0xc2e2, 0xc1a2}}, {{0x45cb, 0x8000}}, {{0x0674, 0xd90d}},
		{{0x0e76, 0x0160}}, {{0x40a1, 0xd90d}}, {{0xda40, 0x0e92}}, {{0x0020, 0x40a1}},
		{{0xd90d, 0xda7f}}, {{0x0bbe, 0xfdaf}}, {{0x40a1, 0xd90b}}, {{0x0e5a, 0x0160}},
		{{0x40a1, 0xd90b}}, {{0xdaf8, 0x0bae}}, {{0xfdaf, 0x40a1}}, {{0xd8ff, 0x702c}},
		{{0x42c3, 0xffbf}}, {{0xc7f7, 0x776c}}, {{0xc040, 0x40a1}}, {{0x0ea2, 0x0220}},
		{{0x1c04, 0x3001}}, {{0xd90b, 0x0e7a}}, {{0x0120, 0x40a1}}, {{0xc0a2, 0xc6c2}},
		{{0xc2e6, 0x1cfc}}, {{0xb6c8, 0xc1a5}}, {{0x46cb, 0x8000}}, {{0xe3ac, 0x4508}},
		{{0xd864, 0x70ed}}, {{0x2640, 0x131b}}, {{0xb600, 0xc744}}, {{0xc743, 0xf044}},
		{{0xf20a, 0x0f1d}}, {{0x1070, 0xd93f}}, {{0x0f19, 0x1090}}, {{0xef8f, 0xd93f}},
		{{0xb908, 0xf00b}}, {{0x41c3, 0x3f00}}, {{0x3f3f, 0xf007}}, {{0xb910, 0xf005}},
		{{0x41c3, 0x3f3f}}, {{0x003f, 0xc143}}, {{0xf007, 0xd933}}, {{0x700c, 0x0b7a}},
		{{0xfcaf, 0xb912}}, {{0x9600, 0xb802}}, {{0x0cd2, 0xfd6f}}, {{0x7810, 0x700c}},
		{{0x762c, 0x0ce2}}, {{0xfd6f, 0x714c}}, {{0xc083, 0x704c}}, {{0x0c6a, 0xfd6f}},
		{{0x41a1, 0x700c}}, {{0xd914, 0x0cce}}, {{0xfd6f, 0x714c}}, {{0xd880, 0x706c}},
		{{0xb892, 0xd907}}, {{0x744c, 0xc342}}, {{0xc340, 0x089e}}, {{0xfd6f, 0xc341}},
		{{0x0b52, 0xfccf}}, {{0x7704, 0x1b02}}, {{0x3014, 0x7810}}, {{0x7104, 0x71e5}},
		{{0x1e02, 0x100c}}, {{0x73f5, 0x077c}}, {{0xffce, 0xc0a5}}, {{0x1404, 0x341b}},
		{{0xc6c6, 0x78e0}}, {{0xc2e6, 0x1cfc}}, {{0xb6c8, 0x4358}}, {{0x46cb, 0x9003}},
		{{0xe014, 0x70ad}}, {{0xe810, 0x2656}}, {{0x180f, 0xb720}}, {{0x1ffe, 0x9044}},
		{{0xb7a1, 0x0b43}}, {{0x3030, 0xb6a0}}, {{0x0b4b, 0x3071}}, {{0x700c, 0x1f16}},
		{{0x1285, 0xf026}}, {{0xc807, 0x6e22}}, {{0x2642, 0x1282}}, {{0x781b, 0x7905}},
		{{0x7845, 0xb1a0}}, {{0xb0a0, 0xd814}}, {{0x0bda, 0x0060}}, {{0x1e8a, 0x135c}},
		{{0x1e00, 0x1045}}, {{0x1e80, 0x135c}}, {{0x1efe, 0x1344}}, {{0x1e82, 0x135c}},
		{{0xf016, 0xc807}}, {{0x2642, 0x1281}}, {{0x781b, 0x7825}}, {{0x1800, 0x0045}},
		{{0xf006, 0x41c3}}, {{0x0235, 0x0000}}, {{0x0a9e, 0xfc8f}}, {{0x1f14, 0x16c4}},
		{{0xc807, 0x6e22}}, {{0x781b, 0x7905}}, {{0x1900, 0x0085}}, {{0x1404, 0x341b}},
		{{0xc6c6, 0x78e0}}, {{0xc2e6, 0x1cfc}}, {{0xb6c8, 0xc1a7}}, {{0xd825, 0xb89f}},
		{{0x43c3, 0x8000}}, {{0x063e, 0x8840}}, {{0x1033, 0x0081}}, {{0x8b00, 0x1c1a}},
		{{0x3082, 0x1c1b}}, {{0x3042, 0xc066}}, {{0x8b42, 0x8b21}}, {{0x8b03, 0x1c19}},
		{{0x3082, 0x1c16}}, {{0x3042, 0x0d7e}}, {{0xff6f, 0x1c17}}, {{0x3002, 0x206d}},
		{{0x099b, 0x700c}}, {{0xf052, 0xc100}}, {{0x70ad, 0x7838}}, {{0xc042, 0xf049}},
		{{0x2440, 0x3680}}, {{0x60a9, 0xc002}}, {{0x782b, 0xf242}}, {{0x2440, 0x3580}},
		{{0xc200, 0x60a8}}, {{0xc186, 0x61af}}, {{0x7ab4, 0xc044}}, {{0x710c, 0x70cd}},
		{{0x7858, 0xc043}}, {{0xf02d, 0xc100}}, {{0x0dda, 0xffef}}, {{0x792f, 0x4200}},
		{{0x7054, 0xc200}}, {{0x6d94, 0xc101}}, {{0x78d0, 0x7c56}}, {{0x43c3, 0x8000}},
		{{0x0618, 0x6098}}, {{0x7124, 0x607a}}, {{0xf208, 0x71c5}}, {{0x78d0, 0x6098}},
		{{0x6078, 0xaae0}}, {{0xa820, 0xf012}}, {{0x1600, 0x708c}}, {{0x8000, 0x00d7}},
		{{0xc303, 0x2000}}, {{0x0f80, 0x8000}}, {{0x05f8, 0x7b8b}}, {{0xf204, 0xaa20}},
		{{0xa8e0, 0xf004}}, {{0xa820, 0xaae0}}, {{0xc001, 0x71c5}}, {{0x68e2, 0x78f0}},
		{{0xc041, 0xc101}}, {{0xc004, 0x08a3}}, {{0x8065, 0x78af}}, {{0x71a5, 0xc804}},
		{{0x0d71, 0x9004}}, {{0xc000, 0x7104}}, {{0xc040, 0xc000}}, {{0x085b, 0x86e4}},
		{{0x710c, 0xc0a7}}, {{0x1404, 0x341b}}, {{0xc6c6, 0x78e0}}, {{0xc0e6, 0xda24}},
		{{0xba9f, 0x8a00}}, {{0x1234, 0x0081}}, {{0x43c3, 0x8000}}, {{0x063e, 0xe007}},
		{{0xb823, 0x6889}}, {{0x4508, 0x1b00}}, {{0x0003, 0xab81}}, {{0xe90d, 0xc803}},
		{{0x1600, 0x7081}}, {{0x8000, 0x0057}}, {{0x7d1d, 0x6907}}, {{0xb823, 0x60b8}},
		{{0xaba2, 0x68e9}}, {{0xf003, 0x4789}}, {{0xaba2, 0x788f}}, {{0x46cb, 0x8000}},
		{{0x066c, 0x7104}}, {{0x8e20, 0x240a}}, {{0x7000, 0x770c}}, {{0x1b03, 0x03c2}},
		{{0x20a8, 0x0180}}, {{0x7104, 0x792f}}, {{0x210f, 0x0001}}, {{0x7bef, 0x78af}},
		{{0x0b17, 0x0024}}, {{0xae20, 0x7704}}, {{0x7104, 0x792f}}, {{0x08fd, 0x80e4}},
		{{0x210f, 0x0001}}, {{0xae20, 0x702c}}, {{0x716d, 0x2b00}}, {{0x1040, 0x706c}},
		{{0x7c0f, 0xeb07}}, {{0x1600, 0x7080}}, {{0x8000, 0x0057}}, {{0xf002, 0x8a00}},
		{{0x1600, 0x708e}}, {{0x8000, 0x001c}}, {{0x7d7b, 0x7eb9}}, {{0x7ccb, 0xf205}},
		{{0x68c7, 0xbe23}}, {{0xf004, 0xe00f}}, {{0x2841, 0x010e}}, {{0x6538, 0x7174}},
		{{0x716c, 0x2000}}, {{0x0f80, 0x8000}}, {{0x05f4, 0xa8c0}}, {{0xf5e3, 0x7124}},
		{{0x09bb, 0x8094}}, {{0xc4c6, 0x78e0}}, {{0xc2e6, 0x1cfc}}, {{0xb6c8, 0x43c3}},
		{{0x8000, 0x063a}}, {{0x8b60, 0x4338}}, {{0x712c, 0x4748}}, {{0x4608, 0x0b19}},
		{{0x0070, 0x7918}}, {{0x73ad, 0xeb8f}}, {{0x1600, 0x7080}}, {{0x8000, 0x0025}},
		{{0x71ad, 0xf007}}, {{0x1600, 0x7080}}, {{0x8000, 0x0058}}, {{0x72ad, 0x790b}},
		{{0xf213, 0x0e3e}}, {{0xfe4f, 0x0f2a}}, {{0xfeaf, 0x40a1}}, {{0x085e, 0xfd8f}},
		{{0x40c3, 0x8000}}, {{0x0670, 0x8020}}, {{0x40c1, 0x4263}}, {{0x0b46, 0xffef}},
		{{0x43e1, 0x710c}}, {{0xf002, 0x700c}}, {{0x1404, 0x341b}}, {{0xc6c6, 0x78e0}},
		{{0xc0f1, 0x0d8a}}, {{0x0040, 0xc0d1}}, {{0x7fe0, 0x700c}}, {{0x8840, 0xe905}},
		{{0x0a0f, 0x001f}}, {{0xf00b, 0x7054}}, {{0x7ce0, 0xbae0}}, {{0x7de0, 0x8861}},
		{{0x6a29, 0xa820}}, {{0x2354, 0x0801}}, {{0xa821, 0x7ee0}}, {{0x1600, 0x7101}},
		{{0x8000, 0x0006}}, {{0x790c, 0x211c}}, {{0x0f80, 0x1062}}, {{0x4dd3, 0xb827}},
		{{0x7fe0, 0x7104}}, {{0xc2e6, 0x1cfc}}, {{0xb6c8, 0xc1bf}}, {{0x700c, 0x41c3}},
		{{0x8000, 0x063a}}, {{0xb105, 0x41c3}}, {{0x8000, 0x063a}}, {{0xc044, 0xb104}},
		{{0x41c3, 0x0101}}, {{0x0000, 0x0e12}}, {{0xfe6f, 0xd80a}}, {{0x0bca, 0xffcf}},
		{{0xc004, 0xc188}}, {{0x2440, 0x37c2}}, {{0x7810, 0x0be6}}, {{0xff6f, 0x2440}},
		{{0x38c3, 0x7014}}, {{0x0234, 0x0022}}, {{0x71ed, 0x1423}}, {{0x3080, 0x1e00}},
		{{0x73c2, 0x8000}}, {{0x0550, 0x0e6a}}, {{0xfe8f, 0x141f}}, {{0x3080, 0x0f32}},
		{{0xfeaf, 0xc045}}, {{0xc005, 0x1e00}}, {{0x7003, 0x8000}}, {{0x0550, 0x0be6}},
		{{0xffcf, 0x1420}}, {{0x3100, 0xc189}}, {{0x724c, 0xc043}}, {{0x780f, 0x0fee}},
		{{0xfc6f, 0x4318}}, {{0xc08a, 0x702c}}, {{0x0d6a, 0xfc6f}}, {{0xda51, 0x71cd}},
		{{0x70ad, 0xf024}}, {{0xe0a3, 0x40c1}}, {{0x1c18, 0x3001}}, {{0xf784, 0x2642}},
		{{0x1780, 0xb886}}, {{0x1600, 0x7081}}, {{0x8000, 0x063a}}, {{0x7a0f, 0x0936}},
		{{0xffef, 0xc005}}, {{0xc186, 0x724c}}, {{0x0fb2, 0xfc6f}}, {{0x4063, 0xc006}},
		{{0x2004, 0x8f80}}, {{0x0000, 0x3f00}}, {{0xc046, 0xf206}}, {{0xc08a, 0x60f8}},
		{{0x1800, 0x0043}}, {{0x71c5, 0x71e5}}, {{0xe7d0, 0x07bc}}, {{0xffee, 0x78cf}},
		{{0x1600, 0x7083}}, {{0x8000, 0x063a}}, {{0xc203, 0x41c3}}, {{0x0103, 0x0002}},
		{{0x0d46, 0xfe6f}}, {{0x204a, 0x0100}}, {{0xc68a, 0x66aa}}, {{0x41c3, 0x0104}},
		{{0x0001, 0x0d36}}, {{0xfe6f, 0x740c}}, {{0x71a5, 0xe5d1}}, {{0xf7b6, 0x41c3}},
		{{0x0105, 0x0000}}, {{0x0d22, 0xfe6f}}, {{0x740c, 0x770c}}, {{0x4308, 0x4508}},
		{{0x4708, 0x4200}}, {{0xf002, 0x774c}}, {{0x4300, 0x7104}}, {{0xe0d0, 0xf713}},
		{{0x1601, 0x1481}}, {{0x7754, 0xf20d}}, {{0xe0d0, 0xf203}}, {{0xe976, 0x4fb4}},
		{{0x4b51, 0x7191}}, {{0x27ca, 0x10c9}}, {{0x25ca, 0x1089}}, {{0xf1ed, 0xe9ed}},
		{{0xf1e9, 0x2239}}, {{0x02c3, 0x2538}}, {{0x12c1, 0x796b}}, {{0xd850, 0x755c}},
		{{0x771c, 0x77b5}}, {{0xf205, 0x4fb0}}, {{0x207f, 0x0100}}, {{0xf002, 0x700c}},
		{{0x1600, 0x7083}}, {{0x8000, 0x063a}}, {{0x41c3, 0x0107}}, {{0x0002, 0x0e9a}},
		{{0xfc6f, 0xc203}}, {{0x67b8, 0x2844}}, {{0x0082, 0x784f}}, {{0x080d, 0x08f4}},
		{{0x4648, 0x2242}}, {{0x078e, 0xbe86}}, {{0x740c, 0x41c3}}, {{0x0108, 0x0003}},
		{{0xc240, 0x42a1}}, {{0x0c92, 0xfe6f}}, {{0x43e1, 0x1600}}, {{0x708b, 0x8000}},
		{{0x0092, 0xd896}}, {{0xd964, 0x7bcf}}, {{0x7175, 0x0b15}}, {{0x0474, 0x21ca}},
		{{0x0001, 0x7175}}, {{0x21c0, 0x0f81}}, {{0x0000, 0xffff}}, {{0x7175, 0x208a}},
		{{0x0245, 0xdadc}}, {{0x22ca, 0x0001}}, {{0x2378, 0x1040}}, {{0xbbe6, 0x781b}},
		{{0x2353, 0x015e}}, {{0x22ca, 0x0041}}, {{0x6824, 0x1600}}, {{0x708c, 0x8000}},
		{{0x063a, 0xc003}}, {{0x211f, 0x0781}}, {{0x7014, 0x7894}}, {{0x2000, 0x0f80}},
		{{0x8000, 0x063a}}, {{0x623a, 0xa8c8}}, {{0xf20c, 0xc003}}, {{0x0837, 0x0051}},
		{{0xec15, 0x0c33}}, {{0x1051, 0x1e00}}, {{0x7382, 0x8000}}, {{0x007f, 0xf013}},
		{{0xec08, 0x0c23}}, {{0x1051, 0x1e00}}, {{0x7382, 0x8000}}, {{0x007e, 0xf00b}},
		{{0x1e00, 0x7382}}, {{0x8000, 0x004b}}, {{0xf005, 0x1e00}}, {{0x7382, 0x8000}},
		{{0x004c, 0x7850}}, {{0x2845, 0x028b}}, {{0x208a, 0x0dbf}}, {{0xc442, 0xc403}},
		{{0xc340, 0x231e}}, {{0x1000, 0x41c3}}, {{0x0109, 0x0005}}, {{0xc441, 0x6058}},
		{{0x7b10, 0x750c}}, {{0x0bd2, 0xfe6f}}, {{0x4261, 0xc005}}, {{0x1e00, 0x7043}},
		{{0x8000, 0x0550}}, {{0x0c86, 0xfecf}}, {{0xc004, 0x7104}}, {{0xc044, 0x7810}},
		{{0x7414, 0x05b0}}, {{0xffc5, 0x40c3}}, {{0x8000, 0x066a}}, {{0x1800, 0x0043}},
		{{0xc0bf, 0x1404}}, {{0x341b, 0xc6c6}}, {{0xc0e2, 0x70ad}}, {{0x706d, 0xdb68}},
		{{0x7bac, 0x235f}}, {{0x1d0c, 0x7175}}, {{0x716d, 0x631b}}, {{0x639b, 0x633b}},
		{{0x8b80, 0x7c45}}, {{0xab80, 0xf5f5}}, {{0x71a5, 0x0de5}}, {{0x9094, 0xc4c2}},
		{{0xc2e6, 0x1cfc}}, {{0xb6c8, 0x2482}}, {{0x3904, 0x0e86}}, {{0xff6f, 0xc085}},
		{{0xc085, 0xd90d}}, {{0x0fc6, 0xffef}}, {{0xdac8, 0xca09}}, {{0x70ad, 0x704c}},
		{{0xf01f, 0x2232}}, {{0x0f83, 0x8000}}, {{0x046c, 0x70cd}}, {{0xdf68, 0x79db}},
		{{0x7fca, 0x7955}}, {{0x2440, 0x350b}}, {{0x6199, 0x2300}}, {{0x13cb, 0x2132}},
		{{0x0f8f, 0x8000}}, {{0x0642, 0x245a}}, {{0x1d01, 0x71d5}}, {{0x71cd, 0x7161}},
		{{0x6179, 0xa9e0}}, {{0xf5ec, 0x7185}}, {{0x0cd3, 0x9094}}, {{0x7144, 0x0ac7}},
		{{0x8024, 0x708d}}, {{0x706c, 0xdeff}}, {{0xc085, 0x712c}}, {{0x42c3, 0x0040}},
		{{0x0800, 0xbb93}}, {{0xc541, 0x0faa}}, {{0x01e0, 0xc640}}, {{0xc085, 0xd90d}},
		{{0x0c92, 0xfd6f}}, {{0xdab7, 0xc085}}, {{0x712c, 0x42c3}}, {{0xffff, 0xdfff}},
		{{0x776c, 0xc640}}, {{0x0f8a, 0x01e0}}, {{0xc541, 0x0e42}}, {{0x0000, 0x0a72}},
		{{0xfe4f, 0x0dbe}}, {{0x0040, 0x1e00}}, {{0x7344, 0x9004}}, {{0x00dc, 0x1600}},
		{{0x7080, 0x8000}}, {{0x0019, 0x7014}}, {{0x02fc, 0x0022}}, {{0x700c, 0x02e9}},
		{{0x0000, 0xe90a}}, {{0x1600, 0x7081}}, {{0x8000, 0x0058}}, {{0xe98c, 0x02d7}},
		{{0x0020, 0x712c}}, {{0x1600, 0x7081}}, {{0x8000, 0x0025}}, {{0x7034, 0x02c6}},
		{{0x0021, 0x702c}}, {{0x7104, 0x0b1a}}, {{0xfeaf, 0x780f}}, {{0x1600, 0x7082}},
		{{0x8000, 0x0004}}, {{0x740c, 0x41c3}}, {{0x025e, 0x0001}}, {{0x0a7a, 0xfe6f}},
		{{0xbac3, 0x2400}}, {{0x3f80, 0x0000}}, {{0x0104, 0x702c}}, {{0x2400, 0x3f8f}},
		{{0x0000, 0x0104}}, {{0x0a1e, 0xfc6f}}, {{0xda20, 0x2455}}, {{0x3e40, 0x702c}},
		{{0xda20, 0x0a12}}, {{0xfc6f, 0x2455}}, {{0x3e4e, 0x70ad}}, {{0xc807, 0x4dc8}},
		{{0x714c, 0x7825}}, {{0x0bf2, 0x00e0}}, {{0x2716, 0x1341}}, {{0xc807, 0x2540}},
		{{0x1a02, 0x2616}}, {{0x1341, 0x7845}}, {{0x0bde, 0x00e0}}, {{0x714c, 0x71b5}},
		{{0x71ad, 0xf5ee}}, {{0x40c3, 0x8000}}, {{0x063a, 0x88c2}}, {{0x40c3, 0x8000}},
		{{0x063a, 0x88e3}}, {{0x2455, 0x3e40}}, {{0x1600, 0x7082}}, {{0x8000, 0x063a}},
		{{0x2014, 0x038b}}, {{0x2608, 0x13c0}}, {{0x7104, 0x726c}}, {{0x2002, 0x039e}},
		{{0x0f1d, 0x13a4}}, {{0x240a, 0x1780}}, {{0x4161, 0x9100}}, {{0x206c, 0x015f}},
		{{0xb8c5, 0x70e3}}, {{0x248d, 0x1eff}}, {{0x1902, 0x0014}}, {{0x238d, 0x0cbf}},
		{{0x2340, 0x120b}}, {{0xd830, 0xb89f}}, {{0x2040, 0x0cce}}, {{0x2642, 0x1281}},
		{{0x7054, 0xc144}}, {{0x26ca, 0x1001}}, {{0x2042, 0x0281}}, {{0xc004, 0x20ca}},
		{{0x0041, 0xc044}}, {{0x71ed, 0x0fb3}}, {{0x1360, 0x706c}}, {{0x40c3, 0x8000}},
		{{0x063a, 0x8843}}, {{0x40c3, 0x8000}}, {{0x063a, 0x8882}}, {{0x0a55, 0x0324}},
		{{0x214a, 0x0000}}, {{0x2455, 0x3e40}}, {{0x232f, 0x1046}}, {{0x2400, 0x3f81}},
		{{0x0000, 0x0104}}, {{0x2016, 0x03de}}, {{0x78b6, 0x2116}}, {{0x03df, 0x79b6}},
		{{0x26f4, 0x331e}}, {{0x20f4, 0x031b}}, {{0x27f4, 0x331f}}, {{0x21f4, 0x0300}},
		{{0x2302, 0x3781}}, {{0x2f41, 0x319e}}, {{0xb826, 0x2002}}, {{0x0780, 0x2308}},
		{{0x0000, 0x7450}}, {{0x7185, 0x2308}}, {{0x1041, 0x07bc}}, {{0xffe5, 0x7b0e}},
		{{0x6b16, 0x7a0e}}, {{0xdb7f, 0x7054}}, {{0x782e, 0x22c0}}, {{0x00c9, 0x7014}},
		{{0x20c0, 0x00c9}}, {{0x2a84, 0x0002}}, {{0x2884, 0x0002}}, {{0xc104, 0x43e1}},
		{{0xa940, 0x1e01}}, {{0x1012, 0x780e}}, {{0xc043, 0x784e}}, {{0xc040, 0x740c}},
		{{0x41c3, 0x0263}}, {{0x0006, 0x42a1}}, {{0xc742, 0x090e}}, {{0xfe6f, 0xc541}},
		{{0xc004, 0x7104}}, {{0xc044, 0x70f5}}, {{0x77e5, 0xf5a7}}, {{0x70b5, 0x77a5}},
		{{0xf5a2, 0x40c3}}, {{0x8000, 0x063a}}, {{0x88a2, 0x40c3}}, {{0x8000, 0x063a}},
		{{0x88c3, 0x1600}}, {{0x7082, 0x8000}}, {{0x063a, 0x2400}}, {{0x3f8f, 0x0000}},
		{{0x0104, 0x2508}}, {{0x1380, 0x7104}}, {{0x726c, 0x7fb4}}, {{0x2002, 0x034b}},
		{{0x0e1d, 0x1364}}, {{0x4469, 0x41e1}}, {{0x9100, 0x206c}}, {{0x015e, 0xb8c5}},
		{{0x2000, 0x0780}}, {{0x248d, 0x1ebf}}, {{0x1902, 0x0014}}, {{0x238d, 0x0cbf}},
		{{0xe708, 0xd82c}}, {{0xb89f, 0x2040}}, {{0x0cdb, 0x2342}}, {{0x3101, 0x7054}},
		{{0xc144, 0x23ca}}, {{0x3001, 0x682c}}, {{0xc004, 0x71ad}}, {{0x20ca, 0x0041}},
		{{0xc044, 0x71cd}}, {{0x40c3, 0x8000}}, {{0x063a, 0x8883}}, {{0x40c3, 0x8000}},
		{{0x063a, 0x8802}}, {{0x0c0d, 0x1025}}, {{0x70ed, 0x704c}}, {{0x702c, 0xf020}},
		{{0x702c, 0x2455}}, {{0x3e42, 0x2400}}, {{0x3f83, 0x0000}}, {{0x0104, 0x232f}},
		{{0x1046, 0x2216}}, {{0x0381, 0x7bb6}}, {{0x7ab6, 0x21f4}}, {{0x0001, 0x23f4}},
		{{0x0003, 0x22f4}}, {{0x0002, 0x7091}}, {{0x7b22, 0x4a31}}, {{0x7a71, 0x2708}},
		{{0x1082, 0x7104}}, {{0x2308, 0x1041}}, {{0x7f4e, 0xf7a5}}, {{0x784e, 0xdb7f}},
		{{0x7014, 0x782e}}, {{0x27c0, 0x10c9}}, {{0x7014, 0x20c0}}, {{0x00c9, 0x2f84}},
		{{0x1002, 0x2884}}, {{0x0002, 0xc104}}, {{0x42a1, 0x43c1}}, {{0x1901, 0x03d2}},
		{{0x1b01, 0x3012}}, {{0x780e, 0xc043}}, {{0x78ee, 0xc144}}, {{0xc040, 0x740c}},
		{{0x41c3, 0x0266}}, {{0x0006, 0xc642}}, {{0x0fee, 0xfe2f}}, {{0xc541, 0x70d5}},
		{{0x77c5, 0xf5b2}}, {{0x70b5, 0x77a5}}, {{0xf5ad, 0x1600}}, {{0x7081, 0x8000}},
		{{0x063a, 0x6901}}, {{0x790f, 0x7134}}, {{0x1e00, 0x7002}}, {{0x8000, 0x063a}},
		{{0x0512, 0xffce}}, {{0x084a, 0xfeaf}}, {{0x730c, 0x70ad}}, {{0x1e00, 0x7344}},
		{{0x8000, 0x063a}}, {{0x1600, 0x7081}}, {{0x8000, 0x0019}}, {{0xe987, 0x0ece}},
		{{0x0100, 0x1600}}, {{0x7081, 0x8000}}, {{0x0019, 0x40c3}}, {{0x9003, 0xe166}},
		{{0xb0a0, 0xb0a1}}, {{0x1600, 0x7100}}, {{0x8000, 0x0010}}, {{0x2078, 0x0040}},
		{{0x2005, 0x807e}}, {{0x0e04, 0x0101}}, {{0x0ae6, 0xff8f}}, {{0x0c62, 0xfe8f}},
		{{0x2480, 0x3904}}, {{0x1404, 0x341b}}, {{0xc6c6, 0x78e0}}, {{0xc2e6, 0x1cfc}},
		{{0xb6c8, 0xc1ac}}, {{0xdc20, 0xbc9f}}, {{0x8ca0, 0xc04b}}, {{0x8c01, 0x4358}},
		{{0xc148, 0x14f7}}, {{0x9082, 0x14f8}}, {{0x9081, 0x2053}}, {{0x010e, 0x78a5}},
		{{0xc342, 0x2553}}, {{0x110f, 0x2253}}, {{0x010b, 0x2153}}, {{0x0103, 0x2053}},
		{{0x813e, 0xace0}}, {{0xacc1, 0x1cf7}}, {{0x92c2, 0x1cf8}}, {{0x90c2, 0xf406}},
		{{0x1c01, 0x1043}}, {{0x1c00, 0x1043}}, {{0x7945, 0x2153}}, {{0x813e, 0xf406}},
		{{0x1cf8, 0x9043}}, {{0x1cf7, 0x9043}}, {{0xc002, 0x71ed}}, {{0x7114, 0x700c}},
		{{0xc043, 0xf406}}, {{0x70ed, 0xc744}}, {{0x710c, 0xf014}}, {{0xc002, 0xe809}},
		{{0xc002, 0x0819}}, {{0x00b1, 0x710c}}, {{0xc044, 0x700c}}, {{0xf00a, 0x710c}},
		{{0xc044, 0xc045}}, {{0x70ed, 0xf007}}, {{0x710c, 0x70ed}}, {{0xc044, 0x40e1}},
		{{0xc045, 0xc108}}, {{0xca01, 0x1600}}, {{0x7082, 0x8000}}, {{0x0093, 0x2179}},
		{{0x0001, 0xc14a}}, {{0x2079, 0x0001}}, {{0xd893, 0xb89f}}, {{0x1021, 0x0080}},
		{{0x7054, 0xc047}}, {{0x6901, 0xc049}}, {{0xc007, 0x78c0}}, {{0xc047, 0xf0c1}},
		{{0xc002, 0x080f}}, {{0x0071, 0xd943}}, {{0x740c, 0xb911}}, {{0xf00d, 0xc002}},
		{{0x0813, 0x00b0}}, {{0xd911, 0xc002}}, {{0xe889, 0xd987}}, {{0x740c, 0xb910}},
		{{0xf003, 0x740c}}, {{0xb913, 0x0e82}}, {{0xfe0f, 0xc209}}, {{0x41c3, 0x0089}},
		{{0x0001, 0x0e76}}, {{0xfe2f, 0x740c}}, {{0xc003, 0xc108}}, {{0xc302, 0x780f}},
		{{0xc046, 0xc041}}, {{0xc007, 0x4263}}, {{0xc040, 0x0982}}, {{0xfdaf, 0xc00b}},
		{{0x1600, 0x7080}}, {{0x8000, 0x000b}}, {{0x46cb, 0x8000}}, {{0x09dc, 0x081b}},
		{{0x003e, 0xd945}}, {{0x740c, 0x0e42}}, {{0xfe2f, 0xb911}}, {{0x40c1, 0x41e1}},
		{{0x0b4e, 0xfeef}}, {{0x4263, 0x1600}}, {{0x7080, 0x8000}}, {{0x0093, 0xe8a1}},
		{{0xd98b, 0x740c}}, {{0x0e22, 0xfe2f}}, {{0xb910, 0x702c}}, {{0x40e1, 0x0a12}},
		{{0x00a0, 0x4263}}, {{0x4508, 0xe888}}, {{0x712c, 0x40e1}}, {{0x0a02, 0x00a0}},
		{{0x4263, 0x4508}}, {{0xd923, 0x740c}}, {{0x0dfe, 0xfe2f}}, {{0xb912, 0x40c1}},
		{{0x41e1, 0x0b0e}}, {{0xfeef, 0x4263}}, {{0x0c7a, 0xff2f}}, {{0x40a1, 0xc008}},
		{{0x7014, 0x0c58}}, {{0xfd22, 0x4063}}, {{0xc005, 0x08a3}}, {{0x0030, 0xd947}},
		{{0x740c, 0x0dd6}}, {{0xfe2f, 0xb911}}, {{0xc004, 0xc106}}, {{0xc30a, 0x0a22}},
		{{0x0260, 0x4263}}, {{0xca01, 0x0895}}, {{0x0030, 0xd825}}, {{0xb89f, 0x8840}},
		{{0x1033, 0x0081}}, {{0xc003, 0x7945}}, {{0xc146, 0xe897}}, {{0x70ad, 0xc006}},
		{{0x0821, 0x036e}}, {{0x712c, 0x1600}}, {{0x708e, 0x8000}}, {{0x0004, 0x0886}},
		{{0xfdaf, 0x40a1}}, {{0x4200, 0x700c}}, {{0x41c1, 0x0cd6}}, {{0xfe6f, 0x43a1}},
		{{0x71b5, 0x71ad}}, {{0xf5ed, 0xc004}}, {{0xe828, 0xc003}}, {{0xe826, 0x70ad}},
		{{0xc006, 0x0823}}, {{0x036e, 0x712c}}, {{0x1600, 0x708e}}, {{0x8000, 0x0004}},
		{{0x0852, 0xfdaf}}, {{0x40a1, 0x4200}}, {{0x700c, 0x41c1}}, {{0x0ca2, 0xfe6f}},
		{{0x43a1, 0x71b5}}, {{0x71ad, 0xf5ee}}, {{0xd98f, 0x740c}}, {{0x0d4a, 0xfe2f}},
		{{0xb910, 0x0cb2}}, {{0xfd2f, 0x4063}}, {{0xf008, 0xd98d}}, {{0x740c, 0x0d3a}},
		{{0xfe2f, 0xb910}}, {{0x0d0e, 0x0240}}, {{0xc003, 0x7104}}, {{0xc043, 0xc103}},
		{{0xc009, 0x7110}}, {{0x067c, 0xffc5}}, {{0xc0ac, 0x1404}}, {{0x341b, 0xc6c6}},
		{{0x4100, 0xe806}}, {{0xca04, 0x6961}}, {{0x7b19, 0xf003}}, {{0x706c, 0x20aa}},
		{{0x00c4, 0x0813}}, {{0x003f, 0x722c}}, {{0x710c, 0x21ab}}, {{0x00c4, 0x20ab}},
		{{0x00c4, 0x0b11}}, {{0x0415, 0x1600}}, {{0x7100, 0x9004}}, {{0x0048, 0x7ee0}},
		{{0x21aa, 0x0104}}, {{0x222f, 0x004a}}, {{0x0a19, 0x00e5}}, {{0x24aa, 0x1144}},
		{{0x20aa, 0x0104}}, {{0x09fd, 0x8004}}, {{0x24aa, 0x1144}}, {{0x4b51, 0xf003}},
		{{0x6179, 0x20aa}}, {{0x0104, 0x7030}}, {{0x20e1, 0x07c6}}, {{0x20aa, 0x0144}},
		{{0x0cf3, 0x9000}}, {{0x7ee0, 0x78e0}}, {{0xc0f1, 0x0882}}, {{0x0000, 0x0f96}},
		{{0xffcf, 0xc0d1}}, {{0x7ee0, 0x78e0}}, {{0xc2e4, 0xc1a3}}, {{0xd949, 0x740c}},
		{{0x0c96, 0xfe2f}}, {{0xb913, 0xd858}}, {{0xb89f, 0x88c0}}, {{0x10cd, 0x808d}},
		{{0x700c, 0x0e8e}}, {{0xfc6f, 0xd9ff}}, {{0x2605, 0x1340}}, {{0xb8c1, 0xc041}},
		{{0xd880, 0xd90b}}, {{0xda20, 0x706c}}, {{0x1c08, 0x3001}}, {{0x0baa, 0xfcef}},
		{{0x1c00, 0x3001}}, {{0x700c, 0x0b26}}, {{0xfcef, 0x712c}}, {{0x0f46, 0xffef}},
		{{0xd814, 0xc0a3}}, {{0xc6c4, 0x78e0}}, {{0xc0f1, 0x4328}}, {{0x081e, 0x0020}},
		{{0x702c, 0x1600}}, {{0x7081, 0x8000}}, {{0x0008, 0x782c}}, {{0x7071, 0xc0d1}},
		{{0x7fe0, 0x20ca}}, {{0x02c5, 0x78e0}}, {{0xc0e2, 0x226f}}, {{0x0343, 0x9260}},
		{{0x081d, 0x0f84}}, {{0x0003, 0x0d41}}, {{0xb825, 0x201c}}, {{0x0f80, 0x0a7c}},
		{{0x5ac5, 0xb827}}, {{0x786c, 0x2845}}, {{0x0500, 0xf008}}, {{0x786c, 0x201c}},
		{{0x0f80, 0x431b}}, {{0xde83, 0xb833}}, {{0x8a62, 0x44cb}}, {{0x8000, 0x0550}},
		{{0x6078, 0x2905}}, {{0x00cd, 0x7104}}, {{0x2805, 0x00c0}}, {{0x8c60, 0x6d81}},
		{{0xeb0d, 0x12fb}}, {{0x8082, 0x0a17}}, {{0x00df, 0x43c3}}, {{0x8000, 0x0638}},
		{{0x8b40, 0xea05}}, {{0x7a2c, 0x8b81}}, {{0x7c4c, 0x7410}}, {{0x20ca, 0x030d}},
		{{0xc4c2, 0x78e0}}, {{0xc2e6, 0x1cfc}}, {{0xb6c8, 0x08ca}}, {{0xff2f, 0xc1ae}},
		{{0xde58, 0x206d}}, {{0x0902, 0xb8c3}}, {{0xbe9f, 0x221f}}, {{0x0001, 0x8e00}},
		{{0x1a04, 0x3098}}, {{0x1a03, 0x3058}}, {{0xe80a, 0x1600}}, {{0x7080, 0x8000}},
		{{0x0057, 0x6992}}, {{0x2484, 0x1e03}}, {{0x641c, 0xf00a}}, {{0x1600, 0x708c}},
		{{0x8000, 0x0024}}, {{0x0a09, 0x00b1}}, {{0x783d, 0x5013}}, {{0x7b8f, 0x2453}},
		{{0x90be, 0x2b41}}, {{0x00c2, 0x41c3}}, {{0x8000, 0x042c}}, {{0xbb22, 0x22c0}},
		{{0x0062, 0x2453}}, {{0x907e, 0xa940}}, {{0x23c0, 0x0062}}, {{0x41c3, 0x01de}},
		{{0x0002, 0x0b56}}, {{0xfe2f, 0xd80a}}, {{0xdd25, 0xbd9f}}, {{0x2542, 0x155b}},
		{{0x2342, 0x33c0}}, {{0x1005, 0x0481}}, {{0x9000, 0x8e60}}, {{0x8d40, 0x1300}},
		{{0x310c, 0x1302}}, {{0x308f, 0xc043}}, {{0xc142, 0xd80a}}, {{0x41c3, 0x01df}},
		{{0x0006, 0xc741}}, {{0x0b22, 0xfe2f}}, {{0xc440, 0x8d00}}, {{0x0855, 0x003e}},
		{{0xdf32, 0xbf9f}}, {{0x1701, 0x1483}}, {{0x17d1, 0x9082}}, {{0x1701, 0x148c}},
		{{0x1702, 0x1481}}, {{0x1701, 0x1480}}, {{0xbac3, 0xc141}}, {{0xc042, 0xd80a}},
		{{0x41c3, 0x01e1}}, {{0x0005, 0x0af2}}, {{0xfe2f, 0xc440}}, {{0x1701, 0x1483}},
		{{0x17cc, 0x9082}}, {{0x8f21, 0x8f04}}, {{0x8f80, 0xc141}}, {{0xc042, 0xbac3}},
		{{0xd80a, 0x41c3}}, {{0x01e2, 0x0005}}, {{0x0ace, 0xfe2f}}, {{0xc440, 0x8d00}},
		{{0x0853, 0x007e}}, {{0xdd3e, 0xbd9f}}, {{0x1501, 0x1483}}, {{0x15c5, 0x9082}},
		{{0x1501, 0x148c}}, {{0x1502, 0x1481}}, {{0x1501, 0x1480}}, {{0xbac3, 0xc141}},
		{{0xc042, 0xd80a}}, {{0x41c3, 0x01e3}}, {{0x0005, 0x0a9e}}, {{0xfe2f, 0xc440}},
		{{0x1501, 0x1483}}, {{0x15c0, 0x9082}}, {{0x8d21, 0x8d04}}, {{0x8d80, 0xc141}},
		{{0xc042, 0xbac3}}, {{0xd80a, 0x41c3}}, {{0x01e4, 0x0005}}, {{0x0a7a, 0xfe2f}},
		{{0xc440, 0x8e00}}, {{0x0855, 0x003e}}, {{0xdd65, 0xbd9f}}, {{0x1501, 0x1483}},
		{{0x159e, 0x9082}}, {{0x1501, 0x148c}}, {{0x1502, 0x1481}}, {{0x1501, 0x1480}},
		{{0xbac3, 0xc141}}, {{0xc042, 0xd80a}}, {{0x41c3, 0x01e5}}, {{0x0005, 0x0a4a}},
		{{0xfe2f, 0xc440}}, {{0x1501, 0x1483}}, {{0x1599, 0x9082}}, {{0x8d21, 0x8d04}},
		{{0x8d80, 0xc141}}, {{0xc042, 0xbac3}}, {{0xd80a, 0x41c3}}, {{0x01e6, 0x0005}},
		{{0x0a26, 0xfe2f}}, {{0xc440, 0x8e00}}, {{0x0853, 0x007e}}, {{0xdd71, 0xbd9f}},
		{{0x1501, 0x1483}}, {{0x1592, 0x9082}}, {{0x1501, 0x148c}}, {{0x1502, 0x1481}},
		{{0x1501, 0x1480}}, {{0xbac3, 0xc141}}, {{0xc042, 0xd80a}}, {{0x41c3, 0x01e7}},
		{{0x0005, 0x09f6}}, {{0xfe2f, 0xc440}}, {{0x1501, 0x1483}}, {{0x158d, 0x9082}},
		{{0x8d21, 0x8d04}}, {{0x8d80, 0xc141}}, {{0xc042, 0xbac3}}, {{0xd80a, 0x41c3}},
		{{0x01e8, 0x0005}}, {{0x09d2, 0xfe2f}}, {{0xc440, 0xc807}}, {{0x45cb, 0x9004}},
		{{0x0094, 0x6dc2}}, {{0x6e62, 0x791b}}, {{0x2354, 0x0f00}}, {{0x2105, 0x034c}},
		{{0x7e25, 0x7965}}, {{0x9440, 0x96c0}}, {{0x9180, 0x1002}}, {{0x0501, 0x90e0}},
		{{0x9061, 0x9003}}, {{0xc145, 0xc347}}, {{0xc048, 0x40c1}}, {{0x20ad, 0x0203}},
		{{0xdb7f, 0xc043}}, {{0x2604, 0x10c0}}, {{0xc042, 0x4040}}, {{0x20ad, 0x0203}},
		{{0xc040, 0x7b44}}, {{0x740c, 0x41c3}}, {{0x01ea, 0x000b}}, {{0xc746, 0xc641}},
		{{0x0976, 0xfe2f}}, {{0xc444, 0x1600}}, {{0x7100, 0x9018}}, {{0x0100, 0x71cd}},
		{{0xb822, 0x2606}}, {{0x1000, 0x0ade}}, {{0xff2f, 0x1a04}}, {{0x3002, 0x40c3}},
		{{0x9005, 0xe14a}}, {{0x1dbc, 0x9384}}, {{0x1800, 0x0005}}, {{0x18a4, 0x8005}},
		{{0x1600, 0x7082}}, {{0x8000, 0x0008}}, {{0x41c3, 0x01eb}}, {{0x0001, 0x093a}},
		{{0xfe2f, 0x740c}}, {{0x740c, 0x0d76}}, {{0xfcef, 0x1dd4}}, {{0x9384, 0xd97b}},
		{{0x750c, 0x0926}}, {{0xfe2f, 0xb912}}, {{0x1300, 0x3100}}, {{0x0817, 0x0050}},
		{{0x1600, 0x7080}}, {{0x8000, 0x0004}}, {{0x206c, 0x00c0}}, {{0xe0a0, 0x09f4}},
		{{0x0081, 0x1600}}, {{0x7080, 0x8000}}, {{0x00a8, 0x7014}}, {{0x0ccc, 0x00c2}},
		{{0xc0ae, 0x1404}}, {{0x341b, 0xc6c6}}, {{0xc2e6, 0x1cfc}}, {{0xb6c8, 0xc1a4}},
		{{0x200a, 0x0f80}}, {{0x0000, 0x6000}}, {{0x2029, 0x0000}}, {{0x710c, 0x1e00}},
		{{0x7004, 0x9004}}, {{0x0120, 0x1600}}, {{0x7080, 0x8000}}, {{0x0001, 0x0825}},
		{{0x003e, 0x702c}}, {{0x40c3, 0x9007}}, {{0xe034, 0x42c3}}, {{0x9004, 0x0034}},
		{{0xb020, 0xb8b2}}, {{0xb020, 0xb220}}, {{0x1a90, 0x005c}}, {{0x1a00, 0x00c5}},
		{{0x095e, 0x0080}}, {{0xd911, 0xd80a}}, {{0x089e, 0xfe2f}}, {{0xb915, 0x0fb2}},
		{{0xfc8f, 0x236f}}, {{0x39c3, 0x45cb}}, {{0x9018, 0x01dc}}, {{0x13ef, 0xb481}},
		{{0x0aae, 0x0160}}, {{0x9500, 0xca03}}, {{0x41c3, 0x9012}}, {{0x0052, 0x2140}},
		{{0x028e, 0x7014}}, {{0x6962, 0x6ee2}}, {{0x26ca, 0x1041}}, {{0x7014, 0x42c3}},
		{{0x0000, 0x2409}}, {{0x44cb, 0x0000}}, {{0x6745, 0x27ca}}, {{0x10c1, 0xd8f2}},
		{{0x1b00, 0x3084}}, {{0xb680, 0xb700}}, {{0x41c3, 0x0221}}, {{0x0001, 0x084a}},
		{{0xfe2f, 0xd80a}}, {{0x40c3, 0x9004}}, {{0x01dc, 0x9541}}, {{0x9560, 0x15fe}},
		{{0x910c, 0x9020}}, {{0x10fc, 0x8100}}, {{0xc440, 0xc141}}, {{0xc042, 0x41c3}},
		{{0x0223, 0x0005}}, {{0x0822, 0xfe2f}}, {{0xd80a, 0xcc12}}, {{0x9620, 0x080f}},
		{{0x0041, 0xcc13}}, {{0x9720, 0x0811}}, {{0x0040, 0xd989}}, {{0x700c, 0x09ea}},
		{{0xfc2f, 0xb912}}, {{0xc807, 0x1600}}, {{0x7082, 0x8000}}, {{0x0004, 0x781b}},
		{{0x2005, 0x0f81}}, {{0x9004, 0x0012}}, {{0x206f, 0x0243}}, {{0x90e6, 0x9100}},
		{{0x1600, 0x708d}}, {{0x8000, 0x0001}}, {{0xc043, 0x0a13}}, {{0x01ff, 0x700c}},
		{{0xba14, 0x2204}}, {{0x0f80, 0x0010}}, {{0x0000, 0x5017}}, {{0x1e00, 0x7043}},
		{{0x8000, 0x0550}}, {{0x0d16, 0x00c0}}, {{0xd84f, 0x0956}}, {{0xff2f, 0xb89f}},
		{{0x094e, 0xff2f}}, {{0x7204, 0x0fc1}}, {{0x103e, 0xbd27}}, {{0x0a92, 0x0000}},
		{{0x1600, 0x7080}}, {{0x8000, 0x0019}}, {{0x2005, 0x837e}}, {{0xf405, 0x1e00}},
		{{0x7085, 0x9004}}, {{0x00c0, 0x0bd2}}, {{0xffcf, 0x0fe6}}, {{0xff4f, 0x41c3}},
		{{0x0226, 0x0000}}, {{0x0f82, 0xfdef}}, {{0x740c, 0x0c2e}}, {{0xff0f, 0x700c}},
		{{0x097e, 0xfc6f}}, {{0xd9ff, 0x700c}}, {{0x742c, 0x0aca}}, {{0xfcef, 0x704c}},
		{{0x700c, 0x0e2a}}, {{0xfcaf, 0x712c}}, {{0x0a6e, 0x0000}}, {{0x266f, 0x1a43}},
		{{0x40a1, 0x0fd6}}, {{0xfdef, 0x1e00}}, {{0x1045, 0x0936}}, {{0xfd4f, 0x70b5}},
		{{0x0ea4, 0xff41}}, {{0x0f0d, 0x133f}}, {{0xd80a, 0xed9a}}, {{0x710c, 0xf016}},
		{{0x41c3, 0x0227}}, {{0x0000, 0x43db}}, {{0x0000, 0x1000}}, {{0x0f2a, 0xfdcf}},
		{{0x0a3e, 0xfc2f}}, {{0x1e00, 0x16c4}}, {{0xd809, 0xb80c}}, {{0xb600, 0x0aae}},
		{{0x0020, 0xd80d}}, {{0xed84, 0x700c}}, {{0x08fe, 0x01c0}}, {{0x08ce, 0xfd0f}},
		{{0x1e00, 0x7003}}, {{0x8000, 0x0550}}, {{0x0a92, 0x0020}}, {{0x700c, 0x710c}},
		{{0xb88f, 0xb600}}, {{0x089a, 0x00c0}}, {{0x0f72, 0xfe2f}}, {{0x710c, 0x0f2d}},
		{{0x10be, 0xd80a}}, {{0x41c3, 0x0207}}, {{0x0000, 0x0ede}}, {{0xfdcf, 0x256f}},
		{{0x1a43, 0x700c}}, {{0x08da, 0x0120}}, {{0x1d00, 0x1105}}, {{0x740c, 0xb88f}},
		{{0xb500, 0x0a5a}}, {{0x0020, 0x720c}}, {{0x2744, 0x908d}}, {{0xf204, 0x08a2}},
		{{0x0160, 0x710c}}, {{0x2744, 0x921b}}, {{0xf204, 0x0816}}, {{0x0160, 0x710c}},
		{{0xed04, 0x088e}}, {{0x0160, 0x700c}}, {{0x2744, 0x940d}}, {{0xf207, 0x0f86}},
		{{0x00e0, 0x700c}}, {{0x0f0d, 0x1050}}, {{0xf012, 0x0f61}}, {{0x1071, 0x710c}},
		{{0x1600, 0x7080}}, {{0x8000, 0x0019}}, {{0xe889, 0xd945}}, {{0xd80a, 0x0e7a}},
		{{0xfdef, 0xb913}}, {{0x087a, 0x0120}}, {{0xd80f, 0xed22}}, {{0xca28, 0x0841}},
		{{0x015e, 0x0e1e}}, {{0xfc0f, 0x1600}}, {{0x708e, 0x8000}}, {{0x0001, 0x4508}},
		{{0x41c3, 0x0215}}, {{0x0000, 0x0e52}}, {{0xfdef, 0xd80a}}, {{0x70b5, 0xd8ff}},
		{{0x228a, 0x0fc7}}, {{0x702c, 0x22ca}}, {{0x0001, 0xbee2}}, {{0x21ca, 0x03e1}},
		{{0x09e6, 0x0020}}, {{0x720c, 0xf004}}, {{0x0f1a, 0x00c0}}, {{0x0b55, 0x3030}},
		{{0x700c, 0x0f8e}}, {{0x0100, 0x1600}}, {{0x709e, 0x8000}}, {{0x0001, 0x0dd2}},
		{{0xfc2f, 0x1214}}, {{0x370b, 0x7014}}, {{0xd8ff, 0x258a}}, {{0x1fc7, 0x70cd}},
		{{0x25ca, 0x1001}}, {{0x2651, 0xb080}}, {{0x0b29, 0x11be}}, {{0x26ca, 0x13e1}},
		{{0x41c3, 0x0217}}, {{0x0000, 0x0df2}}, {{0xfdef, 0xd80a}}, {{0x710c, 0x41c1}},
		{{0x0996, 0x0020}}, {{0x42a1, 0x700c}}, {{0x41c1, 0x098e}}, {{0x0020, 0x42a1}},
		{{0xbfe9, 0x0b78}}, {{0x0102, 0xca05}}, {{0xe825, 0xd825}}, {{0xb89f, 0x8820}},
		{{0x1033, 0x008e}}, {{0x706f, 0x7e25}}, {{0x0e23, 0x16ee}}, {{0x212f, 0x06c0}},
		{{0xdde4, 0x7d39}}, {{0xbdc1, 0x710c}}, {{0x42a1, 0x0cf6}}, {{0xfe2f, 0x4363}},
		{{0x700c, 0x42a1}}, {{0x0cea, 0xfe2f}}, {{0x4363, 0x7177}}, {{0x716f, 0xf5ee}},
		{{0x0ba6, 0xfe0f}}, {{0x1600, 0x7080}}, {{0x8000, 0x0000}}, {{0xb8e5, 0x0dd8}},
		{{0xfe02, 0x0a12}}, {{0xff8f, 0x0f2f}}, {{0x1050, 0x1600}}, {{0x7080, 0x8000}},
		{{0x0004, 0x0817}}, {{0x01ff, 0x2044}}, {{0x0c00, 0x0815}}, {{0x0810, 0x0817}},
		{{0x0431, 0x710c}}, {{0xf005, 0x0c1e}}, {{0x0180, 0xf005}}, {{0x700c, 0x0cda}},
		{{0x0140, 0x0922}}, {{0x0080, 0xc807}}, {{0x781b, 0x2005}}, {{0x0f81, 0x9005}},
		{{0xe012, 0xc003}}, {{0x0e46, 0x0020}}, {{0xb100, 0x41c3}}, {{0x0229, 0x0000}},
		{{0x0d36, 0xfdef}}, {{0xd80a, 0x0db6}}, {{0xfe2f, 0x700c}}, {{0x084e, 0x0160}},
		{{0xd807, 0x700c}}, {{0x20ab, 0x00c4}}, {{0x7fff, 0xf000}}, {{0xc2e2, 0x45cb}},
		{{0x9004, 0x0144}}, {{0x9500, 0x206c}}, {{0x0040, 0xb880}}, {{0x1dac, 0x1014}},
		{{0x0ff2, 0xffaf}}, {{0x740c, 0xd81f}}, {{0x0fea, 0xffaf}}, {{0x1d00, 0x1045}},
		{{0xc6c2, 0x78e0}}, {{0xc2e2, 0x0fde}}, {{0xffaf, 0xd81f}}, {{0x45cb, 0x9004}},
		{{0x01f0, 0x740c}}, {{0x0fce, 0xffaf}}, {{0x1d00, 0x1005}}, {{0x1554, 0x9100}},
		{{0x206c, 0x0040}}, {{0xb881, 0x1d54}}, {{0x9004, 0xc6c2}}, {{0xc0e6, 0x2a40}},
		{{0x024f, 0x2941}}, {{0x00ce, 0x260a}}, {{0x3080, 0x2a40}}, {{0x01cb, 0x6b56}},
		{{0xb90d, 0x7ee5}}, {{0x2e41, 0x309e}}, {{0x7945, 0x2604}}, {{0x1f82, 0x0000}},
		{{0x8007, 0x708d}}, {{0x6bb3, 0x2644}}, {{0x380f, 0xba8b}}, {{0xb087, 0xb086}},
		{{0xb085, 0xb084}}, {{0x2544, 0x140c}}, {{0x2304, 0x1f8d}}, {{0x0000, 0x1f80}},
		{{0x79e5, 0xba8c}}, {{0x7ba5, 0xba8e}}, {{0x2145, 0x0181}}, {{0xb083, 0xb062}},
		{{0xb041, 0xb020}}, {{0xc4c6, 0x78e0}}, {{0xc0f1, 0x1600}}, {{0x7081, 0x8000}},
		{{0x0012, 0x218c}}, {{0x8203, 0x0f84}}, {{0x010e, 0x0d16}}, {{0x0040, 0xc0d1}},
		{{0x7ee0, 0x78e0}}, {{0xc2e6, 0x1cfc}}, {{0xb6c8, 0x2482}}, {{0x3404, 0x4358}},
		{{0xc156, 0xc04a}}, {{0x2455, 0x39c0}}, {{0x702c, 0x0bfa}}, {{0xfbef, 0xda50}},
		{{0x700c, 0xc04b}}, {{0xc00a, 0xd925}}, {{0xb99f, 0x7314}}, {{0x700c, 0x1c98}},
		{{0x3000, 0x1c94}}, {{0x3000, 0x11e1}}, {{0x8482, 0x1152}}, {{0x0083, 0x9120}},
		{{0x1c90, 0x3000}}, {{0x1c8c, 0x3000}}, {{0xf20d, 0xc00a}}, {{0x0827, 0x0070}},
		{{0xd812, 0xc00a}}, {{0x0827, 0x00b0}}, {{0xd826, 0xc00a}}, {{0xe894, 0xd810}},
		{{0xf009, 0x710c}}, {{0xc04c, 0xd828}}, {{0xb890, 0xc052}}, {{0xd8d4, 0xc04f}},
		{{0xf00f, 0xb890}}, {{0xc052, 0xd880}}, {{0xf004, 0xb890}}, {{0xc052, 0xd8d4}},
		{{0xc04f, 0xf005}}, {{0x700c, 0xb890}}, {{0xc052, 0x700c}}, {{0xc04c, 0x213c}},
		{{0x0f80, 0x0000}}, {{0x0c80, 0xc057}}, {{0x236d, 0x3200}}, {{0xc04d, 0xc00a}},
		{{0x7b45, 0xc359}}, {{0xb8a0, 0x1c88}}, {{0x3000, 0xc00b}}, {{0x712c, 0x7918}},
		{{0xc00b, 0xb902}}, {{0x210f, 0x0000}}, {{0xc050, 0xc110}}, {{0xc019, 0x790b}},
		{{0x0482, 0x0001}}, {{0xc00b, 0x1e00}}, {{0x7002, 0x8000}}, {{0x063b, 0x0c12}},
		{{0xfe2f, 0x730c}}, {{0x41c3, 0x8000}}, {{0x063b, 0x8981}}, {{0x41c3, 0x8000}},
		{{0x063b, 0x8922}}, {{0xc20b, 0x245f}}, {{0x150d, 0xc151}}, {{0xc112, 0xc807}},
		{{0x2455, 0x39df}}, {{0x7945, 0xc153}}, {{0x1600, 0x7081}}, {{0x8000, 0x066c}},
		{{0x75e3, 0x46cb}}, {{0x9000, 0x0000}}, {{0xc14e, 0xc113}}, {{0x7825, 0xc054}},
		{{0xf039, 0xc00e}}, {{0x086b, 0x032e}}, {{0x2c40, 0x1300}}, {{0xc314, 0x244a}},
		{{0x7280, 0x7b05}}, {{0x7f7b, 0x245a}}, {{0x151b, 0x2300}}, {{0x37db, 0x7fc5}},
		{{0x264a, 0x3000}}, {{0x43a9, 0x700c}}, {{0x20a8, 0x08c0}}, {{0xc10d, 0x2078}},
		{{0x0202, 0x2178}}, {{0x0001, 0x794b}}, {{0xf417, 0xc10c}}, {{0x2079, 0x0242}},
		{{0x794b, 0xf413}}, {{0xc10c, 0xe908}}, {{0x0811, 0x0251}}, {{0x9720, 0x1b12}},
		{{0x3044, 0xf00b}}, {{0x0813, 0x0250}}, {{0x2605, 0x30c1}}, {{0x793b, 0x79c5}},
		{{0x9120, 0x1b00}}, {{0x1044, 0x7265}}, {{0x2656, 0x381e}}, {{0x7104, 0xe514}},
		{{0x7185, 0xc011}}, {{0x088f, 0x8325}}, {{0x2455, 0x3942}}, {{0xc00b, 0xc10a}},
		{{0x70cd, 0x7d0f}}, {{0x2455, 0x38c3}}, {{0x40a1, 0x2455}}, {{0x394f, 0xc642}},
		{{0x1c04, 0x3041}}, {{0x0836, 0xfe6f}}, {{0xc640, 0x40c3}}, {{0x8000, 0x066c}},
		{{0x8021, 0xc20d}}, {{0xc30d, 0x0f5e}}, {{0xff2f, 0x40a1}}, {{0xc010, 0x43db}},
		{{0x0000, 0x8480}}, {{0x7d0f, 0xc00c}}, {{0xe836, 0x710c}}, {{0x0b7e, 0xfe2f}},
		{{0x41a1, 0xc00d}}, {{0xc20a, 0xd908}}, {{0xc041, 0x2455}}, {{0x3ec0, 0x43a1}},
		{{0xc642, 0x0a1a}}, {{0xfdaf, 0xc740}}, {{0x702c, 0x40c3}}, {{0x8000, 0x5f2c}},
		{{0x0a22, 0xfbef}}, {{0x4263, 0x2455}}, {{0x3ec0, 0xc046}}, {{0xc00d, 0xc20a}},
		{{0xd908, 0xc044}}, {{0xc017, 0xc645}}, {{0xc042, 0xc016}}, {{0xc743, 0xc640}},
		{{0x780f, 0xc041}}, {{0x40c3, 0x8000}}, {{0x5f2c, 0x0d02}}, {{0xfdaf, 0x746c}},
		{{0xc10a, 0x097e}}, {{0xfdaf, 0x2455}}, {{0x3ec0, 0x700c}}, {{0x0b1e, 0xfe2f}},
		{{0x41a1, 0xf02e}}, {{0xc00d, 0xc20a}}, {{0xd908, 0xc041}}, {{0x2455, 0x3ec0}},
		{{0x43a1, 0xc642}}, {{0x09b6, 0xfdaf}}, {{0xc740, 0x702c}}, {{0x40c3, 0x8000}},
		{{0x5f2c, 0x09c2}}, {{0xfbef, 0x4263}}, {{0x2455, 0x3ec0}}, {{0xc046, 0xc00d}},
		{{0xc20a, 0xd908}}, {{0xc044, 0xc017}}, {{0xc645, 0xc042}}, {{0xc016, 0xc743}},
		{{0xc640, 0x780f}}, {{0xc041, 0x40c3}}, {{0x8000, 0x5f2c}}, {{0x0c9e, 0xfdaf}},
		{{0x746c, 0xc10a}}, {{0x091a, 0xfdaf}}, {{0x2455, 0x3ec0}}, {{0xc807, 0xc313}},
		{{0x2455, 0x39c2}}, {{0xc058, 0x40c3}}, {{0x8000, 0x063b}}, {{0x8881, 0x1600}},
		{{0x7080, 0x8000}}, {{0x066c, 0x245f}}, {{0x1501, 0xc05c}}, {{0x40c3, 0x8000}},
		{{0x063b, 0x8802}}, {{0x260a, 0x3300}}, {{0x6159, 0xc05d}}, {{0x245f, 0x1280}},
		{{0xc155, 0xc054}}, {{0xc00b, 0x781b}}, {{0xc05a, 0xc018}}, {{0x7865, 0x026d}},
		{{0x0020, 0xc05b}}, {{0xc01c, 0x2011}}, {{0x8780, 0x0250}}, {{0x0021, 0x2e40}},
		{{0x330c, 0xc01b}}, {{0xc30b, 0x7885}}, {{0xc053, 0xc018}}, {{0x7b85, 0xc50b}},
		{{0x7c05, 0x7865}}, {{0xc050, 0xc013}}, {{0x7d85, 0x41c3}}, {{0x9002, 0x0044}},
		{{0x7b1b, 0xc01a}}, {{0x706d, 0x244a}}, {{0x7280, 0x7c05}}, {{0x2305, 0x0f80}},
		{{0x9000, 0x0000}}, {{0x1c84, 0x3000}}, {{0x78bb, 0x7825}}, {{0xc05e, 0x4061}},
		{{0xc04e, 0xc015}}, {{0x2142, 0x0482}}, {{0x7b9b, 0x7a65}}, {{0xc25f, 0xc051}},
		{{0x20a8, 0x0f03}}, {{0xc00d, 0x2378}}, {{0x1201, 0x2078}}, {{0x0000, 0x782b}},
		{{0xf4ec, 0xc00c}}, {{0x2379, 0x1241}}, {{0x782b, 0xf4e8}}, {{0xc00c, 0x7825}},
		{{0x7114, 0xf4e4}}, {{0xc014, 0x704c}}, {{0x7061, 0x780f}}, {{0x209f, 0x040d}},
		{{0x2032, 0x0f9f}}, {{0x8000, 0x61a8}}, {{0x0f39, 0x3030}}, {{0x708d, 0x41c3}},
		{{0x8000, 0x5f2c}}, {{0x0f29, 0x3070}}, {{0x6029, 0x2000}}, {{0x0f80, 0x8000}},
		{{0x5f2c, 0x0f17}}, {{0x30f1, 0x8861}}, {{0x8842, 0xc00f}}, {{0x4b34, 0x7842}},
		{{0x7091, 0xc40f}}, {{0xf606, 0x4220}}, {{0x4468, 0xf004}}, {{0xc40f, 0x4220}},
		{{0xc011, 0x2455}}, {{0x3941, 0x21f4}}, {{0x0781, 0x1488}}, {{0x3003, 0x9000}},
		{{0x2153, 0x014d}}, {{0x7274, 0x2053}}, {{0x0143, 0xf409}}, {{0x206c, 0x0140}},
		{{0x216c, 0x0141}}, {{0x6078, 0x653b}}, {{0xf00f, 0x7f1d}}, {{0x2084, 0x0001}},
		{{0x7e3d, 0x2184}}, {{0x0001, 0x276c}}, {{0x115f, 0x6078}}, {{0x266c, 0x1143}},
		{{0x61b9, 0x70e3}}, {{0x633b, 0x7910}}, {{0xc00a, 0x7b70}}, {{0x647c, 0x7214}},
		{{0x4970, 0x7842}}, {{0x7c22, 0x4708}}, {{0x27ca, 0x1305}}, {{0x24ca, 0x1005}},
		{{0xc00a, 0xe815}}, {{0xc00a, 0x0897}}, {{0x0090, 0xc00a}}, {{0x08a7, 0x0051}},
		{{0xc10e, 0xc010}}, {{0x43db, 0x9002}}, {{0x00d4, 0x2342}}, {{0x310d, 0x7825}},
		{{0x7e1b, 0x2305}}, {{0x339b, 0x7dc5}}, {{0xf05e, 0xc10e}}, {{0xc010, 0x43c3}},
		{{0x9002, 0x00d0}}, {{0x7a90, 0x7825}}, {{0x7e1b, 0x2605}}, {{0x10cd, 0x1500}},
		{{0x111f, 0x6b04}}, {{0x2605, 0x101b}}, {{0x78f0, 0x1300}}, {{0x3101, 0x1c80}},
		{{0x3000, 0x202f}}, {{0x07c7, 0x7210}}, {{0x24ca, 0x100d}}, {{0x2358, 0x0ac0}},
		{{0x272f, 0x3047}}, {{0x2605, 0x1001}}, {{0xb864, 0x78c5}}, {{0x9120, 0x9000}},
		{{0x1480, 0x3003}}, {{0x1600, 0x7082}}, {{0x8000, 0x00d9}}, {{0x73f3, 0x27ca}},
		{{0x17cd, 0xea32}}, {{0xb9c6, 0x7b90}}, {{0x7170, 0xb8c6}}, {{0x20cc, 0x80cd}},
		{{0xf717, 0x092d}}, {{0x0025, 0x4954}}, {{0xf013, 0xc10e}}, {{0xc010, 0x7825}},
		{{0x41c3, 0x9002}}, {{0x0038, 0x781b}}, {{0x6944, 0x7905}}, {{0x7845, 0xb180}},
		{{0xf004, 0xc01f}}, {{0xb080, 0xc01e}}, {{0xb0e0, 0xf022}}, {{0x4854, 0x272f}},
		{{0x33c8, 0x2700}}, {{0x3043, 0xe3fe}}, {{0xf705, 0x2000}}, {{0x07c3, 0xe3ff}},
		{{0xf78a, 0x080f}}, {{0x0065, 0x2187}}, {{0x0fc1, 0x4957}}, {{0xf004, 0x2087}},
		{{0x0fc1, 0x4857}}, {{0x40c3, 0x9002}}, {{0x00d8, 0x2605}}, {{0x1001, 0x7404}},
		{{0x7e05, 0xb580}}, {{0xb180, 0x1b00}}, {{0x33c4, 0xb6e0}}, {{0xc011, 0x0b0f}},
		{{0x1271, 0x9020}}, {{0x1484, 0x3000}}, {{0xf007, 0xc20e}}, {{0xc013, 0x7845}},
		{{0x781b, 0xb89c}}, {{0xb89f, 0xb020}}, {{0xc011, 0x7165}}, {{0x7204, 0xc051}},
		{{0xc00e, 0x2056}}, {{0x0800, 0xc04e}}, {{0xc015, 0x2640}}, {{0x305e, 0xe014}},
		{{0xc055, 0xc014}}, {{0xe00a, 0xc054}}, {{0xc01d, 0x260c}}, {{0xb000, 0x0598}},
		{{0xffce, 0xc00b}}, {{0x7104, 0x7214}}, {{0x0362, 0xffe5}}, {{0xc04b, 0x2480}},
		{{0x3404, 0x1404}}, {{0x341b, 0xc6c6}}, {{0xc2e4, 0xde4f}}, {{0xbe9f, 0x45c9}},
		{{0x1501, 0x1482}}, {{0x41c3, 0x01a1}}, {{0x0001, 0x0eee}}, {{0xfdaf, 0x740c}},
		{{0x4e18, 0x0df1}}, {{0x9004, 0xe02b}}, {{0x4508, 0x4608}}, {{0x1501, 0x1482}},
		{{0x41c3, 0x01a2}}, {{0x0001, 0x0ed2}}, {{0xfdaf, 0x740c}}, {{0x4e18, 0x0df1}},
		{{0x9004, 0xc6c4}}, {{0xc2e6, 0xc1a3}}, {{0x47cb, 0x8000}}, {{0x0458, 0x46cb}},
		{{0x8000, 0x096a}}, {{0x0811, 0x02ff}}, {{0x4508, 0x9700}}, {{0x2053, 0x80be}},
		{{0xf414, 0xf012}}, {{0x9611, 0x8f20}}, {{0xb880, 0x2153}}, {{0x80be, 0xb611}},
		{{0xf20a, 0x702c}}, {{0xda07, 0x706c}}, {{0x40c1, 0xc142}}, {{0xc141, 0x097a}},
		{{0xfc6f, 0xc140}}, {{0x086a, 0xfc0f}}, {{0x0d23, 0x11de}}, {{0x8f00, 0x2053}},
		{{0x80be, 0xf20b}}, {{0x702c, 0xda07}}, {{0x706c, 0x40c1}}, {{0xc142, 0xc141}},
		{{0x0956, 0xfc6f}}, {{0xc140, 0x084a}}, {{0xfc0f, 0xc0a3}}, {{0xc6c6, 0x78e0}},
		{{0xc2e6, 0x1cfc}}, {{0xb6c8, 0xc1b2}}, {{0x7034, 0xc144}}, {{0xc246, 0xc047}},
		{{0xf284, 0x70ed}}, {{0xc506, 0xc091}}, {{0x78f4, 0x7df5}}, {{0x9520, 0xc045}},
		{{0x2153, 0x0142}}, {{0xb926, 0xa841}}, {{0xa820, 0x0fc6}}, {{0xff2f, 0x702c}},
		{{0x9504, 0x2454}}, {{0x381b, 0x2314}}, {{0x33db, 0x2053}}, {{0x0141, 0xb826}},
		{{0x1b01, 0x3042}}, {{0x1b00, 0x3002}}, {{0x702c, 0x0fa6}}, {{0xff2f, 0x4063}},
		{{0xc005, 0x724c}}, {{0x0ac6, 0x0060}}, {{0x4163, 0x9508}}, {{0xc68f, 0x7ef4}},
		{{0x2053, 0x0141}}, {{0xb826, 0xae21}}, {{0xae00, 0x712c}}, {{0x0f82, 0xff2f}},
		{{0x40c1, 0x950c}}, {{0xc58e, 0x7df4}}, {{0x2053, 0x0141}}, {{0xb826, 0xad21}},
		{{0xad00, 0x712c}}, {{0x0f6a, 0xff2f}}, {{0x40a1, 0x724c}}, {{0x40c1, 0x0a8e}},
		{{0x0060, 0x41a1}}, {{0xc005, 0x1301}}, {{0x308b, 0xc38d}}, {{0xda40, 0x8821}},
		{{0x2440, 0x3c8c}}, {{0x63fb, 0x8e01}}, {{0xc34a, 0x64fc}}, {{0x4a33, 0x2155}},
		{{0x0c1e, 0xe1c1}}, {{0xc449, 0x2202}}, {{0x02c1, 0x2355}}, {{0x1c0c, 0x26ca}},
		{{0x30c5, 0x238c}}, {{0x9041, 0x24ca}}, {{0x1045, 0xc10a}}, {{0xc045, 0x2440}},
		{{0x3d80, 0x60f8}}, {{0xc04b, 0xc005}}, {{0xa980, 0x8da1}}, {{0xc105, 0xc68c}},
		{{0x66fe, 0xc648}}, {{0x2202, 0x001f}}, {{0x2055, 0x0c0e}}, {{0xe1c1, 0x4ab0}},
		{{0x2555, 0x1c1b}}, {{0x26ca, 0x17c5}}, {{0xe5c1, 0x23ca}}, {{0x3005, 0xc004}},
		{{0x71e5, 0xc20b}}, {{0xc109, 0x7710}}, {{0xc008, 0x1a00}}, {{0x0782, 0xa9c0}},
		{{0x0704, 0xffe5}}, {{0x1800, 0x06c2}}, {{0xc007, 0x08e1}}, {{0x0115, 0xc007}},
		{{0x08d9, 0x0090}}, {{0x1600, 0x7080}}, {{0x8000, 0x0093}}, {{0xe829, 0xc004}},
		{{0x7014, 0xf28a}}, {{0x254a, 0x1000}}, {{0xc08c, 0x60aa}}, {{0xc006, 0x2440}},
		{{0x3c81, 0xc48d}}, {{0x2440, 0x3d8e}}, {{0x61ab, 0x64a9}}, {{0x66ae, 0xc043}},
		{{0xc090, 0x78b4}}, {{0xc042, 0xc091}}, {{0x78b4, 0xc48e}}, {{0x2308, 0x0082}},
		{{0xc38f, 0xc041}}, {{0x7cb4, 0x2608}}, {{0x1041, 0x7bb4}}, {{0x78af, 0x0f0a}},
		{{0xfcaf, 0xc440}}, {{0xc004, 0x71a5}}, {{0x0dc1, 0x9004}}, {{0xf064, 0xc004}},
		{{0x70ad, 0x264a}}, {{0x3000, 0x43a9}}, {{0xe81d, 0xc004}}, {{0x702c, 0x4328}},
		{{0x240a, 0x7000}}, {{0x264a, 0x3000}}, {{0x20a8, 0x0540}}, {{0xc08c, 0x2440}},
		{{0x3c82, 0x2440}}, {{0x3d8c, 0xc38d}}, {{0x602e, 0x622a}}, {{0x6428, 0x632b}},
		{{0x2608, 0x3082}}, {{0x2308, 0x1000}}, {{0x7124, 0x2608}}, {{0x109e, 0x2308}},
		{{0x000b, 0xc004}}, {{0x0881, 0x0010}}, {{0xc090, 0x78b4}}, {{0xc042, 0xc091}},
		{{0x78b4, 0xc106}}, {{0xc041, 0xc08e}}, {{0x78b4, 0xc38f}}, {{0xc040, 0x7bb4}},
		{{0x78af, 0xc143}}, {{0x4161, 0x0e92}}, {{0xfcaf, 0x220a}}, {{0x0780, 0xc004}},
		{{0x71a5, 0x0dd9}}, {{0x9004, 0xf028}}, {{0xc004, 0xe826}}, {{0x254a, 0x1000}},
		{{0xc08c, 0x2440}}, {{0x3c81, 0xc48d}}, {{0x2440, 0x3d8e}}, {{0x60aa, 0xc090}},
		{{0x61ab, 0x64a9}}, {{0x66ac, 0x78b4}}, {{0xc042, 0xc091}}, {{0x78b4, 0xc041}},
		{{0xc08e, 0x2408}}, {{0x1041, 0xc406}}, {{0x78b4, 0x2308}}, {{0x0082, 0xc38f}},
		{{0xc040, 0x7bb4}}, {{0x78af, 0x0e42}}, {{0xfcaf, 0xc443}}, {{0xc004, 0x71a5}},
		{{0x0dc1, 0x9004}}, {{0xc0b2, 0x1404}}, {{0x341b, 0xc6c6}}, {{0xc2e6, 0x1cfc}},
		{{0xb6c8, 0x2482}}, {{0x3e02, 0x1cb0}}, {{0x3080, 0xc145}}, {{0x08ba, 0xfcef}},
		{{0x1cac, 0x3000}}, {{0xc046, 0xc005}}, {{0x42c3, 0x8000}}, {{0x063e, 0x0823}},
		{{0x0050, 0xc005}}, {{0xe89c, 0x8a01}}, {{0x1600, 0x7081}}, {{0x8000, 0x0025}},
		{{0xc048, 0x8a00}}, {{0xc043, 0x2178}}, {{0x00c0, 0x7104}}, {{0xf00f, 0x8a03}},
		{{0x1600, 0x7081}}, {{0x8000, 0x0058}}, {{0xc048, 0x8a02}}, {{0x7334, 0xc043}},
		{{0x2178, 0x0040}}, {{0xc049, 0x20ca}}, {{0x00a1, 0xc049}}, {{0x14ac, 0x3002}},
		{{0xc309, 0x41c3}}, {{0x0090, 0x0002}}, {{0x0b9e, 0xfdaf}}, {{0x740c, 0x14ac}},
		{{0x3000, 0x7014}}, {{0x0210, 0x0021}}, {{0xd820, 0x206f}}, {{0x0bc3, 0x8820}},
		{{0x792a, 0x1a10}}, {{0x305c, 0x8821}}, {{0xc009, 0x792a}}, {{0x7014, 0x01ea}},
		{{0x002c, 0x1a11}}, {{0x305c, 0xc003}}, {{0x228a, 0x0a14}}, {{0x7a0a, 0x700c}},
		{{0xc044, 0x2200}}, {{0x0f82, 0x8000}}, {{0x09dc, 0xc247}}, {{0xc004, 0x248a}},
		{{0x7001, 0x1cb4}}, {{0x3040, 0xd97f}}, {{0x1a06, 0x3002}}, {{0xc08a, 0xb908}},
		{{0x20a8, 0x0100}}, {{0x1802, 0x0054}}, {{0x40c3, 0x3f1f}}, {{0x0000, 0xd925}},
		{{0x1ca8, 0x3000}}, {{0x740c, 0x0b32}}, {{0xfdaf, 0xb912}}, {{0xc707, 0x140c}},
		{{0x301b, 0xf01b}}, {{0x70cd, 0x45e9}}, {{0x1a07, 0x36c2}}, {{0xc646, 0x14b0}},
		{{0x3000, 0x0817}}, {{0x03ae, 0x40a1}}, {{0x0ee6, 0x00e0}}, {{0x1a08, 0x3382}},
		{{0x4100, 0x7014}}, {{0xf4ab, 0x71c5}}, {{0x0ee7, 0x92b4}}, {{0x2555, 0x184d}},
		{{0x2780, 0x1a14}}, {{0x7167, 0xc008}}, {{0x08cd, 0x86e5}}, {{0xd995, 0x740c}},
		{{0x0ae6, 0xfdaf}}, {{0xb910, 0xc103}}, {{0xc008, 0x086b}}, {{0x0045, 0xd94b}},
		{{0x740c, 0x0ad6}}, {{0xfdaf, 0xb911}}, {{0x14ab, 0x3083}}, {{0x14aa, 0x30c2}},
		{{0x41c3, 0x0097}}, {{0x0002, 0x0ac2}}, {{0xfdaf, 0x740c}}, {{0x14ac, 0x3001}},
		{{0x0812, 0x0060}}, {{0xc08a, 0x4100}}, {{0x7014, 0x700c}}, {{0xc046, 0xf47f}},
		{{0x14ab, 0x3083}}, {{0x14aa, 0x30c2}}, {{0x41c3, 0x0098}}, {{0x0002, 0x0a9a}},
		{{0xfdaf, 0x740c}}, {{0xd999, 0x740c}}, {{0x0a8e, 0xfdaf}}, {{0xb910, 0xc103}},
		{{0xc008, 0x7110}}, {{0x710c, 0x0062}}, {{0x002e, 0xc046}}, {{0x14b4, 0x3001}},
		{{0xf065, 0x141c}}, {{0x301b, 0xc703}}, {{0x70cd, 0x456b}}, {{0x1a07, 0x33c2}},
		{{0xc646, 0x14b0}}, {{0x3000, 0x0829}}, {{0x03ae, 0xc28a}}, {{0x1582, 0x10c1}},
		{{0x14aa, 0x30c0}}, {{0x1a08, 0x3382}}, {{0x4913, 0x702c}}, {{0xc08a, 0xc140}},
		{{0x0ff6, 0xfcaf}}, {{0x41a1, 0x0897}}, {{0x0031, 0x4100}}, {{0x71c5, 0x0ed7}},
		{{0x92b4, 0x2555}}, {{0x184d, 0xc008}}, {{0x2380, 0x3a14}}, {{0x7710, 0x07bc}},
		{{0xffe5, 0x71e5}}, {{0xf1a5, 0x141c}}, {{0x301b, 0xc703}}, {{0x456b, 0x70cd}},
		{{0x1a07, 0x33c2}}, {{0x14b0, 0x3000}}, {{0x0845, 0x03ae}}, {{0x40a1, 0x14ab}},
		{{0x3081, 0x098a}}, {{0xfe6f, 0x1a08}}, {{0x3382, 0x4100}}, {{0xe8a5, 0x1582}},
		{{0x10c0, 0xc304}}, {{0x41c3, 0x009a}}, {{0x0005, 0xc042}}, {{0x740c, 0x704c}},
		{{0xc740, 0x09e6}}, {{0xfdaf, 0xc641}}, {{0xca02, 0xe80a}}, {{0xc004, 0x14ac}},
		{{0x3001, 0xc205}}, {{0x7b0f, 0x0d86}}, {{0x01a0, 0x40a1}}, {{0x71c5, 0x0eb9}},
		{{0x92b4, 0x2555}}, {{0x184d, 0xc008}}, {{0x2380, 0x3a14}}, {{0x7710, 0x07a0}},
		{{0xffe5, 0x71e5}}, {{0xf19c, 0x700c}}, {{0xc046, 0xc006}}, {{0xe80e, 0xc004}},
		{{0x7104, 0xc044}}, {{0xc204, 0xc009}}, {{0x7210, 0xc007}}, {{0x2096, 0x050a}},
		{{0x063c, 0xffeb}}, {{0xc047, 0x702c}}, {{0x782f, 0x2480}}, {{0x3e02, 0x1404}},
		{{0x341b, 0xc6c6}}, {{0xb89f, 0x8820}}, {{0x792a, 0x1a10}}, {{0x305c, 0x8821}},
		{{0x700c, 0xc047}}, {{0x792a, 0x0219}}, {{0x0020, 0x1a11}}, {{0x305c, 0xc003}},
		{{0x1a07, 0x3002}}, {{0x700c, 0xc044}}, {{0xc104, 0x14b0}}, {{0x3000, 0x2011}},
		{{0x8040, 0xf2f5}}, {{0xc209, 0xc006}}, {{0xc304, 0xc240}}, {{0xc203, 0xc041}},
		{{0x41c3, 0x0091}}, {{0x0004, 0x0942}}, {{0xfdaf, 0x760c}}, {{0xc009, 0x7114}},
		{{0xc004, 0x1a08}}, {{0x3002, 0xf421}}, {{0xc006, 0x41c3}}, {{0x8000, 0x09dc}},
		{{0x7314, 0x00ba}}, {{0x0006, 0xc004}}, {{0xc503, 0x209a}}, {{0x0102, 0x259a}},
		{{0x1a14, 0x651d}}, {{0x653d, 0x702c}}, {{0x0e6a, 0x0020}}, {{0x40a1, 0x087d}},
		{{0x8031, 0x4100}}, {{0xca02, 0x7014}}, {{0x700c, 0xc047}}, {{0xf2c7, 0x702c}},
		{{0x706c, 0x40a1}}, {{0xf0b3, 0xc006}}, {{0x43db, 0x8000}}, {{0x09dc, 0x47cb}},
		{{0x8000, 0x1e7c}}, {{0x7214, 0x00be}}, {{0x0005, 0xf27a}}, {{0xc006, 0x7314}},
		{{0xf4a9, 0xc104}}, {{0xc003, 0x219a}}, {{0x0102, 0x209a}}, {{0x0a14, 0x6038}},
		{{0x2300, 0x301b}}, {{0x671f, 0x2000}}, {{0x0f8d, 0x8000}}, {{0x331c, 0x2000}},
		{{0x0f8e, 0x8000}}, {{0x47bc, 0x4063}}, {{0x41e1, 0x42a1}}, {{0x0f3a, 0xfcaf}},
		{{0x43c1, 0x0819}}, {{0x8031, 0x4100}}, {{0xca02, 0x7014}}, {{0xf297, 0xc205}},
		{{0x702c, 0x706c}}, {{0x0c46, 0x01a0}}, {{0x4063, 0xc205}}, {{0x702c, 0x716c}},
		{{0x0c3a, 0x01a0}}, {{0x40e1, 0xc205}}, {{0x702c, 0x706c}}, {{0x0c2e, 0x01a0}},
		{{0x40a1, 0x702c}}, {{0x716c, 0x40c1}}, {{0xf071, 0xf47a}}, {{0xc204, 0xc003}},
		{{0x229a, 0x0102}}, {{0x209a, 0x0a14}}, {{0x6058, 0x603d}}, {{0x2000, 0x0f8e}},
		{{0x8000, 0x331c}}, {{0x40a1, 0x41a1}}, {{0x42c1, 0x0ede}}, {{0xfcaf, 0x43c1}},
		{{0x4100, 0x7014}}, {{0xf55a, 0xca02}}, {{0x08d3, 0x0030}}, {{0x702c, 0xc205}},
		{{0xc307, 0x0bea}}, {{0x01a0, 0x40a1}}, {{0xc205, 0xc307}}, {{0x702c, 0x40c1}},
		{{0xf04e, 0xc104}}, {{0xc003, 0x219a}}, {{0x0102, 0x209a}}, {{0x0a14, 0x6038}},
		{{0x2000, 0x06cd}}, {{0x671f, 0x40a1}}, {{0x41e1, 0x42a1}}, {{0x0e9a, 0xfcaf}},
		{{0x43e1, 0x4100}}, {{0x7014, 0xf53a}}, {{0xca02, 0x0893}}, {{0x0030, 0x702c}},
		{{0xc205, 0x706c}}, {{0x0ba6, 0x01a0}}, {{0x40a1, 0xf02e}}, {{0xc004, 0xda84}},
		{{0x218a, 0x0a14}}, {{0x7a0c, 0xc003}}, {{0x782c, 0x702c}}, {{0x6058, 0x7063}},
		{{0x0d32, 0x0020}}, {{0x4318, 0x4100}}, {{0x7014, 0xf520}}, {{0xca02, 0xe808}},
		{{0xc205, 0x702c}}, {{0x706c, 0x0b76}}, {{0x01a0, 0x4063}}, {{0xc104, 0xc003}},
		{{0x219a, 0x0102}}, {{0x209a, 0x0a14}}, {{0x6038, 0x671f}}, {{0x702c, 0x0d06}},
		{{0x0020, 0x40e1}}, {{0x4100, 0x7014}}, {{0xf508, 0xca02}}, {{0x7014, 0x710c}},
		{{0xc047, 0xf215}}, {{0x702c, 0x716c}}, {{0x40e1, 0xc205}}, {{0x0b3e, 0x0180}},
		{{0xf00d, 0x700c}}, {{0x41c3, 0x0093}}, {{0x0001, 0xf006}}, {{0x700c, 0x41c3}},
		{{0x0092, 0x0001}}, {{0x0952, 0xfbaf}}, {{0xc206, 0xc004}}, {{0x7104, 0xe08a}},
		{{0x0608, 0xffe5}}, {{0xc044, 0xc003}}, {{0x7104, 0xc043}}, {{0xc103, 0xc008}},
		{{0x7110, 0x05ee}}, {{0xffce, 0x05c3}}, {{0xffcf, 0x78e0}}, {{0xc2e2, 0x1600}},
		{{0x7080, 0x8000}}, {{0x0001, 0x081b}}, {{0x003e, 0xd80a}}, {{0x45cb, 0x9005}},
		{{0xe0a4, 0x0a22}}, {{0xff6f, 0x1d00}}, {{0x1045, 0x1d00}}, {{0x1005, 0xc6c2}},
		{{0x40c3, 0x9004}}, {{0x00f2, 0x1800}}, {{0x0045, 0x7fe0}}, {{0x1800, 0x0005}},
		{{0xc2e6, 0x1cfc}}, {{0xb6c8, 0xc1a5}}, {{0xd915, 0x740c}}, {{0x0f0a, 0xfd6f}},
		{{0xb912, 0x264a}}, {{0x3000, 0x200a}}, {{0x0780, 0xc043}}, {{0x40c3, 0x8000}},
		{{0x0656, 0xc042}}, {{0x0e0f, 0x3010}}, {{0x1600, 0x7080}}, {{0x8000, 0x0058}},
		{{0xf005, 0x1600}}, {{0x7080, 0x8000}}, {{0x0025, 0xe83b}}, {{0xd89c, 0xb89f}},
		{{0x264c, 0xb000}}, {{0x20c0, 0x00a2}}, {{0x9020, 0xca09}}, {{0xc602, 0xb902}},
		{{0xb98c, 0x706f}}, {{0xb992, 0xc144}}, {{0x70ed, 0xe826}}, {{0x250a, 0x1380}},
		{{0xc003, 0x2732}}, {{0x1f82, 0x8000}}, {{0x046c, 0x230a}}, {{0x0780, 0x790f}},
		{{0xc004, 0x6038}}, {{0x781b, 0xb89c}}, {{0xb89f, 0x9000}}, {{0x41c3, 0x0055}},
		{{0x0004, 0x1d04}}, {{0x1012, 0x780f}}, {{0xc041, 0x740c}}, {{0xc240, 0x0e8a}},
		{{0xfd6f, 0x4263}}, {{0xca09, 0xc103}}, {{0x71e5, 0x7124}}, {{0x0fc5, 0x9024}},
		{{0xc143, 0xf003}}, {{0x700c, 0x7167}}, {{0x0bb1, 0xb0b4}}, {{0x71c5, 0xc002}},
		{{0x2640, 0x305e}}, {{0x7204, 0x0e71}}, {{0xb0b4, 0xc042}}, {{0xc0a5, 0x1404}},
		{{0x341b, 0xc6c6}}, {{0xc2e6, 0x1cfc}}, {{0xb6c8, 0xc1a1}}, {{0x46cb, 0x8000}},
		{{0x063c, 0x8ea0}}, {{0x1207, 0x360c}}, {{0x8e61, 0x251f}}, {{0x108f, 0x232f}},
		{{0x330a, 0xc340}}, {{0xf043, 0x0845}}, {{0x063f, 0x232f}}, {{0x13c8, 0x0a7d}},
		{{0x0030, 0x2d40}}, {{0x131e, 0x706c}}, {{0x230a, 0x10c0}}, {{0x2605, 0x301e}},
		{{0xbb08, 0x2305}}, {{0x0783, 0x7b7b}}, {{0xbb91, 0xbb9c}}, {{0x7cf0, 0xbb9f}},
		{{0x7165, 0x2114}}, {{0x031f, 0x9380}}, {{0x232f, 0x02c7}}, {{0x71e5, 0x0be5}},
		{{0x80a4, 0x1f00}}, {{0x3304, 0xf022}}, {{0x2004, 0x06c0}}, {{0x8e83, 0x2004}},
		{{0x0f83, 0x0fff}}, {{0xfffe, 0x2300}}, {{0x0f83, 0xfeff}}, {{0xfff0, 0x2b43}},
		{{0x011f, 0x23ad}}, {{0x0903, 0x74f7}}, {{0x243c, 0x134c}}, {{0x23ca, 0x0126}},
		{{0x7c9b, 0x2044}}, {{0x005e, 0x7c75}}, {{0x2400, 0x1783}}, {{0x63db, 0x8b86}},
		{{0x2114, 0x02c3}}, {{0x71e5, 0xb380}}, {{0x71a5, 0xc300}}, {{0x0b7b, 0x8345}},
		{{0x7487, 0x1404}}, {{0x341b, 0xc6c6}}, {{0xc2e6, 0x1cfc}}, {{0xb6c8, 0xc1a8}},
		{{0xc044, 0x700c}}, {{0xc147, 0xc043}}, {{0xc042, 0xc041}}, {{0x0a4a, 0xfcaf}},
		{{0xc040, 0xc104}}, {{0xb90c, 0x0819}}, {{0x0070, 0x7b30}}, {{0x2278, 0x0041}},
		{{0x2078, 0x0080}}, {{0x790b, 0xf404}}, {{0xd873, 0xf003}}, {{0xd874, 0xb890}},
		{{0x2305, 0x0001}}, {{0x684b, 0x787b}}, {{0xc145, 0x218a}}, {{0x000c, 0x2005}},
		{{0x0f9b, 0x9002}}, {{0x00e4, 0x1b00}}, {{0x3044, 0x1600}}, {{0x7080, 0x8000}},
		{{0x0008, 0x244a}}, {{0x7200, 0x7a65}}, {{0x2078, 0x0080}}, {{0x6892, 0xc080}},
		{{0xe408, 0xc046}}, {{0x70ed, 0x204a}}, {{0x0000, 0xc180}}, {{0x20a8, 0x0380}},
		{{0x2005, 0x0083}}, {{0x7b7b, 0xbb9c}}, {{0xbb9f, 0x9360}}, {{0x2056, 0x0800}},
		{{0xbb2a, 0x7b82}}, {{0x1902, 0x00d4}}, {{0x70ad, 0x70cd}}, {{0xc006, 0x1002}},
		{{0x0501, 0xc046}}, {{0xc007, 0x6038}}, {{0x2085, 0x0003}}, {{0x1b00, 0x3004}},
		{{0x0fe2, 0xff2f}}, {{0xd808, 0xc005}}, {{0x78e5, 0x781b}}, {{0xb89c, 0xb89f}},
		{{0x9000, 0x2756}}, {{0x180f, 0xb8c0}}, {{0x78b8, 0x71a5}}, {{0x0dd1, 0x9234}},
		{{0x7e05, 0x1b00}}, {{0x3005, 0xc104}}, {{0x0d16, 0xfd6f}}, {{0x78cf, 0xc0a8}},
		{{0x1404, 0x341b}}, {{0xc6c6, 0x78e0}}, {{0xc2e6, 0x1cfc}}, {{0xb6c8, 0xc1a1}},
		{{0xc140, 0x41c3}}, {{0x8000, 0x063c}}, {{0x89a0, 0x4318}}, {{0x70ed, 0x0a1b}},
		{{0x00b0, 0x710c}}, {{0x255f, 0x124c}}, {{0x0a13, 0x0071}}, {{0xdb08, 0xe408}},
		{{0xd809, 0xdf08}}, {{0xf003, 0x44a9}}, {{0x706c, 0x1101}}, {{0x009e, 0xf024}},
		{{0x0b43, 0x03e4}}, {{0x2d40, 0x134b}}, {{0x46e9, 0x2e40}}, {{0x1241, 0x2105}},
		{{0x02c1, 0x2105}}, {{0x0f81, 0x9002}}, {{0x0154, 0x9920}}, {{0xc200, 0xea0c}},
		{{0x228a, 0x0fcf}}, {{0x2941, 0x011f}}, {{0x7a24, 0x2704}}, {{0x3f81, 0x0000}},
		{{0x0fc0, 0x6159}}, {{0x2314, 0x3302}}, {{0x641c, 0x7670}}, {{0x71c5, 0xb220}},
		{{0xf7a5, 0x71a5}}, {{0x0ebd, 0xb345}}, {{0x7487, 0x1404}}, {{0x341b, 0xc6c6}},
		{{0xc0e4, 0x40c3}}, {{0x8000, 0x042c}}, {{0x88c0, 0x700c}}, {{0x42c3, 0x8000}},
		{{0x0744, 0xf015}}, {{0x2840, 0x030b}}, {{0x4448, 0x702c}}, {{0x20a8, 0x0340}},
		{{0x1401, 0x148d}}, {{0x2105, 0x02c3}}, {{0x7b7b, 0x7124}}, {{0x2305, 0x0f83}},
		{{0x9002, 0x0100}}, {{0xb3a0, 0xe208}}, {{0x7104, 0x08dd}}, {{0x83a4, 0x244a}},
		{{0x7200, 0xc4c4}}, {{0xc0e2, 0xc807}}, {{0x1214, 0x3702}}, {{0xdb25, 0x791b}},
		{{0x2105, 0x0f81}}, {{0x9004, 0x0022}}, {{0xbb9f, 0xb140}}, {{0x8b00, 0x42c3}},
		{{0x8000, 0x063e}}, {{0xe815, 0x8a81}}, {{0x1200, 0x0080}}, {{0x0c23, 0x1004}},
		{{0x41c3, 0x8000}}, {{0x0430, 0x21f4}}, {{0x000d, 0x2840}}, {{0x034b, 0x7091}},
		{{0x2305, 0x1f81}}, {{0x9002, 0x0146}}, {{0x7104, 0xb1a0}}, {{0xf7b2, 0x1333}},
		{{0x0080, 0xe815}}, {{0x8a83, 0x8a02}}, {{0x0c23, 0x1004}}, {{0x41c3, 0x8000}},
		{{0x0430, 0x21f4}}, {{0x0003, 0x2840}}, {{0x0342, 0x7091}}, {{0x2205, 0x0f81}},
		{{0x9002, 0x0146}}, {{0x7104, 0xb160}}, {{0xf7b2, 0xc4c2}}, {{0xc0e6, 0x706c}},
		{{0x278a, 0x1403}}, {{0x706d, 0xda68}}, {{0x231f, 0x108d}}, {{0x7a6c, 0x235f}},
		{{0x1d0c, 0x7175}}, {{0x716d, 0x605e}}, {{0x231a, 0x03c2}}, {{0x62ba, 0x7a34}},
		{{0x2232, 0x0f8d}}, {{0x8000, 0x0764}}, {{0x669a, 0x623a}}, {{0xaaa0, 0xf5ed}},
		{{0x7164, 0x0bd5}}, {{0x8094, 0xc4c6}}, {{0xc2e2, 0xc1a1}}, {{0x8960, 0x8880}},
		{{0x7470, 0xf23a}}, {{0xf7c9, 0x0c23}}, {{0x10a5, 0x6c69}}, {{0x88a1, 0xa860}},
		{{0x2554, 0x1803}}, {{0xf01e, 0x0b25}}, {{0x0085, 0x8981}}, {{0x7764, 0xa960}},
		{{0x2454, 0x1803}}, {{0xf021, 0x4c53}}, {{0x0a23, 0x0070}}, {{0xa860, 0x0a2f}},
		{{0x0090, 0x1001}}, {{0x00c3, 0xf00f}}, {{0x7b42, 0x0a29}}, {{0x0070, 0xa960}},
		{{0x0a31, 0x0090}}, {{0x1101, 0x00c3}}, {{0xf010, 0x8861}}, {{0x2354, 0x0803}},
		{{0xa861, 0x262f}}, {{0xf0c5, 0x0020}}, {{0x0003, 0xdb7f}}, {{0xa861, 0xf00c}},
		{{0x8961, 0x2354}}, {{0x0803, 0xa961}}, {{0x262f, 0xf0c5}}, {{0x0008, 0x0003}},
		{{0xdb7f, 0xa961}}, {{0x8960, 0x8880}}, {{0x41c3, 0x00a4}}, {{0x0003, 0xc240}},
		{{0x2438, 0x10c0}}, {{0x0c92, 0xfb6f}}, {{0x4281, 0x7487}}, {{0xc6c2, 0x78e0}},
		{{0x1600, 0x7081}}, {{0x8000, 0x000b}}, {{0x090b, 0x00bf}}, {{0x702c, 0x0529}},
		{{0xfe4f, 0x066d}}, {{0x0080, 0x78e0}}, {{0xc2e2, 0x45cb}}, {{0x9005, 0xe140}},
		{{0xd820, 0x0d72}}, {{0xff2f, 0x1d00}}, {{0x1045, 0x1d00}}, {{0x1005, 0xc6c2}},
		{{0xc2e6, 0x1cfc}}, {{0xb6c8, 0x2482}}, {{0x3002, 0x70cd}}, {{0x42c3, 0x0000}},
		{{0xf065, 0xc15c}}, {{0xc05d, 0x1e00}}, {{0x7384, 0x9007}}, {{0xe108, 0x1e00}},
		{{0x7384, 0x9003}}, {{0xe014, 0x1c32}}, {{0x3084, 0x704c}}, {{0xba8b, 0x1c4e}},
		{{0x3084, 0x228a}}, {{0x0086, 0x43db}}, {{0x0000, 0xf0be}}, {{0x40c3, 0x0000}},
		{{0xff27, 0x1c48}}, {{0x3084, 0x228a}}, {{0x0fc7, 0x44cb}}, {{0x0001, 0xffbe}},
		{{0x1c3e, 0x3004}}, {{0x2342, 0x3380}}, {{0x1c36, 0x3084}}, {{0xda30, 0x41c3}},
		{{0x0000, 0xffaa}}, {{0x43c3, 0x0001}}, {{0xf0a7, 0xc454}}, {{0x1c2a, 0x3084}},
		{{0x1c26, 0x3004}}, {{0x6883, 0x2042}}, {{0x0382, 0xca03}}, {{0x1c4a, 0x3044}},
		{{0xe10b, 0xc357}}, {{0xe30a, 0x1c0e}}, {{0x3044, 0x6b23}}, {{0x268a, 0x3008}},
		{{0xc148, 0x7124}}, {{0x7014, 0x208a}}, {{0x0208, 0x71ad}}, {{0x47cb, 0x0007}},
		{{0xff26, 0x43cb}}, {{0x0002, 0xf059}}, {{0x47db, 0x0007}}, {{0xf060, 0xc351}},
		{{0x1c62, 0x3084}}, {{0xc145, 0x26ca}}, {{0x3001, 0x700c}}, {{0x702c, 0x704c}},
		{{0x706c, 0x1c58}}, {{0x3344, 0x1c4c}}, {{0x3344, 0x1c40}}, {{0x31c5, 0x1c34}},
		{{0x31c5, 0x1c56}}, {{0x36c4, 0x1c28}}, {{0x3344, 0x1c1c}}, {{0x3344, 0x1c10}},
		{{0x3344, 0x1c5a}}, {{0x3344, 0x1c54}}, {{0x3384, 0x1c42}}, {{0x3384, 0x1c3c}},
		{{0x3384, 0xc74e}}, {{0x1c30, 0x3344}}, {{0x1c2c, 0x37c0}}, {{0x1c24, 0x3384}},
		{{0x1c1e, 0x3384}}, {{0x1c18, 0x3344}}, {{0x1c12, 0x3384}}, {{0x1c0c, 0x30c5}},
		{{0x1c08, 0x32c0}}, {{0x1c64, 0x3344}}, {{0x1c66, 0x3085}}, {{0x1c1a, 0x3304}},
		{{0x0b72, 0xfe6f}}, {{0x1c60, 0x3784}}, {{0xd8ff, 0x702c}}, {{0x704c, 0x706c}},
		{{0x0afe, 0xfe6f}}, {{0xc640, 0xc082}}, {{0x0eb2, 0x00e0}}, {{0xd960, 0x0c72}},
		{{0xfd4f, 0xd80f}}, {{0x0e3a, 0xfc6f}}, {{0xd90f, 0x0a0a}}, {{0xffcf, 0x47cb}},
		{{0x8000, 0x063a}}, {{0x4f7a, 0x712c}}, {{0x0d5e, 0x0020}}, {{0xc05a, 0xc01a}},
		{{0x712c, 0x0ab2}}, {{0xfc6f, 0xdaf7}}, {{0xc01d, 0x8f20}}, {{0x238a, 0x0f7f}},
		{{0x7d18, 0x205f}}, {{0x0d00, 0x219f}}, {{0x0a01, 0x6d52}}, {{0xc641, 0xc05e}},
		{{0xc01d, 0x1c00}}, {{0x3fc1, 0x220f}}, {{0x000d, 0xc01e}}, {{0x6d52, 0x7aa5}},
		{{0x6119, 0x784f}}, {{0xc05f, 0xc01a}}, {{0x704c, 0x6119}}, {{0x0a36, 0x00e0}},
		{{0xc01f, 0xc01a}}, {{0x0d5a, 0xffef}}, {{0x712c, 0x232f}}, {{0x3347, 0x700c}},
		{{0x702c, 0x704c}}, {{0x706c, 0x086a}}, {{0x0060, 0x1c00}}, {{0x36c0, 0x45cb}},
		{{0x9003, 0xe014}}, {{0x2580, 0x1785}}, {{0x1d02, 0x1055}}, {{0x702c, 0x4063}},
		{{0x0e1e, 0x00a0}}, {{0x1df2, 0x9055}}, {{0xd9f9, 0x740c}}, {{0x089a, 0xfd6f}},
		{{0xb911, 0xd860}}, {{0x0f56, 0xfbef}}, {{0x712c, 0x09ce}}, {{0xfe4f, 0x700c}},
		{{0x712c, 0x0f4a}}, {{0xfbef, 0x1c6c}}, {{0x3fc1, 0xd80f}}, {{0x0d82, 0xfc6f}},
		{{0xd90f, 0x712c}}, {{0x0dea, 0x00a0}}, {{0x4063, 0x208a}}, {{0x0fc7, 0xb500}},
		{{0xb501, 0xd881}}, {{0xd9f9, 0x1dfc}}, {{0x9004, 0xd830}}, {{0xb911, 0x1dfa}},
		{{0x9004, 0xb990}}, {{0x0852, 0xfd6f}}, {{0x740c, 0x700c}}, {{0x0f0e, 0xfbef}},
		{{0x712c, 0x8f42}}, {{0x1703, 0x108b}}, {{0x706f, 0x2a40}}, {{0x0343, 0xf01f}},
		{{0x44cb, 0x9002}}, {{0x016e, 0xc09b}}, {{0x2305, 0x0301}}, {{0x6058, 0x1100}},
		{{0x011e, 0x8820}}, {{0xbc7a, 0x2679}}, {{0x301e, 0x793b}}, {{0x2105, 0x0781}},
		{{0x7c65, 0xa820}}, {{0x2153, 0x80be}}, {{0x9400, 0xf206}}, {{0x2080, 0x0010}},
		{{0x716f, 0xb400}}, {{0x2396, 0x0010}}, {{0x7144, 0x0bc9}}, {{0x90a5, 0xd80f}},
		{{0x0cfe, 0xfc6f}}, {{0xd90f, 0x146f}}, {{0x3080, 0x146d}}, {{0x3083, 0xc23b}},
		{{0x146e, 0x308c}}, {{0xc041, 0x740c}}, {{0x41c3, 0x01f4}}, {{0x0004, 0x0fda}},
		{{0xfd2f, 0xc440}}, {{0x71c5, 0x0e0b}}, {{0x1a15, 0x0b83}}, {{0xb011, 0xdefb}},
		{{0xbe11, 0x2378}}, {{0x3000, 0x09a2}}, {{0xfb6f, 0x41c1}}, {{0x264f, 0x1401}},
		{{0x0fb6, 0xfd2f}}, {{0x740c, 0x70cd}}, {{0xb5c0, 0xb5c1}}, {{0x08ea, 0xfe6f}},
		{{0x1dfa, 0x9384}}, {{0x1e00, 0x7384}}, {{0x9003, 0xe16a}}, {{0x8f03, 0x8f22}},
		{{0x2108, 0x8000}}, {{0xf60f, 0x7104}}, {{0x2940, 0x0342}}, {{0x7822, 0x2205}},
		{{0x0f81, 0x9002}}, {{0x016a, 0x2296}}, {{0x0010, 0x208d}}, {{0x0eff, 0x1900}},
		{{0x0045, 0xd881}}, {{0xd93f, 0x1dfc}}, {{0x9004, 0x740c}}, {{0x0f6a, 0xfd2f}},
		{{0xb913, 0xd840}}, {{0x0e26, 0xfbef}}, {{0x712c, 0xc01c}}, {{0x712c, 0x0a9e}},
		{{0xffef, 0x724c}}, {{0x8f03, 0x8f22}}, {{0x716f, 0x2108}}, {{0x8003, 0xf60f}},
		{{0xc21c, 0x6b01}}, {{0x7822, 0x7a34}}, {{0x9220, 0x2100}}, {{0x0f81, 0x0000}},
		{{0xff40, 0x208d}}, {{0x0f3f, 0x1a02}}, {{0x0054, 0xc11d}}, {{0xdae4, 0xc807}},
		{{0x793b, 0x2144}}, {{0x0181, 0x2a01}}, {{0x0041, 0xb9c1}}, {{0xe120, 0x7825}},
		{{0xc11c, 0x706c}}, {{0x714c, 0x1c04}}, {{0x36c0, 0x4668}}, {{0x0cc6, 0x00e0}},
		{{0xc340, 0x40c3}}, {{0x9003, 0xe14e}}, {{0xd920, 0xb0c0}}, {{0x18f6, 0x8044}},
		{{0x18f6, 0x8384}}, {{0x1e00, 0x7384}}, {{0x9005, 0xe0b2}}, {{0x1dfc, 0x9384}},
		{{0x1e00, 0x76c4}}, {{0x9007, 0xe108}}, {{0x1e00, 0x76c4}}, {{0x9003, 0xe014}},
		{{0x0c4a, 0xffcf}}, {{0x8f20, 0xc01e}}, {{0x704c, 0x219f}}, {{0x0a01, 0x238a}},
		{{0x0f7f, 0xc641}}, {{0x1c00, 0x3fc1}}, {{0x6119, 0xc01a}}, {{0x6119, 0x0816}},
		{{0x00e0, 0xc01f}}, {{0x2480, 0x3002}}, {{0x1404, 0x341b}}, {{0xc6c6, 0x78e0}},
		{{0xc2e4, 0x4508}}, {{0x8d6d, 0x882b}}, {{0x8841, 0x8802}}, {{0xdcc8, 0x2344}},
		{{0x0c0e, 0x2184}}, {{0x03c2, 0x226c}}, {{0x0042, 0xb8c6}}, {{0x7cc5, 0xad2b}},
		{{0xad41, 0xad02}}, {{0x0e3a, 0xfb6f}}, {{0xad8d, 0xe808}}, {{0x8d03, 0x2685}},
		{{0x1a03, 0xadcd}}, {{0xb887, 0xad03}}, {{0x8d16, 0x702c}}, {{0xad31, 0x2045}},
		{{0x0e00, 0xad30}}, {{0xad38, 0xad16}}, {{0xc6c4, 0x78e0}}, {{0xc0e2, 0x40c3}},
		{{0x8000, 0x042c}}, {{0x88a0, 0x702c}}, {{0x43c3, 0x8000}}, {{0x0744, 0xf016}},
		{{0x2940, 0x031e}}, {{0x4368, 0x700c}}, {{0x20a8, 0x0380}}, {{0x2005, 0x0782}},
		{{0x7a5b, 0x2205}}, {{0x0f82, 0x9002}}, {{0x0100, 0x9280}}, {{0x1b01, 0x1312}},
		{{0xb200, 0x7104}}, {{0xe308, 0x7124}}, {{0x09d9, 0x8364}}, {{0x244a, 0x7200}},
		{{0xc4c2, 0x78e0}}, {{0xc2e6, 0x1cfc}}, {{0xb6c8, 0xc1a3}}, {{0x206f, 0x0443}},
		{{0x1207, 0x360f}}, {{0x1600, 0x708e}}, {{0x8000, 0x0008}}, {{0x10fe, 0x810d}},
		{{0x2440, 0x3280}}, {{0x087e, 0xfe2f}}, {{0xc182, 0x1408}}, {{0x3103, 0x79fb}},
		{{0x42c3, 0x9004}}, {{0x0014, 0x2d05}}, {{0x138d, 0x43db}}, {{0x9004, 0x030c}},
		{{0x2240, 0x068c}}, {{0x2105, 0x06c0}}, {{0xc040, 0x2442}}, {{0x1280, 0x7825}},
		{{0x7a25, 0xbbc8}}, {{0xc041, 0xb260}}, {{0xdf20, 0x258c}}, {{0x92c5, 0x140a}},
		{{0x3102, 0xde40}}, {{0x27ca, 0x1c2d}}, {{0x258c, 0x94c8}}, {{0x27ca, 0x138d}},
		{{0xd850, 0x258c}}, {{0x97cc, 0x7c25}}, {{0xbac8, 0x27ca}}, {{0x100d, 0x206f}},
		{{0x0443, 0x10fe}}, {{0x8100, 0xb440}}, {{0x260a, 0x3f80}}, {{0x0000, 0x0897}},
		{{0x1600, 0x708c}}, {{0x8000, 0x0008}}, {{0x258c, 0x91dc}}, {{0xda60, 0x2805}},
		{{0x0300, 0x278a}}, {{0x32c5, 0x27ca}}, {{0x108d, 0x250c}}, {{0x9780, 0xda70}},
		{{0x273c, 0x3343}}, {{0x27ca, 0x108d}}, {{0x258c, 0x94c8}}, {{0x23ca, 0x00ad}},
		{{0x258c, 0x97cc}}, {{0x23ca, 0x00ed}}, {{0x273c, 0x3002}}, {{0x208c, 0x84c8}},
		{{0x22ca, 0x00ad}}, {{0x208c, 0x87cc}}, {{0x726d, 0x22ca}}, {{0x00ed, 0x208c}},
		{{0x82c5, 0x23ca}}, {{0x10ed, 0x208c}}, {{0x84c8, 0x23ca}}, {{0x112d, 0x208c}},
		{{0x87cc, 0x23ca}}, {{0x116d, 0x208c}}, {{0x81dc, 0x23ca}}, {{0x11ad, 0x200c}},
		{{0x8780, 0x23ca}}, {{0x11ed, 0x2b40}}, {{0x1100, 0x7f65}}, {{0x2a40, 0x0203}},
		{{0x7a05, 0xc001}}, {{0x7be5, 0x2b40}}, {{0x130c, 0x7b85}}, {{0xb060, 0xc000}},
		{{0xb040, 0x1600}}, {{0x7102, 0x9002}}, {{0x01aa, 0x2340}}, {{0x3080, 0x7825}},
		{{0xb040, 0xc803}}, {{0xe80c, 0x702c}}, {{0xda9c, 0x2105}}, {{0x0f83, 0x9002}},
		{{0x01b2, 0x2196}}, {{0x0010, 0x208d}}, {{0x0eff, 0xb340}}, {{0x4083, 0x9064}},
		{{0x9045, 0x41c3}}, {{0x004d, 0x0002}}, {{0x0cbe, 0xfd2f}}, {{0x740c, 0xc0a3}},
		{{0x1404, 0x341b}}, {{0xc6c6, 0x78e0}}, {{0xc0e2, 0xc807}}, {{0xda25, 0xba9f}},
		{{0x781b, 0x2005}}, {{0x0f81, 0x9004}}, {{0x0022, 0x9100}}, {{0x43c3, 0x8000}},
		{{0x063e, 0x1a14}}, {{0x301c, 0x2004}}, {{0x0f80, 0x0000}}, {{0xff9f, 0xb100}},
		{{0x8a00, 0xe815}}, {{0x8b81, 0x8b00}}, {{0x0c23, 0x1004}}, {{0x2840, 0x0341}},
		{{0x2105, 0x0f81}}, {{0x9002, 0x0146}}, {{0x9120, 0x2614}}, {{0x700d, 0x8000}},
		{{0x0430, 0x7091}}, {{0x7104, 0xb520}}, {{0xf7b2, 0x1233}}, {{0x0080, 0xe815}},
		{{0x8b43, 0x8b02}}, {{0x0a23, 0x0004}}, {{0x2840, 0x0341}}, {{0x2105, 0x0f81}},
		{{0x9002, 0x0146}}, {{0x9120, 0x2614}}, {{0x7003, 0x8000}}, {{0x0430, 0x7050}},
		{{0x7104, 0xb320}}, {{0xf7b2, 0xc4c2}}, {{0xc2e6, 0x1207}}, {{0x361e, 0x706d}},
		{{0x2b40, 0x1302}}, {{0x2205, 0x0782}}, {{0x41c3, 0x9006}}, {{0x0084, 0x7c5b}},
		{{0x2140, 0x009f}}, {{0x69cc, 0x690a}}, {{0x7985, 0x9160}}, {{0x45cb, 0x8000}},
		{{0x043c, 0x2514}}, {{0x12cf, 0x2405}}, {{0x17c1, 0xb764}}, {{0x2405, 0x1382}},
		{{0x9120, 0x9220}}, {{0x7885, 0xbe7a}}, {{0xb72a, 0x9000}}, {{0x2405, 0x1381}},
		{{0x7561, 0xb70c}}, {{0x9120, 0x6e02}}, {{0x7885, 0xad2e}}, {{0x9020, 0x2642}},
		{{0x1280, 0x7c05}}, {{0xad30, 0x9400}}, {{0x7175, 0x716d}}, {{0xad0c, 0xf5d2}},
		{{0xc6c6, 0x78e0}}, {{0xc0e4, 0x706c}}, {{0x268a, 0x1403}}, {{0x706d, 0xda68}},
		{{0x231f, 0x108d}}, {{0x7a6c, 0x235f}}, {{0x1d0c, 0x7175}}, {{0x716d, 0x621a}},
		{{0x645c, 0x231a}}, {{0x0382, 0x642c}}, {{0x62ba, 0x7a34}}, {{0x2200, 0x0f82}},
		{{0x8000, 0x0764}}, {{0xb280, 0xf5ed}}, {{0x7164, 0x0bd5}}, {{0x8094, 0xc4c4}},
		{{0xc0e2, 0xea21}}, {{0x2142, 0x803c}}, {{0xf23c, 0x20a8}}, {{0x06c0, 0x1001}},
		{{0x0482, 0x1001}}, {{0x0481, 0x1001}}, {{0x048c, 0x1001}}, {{0x0483, 0xb908}},
		{{0x7a25, 0x2b40}}, {{0x0201, 0x7985}}, {{0xb910, 0x7945}}, {{0x793b, 0xb99c}},
		{{0xb99f, 0x9120}}, {{0x1801, 0x0052}}, {{0xb928, 0x1801}}, {{0x0052, 0x0045}},
		{{0x0000, 0x2142}}, {{0x803c, 0x20e8}}, {{0x07a2, 0x1001}}, {{0x048c, 0x1001}},
		{{0x0481, 0x1001}}, {{0x048d, 0x1001}}, {{0x0483, 0xb908}}, {{0x7c25, 0x2b40}},
		{{0x0201, 0x1001}}, {{0x0483, 0x1001}}, {{0x0482, 0x79a5}}, {{0xb910, 0x7985}},
		{{0xba08, 0x793b}}, {{0x7a65, 0x2105}}, {{0x0f81, 0x9001}}, {{0xe000, 0xb140}},
		{{0xc4c2, 0x78e0}}, {{0x793b, 0x7915}}, {{0x2100, 0x0f80}}, {{0x8000, 0x043c}},
		{{0x7fe0, 0xb040}}, {{0xd940, 0x2055}}, {{0x0c02, 0xe0c1}}, {{0x4910, 0x22ca}},
		{{0x0005, 0x7fe0}}, {{0x784f, 0x78e0}}, {{0x7414, 0x700c}}, {{0x7ce0, 0x7034}},
		{{0x7de0, 0x1600}}, {{0x7100, 0x8000}}, {{0x000a, 0x7fe0}}, {{0x206d, 0x0340}},
		{{0xc807, 0x781b}}, {{0x2005, 0x0f80}}, {{0x9004, 0x0018}}, {{0x9020, 0x40c3}},
		{{0x8000, 0x066b}}, {{0x7fe0, 0xa820}}, {{0x216f, 0x0443}}, {{0x8900, 0x11fe}},
		{{0x8101, 0x2079}}, {{0x0100, 0x2180}}, {{0x0bcd, 0xb924}}, {{0x2614, 0x7000}},
		{{0x8000, 0x0480}}, {{0x211c, 0x0f82}}, {{0x094f, 0x2095}}, {{0x8800, 0x41c3}},
		{{0x8000, 0x0638}}, {{0xa901, 0x785d}}, {{0x7fe0, 0xa900}}, {{0xc2e6, 0x1cfc}},
		{{0xb6c8, 0x706d}}, {{0x42c3, 0x8000}}, {{0x063c, 0x1e00}}, {{0x72c4, 0x9003}},
		{{0xff6a, 0x8ac1}}, {{0x8aa0, 0x232f}}, {{0x3047, 0xf026}}, {{0x2d40, 0x135e}},
		{{0xf40d, 0x2605}}, {{0x3f82, 0x9002}}, {{0x1f6a, 0x093b}}, {{0x023f, 0xb200}},
		{{0x1e00, 0x72c4}}, {{0x9003, 0xf16a}}, {{0xf015, 0x708d}}, {{0x4320, 0x704c}},
		{{0xf00c, 0xf749}}, {{0x2605, 0x331f}}, {{0x2705, 0x3f8f}}, {{0x9002, 0x016a}},
		{{0xb700, 0x2480}}, {{0x1008, 0x7144}}, {{0xeb05, 0x0aeb}}, {{0x8274, 0x232f}},
		{{0x80c2, 0x71a5}}, {{0x0eb9, 0x9365}}, {{0x238c, 0xbfc3}}, {{0x1404, 0x341b}},
		{{0xc6c6, 0x78e0}}, {{0xc2e2, 0x1600}}, {{0x7101, 0x8000}}, {{0x0010, 0x0979}},
		{{0x0050, 0x41c3}}, {{0x8000, 0x063b}}, {{0x43c3, 0x8000}}, {{0x043c, 0x0821}},
		{{0x00f1, 0x8920}}, {{0x1600, 0x7082}}, {{0x8000, 0x0058}}, {{0x7b35, 0x9320}},
		{{0x4060, 0xea09}}, {{0x9001, 0x2108}}, {{0x0001, 0xf005}}, {{0xb8a0, 0x7835}},
		{{0x6069, 0x1207}}, {{0x3603, 0x7c2f}}, {{0x704c, 0x797b}}, {{0x2105, 0x0f81}},
		{{0x9004, 0x001a}}, {{0xb180, 0xc803}}, {{0x6821, 0x2205}}, {{0x00c0, 0x781b}},
		{{0xb891, 0xb89c}}, {{0x2296, 0x0008}}, {{0xb89f, 0x218d}}, {{0x0e7f, 0xb080}},
		{{0x45cb, 0x9005}}, {{0xe140, 0xd820}}, {{0x0c7a, 0xfeef}}, {{0x1d00, 0x1045}},
		{{0x1d00, 0x1005}}, {{0xc6c2, 0x78e0}}, {{0xc2e6, 0x1cfc}}, {{0xb6c8, 0xc1a1}},
		{{0xdf58, 0xc807}}, {{0xbf9f, 0x1203}}, {{0x361e, 0x8fc0}}, {{0x7a1b, 0x70ad}},
		{{0x708d, 0x212f}}, {{0x0782, 0x2205}}, {{0x0f8b, 0x9004}}, {{0x001a, 0x2678}},
		{{0x101f, 0xc140}}, {{0xf025, 0xc100}}, {{0x43c3, 0x8000}}, {{0x043c, 0x243d}},
		{{0x1041, 0x7a24}}, {{0x2106, 0x07db}}, {{0x0b13, 0x303f}}, {{0x23f4, 0x0081}},
		{{0x17cd, 0x9082}}, {{0x0a0d, 0x00d0}}, {{0xf007, 0x0e0f}}, {{0x10f1, 0x7b54}},
		{{0x9342, 0x2108}}, {{0x0081, 0x2505}}, {{0x1002, 0x7a5b}}, {{0xba91, 0xba9c}},
		{{0xba9f, 0x2596}}, {{0x1008, 0x7185}}, {{0xb220, 0x1b00}}, {{0x1044, 0x0ebb}},
		{{0xb325, 0x2679}}, {{0x1002, 0x7487}}, {{0x1404, 0x341b}}, {{0xc6c6, 0x78e0}},
		{{0x6038, 0x708d}}, {{0xdb68, 0x7b8a}}, {{0x7195, 0x718d}}, {{0x631b, 0x1b34}},
		{{0x0082, 0xab40}}, {{0xf5f8, 0x7ee0}}, {{0xc2e4, 0xdd25}}, {{0xbd9f, 0x15e1}},
		{{0x9480, 0x41c3}}, {{0x9004, 0x00e4}}, {{0xb100, 0x1552}}, {{0x1080, 0x0cda}},
		{{0xffaf, 0xb101}}, {{0x0df6, 0xfdcf}}, {{0x0dfe, 0xfdef}}, {{0x4608, 0x4100}},
		{{0x0df2, 0xffef}}, {{0x40c1, 0x9500}}, {{0xd9ff, 0xdaff}}, {{0x0813, 0x0f84}},
		{{0x0000, 0x0c81}}, {{0x40c3, 0x9004}}, {{0x0628, 0x9020}}, {{0x9041, 0xca03}},
		{{0x0819, 0x0214}}, {{0xc807, 0x43c3}}, {{0x9012, 0x1010}}, {{0xb908, 0xba08}},
		{{0x6981, 0x2340}}, {{0x058d, 0xf00d}}, {{0x0823, 0x00b4}}, {{0xb908, 0xc807}},
		{{0x43c3, 0x9012}}, {{0x1006, 0xba08}}, {{0x6981, 0x2340}}, {{0x030d, 0x781b}},
		{{0x7144, 0x7b05}}, {{0x78a5, 0xb380}}, {{0xb040, 0xc6c4}}, {{0xc2e6, 0x1cfc}},
		{{0xb6c8, 0xc1a4}}, {{0x4628, 0x4508}}, {{0x700c, 0xd9ff}}, {{0x4768, 0x0a52}},
		{{0xfb6f, 0x4358}}, {{0xc009, 0x762c}}, {{0xda22, 0xc043}}, {{0xc303, 0x700c}},
		{{0xc042, 0xd820}}, {{0xc040, 0x700c}}, {{0xc341, 0x0f6e}}, {{0xfbaf, 0x43a1}},
		{{0xc303, 0x700c}}, {{0xc042, 0xd828}}, {{0xc040, 0x700c}}, {{0x762c, 0xda22}},
		{{0xc341, 0x0f56}}, {{0xfbaf, 0x43c1}}, {{0x700c, 0xc042}}, {{0xc003, 0x762c}},
		{{0xda22, 0xc041}}, {{0x700c, 0x4363}}, {{0x0f3e, 0xfbaf}}, {{0x1c00, 0x33c1}},
		{{0x700c, 0xc042}}, {{0xc003, 0x762c}}, {{0xda22, 0xc041}}, {{0x700c, 0x43e1}},
		{{0x0f26, 0xfbaf}}, {{0x1c00, 0x3501}}, {{0x700c, 0x0ea2}}, {{0xfbaf, 0x712c}},
		{{0xc0a4, 0x1404}}, {{0x341b, 0xc6c6}}, {{0xc0f1, 0x700c}}, {{0xd910, 0x0b26}},
		{{0xfbef, 0x714c}}, {{0xd810, 0x702c}}, {{0x0b1a, 0xfbef}}, {{0x714c, 0x700c}},
		{{0xd90a, 0x0b12}}, {{0xfbef, 0x714c}}, {{0xc0d1, 0x7ee0}}, {{0xc0f1, 0x700c}},
		{{0xd90a, 0x0b02}}, {{0xfbef, 0x714c}}, {{0xd808, 0x702c}}, {{0x0af6, 0xfbef}},
		{{0x714c, 0x700c}}, {{0xd908, 0x0aee}}, {{0xfbef, 0x714c}}, {{0xc0d1, 0x7ee0}},
		{{0xc0e4, 0x1033}}, {{0x0080, 0x5007}}, {{0x45cb, 0x9003}}, {{0xe016, 0x206d}},
		{{0x008e, 0x206d}}, {{0x00c3, 0x78db}}, {{0x2542, 0x130c}}, {{0x793b, 0xbe02}},
		{{0x7865, 0x2105}}, {{0x0f82, 0x9004}}, {{0x002a, 0x7d25}}, {{0x7985, 0x78c5}},
		{{0xb200, 0x1d00}}, {{0x1005, 0x1900}}, {{0x0005, 0xc4c4}}, {{0xc0e4, 0x4300}},
		{{0x215f, 0x0480}}, {{0x41c3, 0x8000}}, {{0x0550, 0x69c4}}, {{0x708d, 0x6119}},
		{{0x8942, 0x89a3}}, {{0x60d9, 0x2204}}, {{0x00c0, 0xf009}}, {{0x8941, 0x0b0b}},
		{{0x008e, 0x8940}}, {{0x7845, 0x7224}}, {{0x7185, 0x0cf5}}, {{0x9344, 0xc4c4}},
		{{0xc2e6, 0x1cfc}}, {{0xb6c8, 0x08db}}, {{0x0030, 0xc1bd}}, {{0x70cd, 0x097e}},
		{{0xfdcf, 0x700c}}, {{0xc048, 0xc047}}, {{0x79db, 0xd8e4}}, {{0x1600, 0x708d}},
		{{0x8000, 0x063c}}, {{0x7839, 0xb8c1}}, {{0xc187, 0x714c}}, {{0x09d6, 0xfdef}},
		{{0xc043, 0xc003}}, {{0x255f, 0x124f}}, {{0xe028, 0x0fba}}, {{0xff6f, 0xc044}},
		{{0x1600, 0x709b}}, {{0x8000, 0x063c}}, {{0xf032, 0xc087}}, {{0x20f4, 0x0340}},
		{{0x41c3, 0x0293}}, {{0x0001, 0xc042}}, {{0xc202, 0x0ebe}}, {{0xfcef, 0x740c}},
		{{0xc104, 0xc807}}, {{0xbd0c, 0x79a5}}, {{0x7825, 0x781b}}, {{0xb891, 0xb89c}},
		{{0xb89f, 0x9000}}, {{0xc102, 0xdd09}}, {{0xb8c5, 0xc046}}, {{0x6038, 0xe020}},
		{{0xc042, 0x780e}}, {{0xc045, 0xc002}}, {{0x7aef, 0xc189}}, {{0x7954, 0xb100}},
		{{0xc005, 0xc306}}, {{0x41c3, 0x0294}}, {{0x0004, 0xc041}}, {{0x740c, 0x0e7a}},
		{{0xfcef, 0xc240}}, {{0x258d, 0x1c7f}}, {{0x71e5, 0x7167}}, {{0x40c3, 0x8000}},
		{{0x063c, 0x8801}}, {{0x252f, 0x16c7}}, {{0x0893, 0x8365}}, {{0x714c, 0xc103}},
		{{0xc807, 0xe126}}, {{0x7825, 0xc189}}, {{0x706c, 0x1c04}}, {{0x3001, 0x0c06}},
		{{0x00a0, 0x1c00}}, {{0x3001, 0x71c5}}, {{0x0e37, 0x9094}}, {{0xf01c, 0x41c3}},
		{{0x0213, 0x0000}}, {{0x0e32, 0xfcef}}, {{0xd80a, 0x256f}}, {{0x1a43, 0x4d7d}},
		{{0x0fbe, 0xfdef}}, {{0x1d00, 0x1405}}, {{0xd808, 0x0826}}, {{0x0020, 0x1a02}},
		{{0x3043, 0x700c}}, {{0x1a02, 0x3002}}, {{0x09a2, 0xff2f}}, {{0x740c, 0xd810}},
		{{0xb88f, 0xb500}}, {{0xc0bd, 0x1404}}, {{0x341b, 0xc6c6}}, {{0xc2e6, 0x1cfc}},
		{{0xb6c8, 0xc1bf}}, {{0x4708, 0x682d}}, {{0x204f, 0x0082}}, {{0x2079, 0x00c3}},
		{{0xd80f, 0x728d}}, {{0xc040, 0x782f}}, {{0x243c, 0x100c}}, {{0xd825, 0xb89f}},
		{{0x10dc, 0x8081}}, {{0x2279, 0x010e}}, {{0x1600, 0x7082}}, {{0x8000, 0x0025}},
		{{0x1033, 0x008d}}, {{0x091f, 0x00be}}, {{0x7e84, 0x0a7e}}, {{0xfc2f, 0x2750}},
		{{0x100b, 0x702c}}, {{0x0b0f, 0x1131}}, {{0xc140, 0x080b}}, {{0x00f1, 0x750c}},
		{{0xc040, 0x1600}}, {{0x7080, 0x8000}}, {{0x0009, 0x7bc4}}, {{0x2779, 0x1401}},
		{{0x2053, 0x808c}}, {{0xf212, 0x0f25}}, {{0x14d5, 0x40c3}}, {{0x0006, 0x01f0}},
		{{0x0819, 0x03ee}}, {{0x2448, 0x107c}}, {{0x204a, 0x0040}}, {{0x20a8, 0x0100}},
		{{0x202f, 0x0000}}, {{0x7704, 0xc040}}, {{0x7964, 0x2750}}, {{0x1000, 0x7d45}},
		{{0xc144, 0xc046}}, {{0x274f, 0x1041}}, {{0x6f0c, 0xc545}}, {{0xc048, 0x70cd}},
		{{0x2179, 0x0180}}, {{0x45cb, 0x8000}}, {{0x063a, 0xc047}}, {{0xc005, 0x2011}},
		{{0x8380, 0xf2c0}}, {{0x702c, 0x700c}}, {{0x232f, 0x3387}}, {{0xc042, 0xc043}},
		{{0xadc1, 0xf0a4}}, {{0x0fd5, 0x14f5}}, {{0xadc1, 0x40c3}}, {{0x0007, 0x01f8}},
		{{0x2011, 0x83c0}}, {{0x700c, 0xc041}}, {{0xf212, 0x0cd6}}, {{0xfb0f, 0xc042}},
		{{0xd838, 0xb89f}}, {{0x8860, 0x10fc}}, {{0x8081, 0xc002}}, {{0x714c, 0xbb25}},
		{{0xc041, 0xb927}}, {{0x2206, 0x00c0}}, {{0x7825, 0xc043}}, {{0xc002, 0x790f}},
		{{0xc003, 0x7a0f}}, {{0x0e16, 0xfe6f}}, {{0x4063, 0x7014}}, {{0xf27c, 0xc008}},
		{{0x080f, 0x0155}}, {{0x0ef1, 0x1050}}, {{0x8d00, 0x08ed}}, {{0x0050, 0x0f4e}},
		{{0xfd8f, 0xc08b}}, {{0x702c, 0x0c8e}}, {{0xfaef, 0xda50}}, {{0x0fd9, 0x1455}},
		{{0x2025, 0x03c0}}, {{0xf035, 0xf03c}}, {{0xf03f, 0xf066}}, {{0xf00d, 0xf00d}},
		{{0xf00b, 0xf00b}}, {{0xf03d, 0xf060}}, {{0xf05e, 0xf05e}}, {{0xf05c, 0xf05c}},
		{{0xf05a, 0xf050}}, {{0xf054, 0xc001}}, {{0x228a, 0x0fc7}}, {{0x7014, 0xd8ff}},
		{{0x22ca, 0x0001}}, {{0xc006, 0x082b}}, {{0x01b1, 0x702c}}, {{0x1600, 0x7080}},
		{{0x8000, 0x0097}}, {{0xd907, 0xe88d}}, {{0x1600, 0x7080}}, {{0x8000, 0x0098}},
		{{0xe887, 0x1600}}, {{0x7080, 0x8000}}, {{0x0099, 0xe883}}, {{0x742c, 0xc000}},
		{{0xc307, 0x0cfe}}, {{0xfe8f, 0xf038}}, {{0x700c, 0xc041}}, {{0xf1b0, 0xc18b}},
		{{0x09e2, 0xffaf}}, {{0x4063, 0x8d00}}, {{0x712c, 0xf02c}}, {{0xc18b, 0x0cc2}},
		{{0x00e0, 0x4063}}, {{0xf028, 0x0ec2}}, {{0x00a0, 0x4063}}, {{0xf024, 0xd838}},
		{{0xb89f, 0x8820}}, {{0x10fc, 0x8080}}, {{0x718d, 0xb925}}, {{0x2841, 0x01cb}},
		{{0x206d, 0x0180}}, {{0x7c26, 0x2005}}, {{0x02c0, 0x2005}}, {{0x833e, 0xc000}},
		{{0xdbff, 0x228a}}, {{0x0fc7, 0x22ca}}, {{0x00c1, 0x702c}}, {{0x726c, 0xf1d3}},
		{{0xc189, 0x714c}}, {{0x0eee, 0xfdaf}}, {{0x4063, 0xf006}}, {{0x8d00, 0x702c}},
		{{0x0ff6, 0xfbcf}}, {{0x8d00, 0x6821}}, {{0x782f, 0x7114}}, {{0x06b8, 0xffee}},
		{{0xad20, 0x700c}}, {{0xad00, 0x0c6a}}, {{0xfd2f, 0x730c}}, {{0xca05, 0xe88a}},
		{{0x79db, 0xdae4}}, {{0xc004, 0x7a39}}, {{0xbac1, 0x0b16}}, {{0xfd2f, 0x7bcf}},
		{{0x71c5, 0x72d5}}, {{0x0678, 0xffc5}}, {{0xd825, 0xb89f}}, {{0x10dc, 0x8080}},
		{{0xb8e6, 0x0e20}}, {{0xfbe2, 0x40e1}}, {{0x0f17, 0x10d1}}, {{0xca05, 0xe889}},
		{{0x1600, 0x7080}}, {{0x8000, 0x0000}}, {{0xb8e5, 0x0bec}}, {{0xfd02, 0x1e00}},
		{{0x7003, 0x8000}}, {{0x000f, 0xc0bf}}, {{0x1404, 0x341b}}, {{0xc6c6, 0x78e0}},
		{{0xc2e6, 0x1cfc}}, {{0xb6c8, 0xc1a4}}, {{0xc141, 0x0cd6}}, {{0xfd2f, 0x4318}},
		{{0x1600, 0x7080}}, {{0x8000, 0x001b}}, {{0x70ed, 0x46cb}}, {{0x8000, 0x063a}},
		{{0x1e00, 0x73c2}}, {{0x8000, 0x0550}}, {{0x081b, 0x007e}}, {{0x2353, 0x304d}},
		{{0x8e40, 0x750c}}, {{0x41c3, 0x0123}}, {{0x0003, 0x4363}}, {{0x0b4a, 0xfcef}},
		{{0xc740, 0x2578}}, {{0x1080, 0xc042}}, {{0x095a, 0xfe6f}}, {{0x4063, 0xf049}},
		{{0x8e20, 0x244a}}, {{0x7180, 0xb90c}}, {{0x2105, 0x0001}}, {{0x20a8, 0x0300}},
		{{0x2105, 0x00c0}}, {{0x781b, 0x2356}}, {{0x0803, 0x2005}}, {{0x0f80, 0x9006}},
		{{0x0002, 0xb0e0}}, {{0x0d86, 0xfd8f}}, {{0xc002, 0xc183}}, {{0x0d3e, 0xfaef}},
		{{0x734c, 0xc103}}, {{0x244a, 0x7180}}, {{0x264a, 0x3000}}, {{0x20a8, 0x0900}},
		{{0x8e00, 0xc301}}, {{0x2e40, 0x3202}}, {{0x209f, 0x0018}}, {{0x2640, 0x320b}},
		{{0x6078, 0x6058}}, {{0x60bb, 0x8b80}}, {{0x2901, 0x0780}}, {{0xb8c0, 0x7885}},
		{{0xab00, 0x8e00}}, {{0xc301, 0x2640}}, {{0x305e, 0x209f}}, {{0x0018, 0x6078}},
		{{0x6058, 0x60b8}}, {{0x2055, 0x0802}}, {{0x8a60, 0x2901}}, {{0x02c0, 0xb8c0}},
		{{0x7865, 0xaa00}}, {{0x40c3, 0x8000}}, {{0x047c, 0x88e0}}, {{0x67bf, 0xc807}},
		{{0x7df0, 0x258c}}, {{0x9002, 0x076c}}, {{0xffe5, 0x706c}}, {{0x244a, 0x7180}},
		{{0x214a, 0x0000}}, {{0x20a8, 0x0300}}, {{0x2105, 0x0002}}, {{0x7a5b, 0x2156}},
		{{0x0801, 0x2205}}, {{0x0f82, 0x9007}}, {{0xe002, 0xb260}}, {{0x0cee, 0xfd8f}},
		{{0x1e00, 0x7043}}, {{0x8000, 0x0550}}, {{0x0b32, 0xfd6f}}, {{0x4063, 0x700c}},
		{{0xc0a4, 0x1404}}, {{0x341b, 0xc6c6}}, {{0xc2e6, 0x1cfc}}, {{0xb6c8, 0xc1ae}},
		{{0x256f, 0x10c3}}, {{0x1513, 0x1480}}, {{0x0a06, 0xfb2f}}, {{0xc046, 0xc044}},
		{{0xc204, 0x41c3}}, {{0x0218, 0x0001}}, {{0x0a3e, 0xfcef}}, {{0xd80a, 0x0ac2}},
		{{0xfd2f, 0x730c}}, {{0xc549, 0xc009}}, {{0x218a, 0x0008}}, {{0x15f4, 0x908e}},
		{{0xb020, 0x702c}}, {{0xc004, 0x0e86}}, {{0xfcef, 0x2678}}, {{0x108d, 0x41c3}},
		{{0x900f, 0xe0c0}}, {{0x0e27, 0x1131}}, {{0xc04d, 0x1600}}, {{0x7102, 0x9002}},
		{{0x0160, 0xc004}}, {{0xdb88, 0xba82}}, {{0x7014, 0xd88c}}, {{0x1e00, 0x7084}},
		{{0x9003, 0xff60}}, {{0x20ca, 0x00c1}}, {{0xf006, 0xc004}}, {{0x2079, 0x0000}},
		{{0xb802, 0xe008}}, {{0xb100, 0x78bb}}, {{0xc043, 0x40c3}}, {{0x0000, 0xffff}},
		{{0x45cb, 0x900f}}, {{0xe0ca, 0x4100}}, {{0x4200, 0x4300}}, {{0x70ed, 0x0be6}},
		{{0xfdef, 0x1de4}}, {{0x1015, 0xd80f}}, {{0x0ec6, 0xfbef}}, {{0xd90f, 0xc204}},
		{{0xd8ff, 0x43db}}, {{0x9003, 0xe172}}, {{0x71cd, 0x218a}}, {{0x0fc7, 0x7054}},
		{{0x1b00, 0x3004}}, {{0x1b02, 0x3384}}, {{0x1bdc, 0xb3c4}}, {{0x1bf4, 0xb044}},
		{{0x1bf6, 0xb044}}, {{0x21ca, 0x0001}}, {{0x710c, 0x0f16}}, {{0xffaf, 0x1bf0}},
		{{0xb384, 0x208a}}, {{0x0004, 0xb500}}, {{0x0bf2, 0xfdaf}}, {{0x1dfe, 0x9004}},
		{{0xca03, 0x7114}}, {{0x0a4c, 0xff4e}}, {{0x1600, 0x7080}}, {{0x8000, 0x0016}},
		{{0xc04b, 0xc003}}, {{0x7204, 0xc04a}}, {{0xc006, 0xb8e2}}, {{0x700c, 0xc047}},
		{{0x770c, 0xc045}}, {{0xc007, 0x20ca}}, {{0x03e1, 0xc047}}, {{0x710c, 0x1600}},
		{{0x7081, 0x8000}}, {{0x063a, 0x78d8}}, {{0xb802, 0x200f}}, {{0x038d, 0xe907}},
		{{0x1600, 0x7080}}, {{0x8000, 0x0058}}, {{0xf005, 0x1600}}, {{0x7080, 0x8000}},
		{{0x0025, 0x78ab}}, {{0xf2f5, 0x40c3}}, {{0x8000, 0x066c}}, {{0x8021, 0xc204}},
		{{0xc304, 0x78cf}}, {{0x0dce, 0xfe2f}}, {{0xc04c, 0xc00d}}, {{0x7014, 0x40c3}},
		{{0x900f, 0xe022}}, {{0xf204, 0x1800}}, {{0x0585, 0xf004}}, {{0x1800, 0x0405}},
		{{0x700c, 0x0afe}}, {{0xfb2f, 0x702c}}, {{0x0c3e, 0xfbaf}}, {{0xd8ff, 0xc20a}},
		{{0x78af, 0xc043}}, {{0xc041, 0x70ad}}, {{0x700c, 0xd919}}, {{0xdb47, 0x1c08}},
		{{0x3101, 0x0816}}, {{0xfbaf, 0xc540}}, {{0x1200, 0x3082}}, {{0x700c, 0xd907}},
		{{0x706c, 0xc542}}, {{0xc541, 0x0802}}, {{0xfbaf, 0xc540}}, {{0xc003, 0xc20a}},
		{{0xd919, 0xc041}}, {{0x700c, 0xb892}}, {{0xdb41, 0x1c08}}, {{0x3101, 0x0fea}},
		{{0xfb6f, 0xc540}}, {{0x700c, 0xd907}}, {{0x744c, 0x706c}}, {{0x1c08, 0x3281}},
		{{0xc541, 0x0fd6}}, {{0xfb6f, 0xc540}}, {{0x0bc6, 0xfbaf}}, {{0xd8ff, 0x700c}},
		{{0xd907, 0x704c}}, {{0x706c, 0xc542}}, {{0xc541, 0x0fbe}}, {{0xfb6f, 0xc540}},
		{{0x700c, 0xd907}}, {{0x704c, 0x706c}}, {{0xc542, 0xc541}}, {{0x0faa, 0xfb6f}},
		{{0xc540, 0xd880}}, {{0xd907, 0x744c}}, {{0x706c, 0xc542}}, {{0xc541, 0x0f9a}},
		{{0xfb6f, 0xc540}}, {{0xe79f, 0x010a}}, {{0x0009, 0xc807}}, {{0x791b, 0x2105}},
		{{0x0f81, 0x9005}}, {{0xe01a, 0xb1e0}}, {{0x41c3, 0x8000}}, {{0x063a, 0x8983}},
		{{0x41c3, 0x8000}}, {{0x063a, 0x8922}}, {{0x0c2f, 0x1064}}, {{0x2940, 0x0302}},
		{{0x1600, 0x708b}}, {{0x8000, 0x066c}}, {{0x7724, 0x7124}}, {{0x0b13, 0x106e}},
		{{0x2205, 0x0003}}, {{0x7b7b, 0xbb91}}, {{0xbb9c, 0xbb9f}}, {{0xb3e0, 0x09ef}},
		{{0x8324, 0x2296}}, {{0x0008, 0x0aee}}, {{0xfeaf, 0xd814}}, {{0x0d6e, 0xff4f}},
		{{0xc007, 0x0eba}}, {{0xfb6f, 0x712c}}, {{0x40c3, 0x8000}}, {{0x063a, 0x8802}},
		{{0xc043, 0x700c}}, {{0xc048, 0xc003}}, {{0xb80d, 0xc046}}, {{0xf022, 0x1600}},
		{{0x7081, 0x8000}}, {{0x066c, 0xc003}}, {{0x092b, 0x000e}}, {{0xc006, 0x2005}},
		{{0x0f80, 0x9002}}, {{0x017a, 0x9020}}, {{0xc008, 0x7825}}, {{0xc048, 0xe98b}},
		{{0xc303, 0x740c}}, {{0x41c3, 0x01be}}, {{0x0003, 0x42c1}}, {{0x0faa, 0xfcaf}},
		{{0xc740, 0xc006}}, {{0x2096, 0x0010}}, {{0xc046, 0xc003}}, {{0x7104, 0xc043}},
		{{0x40c3, 0x8000}}, {{0x063a, 0x8823}}, {{0xc003, 0x09b7}}, {{0x8025, 0xd80f}},
		{{0x0c8e, 0xfbef}}, {{0xd90f, 0xc008}}, {{0x7014, 0x710c}}, {{0xf414, 0xc00b}},
		{{0x702c, 0x60f8}}, {{0x7d10, 0xc00c}}, {{0x0c6e, 0xffaf}}, {{0x42a1, 0xc00c}},
		{{0x712c, 0x0c66}}, {{0xffaf, 0x42a1}}, {{0xc005, 0x71ad}}, {{0x2008, 0x03c0}},
		{{0xc045, 0x700c}}, {{0x71e5, 0x0f0b}}, {{0x1833, 0x7014}}, {{0xf57f, 0x41c3}},
		{{0x01c3, 0x0001}}, {{0x40a1, 0x0922}}, {{0xfaef, 0x42c1}}, {{0xc705, 0x70d5}},
		{{0x05ec, 0xffe2}}, {{0x77c5, 0xc005}}, {{0x41c3, 0x01c5}}, {{0x0000, 0x7812}},
		{{0x0906, 0xfaef}}, {{0xb83f, 0xc205}}, {{0xc10b, 0xc807}}, {{0x6159, 0x2149}},
		{{0x07c2, 0x791b}}, {{0x2105, 0x0f81}}, {{0x9005, 0xe01a}}, {{0xb140, 0x41c3}},
		{{0x8000, 0x063a}}, {{0x8983, 0x41c3}}, {{0x8000, 0x063a}}, {{0x8922, 0x0c31}},
		{{0x1064, 0x2940}}, {{0x030d, 0x1600}}, {{0x708b, 0x8000}}, {{0x066c, 0x7724}},
		{{0x7124, 0x0b15}}, {{0x106e, 0x2505}}, {{0x1003, 0x7b7b}}, {{0xbb91, 0xbb9c}},
		{{0xbb9f, 0xb340}}, {{0x09ed, 0x8324}}, {{0x2596, 0x1008}}, {{0x0c3e, 0xff4f}},
		{{0x702c, 0x1bf4}}, {{0xb044, 0x1bf6}}, {{0xb044, 0x1bf0}}, {{0xb044, 0xc109}},
		{{0xd841, 0xb809}}, {{0xb100, 0xca05}}, {{0x7014, 0x0cbc}}, {{0xfcc1, 0x0a3e}},
		{{0xfeef, 0xd809}}, {{0xc0ae, 0x1404}}, {{0x341b, 0xc6c6}}, {{0xc2e2, 0x256f}},
		{{0x1a43, 0x15f2}}, {{0x9101, 0x2078}}, {{0x0002, 0x1d00}}, {{0x1205, 0x263c}},
		{{0x7041, 0x0000}}, {{0x0c7f, 0x7944}}, {{0x0915, 0x0071}}, {{0x1a01, 0x3042}},
		{{0x15f9, 0x9081}}, {{0x0909, 0x015e}}, {{0x1a01, 0x3003}}, {{0x7014, 0xd80a}},
		{{0x1a02, 0x3082}}, {{0xf210, 0xd983}}, {{0x0e5e, 0xfcaf}}, {{0xb912, 0x0af2}},
		{{0xfccf, 0xe885}}, {{0x085a, 0xffef}}, {{0xd807, 0x0856}}, {{0xffef, 0x760c}},
		{{0xd8fd, 0xf00e}}, {{0x41c3, 0x020d}}, {{0x0000, 0x0e3e}}, {{0xfc8f, 0x0842}},
		{{0xffef, 0x750c}}, {{0x083a, 0xffef}}, {{0x740c, 0x730c}}, {{0x09be, 0xfeef}},
		{{0x1a02, 0x3003}}, {{0xd808, 0xb88f}}, {{0xb500, 0xc6c2}}, {{0xc2e4, 0x4508}},
		{{0xd80a, 0xed06}}, {{0x41c3, 0x020a}}, {{0x0000, 0xf005}}, {{0x41c3, 0x020b}},
		{{0x0000, 0x0e06}}, {{0xfc8f, 0x2578}}, {{0x1000, 0x266f}}, {{0x1a43, 0x7104}},
		{{0x0ffe, 0xffaf}}, {{0x1e00, 0x1085}}, {{0x722c, 0x70b5}}, {{0xd8fe, 0xb98f}},
		{{0x20ca, 0x0062}}, {{0x0976, 0xfeef}}, {{0xb620, 0xc6c4}}, {{0xc2e4, 0xc1a1}},
		{{0x4628, 0x094b}}, {{0x06f5, 0x4508}}, {{0x2025, 0x0380}}, {{0xf031, 0xf051}},
		{{0xf053, 0xf025}}, {{0xf017, 0xf023}}, {{0xf021, 0xf021}}, {{0xf03d, 0xf01f}},
		{{0xf01d, 0xf01d}}, {{0xf01b, 0xf01b}}, {{0xf019, 0xf019}}, {{0xf017, 0xf00b}},
		{{0xf02f, 0xf033}}, {{0xf035, 0xf039}}, {{0xf011, 0xf011}}, {{0xf00f, 0xf00f}},
		{{0xf04a, 0x724c}}, {{0x1a03, 0x3083}}, {{0xf04d, 0x0e95}}, {{0x1810, 0x0e0f}},
		{{0x1911, 0xda09}}, {{0x1a03, 0x3243}}, {{0xf045, 0x700c}}, {{0x41c3, 0x0219}},
		{{0x0001, 0x0f56}}, {{0xfaaf, 0x42c1}}, {{0x1203, 0x3082}}, {{0xf03b, 0x2553}},
		{{0x12c1, 0x208a}}, {{0x0ffb, 0x6038}}, {{0x0847, 0x0175}}, {{0x218c, 0x8404}},
		{{0x2025, 0x0000}}, {{0xf1df, 0xf005}}, {{0xf007, 0xf00b}}, {{0xf00d, 0x734c}},
		{{0x1a03, 0x30c3}}, {{0xf027, 0x744c}}, {{0x1a03, 0x3103}}, {{0xf023, 0x754c}},
		{{0x1a03, 0x3143}}, {{0xf01f, 0x764c}}, {{0x1a03, 0x3183}}, {{0xf01b, 0x704c}},
		{{0x1a03, 0x3003}}, {{0xf017, 0x714c}}, {{0x1a03, 0x3043}}, {{0xf013, 0xf20c}},
		{{0x218c, 0x8008}}, {{0xf20c, 0x218c}}, {{0x8009, 0xf3c5}}, {{0xda0a, 0x1a03}},
		{{0x3283, 0xf009}}, {{0xda07, 0x1a03}}, {{0x31c3, 0xf005}}, {{0xda08, 0x1a03}},
		{{0x3203, 0xd80a}}, {{0x41c3, 0x021a}}, {{0x0003, 0x43a1}}, {{0x0cea, 0xfcaf}},
		{{0xc640, 0x7487}}, {{0xc6c4, 0x78e0}}, {{0x208c, 0x8fc3}}, {{0xf209, 0x0821}},
		{{0x01d1, 0x41c3}}, {{0x9004, 0x0238}}, {{0x1900, 0x0045}}, {{0xf006, 0x41c3}},
		{{0x9004, 0x0238}}, {{0x1900, 0x0105}}, {{0x1900, 0x0005}}, {{0x41c3, 0x9018}},
		{{0x0064, 0xb100}}, {{0x0021, 0x0020}}, {{0x1902, 0x0005}}, {{0x42c3, 0x9018}},
		{{0x0064, 0x2841}}, {{0x0401, 0xb200}}, {{0xb222, 0x000d}}, {{0x0020, 0x1a02}},
		{{0x0005, 0x78e0}}, {{0x210a, 0x0f80}}, {{0x9018, 0x0008}}, {{0x1100, 0x0100}},
		{{0x08fd, 0x801f}}, {{0x195e, 0x0045}}, {{0x9100, 0x0801}}, {{0x001e, 0x7ee0}},
		{{0x1600, 0x7080}}, {{0x8000, 0x0005}}, {{0x7ee0, 0x78e0}}, {{0xc0f1, 0x1600}},
		{{0x7082, 0x8000}}, {{0x0001, 0x4328}}, {{0x0a31, 0x013f}}, {{0x4300, 0x40c3}},
		{{0x9018, 0x0064}}, {{0x1800, 0x0205}}, {{0x0fbe, 0xffef}}, {{0x1802, 0x0005}},
		{{0x0f9e, 0xffef}}, {{0x4060, 0x232f}}, {{0x80c8, 0xf208}}, {{0x0f92, 0xffef}},
		{{0x1304, 0x1400}}, {{0x238c, 0x0f3f}}, {{0xc0d1, 0x7ee0}}, {{0xc2e6, 0x1cfc}},
		{{0xb6c8, 0xc1a3}}, {{0x1600, 0x710f}}, {{0x8000, 0x000a}}, {{0xc041, 0x730c}},
		{{0x248a, 0x7001}}, {{0x1404, 0x300b}}, {{0xb80b, 0x7f04}}, {{0xb8ac, 0x706f}},
		{{0x704c, 0x708d}}, {{0x706c, 0x264a}}, {{0x3000, 0x70ad}}, {{0x70cd, 0xc042}},
		{{0xc240, 0x20a8}}, {{0x0181, 0x1300}}, {{0x1080, 0x1301}}, {{0x1081, 0x2102}},
		{{0x801f, 0x0078}}, {{0x0024, 0x71e7}}, {{0x6038, 0x271a}}, {{0x3001, 0xc000}},
		{{0x74e3, 0x6038}}, {{0xc040, 0xef0e}}, {{0xc002, 0x0f23}}, {{0x1021, 0x278b}},
		{{0xbc03, 0x271a}}, {{0x37c0, 0x2600}}, {{0x301e, 0x786c}}, {{0x621a, 0xf026}},
		{{0x271a, 0x30c0}}, {{0x2300, 0x301b}}, {{0xf020, 0xf20b}}, {{0x278b, 0xb003}},
		{{0xf210, 0x2751}}, {{0xb1c0, 0xd807}}, {{0x20ca, 0x01a1}}, {{0xf013, 0x274b}},
		{{0xb300, 0xf20e}}, {{0x2751, 0xb0c0}}, {{0x730c, 0x20ca}}, {{0x00a1, 0xf00b}},
		{{0x2751, 0xb140}}, {{0x750c, 0x20ca}}, {{0x0121, 0xf005}}, {{0x202f, 0x07c2}},
		{{0xb8c0, 0x651d}}, {{0x786c, 0x661e}}, {{0x7265, 0x7164}}, {{0xec1d, 0xc000}},
		{{0x2804, 0x0300}}, {{0x7104, 0x7b1d}}, {{0xef09, 0xc002}}, {{0x7710, 0x26ca}},
		{{0x1081, 0x25ca}}, {{0x1781, 0x44a9}}, {{0x43d9, 0x202f}}, {{0x06c0, 0x2804}},
		{{0x0301, 0xc001}}, {{0x1883, 0x00c2}}, {{0x7124, 0x7a3d}}, {{0xc101, 0x700c}},
		{{0x1982, 0x0082}}, {{0xf00f, 0xc300}}, {{0x740c, 0x41c3}}, {{0x0199, 0x0002}},
		{{0x0b26, 0xfcaf}}, {{0x4263, 0xd9cd}}, {{0x740c, 0x0b1e}}, {{0xfcaf, 0xb911}},
		{{0x730c, 0xc0a3}}, {{0x1404, 0x341b}}, {{0xc6c6, 0x78e0}}, {{0xc2e6, 0x1cfc}},
		{{0xb6c8, 0xc1a3}}, {{0x42c3, 0x8000}}, {{0x063a, 0x8a40}}, {{0x4608, 0x205f}},
		{{0x0d00, 0x229f}}, {{0x0a01, 0x4728}}, {{0xd9ff, 0x6058}}, {{0x2032, 0x0f8d}},
		{{0x8000, 0x0676}}, {{0x0cea, 0xfaef}}, {{0x700c, 0x710c}}, {{0x78d8, 0xb802}},
		{{0x200f, 0x0380}}, {{0x70f5, 0x780f}}, {{0x25cf, 0x11e2}}, {{0x706f, 0xc041}},
		{{0x700c, 0x762c}}, {{0xda22, 0x43a1}}, {{0x1c08, 0x36c0}}, {{0x09fa, 0xfb6f}},
		{{0x1c00, 0x3081}}, {{0xd880, 0xd907}}, {{0x724c, 0x706c}}, {{0x1c08, 0x36c0}},
		{{0x1c00, 0x36c0}}, {{0x09e2, 0xfb6f}}, {{0x1c04, 0x36c0}}, {{0x700c, 0x095e}},
		{{0xfb6f, 0x712c}}, {{0xc0a3, 0x1404}}, {{0x341b, 0xc6c6}}, {{0xc2e6, 0x1cfc}},
		{{0xb6c8, 0xc1a3}}, {{0x4528, 0x0f9a}}, {{0xfd6f, 0x4608}}, {{0x0fae, 0xfd6f}},
		{{0x4318, 0x4708}}, {{0x700c, 0x0c7a}}, {{0xfaef, 0xd9ff}}, {{0x0dba, 0xfb6f}},
		{{0xd8ff, 0x70b5}}, {{0x70ad, 0xf29c}}, {{0xd80c, 0xd919}}, {{0xda08, 0xdb43}},
		{{0xc542, 0xc641}}, {{0x0992, 0xfb6f}}, {{0xc540, 0x0972}}, {{0xfb6f, 0x710c}},
		{{0xd80c, 0xd919}}, {{0x704c, 0xdb43}}, {{0xc542, 0xc641}}, {{0x097a, 0xfb6f}},
		{{0xc540, 0x700c}}, {{0xd907, 0x704c}}, {{0x706c, 0xc542}}, {{0xc541, 0x096a}},
		{{0xfb6f, 0xc540}}, {{0x700c, 0xd907}}, {{0x704c, 0x706c}}, {{0xc542, 0xc541}},
		{{0x0956, 0xfb6f}}, {{0xc540, 0x700c}}, {{0xd907, 0x704c}}, {{0x706c, 0xc542}},
		{{0xc541, 0x0946}}, {{0xfb6f, 0xc540}}, {{0x700c, 0xd919}}, {{0x704c, 0xdb43}},
		{{0xb892, 0xc542}}, {{0xc641, 0x0932}}, {{0xfb6f, 0xc540}}, {{0x700c, 0xd907}},
		{{0x704c, 0x706c}}, {{0xc542, 0xc541}}, {{0x091e, 0xfb6f}}, {{0xc540, 0x700c}},
		{{0xd907, 0x704c}}, {{0x706c, 0xc542}}, {{0xc541, 0x090e}}, {{0xfb6f, 0xc540}},
		{{0xd80c, 0xd919}}, {{0x704c, 0xdb43}}, {{0xc542, 0xc641}}, {{0x08fa, 0xfb6f}},
		{{0xc540, 0x700c}}, {{0xd907, 0x704c}}, {{0x706c, 0xc542}}, {{0xc541, 0x08ea}},
		{{0xfb6f, 0xc540}}, {{0x700c, 0xd907}}, {{0x704c, 0x706c}}, {{0xc542, 0xc541}},
		{{0x08d6, 0xfb6f}}, {{0xc540, 0x700c}}, {{0xd907, 0x704c}}, {{0x706c, 0xc542}},
		{{0xc541, 0x08c6}}, {{0xfb6f, 0xc540}}, {{0x700c, 0xd907}}, {{0x704c, 0x706c}},
		{{0xc542, 0xc541}}, {{0x08b2, 0xfb6f}}, {{0xc540, 0x0892}}, {{0xfb6f, 0x700c}},
		{{0x2714, 0x16c0}}, {{0xe02a, 0x7a0f}}, {{0x700c, 0xd907}}, {{0x706c, 0xc542}},
		{{0xc541, 0x0896}}, {{0xfb6f, 0xc540}}, {{0x706c, 0x4060}}, {{0xb892, 0xb823}},
		{{0xd907, 0x744c}}, {{0x1c08, 0x3041}}, {{0xc541, 0x087e}}, {{0xfb6f, 0xc540}},
		{{0x700c, 0xd907}}, {{0xda0c, 0xc542}}, {{0xc541, 0xf039}}, {{0xd80c, 0xd919}},
		{{0xda08, 0xdb43}}, {{0x1c08, 0x3041}}, {{0xc641, 0x085e}}, {{0xfb6f, 0xc540}},
		{{0x700c, 0xb892}}, {{0xd919, 0xda08}}, {{0xdb43, 0xc542}}, {{0xc641, 0x084a}},
		{{0xfb6f, 0xc540}}, {{0x1600, 0x7080}}, {{0x8000, 0x0008}}, {{0x080b, 0x0091}},
		{{0x1c08, 0x3201}}, {{0xf003, 0x1c08}}, {{0x3301, 0x700c}}, {{0xd907, 0xda08}},
		{{0x706c, 0xc541}}, {{0x0822, 0xfb6f}}, {{0xc540, 0x706c}}, {{0x4060, 0x70ad}},
		{{0xb88f, 0xd907}}, {{0x744c, 0xc542}}, {{0xc541, 0x080e}}, {{0xfb6f, 0xc540}},
		{{0xc542, 0xc541}}, {{0x700c, 0xd907}}, {{0xda10, 0x706c}}, {{0x0ffa, 0xfb2f}},
		{{0xc540, 0x0bee}}, {{0xfb6f, 0xd8ff}}, {{0x700c, 0xd907}}, {{0x744c, 0x706c}},
		{{0xc542, 0xc541}}, {{0x0fe2, 0xfb2f}}, {{0xc540, 0xd880}}, {{0xd907, 0x744c}},
		{{0x706c, 0xc542}}, {{0xc541, 0x0fd2}}, {{0xfb2f, 0xc540}}, {{0xc0a3, 0x1404}},
		{{0x341b, 0xc6c6}}, {{0xc2e6, 0x1cfc}}, {{0xb6c8, 0xc1aa}}, {{0xd951, 0xc049}},
		{{0x740c, 0x0876}}, {{0xfcaf, 0xb910}}, {{0x706f, 0x70ed}}, {{0x40c3, 0x8000}},
		{{0x0642, 0xc046}}, {{0xef06, 0x1600}}, {{0x7080, 0x8000}}, {{0x0058, 0xf006}},
		{{0x1600, 0x7080}}, {{0x8000, 0x0025}}, {{0x7014, 0xf2c1}}, {{0x08d2, 0xfcef}},
		{{0x78ef, 0xda9c}}, {{0xba9f, 0x700c}}, {{0x70f5, 0xc043}}, {{0x6a02, 0x6822}},
		{{0x20ca, 0x0081}}, {{0x21c0, 0x00a2}}, {{0x9040, 0xc009}}, {{0x9120, 0x4383}},
		{{0xb34e, 0x0893}}, {{0x0030, 0xb32f}}, {{0xca09, 0xc506}}, {{0x722c, 0xc144}},
		{{0xe826, 0x264a}}, {{0x3000, 0xc545}}, {{0xc005, 0x2632}}, {{0x3f82, 0x8000}},
		{{0x046c, 0x41c3}}, {{0x0052, 0x0002}}, {{0x1004, 0x048e}}, {{0xc045, 0x740c}},
		{{0x0ff6, 0xfc6f}}, {{0x43c1, 0x141c}}, {{0x3100, 0x212f}}, {{0x06c7, 0x2640}},
		{{0x305e, 0xb802}}, {{0xb88c, 0xb892}}, {{0x6038, 0x781b}}, {{0xb89c, 0xb89f}},
		{{0xb0c0, 0xca09}}, {{0x0ec5, 0xb024}}, {{0x7167, 0xf003}}, {{0x700c, 0xc104}},
		{{0x2540, 0x104d}}, {{0x7724, 0xc144}}, {{0xe9d4, 0x2353}}, {{0xb07c, 0xf277}},
		{{0x212f, 0x06c7}}, {{0x20a8, 0x0380}}, {{0x141c, 0x3100}}, {{0xb802, 0xb88c}},
		{{0xb892, 0x6038}}, {{0x781b, 0xb89c}}, {{0xb89f, 0x7124}}, {{0x1800, 0x0005}},
		{{0xf065, 0x700c}}, {{0x099a, 0xfaef}}, {{0x702c, 0xc003}}, {{0xc187, 0x21f4}},
		{{0x0000, 0xb802}}, {{0x0ac6, 0xfb6f}}, {{0x7810, 0x70cd}}, {{0xf043, 0xc048}},
		{{0x2632, 0x1f80}}, {{0x8000, 0x046c}}, {{0xc508, 0x79fb}}, {{0xc044, 0xc003}},
		{{0x43c3, 0x8000}}, {{0x0642, 0x79d5}}, {{0x7014, 0x710c}}, {{0xe314, 0xc048}},
		{{0x61b8, 0x2000}}, {{0x0f81, 0x8000}}, {{0x0642, 0x6078}}, {{0x20ca, 0x0041}},
		{{0x8800, 0x712c}}, {{0x704c, 0x79b8}}, {{0xc045, 0xed08}}, {{0xca09, 0x7704}},
		{{0x0e09, 0x1020}}, {{0x704c, 0xda22}}, {{0xc304, 0x700c}}, {{0xc042, 0x6912}},
		{{0x7825, 0xc340}}, {{0xc305, 0x780f}}, {{0xc041, 0x700c}}, {{0x0e5a, 0xfb2f}},
		{{0x762c, 0xc005}}, {{0xc203, 0x41c3}}, {{0x0053, 0x0005}}, {{0xc042, 0xc004}},
		{{0x43a1, 0xc740}}, {{0xc041, 0x0f02}}, {{0xfc6f, 0x740c}}, {{0x0d85, 0x9051}},
		{{0x71c5, 0xca09}}, {{0x0e7b, 0x9024}}, {{0x700c, 0xd828}}, {{0xc042, 0x700c}},
		{{0xd907, 0x724c}}, {{0x706c, 0x708d}}, {{0xc041, 0x0e1e}}, {{0xfb2f, 0xc440}},
		{{0xc003, 0x7104}}, {{0x083f, 0x80b4}}, {{0xc043, 0xc006}}, {{0x71e5, 0x72f5}},
		{{0x7204, 0x0664}}, {{0xffe5, 0xc046}}, {{0x40c3, 0x9004}}, {{0x00fc, 0x702c}},
		{{0xb020, 0x18f8}}, {{0x8044, 0xc0aa}}, {{0x1404, 0x341b}}, {{0xc6c6, 0x78e0}},
		{{0xc2e6, 0x1cfc}}, {{0xb6c8, 0xc1a8}}, {{0x4728, 0x4318}}, {{0x700c, 0x702c}},
		{{0xc345, 0x089e}}, {{0xfaef, 0xc243}}, {{0xc00d, 0x70ad}}, {{0xc046, 0xc00e}},
		{{0xc044, 0x2532}}, {{0x1f8e, 0x8000}}, {{0x04a0, 0x67c8}}, {{0x0d13, 0x1331}},
		{{0xc047, 0x1600}}, {{0x7080, 0x8000}}, {{0x0092, 0x08b7}}, {{0x0051, 0x710c}},
		{{0x702c, 0x0f96}}, {{0xfa6f, 0x42c1}}, {{0xc206, 0x7944}}, {{0xc205, 0x7844}},
		{{0x2005, 0x807e}}, {{0xf44d, 0xc307}}, {{0x700c, 0x762c}}, {{0x704c, 0x1c04}},
		{{0x36c0, 0xc640}}, {{0x0d82, 0xfb2f}}, {{0x1c08, 0x3001}}, {{0x700c, 0xd922}},
		{{0x0992, 0xfb6f}}, {{0x704c, 0xed0a}}, {{0x0d77, 0x1191}}, {{0x1600, 0x7100}},
		{{0x8000, 0x0006}}, {{0xb823, 0xf030}}, {{0xc004, 0xe828}}, {{0x1600, 0x7080}},
		{{0x8000, 0x0092}}, {{0x0845, 0x0051}}, {{0x1733, 0x1080}}, {{0xe81e, 0x700c}},
		{{0xd941, 0x0962}}, {{0xfb6f, 0x704c}}, {{0x700c, 0x0cc2}}, {{0xfb2f, 0x712c}},
		{{0x700c, 0x0ffe}}, {{0xfaaf, 0x702c}}, {{0x40c3, 0x0000}}, {{0x3a98, 0x093e}},
		{{0xfe6f, 0xd908}}, {{0x0e5e, 0xff6f}}, {{0x40e1, 0x40c3}}, {{0x0003, 0x0d40}},
		{{0x092a, 0xfe6f}}, {{0x702c, 0xf00d}}, {{0x1600, 0x7100}}, {{0x8000, 0x0006}},
		{{0x2845, 0x0280}}, {{0x6821, 0x700c}}, {{0x091a, 0xfb6f}}, {{0x704c, 0x71a5}},
		{{0x0d33, 0x9354}}, {{0x700c, 0xd941}}, {{0x090a, 0xfb6f}}, {{0x704c, 0x700c}},
		{{0x0c6a, 0xfb2f}}, {{0x712c, 0xc003}}, {{0xe820, 0x700c}}, {{0x0fa2, 0xfaaf}},
		{{0x702c, 0x2353}}, {{0x3040, 0xc041}}, {{0xd880, 0xd919}}, {{0x744c, 0xdb4f}},
		{{0x1c08, 0x3001}}, {{0x0cc2, 0xfb2f}}, {{0x1c00, 0x3001}}, {{0x700c, 0x0c3e}},
		{{0xfb2f, 0x712c}}, {{0x40c3, 0x000f}}, {{0x4240, 0x08c2}}, {{0xfe6f, 0x702c}},
		{{0x700c, 0x0a16}}, {{0xfcaf, 0x4163}}, {{0xc0a8, 0x1404}}, {{0x341b, 0xc6c6}},
		{{0xc2e6, 0x1cfc}}, {{0xb6c8, 0xc1a9}}, {{0xc346, 0xc243}}, {{0x4728, 0x090e}},
		{{0xfcef, 0x4318}}, {{0x700c, 0x0f4a}}, {{0xfaaf, 0x702c}}, {{0x0d92, 0xff4f}},
		{{0xc00e, 0x70ad}}, {{0xc047, 0xc010}}, {{0xc044, 0xc00f}}, {{0xc045, 0x2532}},
		{{0x1f8e, 0x8000}}, {{0x04a0, 0x67c8}}, {{0x0d13, 0x1331}}, {{0xc048, 0x1600}},
		{{0x7080, 0x8000}}, {{0x0092, 0x08ad}}, {{0x0051, 0x710c}}, {{0x702c, 0x0e3a}},
		{{0xfa6f, 0x42c1}}, {{0xc207, 0x7944}}, {{0xc206, 0x7844}}, {{0x2005, 0x807e}},
		{{0xf448, 0xc005}}, {{0xe806, 0x700c}}, {{0xd91e, 0x084a}}, {{0xfb6f, 0x714c}},
		{{0xc108, 0x40c1}}, {{0x093e, 0xfb6f}}, {{0x4263, 0xedb2}}, {{0xc004, 0xe82b}},
		{{0x1600, 0x7080}}, {{0x8000, 0x0092}}, {{0x084b, 0x0051}}, {{0x1733, 0x1080}},
		{{0xe821, 0x700c}}, {{0x762c, 0x081e}}, {{0xfb6f, 0x714c}}, {{0x0cee, 0xff4f}},
		{{0x700c, 0x0b7a}}, {{0xfb2f, 0x712c}}, {{0x700c, 0x0eb6}}, {{0xfaaf, 0x702c}},
		{{0x0cfe, 0xff4f}}, {{0x40c3, 0x0000}}, {{0x3a98, 0x0ff2}}, {{0xfe2f, 0xd908}},
		{{0x0d12, 0xff6f}}, {{0x40e1, 0x40c3}}, {{0x0003, 0x0d40}}, {{0x0fde, 0xfe2f}},
		{{0x702c, 0x700c}}, {{0xd918, 0x0fde}}, {{0xfb2f, 0x714c}}, {{0x700c, 0xd90a}},
		{{0x0fd2, 0xfb2f}}, {{0x714c, 0x700c}}, {{0x762c, 0x0fca}}, {{0xfb2f, 0x714c}},
		{{0x71a5, 0x0d3f}}, {{0x9354, 0x0c96}}, {{0xff4f, 0x700c}}, {{0x0b1e, 0xfb2f}},
		{{0x712c, 0xc003}}, {{0xe82b, 0x700c}}, {{0x702c, 0x0e56}}, {{0xfaaf, 0x4508}},
		{{0x0c9e, 0xff4f}}, {{0x700c, 0xd925}}, {{0x704c, 0xdb4f}}, {{0xc542, 0x1c04}},
		{{0x36c0, 0x0b76}}, {{0xfb2f, 0xc540}}, {{0x700c, 0xd926}}, {{0x704c, 0xdb4f}},
		{{0xc542, 0xc540}}, {{0x0b62, 0xfb2f}}, {{0xc541, 0x0c52}}, {{0xff4f, 0x700c}},
		{{0x0ada, 0xfb2f}}, {{0x712c, 0x40c3}}, {{0x000f, 0x4240}}, {{0x0f5e, 0xfe2f}},
		{{0x702c, 0x710c}}, {{0x08b2, 0xfcaf}}, {{0x4163, 0x0e16}}, {{0xfccf, 0xc0a9}},
		{{0x1404, 0x341b}}, {{0xc6c6, 0x78e0}}, {{0xc2e6, 0x1cfc}}, {{0xb6c8, 0x2132}},
		{{0x009b, 0x4508}}, {{0x700c, 0x702c}}, {{0x4748, 0x0de6}}, {{0xfaaf, 0x4668}},
		{{0x0e0d, 0x105f}}, {{0x0f96, 0xfc8f}}, {{0x0c26, 0xff4f}}, {{0x700c, 0xd918}},
		{{0x0f22, 0xfb2f}}, {{0x714c, 0x78ef}}, {{0x4163, 0x081a}}, {{0xfb6f, 0x42a1}},
		{{0x0f21, 0x1351}}, {{0x0e0d, 0x103f}}, {{0x700c, 0x0be2}}, {{0xff4f, 0xf006}},
		{{0xd914, 0x0f02}}, {{0xfb2f, 0x714c}}, {{0x700c, 0x0a62}}, {{0xfb2f, 0x712c}},
		{{0xbee0, 0x0dac}}, {{0xfcc1, 0x1404}}, {{0x341b, 0xc6c6}}, {{0xc0e4, 0x46cb}},
		{{0x8000, 0x0458}}, {{0x96a3, 0x2148}}, {{0x007c, 0x7abb}}, {{0xba8d, 0xba93}},
		{{0x20a8, 0x0280}}, {{0x1002, 0x0503}}, {{0x2205, 0x0f8c}}, {{0x9000, 0x0000}},
		{{0x7244, 0xb460}}, {{0x61b9, 0xb620}}, {{0xb623, 0xc4c4}}, {{0xc2e6, 0x1cfc}},
		{{0xb6c8, 0xc1ab}}, {{0xc410, 0x4668}}, {{0xc245, 0xc447}}, {{0xc411, 0xc144}},
		{{0xc043, 0xc446}}, {{0xdc58, 0xbc9f}}, {{0x8ca0, 0x14cd}}, {{0x908c, 0xc549}},
		{{0x70ad, 0xc448}}, {{0xc007, 0x712c}}, {{0x79b8, 0x7824}}, {{0xc04a, 0x6912}},
		{{0x706f, 0x200f}}, {{0x034f, 0xc009}}, {{0xc108, 0x7077}}, {{0x20ca, 0x0041}},
		{{0xc10a, 0x790b}}, {{0xf235, 0x710c}}, {{0x2800, 0x06c0}}, {{0x0b92, 0xfcaf}},
		{{0x780f, 0x40c3}}, {{0x8000, 0x0550}}, {{0x8800, 0xe81b}}, {{0x1600, 0x7080}},
		{{0x8000, 0x0001}}, {{0x082b, 0x00ff}}, {{0x4063, 0xc106}}, {{0x209f, 0x0a01}},
		{{0xc142, 0xc103}}, {{0xc204, 0xc305}}, {{0x6119, 0x255a}}, {{0x1d00, 0xc640}},
		{{0x1c04, 0x3001}}, {{0x6119, 0x0d7e}}, {{0xffef, 0x78ef}}, {{0xf011, 0xc106}},
		{{0x4063, 0x209f}}, {{0x0a01, 0xc141}}, {{0xc103, 0xc204}}, {{0xc305, 0x6119}},
		{{0x255a, 0x1d00}}, {{0xc640, 0x6119}}, {{0x0c0a, 0xffef}}, {{0x78ef, 0x7177}},
		{{0x716f, 0xf5c3}}, {{0x71a5, 0x0d71}}, {{0x9094, 0x0b26}}, {{0xfcaf, 0x730c}},
		{{0xc0ab, 0x1404}}, {{0x341b, 0xc6c6}}, {{0xc2e6, 0x2945}}, {{0x018b, 0x4608}},
		{{0x70ad, 0xf01c}}, {{0x8e83, 0x8ee1}}, {{0x8e22, 0x8e00}}, {{0x8e45, 0xbc08}},
		{{0x8e64, 0xbf08}}, {{0x7985, 0x78e5}}, {{0xb910, 0xba08}}, {{0x7905, 0x7734}},
		{{0x2205, 0x00c0}}, {{0xf206, 0x793b}}, {{0xb99c, 0xb99f}}, {{0xb100, 0xf004}},
		{{0x0d42, 0xfe0f}}, {{0x76c5, 0x71a5}}, {{0x0dcd, 0x92c4}}, {{0xc6c6, 0x78e0}},
		{{0xc2e6, 0x1cfc}}, {{0xb6c8, 0xc1a2}}, {{0xc408, 0x45cb}}, {{0x8000, 0x063c}},
		{{0xc241, 0xc440}}, {{0xc600, 0x8d80}}, {{0xee04, 0x714c}}, {{0x4689, 0xf00c}},
		{{0xc207, 0xea05}}, {{0x245f, 0x128e}}, {{0xf003, 0x245f}}, {{0x124e, 0x2279}},
		{{0x0002, 0xe209}}, {{0x1207, 0x360b}}, {{0x1501, 0x109b}}, {{0x2379, 0x001f}},
		{{0x2114, 0x0383}}, {{0x76e7, 0x2305}}, {{0x101e, 0xf02f}}, {{0x2c40, 0x130d}},
		{{0x2505, 0x178d}}, {{0x706d, 0x20a8}}, {{0x0a00, 0xc100}}, {{0x1302, 0x0540}},
		{{0x4669, 0x7034}}, {{0xc101, 0x7ec0}}, {{0xe90a, 0x683d}}, {{0xdf40, 0xb93a}},
		{{0x2804, 0x03cf}}, {{0x6038, 0xb8c5}}, {{0x7822, 0xf00a}}, {{0x218a, 0x0fcf}},
		{{0x2004, 0x0f8f}}, {{0x0000, 0xfc00}}, {{0x7824, 0xbf2a}}, {{0x7ea5, 0x7edb}},
		{{0x79f0, 0xbe91}}, {{0x2900, 0x07c1}}, {{0xbe9c, 0x2356}}, {{0x180b, 0x7825}},
		{{0xbe9f, 0xb600}}, {{0x7185, 0x0ba9}}, {{0xb325, 0x240a}}, {{0x7080, 0xc0a2}},
		{{0x1404, 0x341b}}, {{0xc6c6, 0x78e0}}, {{0xc0e6, 0xc503}}, {{0x7c1b, 0x40c3}},
		{{0x9014, 0x0000}}, {{0x2405, 0x100e}}, {{0x7204, 0x4768}}, {{0xb620, 0x2405}},
		{{0x100e, 0x2040}}, {{0x008b, 0x27ad}}, {{0x1401, 0xb640}}, {{0x2340, 0x108e}},
		{{0xbd03, 0x2405}}, {{0x12c0, 0x7e85}}, {{0x7de5, 0xb060}}, {{0xb6a0, 0xc806}},
		{{0xb0a3, 0xb062}}, {{0xb041, 0x1808}}, {{0x0054, 0x5016}}, {{0xc4c6, 0x78e0}},
		{{0xc2e6, 0x1cfc}}, {{0xb6c8, 0x2482}}, {{0x3f02, 0x42c3}}, {{0x8000, 0x09dc}},
		{{0x740c, 0x41c3}}, {{0x005a, 0x0001}}, {{0x1a05, 0x3098}}, {{0x092a, 0xfc6f}},
		{{0x1a06, 0x3098}}, {{0x47cb, 0x8000}}, {{0x04a0, 0x2455}}, {{0x3b40, 0x2754}},
		{{0x1801, 0x0962}}, {{0xfa6f, 0xda08}}, {{0x41e1, 0x2455}}, {{0x39c0, 0x2180}},
		{{0x0d81, 0xda16}}, {{0x094e, 0xfa6f}}, {{0x1c62, 0x3045}}, {{0x2755, 0x18c1}},
		{{0x2455, 0x3800}}, {{0x093e, 0xfa6f}}, {{0xda1c, 0x2754}}, {{0x1901, 0xc09d}},
		{{0x0932, 0xfa6f}}, {{0xda0c, 0x2754}}, {{0x1a81, 0xc099}}, {{0x0926, 0xfa6f}},
		{{0xda10, 0xca03}}, {{0x41c3, 0x0809}}, {{0x0803, 0x0811}}, {{0x0234, 0xc157}},
		{{0x40c3, 0x0813}}, {{0x0808, 0xc057}}, {{0xc806, 0x43db}}, {{0x8000, 0x00b6}},
		{{0x13f0, 0xb10e}}, {{0x702c, 0x781d}}, {{0xc149, 0x1b00}}, {{0x3004, 0x1c3a}},
		{{0x3384, 0x700c}}, {{0xc048, 0xc009}}, {{0x7314, 0x710c}}, {{0xc04d, 0xf21d}},
		{{0xc009, 0x083f}}, {{0x0070, 0x2455}}, {{0x380d, 0xc009}}, {{0x0853, 0x00b0}},
		{{0xc199, 0xc009}}, {{0x7014, 0x710c}}, {{0xf427, 0x2455}}, {{0x3b4c, 0x2454}},
		{{0x3c43, 0x228a}}, {{0x0104, 0xd90a}}, {{0x720c, 0xc14d}}, {{0xc444, 0xc345}},
		{{0x1c20, 0x3084}}, {{0xf019, 0xc197}}, {{0x1c20, 0x3083}}, {{0xf013, 0xc803}},
		{{0x2455, 0x39cc}}, {{0xc39d, 0x228a}}, {{0x02d8, 0xd909}}, {{0x1c20, 0x3383}},
		{{0xc14d, 0xc544}}, {{0xc446, 0xc347}}, {{0x1c22, 0x3084}}, {{0xf005, 0x1c20}},
		{{0x3203, 0x710c}}, {{0xc144, 0xc109}}, {{0x780f, 0x264a}}, {{0x3000, 0x2715}},
		{{0x1041, 0x70ad}}, {{0xc151, 0xc053}}, {{0xc388, 0xc10d}}, {{0x700c, 0x264f}},
		{{0x3042, 0xc04c}}, {{0x2332, 0x0780}}, {{0x7354, 0x21ca}}, {{0x0062, 0xc050}},
		{{0x2148, 0x0040}}, {{0xc052, 0xf05c}}, {{0xc084, 0x20f0}}, {{0x0780, 0xc056}},
		{{0xc011, 0x8004}}, {{0xc055, 0xc00b}}, {{0xb80c, 0xc054}}, {{0xc012, 0xc04f}},
		{{0x700c, 0xc04a}}, {{0xc10c, 0xc016}}, {{0xc314, 0x42c3}}, {{0x9000, 0x0000}},
		{{0x20f4, 0x0041}}, {{0xc00a, 0x7b05}}, {{0xc015, 0x7825}}, {{0x7b05, 0x7c7b}},
		{{0x0e15, 0x30b4}}, {{0x2405, 0x1081}}, {{0x6c02, 0x7845}}, {{0x9120, 0x9040}},
		{{0x738d, 0xf00c}}, {{0x9120, 0x2044}}, {{0x8040, 0x728d}}, {{0x24ca, 0x1061}},
		{{0x7a13, 0x7014}}, {{0x7a24, 0x79c0}}, {{0x13f0, 0xb100}}, {{0xe88b, 0x1600}},
		{{0x7100, 0x8000}}, {{0x009c, 0xe887}}, {{0x1600, 0x7100}}, {{0x8000, 0x009e}},
		{{0xe80b, 0x7b7d}}, {{0x6e12, 0xbbd2}}, {{0x7810, 0x0df2}}, {{0xffef, 0xc440}},
		{{0x71c5, 0x1c3a}}, {{0x3384, 0xc00f}}, {{0x7704, 0xc04f}}, {{0x7014, 0xc00a}},
		{{0x2056, 0x0800}}, {{0xc04a, 0xf5c0}}, {{0xc00b, 0x7104}}, {{0xc04b, 0xc10b}},
		{{0xc013, 0x0959}}, {{0x8004, 0xc00c}}, {{0x7104, 0xc04c}}, {{0xc10c, 0xc010}},
		{{0x09ed, 0x8024}}, {{0x700c, 0x2640}}, {{0x305e, 0x0e21}}, {{0xb114, 0xc009}},
		{{0x7104, 0x7414}}, {{0x068e, 0xffe5}}, {{0xc049, 0x13f0}}, {{0xb100, 0xdfba}},
		{{0xbf9f, 0x4e10}}, {{0x1e00, 0x7004}}, {{0x9018, 0x021e}}, {{0xc806, 0xc547}},
		{{0xc546, 0x791d}}, {{0xc545, 0xc544}}, {{0xb720, 0x1300}}, {{0x3100, 0x17ea}},
		{{0x9102, 0x4383}}, {{0xb3b0, 0x4910}}, {{0xb35d, 0x1ffe}}, {{0x9004, 0xed07}},
		{{0x1600, 0x7080}}, {{0x8000, 0x0058}}, {{0xf005, 0x1600}}, {{0x7080, 0x8000}},
		{{0x0025, 0x08ab}}, {{0x0030, 0xd89c}}, {{0xb89f, 0x70b5}}, {{0x20c0, 0x00a2}},
		{{0x9000, 0x70cd}}, {{0x1c20, 0x3004}}, {{0x008b, 0x0000}}, {{0x2632, 0x1f80}},
		{{0x8000, 0x046c}}, {{0x4183, 0x9150}}, {{0x913d, 0xc04a}}, {{0x78bb, 0x78d5}},
		{{0x7063, 0x2032}}, {{0x0f9e, 0x8000}}, {{0x0642, 0xba22}}, {{0xc243, 0xc20a}},
		{{0xc142, 0x740c}}, {{0x41c3, 0x005d}}, {{0x0006, 0x230a}}, {{0x0780, 0xc541}},
		{{0x0e96, 0xfc2f}}, {{0x1c00, 0x36c0}}, {{0x710c, 0xc10a}}, {{0x2800, 0x06c0}},
		{{0x7b0f, 0xc084}}, {{0x09ba, 0xfe6f}}, {{0x220a, 0x0780}}, {{0xc084, 0x2440}},
		{{0x3e81, 0x0baa}}, {{0xfb6f, 0xc288}}, {{0x7077, 0x716f}}, {{0xf3d0, 0xca09}},
		{{0x7704, 0x0e21}}, {{0x1020, 0xd91b}}, {{0x700c, 0xb918}}, {{0xc047, 0xc046}},
		{{0xc145, 0xc044}}, {{0xc084, 0x2440}}, {{0x3e81, 0x0b82}}, {{0xfb6f, 0xc288}},
		{{0x71c5, 0xca09}}, {{0x0e79, 0x9024}}, {{0x706f, 0x71a5}}, {{0x0d43, 0x9094}},
		{{0xc806, 0x9720}}, {{0x781d, 0x7822}}, {{0xd95f, 0x1e00}}, {{0x7004, 0x8000}},
		{{0x00bc, 0x740c}}, {{0x0e22, 0xfc2f}}, {{0xb910, 0x2480}}, {{0x3f02, 0x1404}},
		{{0x341b, 0xc6c6}}, {{0xc2e2, 0x1600}}, {{0x7080, 0x8000}}, {{0x001b, 0x43c3}},
		{{0x8000, 0x066a}}, {{0x0833, 0x003e}}, {{0xc1a2, 0x8b00}}, {{0xe815, 0x40c3}},
		{{0x8000, 0x0642}}, {{0x8842, 0x41c3}}, {{0x8000, 0x06e8}}, {{0x44cb, 0x8000}},
		{{0x06b4, 0xa940}}, {{0x8840, 0x8821}}, {{0x8803, 0x45cb}}, {{0x8000, 0x071c}},
		{{0xab56, 0xac20}}, {{0xad00, 0x2340}}, {{0x028d, 0xd90d}}, {{0xda7f, 0x0f66}},
		{{0xfb2f, 0x40a1}}, {{0xd90d, 0xda48}}, {{0x0a22, 0xfdef}}, {{0x40a1, 0xd8ff}},
		{{0x702c, 0x704c}}, {{0x706c, 0xc040}}, {{0x40a1, 0x0a56}}, {{0xffef, 0x1c04}},
		{{0x3001, 0xd90d}}, {{0xda80, 0x0a06}}, {{0xfdef, 0x40a1}}, {{0x702c, 0x42c3}},
		{{0xffff, 0xdfff}}, {{0x776c, 0x40a1}}, {{0x0906, 0xfb6f}}, {{0x1c00, 0x3041}},
		{{0xc0a2, 0xc6c2}}, {{0xc3e6, 0xc1b8}}, {{0x1ba4, 0xb000}}, {{0x70cd, 0x2342}},
		{{0x3600, 0x41c3}}, {{0x8000, 0x0486}}, {{0xda18, 0x1be4}}, {{0xb380, 0x0db6}},
		{{0xfa2f, 0x1be0}}, {{0xb380, 0x2342}}, {{0x3600, 0x742c}}, {{0x09d6, 0xff2f}},
		{{0x714c, 0x0c96}}, {{0x0000, 0x13a4}}, {{0xb000, 0x2342}}, {{0x3801, 0x0836}},
		{{0xfd2f, 0x714c}}, {{0x13a4, 0xb000}}, {{0x704c, 0x41c3}}, {{0x8000, 0x0674}},
		{{0x09f2, 0xfdaf}}, {{0x706c, 0x13a4}}, {{0xb000, 0x71ad}}, {{0x2d00, 0x1000}},
		{{0x6832, 0x13a4}}, {{0xb000, 0x210f}}, {{0x0000, 0x0e0e}}, {{0xfd6f, 0x780f}},
		{{0x208a, 0x0808}}, {{0x1e00, 0x7384}}, {{0x9003, 0xff54}}, {{0x1e00, 0x7004}},
		{{0x9003, 0xe14e}}, {{0x1e00, 0x7384}}, {{0x9003, 0xff54}}, {{0x0cb2, 0xfa4f}},
		{{0x1bac, 0xb000}}, {{0x2079, 0x0000}}, {{0x704c, 0xe008}}, {{0x1bb0, 0xb000}},
		{{0x2d00, 0x1383}}, {{0xbe09, 0x7144}}, {{0x2605, 0x1f81}}, {{0x9003, 0xe17c}},
		{{0x7e50, 0x0ef1}}, {{0x9024, 0xb160}}, {{0x40c3, 0x900f}}, {{0xe022, 0x1bc0}},
		{{0xb000, 0x70cd}}, {{0x189e, 0x0415}}, {{0x47cb, 0x0000}}, {{0xaaaa, 0x1bc0}},
		{{0xb000, 0x1800}}, {{0x0145, 0x18ee}}, {{0x0384, 0x18ec}}, {{0x0384, 0xd80f}},
		{{0x41e1, 0x42e1}}, {{0x43e1, 0x0e5a}}, {{0xfd2f, 0xc740}}, {{0xd80f, 0x09a2}},
		{{0xfb6f, 0xd90f}}, {{0x13ac, 0xb000}}, {{0x218a, 0x0fc7}}, {{0x7014, 0xd8ff}},
		{{0x1ba8, 0xb000}}, {{0x703c, 0x1ba8}}, {{0xb000, 0x13a8}}, {{0xb001, 0x0a02}},
		{{0xff2f, 0x710c}}, {{0x45cb, 0x9003}}, {{0xe166, 0x6d02}}, {{0x218a, 0x0fc7}},
		{{0xb5c0, 0x1bb4}}, {{0xb000, 0xb020}}, {{0x180a, 0x0045}}, {{0x180c, 0x0045}},
		{{0xd860, 0x0b1a}}, {{0xfaef, 0x712c}}, {{0xd80f, 0x702c}}, {{0x43c3, 0x0000}},
		{{0xffff, 0x1c00}}, {{0x3f80, 0x0000}}, {{0xffff, 0x0df6}}, {{0xfd2f, 0x704c}},
		{{0xd808, 0x0afa}}, {{0xfaef, 0x712c}}, {{0xd80f, 0x41e1}}, {{0x42e1, 0x43e1}},
		{{0x0dde, 0xfd2f}}, {{0xc740, 0xb5c0}}, {{0x13b4, 0xb000}}, {{0xb0c0, 0x13a8}},
		{{0xb001, 0x099e}}, {{0xff2f, 0x730c}}, {{0xd860, 0x0ad2}}, {{0xfaef, 0x712c}},
		{{0x13a4, 0xb000}}, {{0xdbe4, 0x732c}}, {{0x781b, 0x2044}}, {{0x0182, 0x13b0}},
		{{0xb000, 0x1bcc}}, {{0xb700, 0x7916}}, {{0x2b01, 0x0080}}, {{0x216c, 0x0041}},
		{{0xb8c1, 0x1bb8}}, {{0xb000, 0x2402}}, {{0x305c, 0xc081}}, {{0x0ce6, 0xfa2f}},
		{{0x1bc4, 0xb000}}, {{0x40c3, 0x8000}}, {{0x063c, 0x1001}}, {{0x009e, 0x1600}},
		{{0x7083, 0x8000}}, {{0x063c, 0xf02d}}, {{0x13b0, 0xb001}}, {{0x2b40, 0x0340}},
		{{0x1bac, 0xb000}}, {{0x796c, 0x13c4}}, {{0xb000, 0x704c}}, {{0x4348, 0x7834}},
		{{0x1bbc, 0xb000}}, {{0x13ac, 0xb000}}, {{0x2a40, 0x0241}}, {{0x13bc, 0xb00c}},
		{{0x7825, 0x2005}}, {{0x0f80, 0x9002}}, {{0x0154, 0x9000}}, {{0x13b0, 0xb001}},
		{{0x7165, 0x7c54}}, {{0x222f, 0x02c8}}, {{0x2841, 0x011f}}, {{0x7150, 0x2053}},
		{{0x0141, 0x276c}}, {{0x3140, 0x7825}}, {{0xb400, 0xf726}}, {{0x7164, 0x0ead}},
		{{0xb0e5, 0x208a}}, {{0x0fc7, 0xb500}}, {{0x13b4, 0xb000}}, {{0x218a, 0x0fd0}},
		{{0xb0c0, 0x1e00}}, {{0x7044, 0x9003}}, {{0xff54, 0xd860}}, {{0x0a0e, 0xfaef}},
		{{0x712c, 0xd80f}}, {{0x702c, 0x43c3}}, {{0x0000, 0xffff}}, {{0x1c00, 0x3f80}},
		{{0x0000, 0xffff}}, {{0x0cea, 0xfd2f}}, {{0x704c, 0xd808}}, {{0x09ee, 0xfaef}},
		{{0x712c, 0xd80f}}, {{0x41e1, 0x42e1}}, {{0x43e1, 0x0cd6}}, {{0xfd2f, 0xc740}},
		{{0xb5c0, 0x13b4}}, {{0xb000, 0xb0c0}}, {{0x13a8, 0xb001}}, {{0x0892, 0xff2f}},
		{{0x710c, 0xd860}}, {{0x09c6, 0xfaef}}, {{0x712c, 0x40c3}}, {{0x8000, 0x063c}},
		{{0x8801, 0x1600}}, {{0x708c, 0x8000}}, {{0x063c, 0x47db}}, {{0x9002, 0x0000}},
		{{0x1bd8, 0xb000}}, {{0xc807, 0x1bd0}}, {{0xb000, 0x13b8}}, {{0xb000, 0xe026}},
		{{0x1bd4, 0xb000}}, {{0x13b8, 0xb000}}, {{0xe028, 0x1bc8}}, {{0xb000, 0xf078}},
		{{0x13d0, 0xb002}}, {{0x2c40, 0x1300}}, {{0x1bac, 0xb000}}, {{0x7a05, 0x13c8}},
		{{0xb000, 0x13b0}}, {{0xb001, 0x7845}}, {{0x781b, 0x2005}}, {{0x07c0, 0x9060}},
		{{0x13d4, 0xb000}}, {{0x798c, 0xbbc5}}, {{0x7845, 0x1bb8}}, {{0xb000, 0x13c4}},
		{{0xb000, 0x4368}}, {{0x7834, 0x1bdc}}, {{0xb000, 0x4b48}}, {{0x1bbc, 0xb000}},
		{{0xf048, 0x13ac}}, {{0xb000, 0x2b40}}, {{0x0202, 0x7845}}, {{0x781b, 0x2005}},
		{{0x0f80, 0x9002}}, {{0x0154, 0x90c0}}, {{0x13dc, 0xb001}}, {{0x2e41, 0x1100}},
		{{0xbec5, 0x206c}}, {{0x0140, 0x21f5}}, {{0x00c1, 0x2342}}, {{0x3803, 0x23f4}},
		{{0x0303, 0x78c5}}, {{0x13bc, 0xb00e}}, {{0x7030, 0x63db}}, {{0x21d5, 0x0829}},
		{{0x6038, 0x780e}}, {{0x7b6e, 0x781c}}, {{0x4708, 0x780e}}, {{0x4871, 0x2055}},
		{{0x0800, 0x7e31}}, {{0x4871, 0x7931}}, {{0x09f1, 0x8382}}, {{0x208a, 0x003e}},
		{{0x2002, 0x00c1}}, {{0x78ee, 0x611f}}, {{0x4876, 0x262f}}, {{0x33c9, 0x7ed1}},
		{{0x2000, 0x0f8f}}, {{0x0000, 0xff80}}, {{0x0eed, 0xb382}}, {{0x2048, 0x0001}},
		{{0x13b8, 0xb000}}, {{0x71a5, 0x7a05}}, {{0x785b, 0x2005}}, {{0x07c0, 0xb020}},
		{{0x13b0, 0xb000}}, {{0x7bb0, 0x0b6f}}, {{0x8024, 0x2c40}}, {{0x1340, 0x2005}},
		{{0x0f80, 0x9002}}, {{0x1f54, 0x7185}}, {{0x1800, 0x02c4}}, {{0x13d8, 0xb000}},
		{{0x0811, 0x8325}}, {{0x70ad, 0x2342}}, {{0x3600, 0x742c}}, {{0x0e46, 0xfeef}},
		{{0x704c, 0x13b4}}, {{0xb000, 0xd9ff}}, {{0xb025, 0xb026}}, {{0x13a8, 0xb001}},
		{{0x0f3e, 0xfeef}}, {{0x710c, 0xd80f}}, {{0x1e00, 0x7344}}, {{0x9003, 0xe14e}},
		{{0x1e00, 0x7344}}, {{0x9003, 0xff7c}}, {{0x0ea6, 0xfb2f}}, {{0xd90f, 0x0a76}},
		{{0xfe8f, 0x1600}}, {{0x7080, 0x8000}}, {{0x0008, 0x081f}}, {{0x0111, 0x1e00}},
		{{0x7105, 0x9003}}, {{0xe160, 0x1600}}, {{0x7101, 0x900e}}, {{0x00c0, 0x13c0}},
		{{0xb000, 0xb987}}, {{0xb020, 0xdd08}}, {{0x41c3, 0x0000}}, {{0xffff, 0xd80f}},
		{{0x704c, 0x4320}}, {{0x70cd, 0x0b1a}}, {{0xfd2f, 0x1c00}}, {{0x3001, 0x700c}},
		{{0x081a, 0xfaef}}, {{0x712c, 0x41c3}}, {{0x8000, 0x063c}}, {{0xc807, 0x8941}},
		{{0x13c8, 0xb001}}, {{0x1600, 0x7083}}, {{0x8000, 0x063c}}, {{0x7905, 0xf01c}},
		{{0x2b40, 0x0340}}, {{0x2005, 0x0f80}}, {{0x9002, 0x016e}}, {{0x9080, 0xec12}},
		{{0x2b40, 0x0300}}, {{0x7825, 0x781b}}, {{0x2005, 0x0f8f}}, {{0x9002, 0x0000}},
		{{0x97e0, 0x2005}}, {{0x0f80, 0x9002}}, {{0x1e00, 0x2755}}, {{0x180f, 0xb0e0}},
		{{0x669e, 0x7164}}, {{0x0acd, 0x80e5}}, {{0xd80f, 0x0e06}}, {{0xfb2f, 0xd90f}},
		{{0x09d2, 0xfe8f}}, {{0x258c, 0x10bf}}, {{0xd9af, 0x2678}}, {{0x1000, 0x0aca}},
		{{0xfa2f, 0xb912}}, {{0x1e00, 0x7005}}, {{0x9003, 0xe14e}}, {{0x13a4, 0xb000}},
		{{0x714c, 0x41c3}}, {{0x8000, 0x0674}}, {{0x0d8a, 0xfd6f}}, {{0x716c, 0x13cc}},
		{{0xb01c, 0xc7c6}}, {{0xc2e6, 0x1cfc}}, {{0xb6c8, 0xc1bd}}, {{0x43db, 0x0000}},
		{{0xf0be, 0xd907}}, {{0x42c3, 0x0000}}, {{0xf065, 0x45cb}}, {{0x0001, 0xf0a7}},
		{{0x1c50, 0x3044}}, {{0x1c44, 0x3044}}, {{0x1c38, 0x3044}}, {{0x1c36, 0x3084}},
		{{0x2342, 0x3342}}, {{0x2342, 0x3141}}, {{0x710c, 0x260a}}, {{0x3f80, 0x0000}},
		{{0x1000, 0x43c3}}, {{0x0007, 0xff2a}}, {{0xc55b, 0xe513}}, {{0x1c1e, 0x3044}},
		{{0x6a22, 0x47db}}, {{0x0000, 0xffaa}}, {{0x43cb, 0x0000}}, {{0xff2b, 0x46cb}},
		{{0x0001, 0xf4be}}, {{0x47cb, 0x0001}}, {{0xffbe, 0x1c68}}, {{0x3004, 0x1c5c}},
		{{0x3004, 0x1c2c}}, {{0x3004, 0x1c20}}, {{0x3004, 0x1c14}}, {{0x3004, 0x1c08}},
		{{0x3004, 0x1c6a}}, {{0x3784, 0x1c5e}}, {{0x3004, 0xc352}}, {{0x2342, 0x009e}},
		{{0x238a, 0x0fc7}}, {{0x1c34, 0x3004}}, {{0x1c28, 0x3004}}, {{0x1c22, 0x3004}},
		{{0x1c10, 0x3004}}, {{0x1c0a, 0x3004}}, {{0x6d0e, 0x1c12}}, {{0x3044, 0x7224}},
		{{0x708d, 0x1c66}}, {{0x37c4, 0x1c5a}}, {{0x36c4, 0x1c4e}}, {{0x32c4, 0x2342}},
		{{0x109f, 0x238a}}, {{0x3408, 0xc658}}, {{0xc755, 0x2355}}, {{0x1d4b, 0x1c3a}},
		{{0x30c4, 0x43c3}}, {{0x0007, 0xf060}}, {{0xbe69, 0xbf69}}, {{0xc046, 0x1c06}},
		{{0x3044, 0xc080}}, {{0xd972, 0x1c64}}, {{0x3405, 0x1c2e}}, {{0x3085, 0x1c70}},
		{{0x36c4, 0x1c58}}, {{0x3304, 0xc34c}}, {{0x1c1c, 0x3304}}, {{0x1c16, 0x3304}},
		{{0x1c04, 0x3304}}, {{0x1c42, 0x37c4}}, {{0x1c2a, 0x3084}}, {{0x1c52, 0x32c4}},
		{{0x1c4c, 0x32c4}}, {{0x1c46, 0x32c4}}, {{0x1c40, 0x32c4}}, {{0x1c3c, 0x3780}},
		{{0xc549, 0xc643}}, {{0x0d16, 0xffaf}}, {{0xc740, 0xd80f}}, {{0x0ca2, 0xfb2f}},
		{{0xd90f, 0xc0bd}}, {{0x1404, 0x341b}}, {{0xc6c6, 0x78e0}}, {{0xc2e6, 0x1cfc}},
		{{0xb6c8, 0x2482}}, {{0x3202, 0xc15e}}, {{0x7a1b, 0x712c}}, {{0xc05b, 0xdde4}},
		{{0x7918, 0x2244}}, {{0x0180, 0x7d19}}, {{0xc01b, 0xb902}}, {{0x210f, 0x0000}},
		{{0x0c9a, 0xfcef}}, {{0xc05a, 0x1c84}}, {{0x3000, 0xe01e}}, {{0x0c9a, 0xfcef}},
		{{0x1c80, 0x3000}}, {{0x208c, 0x8e82}}, {{0x238a, 0x3f83}}, {{0xf705, 0x0c8a}},
		{{0xfccf, 0x2054}}, {{0x089b, 0x1600}}, {{0x7083, 0x8000}}, {{0x0004, 0x40c3}},
		{{0x8000, 0x063a}}, {{0x8840, 0xbbc3}}, {{0xc340, 0xc31b}}, {{0xbdc1, 0x750c}},
		{{0x41c3, 0x02b0}}, {{0x0003, 0x0f22}}, {{0xfbef, 0xc55f}}, {{0x712c, 0xda93}},
		{{0xdb57, 0xc807}}, {{0x1c14, 0x3044}}, {{0x1c20, 0x3044}}, {{0xd997, 0xbb91}},
		{{0x1c12, 0x3084}}, {{0x724c, 0xb990}}, {{0x1c38, 0x3084}}, {{0x1c2c, 0x3084}},
		{{0x2342, 0x0602}}, {{0xdc2a, 0x238a}}, {{0x1d01, 0xde8b}}, {{0xc143, 0xc34c}},
		{{0xb962, 0x6a6a}}, {{0x1c36, 0x3304}}, {{0x1c2a, 0x32c4}}, {{0x1c1e, 0x3384}},
		{{0xc149, 0x2158}}, {{0x0901, 0x6ac9}}, {{0x6a82, 0x7a05}}, {{0x2005, 0x00cb}},
		{{0xbb66, 0xc15c}}, {{0x7905, 0x7e05}}, {{0x7c05, 0x1c4e}}, {{0x3084, 0x7865}},
		{{0xc24f, 0xba30}}, {{0x70ad, 0x47cb}}, {{0x0007, 0x0011}}, {{0xc146, 0x1c5a}},
		{{0x3384, 0xbe30}}, {{0x1c42, 0x3304}}, {{0xbc30, 0xc052}}, {{0x1c50, 0x3084}},
		{{0xc083, 0xd90f}}, {{0x714c, 0x1c16}}, {{0x3344, 0x1c10}}, {{0x3344, 0x1c64}},
		{{0x3344, 0xc758}}, {{0x1c5e, 0x3344}}, {{0x1c58, 0x3344}}, {{0x1c52, 0x3344}},
		{{0x1c4c, 0x3344}}, {{0x1c46, 0x3344}}, {{0x1c40, 0x3344}}, {{0x1c3a, 0x3344}},
		{{0x1c34, 0x3344}}, {{0x1c2e, 0x3344}}, {{0x1c28, 0x3344}}, {{0x1c22, 0x3344}},
		{{0x1c1c, 0x3344}}, {{0x1c54, 0x32c0}}, {{0x1c5c, 0x3384}}, {{0x0ac6, 0xfeef}},
		{{0x1c44, 0x3304}}, {{0x46cb, 0x9003}}, {{0xe12e, 0x2344}}, {{0x3040, 0x1e00}},
		{{0x7344, 0x900e}}, {{0x0022, 0xda40}}, {{0xd9aa, 0x1ee6}}, {{0x9015, 0x2000}},
		{{0x06c3, 0x720c}}, {{0x1e4c, 0x1004}}, {{0x1e4e, 0x1084}}, {{0x1e00, 0x7044}},
		{{0x9005, 0xe0ae}}, {{0x786f, 0xc05d}}, {{0xc01a, 0x780f}}, {{0xc05a, 0xc01d}},
		{{0x0b32, 0xfc2f}}, {{0xc11a, 0xd8ff}}, {{0x2659, 0x1801}}, {{0xb600, 0x1efe}},
		{{0x9004, 0x710c}}, {{0xb6a1, 0x1902}}, {{0x0015, 0x1e16}}, {{0x1285, 0xb60a}},
		{{0xc807, 0xda46}}, {{0x47cb, 0x8000}}, {{0x0438, 0x781b}}, {{0x7905, 0x720c}},
		{{0xb100, 0x41c3}}, {{0x9005, 0xe0ae}}, {{0x710c, 0xb740}}, {{0xb11d, 0x740c}},
		{{0x41c3, 0x0289}}, {{0x0001, 0x0dc2}}, {{0xfbef, 0x234a}}, {{0x3280, 0x0cfa}},
		{{0xffcf, 0x08ee}}, {{0xfc0f, 0xc01b}}, {{0x0aa6, 0xff6f}}, {{0x712c, 0x700c}},
		{{0x0fae, 0xfa2f}}, {{0xd9ff, 0x700c}}, {{0xd907, 0x744c}}, {{0x706c, 0xc542}},
		{{0xc541, 0x0cd6}}, {{0xfaaf, 0xc540}}, {{0x08de, 0xfaef}}, {{0xd8ff, 0xc01a}},
		{{0xc21d, 0x732c}}, {{0xc041, 0xc01c}}, {{0x706c, 0xc542}}, {{0xb865, 0xc05c}},
		{{0x0cb6, 0xfaaf}}, {{0xc540, 0x1484}}, {{0x3000, 0x706c}}, {{0xc542, 0x2044}},
		{{0x0041, 0x1480}}, {{0x3000, 0xc541}}, {{0xc540, 0x6038}}, {{0xe020, 0x7a0f}},
		{{0x740c, 0x0c96}}, {{0xfaaf, 0x712c}}, {{0x710c, 0xc042}}, {{0xc01c, 0xd907}},
		{{0x744c, 0x781d}}, {{0x706c, 0xc541}}, {{0x0c7e, 0xfaaf}}, {{0xc540, 0x0872}},
		{{0xfaef, 0xd8ff}}, {{0x700c, 0xd907}}, {{0xda10, 0x706c}}, {{0xc542, 0xc541}},
		{{0x0c66, 0xfaaf}}, {{0xc540, 0xd880}}, {{0xd907, 0x744c}}, {{0x706c, 0xc542}},
		{{0xc541, 0x0c56}}, {{0xfaaf, 0xc540}}, {{0x41c3, 0x02b1}}, {{0x0000, 0x0d0a}},
		{{0xfbef, 0x740c}}, {{0x40c3, 0x0000}}, {{0x6210, 0xb61d}}, {{0xd808, 0x0bbe}},
		{{0xfaaf, 0x712c}}, {{0x208a, 0x0408}}, {{0xb61d, 0x41c3}}, {{0x02b2, 0x0000}},
		{{0x0ce6, 0xfbef}}, {{0x740c, 0x206f}}, {{0x0243, 0x10fd}}, {{0x8080, 0x0817}},
		{{0x00bf, 0x712c}}, {{0x9700, 0x0b96}}, {{0xfaaf, 0x712c}}, {{0x238c, 0x3f3f}},
		{{0xf004, 0x0b8a}}, {{0xfaaf, 0x9700}}, {{0xc01b, 0x09b6}}, {{0xff6f, 0x702c}},
		{{0xc01e, 0x702c}}, {{0x0ff6, 0xfe6f}}, {{0x724c, 0xc11f}}, {{0xc807, 0x704c}},
		{{0xe128, 0x7825}}, {{0xc11e, 0x706c}}, {{0x1c04, 0x3041}}, {{0x4548, 0x0a56}},
		{{0xffaf, 0xc240}}, {{0x740c, 0x41c3}}, {{0x02b3, 0x0000}}, {{0x0c8a, 0xfbef}},
		{{0xb6bd, 0x700c}}, {{0x702c, 0x0b52}}, {{0xfd6f, 0x704c}}, {{0x1e4c, 0x1344}},
		{{0x1e4e, 0x1344}}, {{0xc01d, 0x099e}}, {{0xfc2f, 0xc11a}}, {{0x0d46, 0xfe4f}},
		{{0x09da, 0xfe8f}}, {{0xc083, 0xd90f}}, {{0x08da, 0xfeef}}, {{0x704c, 0x2480}},
		{{0x3202, 0x1404}}, {{0x341b, 0xc6c6}}, {{0xc2e6, 0x1082}}, {{0x008e, 0x1083}},
		{{0x008d, 0x6e81}}, {{0x240a, 0x7300}}, {{0x2014, 0x038f}}, {{0x200a, 0x03c0}},
		{{0x20a8, 0x0300}}, {{0x1000, 0x008b}}, {{0x0b11, 0x1345}}, {{0x1001, 0x008b}},
		{{0x0d09, 0x12e5}}, {{0xb862, 0x7785}}, {{0xe6bf, 0x2442}}, {{0x105e, 0x47d9}},
		{{0xf70f, 0x40e1}}, {{0x270a, 0x3380}}, {{0x8880, 0x0c17}}, {{0x1345, 0x8881}},
		{{0x0d0f, 0x1325}}, {{0x7204, 0x71e7}}, {{0x278c, 0xb001}}, {{0xf7b6, 0xdc4f}},
		{{0xbc9f, 0x7054}}, {{0x24c0, 0x1ce2}}, {{0x7174, 0x1701}}, {{0x108b, 0x8fe0}},
		{{0x24c0, 0x1121}}, {{0x7134, 0x212f}}, {{0x07c5, 0x202f}}, {{0x0785, 0x79c2}},
		{{0x4e10, 0x2009}}, {{0x0040, 0x24c0}}, {{0x10a1, 0x7b0f}}, {{0x2302, 0x1341}},
		{{0x4df0, 0x2109}}, {{0x0000, 0x8c20}}, {{0x8c41, 0x780f}}, {{0x2309, 0x0041}},
		{{0x2009, 0x0080}}, {{0xac20, 0xac01}}, {{0xc6c6, 0x78e0}}, {{0xc2e6, 0x1cfc}},
		{{0xb6c8, 0xc1ae}}, {{0xc24b, 0xc141}}, {{0xc045, 0xeb07}}, {{0x0832, 0xfc0f}},
		{{0x2078, 0x0000}}, {{0xf002, 0x710c}}, {{0xc044, 0xc005}}, {{0x70ad, 0x2078}},
		{{0x0000, 0x0351}}, {{0x0020, 0xc048}}, {{0xb89f, 0x8820}}, {{0x1033, 0x0080}},
		{{0x7825, 0x2011}}, {{0x8340, 0x033a}}, {{0x0001, 0x1600}}, {{0x708e, 0x8000}},
		{{0x063c, 0x0321}}, {{0x0000, 0x40c3}}, {{0x8000, 0x066c}}, {{0x8800, 0x2011}},
		{{0x8380, 0x030e}}, {{0x0021, 0x2615}}, {{0x1341, 0x2e40}}, {{0x1300, 0xc04a}},
		{{0x70ed, 0x2100}}, {{0x0f80, 0x8000}}, {{0x0474, 0xc042}}, {{0xc00b, 0x2011}},
		{{0x83c0, 0x02e6}}, {{0x0021, 0x2f40}}, {{0x120c, 0xc105}}, {{0x1207, 0x360b}},
		{{0x7034, 0xc10a}}, {{0x208a, 0x0a14}}, {{0xda84, 0x7985}}, {{0x78cc, 0x2105}},
		{{0x02db, 0x251a}}, {{0x1f81, 0x0000}}, {{0x14a0, 0x7aec}}, {{0x43c3, 0x8000}},
		{{0x0a5c, 0x234f}}, {{0x341b, 0x6038}}, {{0x6058, 0x631a}}, {{0x6071, 0x2032}},
		{{0x0f80, 0x8000}}, {{0x339f, 0xc046}}, {{0x1202, 0x00c0}}, {{0x8a43, 0x6038}},
		{{0xc247, 0xc040}}, {{0xf214, 0xc001}}, {{0x089d, 0x0011}}, {{0xca01, 0x0899}},
		{{0x0030, 0x2440}}, {{0x3c81, 0x265a}}, {{0x1a00, 0x78f5}}, {{0x78b4, 0x2034}},
		{{0x0f80, 0x8000}}, {{0x5cac, 0x0d2a}}, {{0xfc8f, 0xf04a}}, {{0xc001, 0xe89c}},
		{{0x265a, 0x1a00}}, {{0x265a, 0x1502}}, {{0x78f5, 0x78b4}}, {{0x7af4, 0x2000}},
		{{0x0f83, 0x8000}}, {{0x5cac, 0xc007}}, {{0x62ba, 0x2200}}, {{0x0f81, 0x8000}},
		{{0x5dec, 0xa900}}, {{0xc000, 0x2200}}, {{0x0f82, 0x8000}}, {{0x5e8c, 0xb300}},
		{{0xc006, 0xaa00}}, {{0xc000, 0xc18d}}, {{0x0ce6, 0xfcaf}}, {{0x7810, 0xca01}},
		{{0xe805, 0xc101}}, {{0x0c0a, 0xfd6f}}, {{0xc08d, 0x1600}}, {{0x7080, 0x8000}},
		{{0x000d, 0x0811}}, {{0x015e, 0xc002}}, {{0x8820, 0x0bf6}}, {{0xfd6f, 0xc08d}},
		{{0x2305, 0x3340}}, {{0x781b, 0x2005}}, {{0x0f80, 0x9000}}, {{0x0024, 0xc040}},
		{{0xc08d, 0xf0b2}}, {{0x2305, 0x3340}}, {{0x781b, 0x2005}}, {{0x0f80, 0x9000}},
		{{0x0024, 0x9000}}, {{0x0d2e, 0xfb2f}}, {{0x2440, 0x3c81}}, {{0xc000, 0xc18c}},
		{{0x7810, 0x0c8e}}, {{0xfcaf, 0xc043}}, {{0xc004, 0xe885}}, {{0x4183, 0x9118}},
		{{0xb119, 0xca01}}, {{0xe80a, 0xc101}}, {{0x0ba6, 0xfd6f}}, {{0x2440, 0x3c80}},
		{{0xc101, 0x0b9e}}, {{0xfd6f, 0xc08c}}, {{0x1600, 0x7080}}, {{0x8000, 0x000d}},
		{{0x086d, 0x015e}}, {{0xc002, 0x8820}}, {{0x0b86, 0xfd6f}}, {{0x2440, 0x3c80}},
		{{0xc002, 0x8820}}, {{0x0b7a, 0xfd6f}}, {{0xc08c, 0x1432}}, {{0x3081, 0xc02c}},
		{{0x6941, 0x7210}}, {{0x7104, 0x20cc}}, {{0x8046, 0x0044}}, {{0x0026, 0x2305}},
		{{0x3340, 0x781b}}, {{0x2005, 0x0f80}}, {{0x9000, 0x0024}}, {{0x9000, 0x0cb6}},
		{{0xfb2f, 0x2440}}, {{0x3c81, 0xc003}}, {{0x0c16, 0xfcaf}}, {{0xc18c, 0xc002}},
		{{0x8800, 0x2078}}, {{0x0001, 0x0b3a}}, {{0xfd6f, 0x2440}}, {{0x3c80, 0xc002}},
		{{0x8800, 0x2078}}, {{0x0001, 0x0b2a}}, {{0xfd6f, 0xc08c}}, {{0xca01, 0xe807}},
		{{0x2440, 0x3c80}}, {{0xc18c, 0x724c}}, {{0xf005, 0x2440}}, {{0x3c80, 0xc18c}},
		{{0x714c, 0x0e3a}}, {{0xfe4f, 0xc001}}, {{0xe8a8, 0x265a}}, {{0x1a00, 0x78f5}},
		{{0x78b4, 0xc043}}, {{0x2000, 0x0f80}}, {{0x8000, 0x5cac}}, {{0xc049, 0x0996}},
		{{0xfbef, 0x2440}}, {{0x3c80, 0xc109}}, {{0x265a, 0x1502}}, {{0xb100, 0xc003}},
		{{0x7af4, 0x2000}}, {{0x0f81, 0x8000}}, {{0x5d4c, 0xc000}}, {{0xb100, 0x62b8}},
		{{0x2000, 0x0f82}}, {{0x8000, 0x5e3c}}, {{0x2000, 0x0f81}}, {{0x8000, 0x5edc}},
		{{0xc007, 0xaa00}}, {{0xc006, 0xa900}}, {{0xc001, 0xe889}}, {{0xca01, 0xe807}},
		{{0x2305, 0x3340}}, {{0x781b, 0xc040}}, {{0xf010, 0x2305}}, {{0x3340, 0x781b}},
		{{0xc040, 0x2005}}, {{0x0f80, 0x9000}}, {{0x0024, 0xc043}}, {{0x092a, 0xfbef}},
		{{0x2440, 0x3c80}}, {{0xc103, 0xb100}}, {{0xc000, 0xb885}}, {{0xb89c, 0xb89f}},
		{{0xc040, 0xc08c}}, {{0x0912, 0xfbcf}}, {{0xc100, 0xb100}}, {{0x1600, 0x7080}},
		{{0x8000, 0x0093}}, {{0x0883, 0x0031}}, {{0x7aaf, 0xc005}}, {{0x091e, 0xfb2f}},
		{{0x702c, 0xc304}}, {{0xc108, 0x2005}}, {{0x06c0, 0x260a}}, {{0x3f80, 0x9000}},
		{{0x0000, 0x781b}}, {{0x2105, 0x80fe}}, {{0x2005, 0x0781}}, {{0xc007, 0xb100}},
		{{0xf40c, 0x700c}}, {{0x08f6, 0xfb2f}}, {{0x702c, 0x2005}}, {{0x06c0, 0x781b}},
		{{0x2005, 0x0781}}, {{0xc007, 0xb100}}, {{0x0d4e, 0xfacf}}, {{0x083b, 0x00f1}},
		{{0x712c, 0x08da}}, {{0xfb2f, 0xc005}}, {{0xc304, 0xc108}}, {{0x2005, 0x06c0}},
		{{0x781b, 0x2105}}, {{0x80fe, 0x2005}}, {{0x0781, 0xc006}}, {{0xb100, 0xf40d}},
		{{0x700c, 0x08ba}}, {{0xfb2f, 0x712c}}, {{0x2005, 0x06c0}}, {{0x781b, 0x2005}},
		{{0x0781, 0xc006}}, {{0xb100, 0x71e5}}, {{0xe789, 0x0514}}, {{0xffc5, 0x71c5}},
		{{0x40c3, 0x8000}}, {{0x063c, 0x8801}}, {{0x7610, 0x04de}}, {{0xffce, 0x71a5}},
		{{0x72b5, 0x04b8}}, {{0xffe5, 0xd825}}, {{0xc0ae, 0x1404}}, {{0x341b, 0xc6c6}},
		{{0xc2e6, 0x1cfc}}, {{0xb6c8, 0xc1a6}}, {{0x40c3, 0x8000}}, {{0x0a5c, 0x7204}},
		{{0x70ed, 0xc040}}, {{0x40c3, 0x8000}}, {{0x0a5c, 0xc041}}, {{0xf0b8, 0xb89f}},
		{{0x8820, 0x1033}}, {{0x0080, 0x7825}}, {{0x2011, 0x83c0}}, {{0xf2a7, 0x40c3}},
		{{0x8000, 0x063a}}, {{0x88c2, 0x218a}}, {{0x0a14, 0x2700}}, {{0x1f80, 0x8000}},
		{{0x063a, 0x79ca}}, {{0xc044, 0xc000}}, {{0x6038, 0xc042}}, {{0xc001, 0x6038}},
		{{0xc043, 0xf08e}}, {{0x40c3, 0x8000}}, {{0x066c, 0x8800}}, {{0x2011, 0x8380}},
		{{0xf27d, 0xc807}}, {{0x2e40, 0x130b}}, {{0x244a, 0x7280}}, {{0xc202, 0xc103}},
		{{0x2305, 0x13cb}}, {{0x2305, 0x100b}}, {{0x264a, 0x3000}}, {{0x700c, 0x20a8}},
		{{0x0600, 0x081f}}, {{0x0270, 0x2305}}, {{0x1783, 0x9180}}, {{0x1200, 0x00cd}},
		{{0x7b7b, 0x2305}}, {{0x0f83, 0x9002}}, {{0x004c, 0x64bc}}, {{0xb380, 0x2656}},
		{{0x381e, 0x2255}}, {{0x0842, 0x2155}}, {{0x0841, 0x7104}}, {{0x1600, 0x7080}},
		{{0x8000, 0x0093}}, {{0x08a7, 0x0031}}, {{0x208a, 0x0a14}}, {{0x78cc, 0x271a}},
		{{0x1f9b, 0x0000}}, {{0x14a0, 0x2300}}, {{0x301b, 0x2300}}, {{0x3f9b, 0x8000}},
		{{0x0a5c, 0x1303}}, {{0x308d, 0x0d0b}}, {{0x17d4, 0xbd7e}}, {{0xbd86, 0x40c3}},
		{{0x8000, 0x063a}}, {{0x8805, 0x7610}}, {{0x78ef, 0xc045}}, {{0xf7d6, 0x0fc2}},
		{{0xfbef, 0x720c}}, {{0xc004, 0x1303}}, {{0x3081, 0x704c}}, {{0xa8ae, 0x1e00}},
		{{0x7043, 0x8000}}, {{0x063a, 0x0efa}}, {{0xf9ef, 0xc005}}, {{0xef1b, 0x1e00}},
		{{0x7342, 0x8000}}, {{0x0081, 0xf020}}, {{0x0f96, 0xfbef}}, {{0x710c, 0xc004}},
		{{0x1303, 0x3081}}, {{0x704c, 0xa8ac}}, {{0x1e00, 0x7003}}, {{0x8000, 0x063a}},
		{{0x0ece, 0xf9ef}}, {{0xc005, 0xef0c}}, {{0x1e00, 0x7342}}, {{0x8000, 0x004e}},
		{{0xf00a, 0x1e00}}, {{0x7342, 0x8000}}, {{0x0080, 0xf006}}, {{0x1e00, 0x7342}},
		{{0x8000, 0x004d}}, {{0x0f5a, 0xfbef}}, {{0x730c, 0xc002}}, {{0x71c5, 0x2080}},
		{{0x0a14, 0xc042}}, {{0xc003, 0x2080}}, {{0x0a14, 0xc043}}, {{0x40c3, 0x8000}},
		{{0x063a, 0x8803}}, {{0x7610, 0x06e0}}, {{0xffce, 0xc100}}, {{0xd8a5, 0xb805}},
		{{0x6119, 0xc140}}, {{0xc101, 0x71e5}}, {{0x6119, 0xc141}}, {{0x72f5, 0x0692}},
		{{0xffe5, 0xd825}}, {{0xc0a6, 0x1404}}, {{0x341b, 0xc6c6}}, {{0xc2e6, 0x1cfc}},
		{{0xb6c8, 0xc1a1}}, {{0x43db, 0x9004}}, {{0x0606, 0x1300}}, {{0x3100, 0xd9ef}},
		{{0x71ed, 0xc040}}, {{0x7824, 0x2340}}, {{0x368d, 0xb884}}, {{0x70cd, 0xb5e0}},
		{{0x1b00, 0x3004}}, {{0x40c3, 0x07bf}}, {{0xa480, 0x702c}}, {{0xb5c0, 0x1dfa}},
		{{0x93c4, 0x1dfa}}, {{0x9384, 0x09a6}}, {{0xfdaf, 0xb5e1}}, {{0xb5c1, 0xb5d0}},
		{{0xb5f0, 0xb5d0}}, {{0xc000, 0x780f}}, {{0x1b00, 0x3004}}, {{0x7487, 0x1404}},
		{{0x341b, 0xc6c6}},
	}
};

static const phy_init_config training_lpddr4x_table_0 = {
	0x00020000, 1, false,
	{
		{{0x0060, 0x0002}},
	}
};

static const phy_init_config training_lpddr4x_table_1 = {
	0x000d0000, 1, false,
	{
		{{0x0036, 0x0000}},
	}
};

static const phy_init_config training_lpddr4x_table_2 = {
	0x00020000, 7, false,
	{
		{{0x00bd, 0x00ff}}, {{0x0300, 0x0808}}, {{0x0303, 0x0009}}, {{0x0302, 0x0026}},
		{{0x0328, 0x0000}}, {{0x0301, 0x0003}}, {{0x030b, 0x0000}},
	}
};

static const phy_init_config training_lpddr4x_table_3 = {
	0x00030000, 6, false,
	{
		{{0x00ae, 0x0280}}, {{0x00ad, 0x0280}}, {{0x00ac, 0x0280}}, {{0x10ae, 0x0280}},
		{{0x10ad, 0x0280}}, {{0x10ac, 0x0280}},
	}
};

static const phy_init_config training_lpddr4x_table_4 = {
	0x000c0000, 1, false,
	{
		{{0x0086, 0x0000}},
	}
};

static const phy_init_config training_lpddr4x_table_5 = {
	0x00010000, 4, false,
	{
		{{0x00a3, 0x0501}}, {{0x10a3, 0x050d}}, {{0x20a3, 0x0501}}, {{0x30a3, 0x050d}},
	}
};

static const phy_init_config training_lpddr4x_table_6 = {
	0x000c0000, 12, false,
	{
		{{0x00f1, 0x6000}}, {{0x00f2, 0x00a9}}, {{0x00f3, 0x8000}}, {{0x00f5, 0x4000}},
		{{0x00f7, 0xf000}}, {{0x00f9, 0x6000}}, {{0x00fa, 0x00a9}}, {{0x00fb, 0x8000}},
		{{0x00fc, 0x0005}}, {{0x00fd, 0x4000}}, {{0x00fe, 0x0002}}, {{0x00ff, 0xf000}},
	}
};

static const phy_init_config training_lpddr4x_table_7 = {
	0x00090000, 1, false,
	{
		{{0x08ff, 0x000f}},
	}
};

static const phy_init_config training_lpddr4x_table_8 = {
	0x00010000, 4, false,
	{
		{{0x0093, 0x0400}}, {{0x1093, 0x0400}}, {{0x2093, 0x0400}}, {{0x3093, 0x0400}},
	}
};

static const phy_init_config training_lpddr4x_table_9 = {
	0x00020000, 1, false,
	{
		{{0x0051, 0x0003}},
	}
};

static const phy_init_config training_lpddr4x_table_10 = {
	0x00090000, 1, false,
	{
		{{0x0802, 0x0001}},
	}
};

static const phy_init_config training_lpddr4x_table_11 = {
	0x00020000, 4, false,
	{
		{{0x004c, 0x0bce}}, {{0x004d, 0x0001}}, {{0x0002, 0x0002}}, {{0x0000, 0x0001}},
	}
};

static const phy_init_config training_lpddr4x_table_12 = {
	0x00090000, 1, false,
	{
		{{0x0801, 0x0001}},
	}
};

static const phy_init_config training_lpddr4x_table_13 = {
	0x00020000, 2, false,
	{
		{{0x0007, 0x00c0}}, {{0x0013, 0x0003}},
	}
};

static const phy_init_config training_lpddr4x_table_14 = {
	0x00030000, 6, false,
	{
		{{0x0038, 0x0003}}, {{0x0039, 0x0003}}, {{0x003a, 0x0003}}, {{0x1038, 0x0003}},
		{{0x1039, 0x0003}}, {{0x103a, 0x0003}},
	}
};

static const phy_init_config training_lpddr4x_table_15 = {
	0x00010000, 24, false,
	{
		{{0x0038, 0x0003}}, {{0x003a, 0x0003}}, {{0x1038, 0x0003}}, {{0x103a, 0x0003}},
		{{0x2038, 0x0003}}, {{0x203a, 0x0003}}, {{0x3038, 0x0003}}, {{0x303a, 0x0003}},
		{{0x0009, 0x0000}}, {{0x0037, 0x0000}}, {{0x1009, 0x0000}}, {{0x1037, 0x0000}},
		{{0x2009, 0x0000}}, {{0x2037, 0x0000}}, {{0x3009, 0x0000}}, {{0x3037, 0x0000}},
		{{0x0004, 0x0400}}, {{0x0003, 0x0400}}, {{0x1004, 0x0400}}, {{0x1003, 0x0400}},
		{{0x2004, 0x0400}}, {{0x2003, 0x0400}}, {{0x3004, 0x0400}}, {{0x3003, 0x0400}},
	}
};

static const phy_init_config training_lpddr4x_table_16 = {
	0x00020000, 1, false,
	{
		{{0x0004, 0x042b}},
	}
};

static const phy_init_config training_lpddr4x_table_17 = {
	0x00030000, 8, false,
	{
		{{0x0050, 0x0035}}, {{0x0051, 0x0035}}, {{0x0052, 0x0035}}, {{0x0053, 0x0035}},
		{{0x1050, 0x0035}}, {{0x1051, 0x0035}}, {{0x1052, 0x0035}}, {{0x1053, 0x0035}},
	}
};

static const phy_init_config training_lpddr4x_table_18 = {
	0x00010000, 144, false,
	{
		{{0x004e, 0x0035}}, {{0x004f, 0x0035}}, {{0x0050, 0x0035}}, {{0x0051, 0x0035}},
		{{0x014e, 0x0035}}, {{0x014f, 0x0035}}, {{0x0150, 0x0035}}, {{0x0151, 0x0035}},
		{{0x024e, 0x0035}}, {{0x024f, 0x0035}}, {{0x0250, 0x0035}}, {{0x0251, 0x0035}},
		{{0x034e, 0x0035}}, {{0x034f, 0x0035}}, {{0x0350, 0x0035}}, {{0x0351, 0x0035}},
		{{0x044e, 0x0035}}, {{0x044f, 0x0035}}, {{0x0450, 0x0035}}, {{0x0451, 0x0035}},
		{{0x054e, 0x0035}}, {{0x054f, 0x0035}}, {{0x0550, 0x0035}}, {{0x0551, 0x0035}},
		{{0x064e, 0x0035}}, {{0x064f, 0x0035}}, {{0x0650, 0x0035}}, {{0x0651, 0x0035}},
		{{0x074e, 0x0035}}, {{0x074f, 0x0035}}, {{0x0750, 0x0035}}, {{0x0751, 0x0035}},
		{{0x084e, 0x0035}}, {{0x084f, 0x0035}}, {{0x0850, 0x0035}}, {{0x0851, 0x0035}},
		{{0x104e, 0x0035}}, {{0x104f, 0x0035}}, {{0x1050, 0x0035}}, {{0x1051, 0x0035}},
		{{0x114e, 0x0035}}, {{0x114f, 0x0035}}, {{0x1150, 0x0035}}, {{0x1151, 0x0035}},
		{{0x124e, 0x0035}}, {{0x124f, 0x0035}}, {{0x1250, 0x0035}}, {{0x1251, 0x0035}},
		{{0x134e, 0x0035}}, {{0x134f, 0x0035}}, {{0x1350, 0x0035}}, {{0x1351, 0x0035}},
		{{0x144e, 0x0035}}, {{0x144f, 0x0035}}, {{0x1450, 0x0035}}, {{0x1451, 0x0035}},
		{{0x154e, 0x0035}}, {{0x154f, 0x0035}}, {{0x1550, 0x0035}}, {{0x1551, 0x0035}},
		{{0x164e, 0x0035}}, {{0x164f, 0x0035}}, {{0x1650, 0x0035}}, {{0x1651, 0x0035}},
		{{0x174e, 0x0035}}, {{0x174f, 0x0035}}, {{0x1750, 0x0035}}, {{0x1751, 0x0035}},
		{{0x184e, 0x0035}}, {{0x184f, 0x0035}}, {{0x1850, 0x0035}}, {{0x1851, 0x0035}},
		{{0x204e, 0x0035}}, {{0x204f, 0x0035}}, {{0x2050, 0x0035}}, {{0x2051, 0x0035}},
		{{0x214e, 0x0035}}, {{0x214f, 0x0035}}, {{0x2150, 0x0035}}, {{0x2151, 0x0035}},
		{{0x224e, 0x0035}}, {{0x224f, 0x0035}}, {{0x2250, 0x0035}}, {{0x2251, 0x0035}},
		{{0x234e, 0x0035}}, {{0x234f, 0x0035}}, {{0x2350, 0x0035}}, {{0x2351, 0x0035}},
		{{0x244e, 0x0035}}, {{0x244f, 0x0035}}, {{0x2450, 0x0035}}, {{0x2451, 0x0035}},
		{{0x254e, 0x0035}}, {{0x254f, 0x0035}}, {{0x2550, 0x0035}}, {{0x2551, 0x0035}},
		{{0x264e, 0x0035}}, {{0x264f, 0x0035}}, {{0x2650, 0x0035}}, {{0x2651, 0x0035}},
		{{0x274e, 0x0035}}, {{0x274f, 0x0035}}, {{0x2750, 0x0035}}, {{0x2751, 0x0035}},
		{{0x284e, 0x0035}}, {{0x284f, 0x0035}}, {{0x2850, 0x0035}}, {{0x2851, 0x0035}},
		{{0x304e, 0x0035}}, {{0x304f, 0x0035}}, {{0x3050, 0x0035}}, {{0x3051, 0x0035}},
		{{0x314e, 0x0035}}, {{0x314f, 0x0035}}, {{0x3150, 0x0035}}, {{0x3151, 0x0035}},
		{{0x324e, 0x0035}}, {{0x324f, 0x0035}}, {{0x3250, 0x0035}}, {{0x3251, 0x0035}},
		{{0x334e, 0x0035}}, {{0x334f, 0x0035}}, {{0x3350, 0x0035}}, {{0x3351, 0x0035}},
		{{0x344e, 0x0035}}, {{0x344f, 0x0035}}, {{0x3450, 0x0035}}, {{0x3451, 0x0035}},
		{{0x354e, 0x0035}}, {{0x354f, 0x0035}}, {{0x3550, 0x0035}}, {{0x3551, 0x0035}},
		{{0x364e, 0x0035}}, {{0x364f, 0x0035}}, {{0x3650, 0x0035}}, {{0x3651, 0x0035}},
		{{0x374e, 0x0035}}, {{0x374f, 0x0035}}, {{0x3750, 0x0035}}, {{0x3751, 0x0035}},
		{{0x384e, 0x0035}}, {{0x384f, 0x0035}}, {{0x3850, 0x0035}}, {{0x3851, 0x0035}},
	}
};

static const phy_init_config training_lpddr4x_table_19 = {
	0x00030000, 6, false,
	{
		{{0x0030, 0x0000}}, {{0x0031, 0x0000}}, {{0x0035, 0x0000}}, {{0x1030, 0x0000}},
		{{0x1031, 0x0000}}, {{0x1035, 0x0000}},
	}
};

static const phy_init_config training_lpddr4x_table_20 = {
	0x00010000, 8, false,
	{
		{{0x0030, 0x0000}}, {{0x0035, 0x0000}}, {{0x1030, 0x0000}}, {{0x1035, 0x0000}},
		{{0x2030, 0x0000}}, {{0x2035, 0x0000}}, {{0x3030, 0x0000}}, {{0x3035, 0x0000}},
	}
};

static const phy_init_config training_lpddr4x_table_21 = {
	0x00030000, 2, false,
	{
		{{0x003c, 0x0005}}, {{0x103c, 0x0005}},
	}
};

static const phy_init_config training_lpddr4x_table_22 = {
	0x00010000, 8, false,
	{
		{{0x003c, 0x0005}}, {{0x003e, 0x0005}}, {{0x103c, 0x0005}}, {{0x103e, 0x0005}},
		{{0x203c, 0x0005}}, {{0x203e, 0x0005}}, {{0x303c, 0x0005}}, {{0x303e, 0x0005}},
	}
};

static const phy_init_config training_lpddr4x_table_23 = {
	0x00020000, 1, false,
	{
		{{0x0003, 0x0000}},
	}
};

static const phy_init_config training_lpddr4x_table_24 = {
	0x00010000, 4, false,
	{
		{{0x0006, 0x0003}}, {{0x1006, 0x0003}}, {{0x2006, 0x0003}}, {{0x3006, 0x0003}},
	}
};

static const phy_init_config training_lpddr4x_table_25 = {
	0x00020000, 4, false,
	{
		{{0x0001, 0x1111}}, {{0x0009, 0x0000}}, {{0x0008, 0x0000}}, {{0x0014, 0x1300}},
	}
};

static const phy_init_config training_lpddr4x_table_26 = {
	0x00090000, 1, false,
	{
		{{0x080a, 0x1300}},
	}
};

static const phy_init_config training_lpddr4x_table_27 = {
	0x00010000, 12, false,
	{
		{{0x0040, 0x0e0e}}, {{0x0042, 0x0e0e}}, {{0x0043, 0x0e0e}}, {{0x1040, 0x0e0e}},
		{{0x1042, 0x0e0e}}, {{0x1043, 0x0e0e}}, {{0x2040, 0x0e0e}}, {{0x2042, 0x0e0e}},
		{{0x2043, 0x0e0e}}, {{0x3040, 0x0e0e}}, {{0x3042, 0x0e0e}}, {{0x3043, 0x0e0e}},
	}
};

static const phy_init_config training_lpddr4x_table_28 = {
	0x00030000, 10, false,
	{
		{{0x0040, 0x0e0e}}, {{0x0041, 0x0e0e}}, {{0x0042, 0x0e0e}}, {{0x0043, 0x0e0e}},
		{{0x0330, 0x0033}}, {{0x1040, 0x0e0e}}, {{0x1041, 0x0e0e}}, {{0x1042, 0x0e0e}},
		{{0x1043, 0x0e0e}}, {{0x1330, 0x0033}},
	}
};

static const phy_init_config training_lpddr4x_table_29 = {
	0x00020000, 1, false,
	{
		{{0x0331, 0x0033}},
	}
};

static const phy_init_config training_lpddr4x_table_30 = {
	0x00010000, 12, false,
	{
		{{0x0048, 0x0e00}}, {{0x004a, 0x0e00}}, {{0x004b, 0x0e00}}, {{0x1048, 0x0e00}},
		{{0x104a, 0x0e00}}, {{0x104b, 0x0e00}}, {{0x2048, 0x0e00}}, {{0x204a, 0x0e00}},
		{{0x204b, 0x0e00}}, {{0x3048, 0x0e00}}, {{0x304a, 0x0e00}}, {{0x304b, 0x0e00}},
	}
};

static const phy_init_config training_lpddr4x_table_31 = {
	0x00030000, 14, false,
	{
		{{0x0048, 0x0e00}}, {{0x0049, 0x0e00}}, {{0x004a, 0x0e00}}, {{0x004b, 0x0e00}},
		{{0x1048, 0x0e00}}, {{0x1049, 0x0e00}}, {{0x104a, 0x0e00}}, {{0x104b, 0x0e00}},
		{{0x0033, 0x0000}}, {{0x0034, 0x0000}}, {{0x002e, 0x0000}}, {{0x1033, 0x0000}},
		{{0x1034, 0x0000}}, {{0x102e, 0x0000}},
	}
};

static const phy_init_config training_lpddr4x_table_32 = {
	0x00010000, 8, false,
	{
		{{0x0033, 0x0000}}, {{0x002e, 0x0000}}, {{0x1033, 0x0000}}, {{0x102e, 0x0000}},
		{{0x2033, 0x0000}}, {{0x202e, 0x0000}}, {{0x3033, 0x0000}}, {{0x302e, 0x0000}},
	}
};

static const phy_init_config training_lpddr4x_table_33 = {
	0x00020000, 1, false,
	{
		{{0x0015, 0x0000}},
	}
};

static const phy_init_config training_lpddr4x_table_34 = {
	0x00090000, 1, false,
	{
		{{0x0806, 0x0000}},
	}
};

static const phy_init_config training_lpddr4x_table_35 = {
	0x00010000, 8, false,
	{
		{{0x00e8, 0x0000}}, {{0x00e9, 0x0035}}, {{0x10e8, 0x0000}}, {{0x10e9, 0x0035}},
		{{0x20e8, 0x0000}}, {{0x20e9, 0x0035}}, {{0x30e8, 0x0000}}, {{0x30e9, 0x0035}},
	}
};

static const phy_init_config training_lpddr4x_table_36 = {
	0x00020000, 7, false,
	{
		{{0x0012, 0xa1a1}}, {{0x0017, 0x0040}}, {{0x000a, 0x0040}}, {{0x0186, 0x00a1}},
		{{0x0187, 0x0040}}, {{0x0010, 0x005a}}, {{0x0011, 0x000f}},
	}
};

static const phy_init_config training_lpddr4x_table_37 = {
	0x00090000, 2, false,
	{
		{{0x080b, 0x000f}}, {{0x080c, 0x000f}},
	}
};

static const phy_init_config training_lpddr4x_table_38 = {
	0x00010000, 12, false,
	{
		{{0x00a5, 0x0000}}, {{0x10a5, 0x0000}}, {{0x20a5, 0x0000}}, {{0x30a5, 0x0000}},
		{{0x0014, 0x3232}}, {{0x1014, 0x3232}}, {{0x2014, 0x3232}}, {{0x3014, 0x3232}},
		{{0x000f, 0x1586}}, {{0x100f, 0x1586}}, {{0x200f, 0x1586}}, {{0x300f, 0x1586}},
	}
};

static const phy_init_config training_lpddr4x_table_39 = {
	0x00020000, 7, false,
	{
		{{0x0037, 0x0040}}, {{0x002c, 0x0822}}, {{0x002d, 0x0822}}, {{0x0030, 0x0a20}},
		{{0x002e, 0x080f}}, {{0x002f, 0x080f}}, {{0x001b, 0x0000}},
	}
};

static const phy_init_config training_lpddr4x_table_40 = {
	0x000c0000, 1, false,
	{
		{{0x0080, 0x0003}},
	}
};

static const phy_init_config training_lpddr4x_table_41 = {
	0x000d0000, 1, false,
	{
		{{0x0000, 0x0000}},
	}
};

static const phy_init_config training_lpddr4x_table_42 = {
	0x00058000, 678, true,
	{
		{{0x0100, 0x0000}}, {{0x0030, 0x10aa}}, {{0x0002, 0x0004}}, {{0x0000, 0x0000}},
		{{0x121f, 0x0005}}, {{0x0000, 0x0001}}, {{0x0000, 0x0000}}, {{0x0000, 0x0000}},
		{{0x0000, 0x0000}}, {{0x0110, 0x0000}}, {{0x0000, 0x0000}}, {{0x0000, 0x0000}},
		{{0x0000, 0x3ffc}}, {{0x00b3, 0x1164}}, {{0x1a00, 0x0000}}, {{0x002e, 0x3ffc}},
		{{0x00b3, 0x1164}}, {{0x1a00, 0x0000}}, {{0x0006, 0x0000}}, {{0x0000, 0x0000}},
		{{0x0000, 0x0000}}, {{0x0000, 0x1000}}, {{0x0001, 0x0000}}, {{0x0000, 0x0000}},
		{{0x0000, 0x0000}}, {{0xfc00, 0xb33f}}, {{0x6400, 0x0011}}, {{0x001a, 0x2e00}},
		{{0xfc00, 0xb33f}}, {{0x6400, 0x0011}}, {{0x001a, 0x0600}}, {{0x0000, 0x0000}},
		{{0x0000, 0x0000}}, {{0x0000, 0x0000}}, {{0x0000, 0x0000}}, {{0x0000, 0x0000}},
		{{0x0000, 0x0001}}, {{0x2200, 0x0022}}, {{0x0000, 0x0000}}, {{0x001e, 0x0028}},
		{{0x0000, 0x0000}}, {{0x0000, 0x0000}}, {{0x0000, 0x0000}}, {{0x0000, 0x0000}},
		{{0x0000, 0x0000}}, {{0x0001, 0x0000}}, {{0x0000, 0x0000}}, {{0x0000, 0x0000}},
		{{0x0000, 0x0000}}, {{0x0000, 0x0000}}, {{0x0000, 0x0000}}, {{0x0000, 0x0000}},
		{{0x0000, 0x0000}}, {{0x0000, 0x0000}}, {{0x0000, 0x0000}}, {{0x0000, 0x0000}},
		{{0x0000, 0x0000}}, {{0x0000, 0x0000}}, {{0x0000, 0x0000}}, {{0x0000, 0x0000}},
		{{0x0000, 0x0000}}, {{0x0000, 0x0000}}, {{0x0000, 0x0000}}, {{0x0000, 0x0000}},
		{{0x0000, 0x0000}}, {{0x0000, 0x0000}}, {{0x0000, 0x0000}}, {{0x0000, 0x0000}},
		{{0x0000, 0x0000}}, {{0x0000, 0x0000}}, {{0x0000, 0x0000}}, {{0x0000, 0x0000}},
		{{0x0000, 0x0000}}, {{0x0000, 0x0000}}, {{0x0000, 0x0000}}, {{0x0000, 0x0000}},
		{{0x0000, 0x0000}}, {{0x0000, 0x0000}}, {{0x0000, 0x0000}}, {{0x0000, 0x0000}},
		{{0x0000, 0x0000}}, {{0x0000, 0x0000}}, {{0x0000, 0x0000}}, {{0x0000, 0x0000}},
		{{0x0000, 0x0000}}, {{0x0000, 0x0000}}, {{0x0000, 0x0000}}, {{0x0000, 0x0000}},
		{{0x0000, 0x0000}}, {{0x0000, 0x0000}}, {{0x0000, 0x0000}}, {{0x0000, 0x0000}},
		{{0x0000, 0x0000}}, {{0x0000, 0x0000}}, {{0x0000, 0x0000}}, {{0x0000, 0x0000}},
		{{0x0000, 0x0000}}, {{0x0000, 0x0000}}, {{0x0000, 0x0000}}, {{0x0000, 0x0000}},
		{{0x0000, 0x0000}}, {{0x0000, 0x0000}}, {{0x0000, 0x0000}}, {{0x0000, 0x0000}},
		{{0x0000, 0x0000}}, {{0x0000, 0x0000}}, {{0x0000, 0x0000}}, {{0x0000, 0x0000}},
		{{0x0000, 0x0000}}, {{0x0000, 0x0000}}, {{0x0000, 0x0000}}, {{0x0000, 0x0000}},
		{{0x0000, 0x0000}}, {{0x0000, 0x0000}}, {{0x0000, 0x0000}}, {{0x0000, 0x0000}},
		{{0x0000, 0x0000}}, {{0x0000, 0x0000}}, {{0x0000, 0x0000}}, {{0x0000, 0x0000}},
		{{0x0000, 0x0000}}, {{0x0000, 0x0000}}, {{0x0000, 0x0000}}, {{0x0000, 0x0000}},
		{{0x0000, 0x0000}}, {{0x0000, 0x0000}}, {{0x0000, 0x0000}}, {{0x0000, 0x0000}},
		{{0x0000, 0x0000}}, {{0x0000, 0x0000}}, {{0x0000, 0x0000}}, {{0x0000, 0x0000}},
		{{0x0000, 0x0000}}, {{0x0000, 0x0000}}, {{0x0000, 0x0000}}, {{0x0000, 0x0000}},
		{{0x0000, 0x0000}}, {{0x0000, 0x0000}}, {{0x0000, 0x0000}}, {{0x0000, 0x0000}},
		{{0x0000, 0x0000}}, {{0x0000, 0x0000}}, {{0x0000, 0x0000}}, {{0x0000, 0x0000}},
		{{0x0000, 0x0000}}, {{0x0000, 0x0000}}, {{0x0000, 0x0000}}, {{0x0000, 0x0000}},
		{{0x0000, 0x0000}}, {{0x0000, 0x0000}}, {{0x0000, 0x0000}}, {{0x0000, 0x0000}},
		{{0x0000, 0x0000}}, {{0x0000, 0x0000}}, {{0x0000, 0x0000}}, {{0x0000, 0x0000}},
		{{0x0000, 0x0000}}, {{0x0000, 0x0000}}, {{0x0000, 0x0000}}, {{0x0000, 0x0000}},
		{{0x0000, 0x0000}}, {{0x0000, 0x0000}}, {{0x0000, 0x0000}}, {{0x0000, 0x0000}},
		{{0x0000, 0x0000}}, {{0x0000, 0x0000}}, {{0x0000, 0x0000}}, {{0x0000, 0x0000}},
		{{0x0000, 0x0000}}, {{0x0000, 0x0000}}, {{0x0000, 0x0000}}, {{0x0000, 0x0000}},
		{{0x0000, 0x0000}}, {{0x0000, 0x0000}}, {{0x0000, 0x0000}}, {{0x0000, 0x0000}},
		{{0x0000, 0x0000}}, {{0x0000, 0x0000}}, {{0x0000, 0x0000}}, {{0x0000, 0x0000}},
		{{0x0000, 0x0000}}, {{0x0000, 0x0000}}, {{0x0000, 0x0000}}, {{0x0000, 0x0000}},
		{{0x0000, 0x0000}}, {{0x0000, 0x0000}}, {{0x0000, 0x0000}}, {{0x0000, 0x0000}},
		{{0x0000, 0x0000}}, {{0x0000, 0x0000}}, {{0x0000, 0x0000}}, {{0x0000, 0x0000}},
		{{0x0000, 0x0000}}, {{0x0000, 0x0000}}, {{0x0000, 0x0000}}, {{0x0000, 0x0000}},
		{{0x0000, 0x0000}}, {{0x0000, 0x0000}}, {{0x0000, 0x0000}}, {{0x0000, 0x0000}},
		{{0x0000, 0x0000}}, {{0x0000, 0x0000}}, {{0x0000, 0x0000}}, {{0x0000, 0x0000}},
		{{0x0000, 0x0000}}, {{0x0000, 0x0000}}, {{0x0000, 0x0000}}, {{0x0000, 0x0000}},
		{{0x0000, 0x0000}}, {{0x0000, 0x0000}}, {{0x0000, 0x0000}}, {{0x0000, 0x0000}},
		{{0x0000, 0x0000}}, {{0x0000, 0x0000}}, {{0x0000, 0x0000}}, {{0x0000, 0x0000}},
		{{0x0000, 0x0000}}, {{0x0000, 0x0000}}, {{0x0000, 0x0000}}, {{0x0000, 0x0000}},
		{{0x0000, 0x0000}}, {{0x0000, 0x0000}}, {{0x0000, 0x0000}}, {{0x0000, 0x0000}},
		{{0x0000, 0x0000}}, {{0x0000, 0x0000}}, {{0x0000, 0x0000}}, {{0x0000, 0x0000}},
		{{0x0000, 0x0000}}, {{0x0000, 0x0000}}, {{0x0000, 0x0000}}, {{0x0000, 0x0000}},
		{{0x0000, 0x0000}}, {{0x0000, 0x0000}}, {{0x0000, 0x0000}}, {{0x0000, 0x0000}},
		{{0x0000, 0x0000}}, {{0x0000, 0x0000}}, {{0x0000, 0x0000}}, {{0x0000, 0x0000}},
		{{0x0000, 0x0000}}, {{0x0000, 0x0000}}, {{0x0000, 0x0000}}, {{0x0000, 0x0000}},
		{{0x0000, 0x0000}}, {{0x0000, 0x0000}}, {{0x0000, 0x0000}}, {{0x0000, 0x0000}},
		{{0x0000, 0x0000}}, {{0x0000, 0x0000}}, {{0x0000, 0x0000}}, {{0x0000, 0x0000}},
		{{0x0000, 0x0000}}, {{0x0000, 0x0000}}, {{0x0000, 0x0000}}, {{0x0000, 0x0000}},
		{{0x0000, 0x0000}}, {{0x0000, 0x0000}}, {{0x0200, 0x0000}}, {{0x0000, 0x0000}},
		{{0x0000, 0x0000}}, {{0x0000, 0x0000}}, {{0x0000, 0x0000}}, {{0x0000, 0x0000}},
		{{0x0000, 0x0000}}, {{0x6745, 0x00f2}}, {{0x0000, 0x0000}}, {{0x0000, 0x0000}},
		{{0x0000, 0x0000}}, {{0x0000, 0x0000}}, {{0x0000, 0x0000}}, {{0x0000, 0x0000}},
		{{0x0000, 0x0000}}, {{0x0000, 0x0000}}, {{0x0000, 0x0000}}, {{0x0000, 0x0000}},
		{{0x0000, 0x0000}}, {{0x0000, 0x0000}}, {{0x0000, 0x0004}}, {{0x0400, 0x0000}},
		{{0x0000, 0x0000}}, {{0x0000, 0x0000}}, {{0x0000, 0x0000}}, {{0x0e0c, 0x0000}},
		{{0x0000, 0x0000}}, {{0x0000, 0x0000}}, {{0x0000, 0x0000}}, {{0x0000, 0x0000}},
		{{0x0002, 0x0004}}, {{0x0001, 0x0011}}, {{0x0007, 0x0000}}, {{0x0065, 0x0007}},
		{{0x0000, 0x00d6}}, {{0x0007, 0x0000}}, {{0x00d7, 0x0007}}, {{0x0000, 0x0000}},
		{{0x020d, 0x0301}}, {{0x0c0b, 0x160e}}, {{0x1004, 0x1811}}, {{0x0033, 0x0000}},
		{{0x0000, 0x0003}}, {{0x0000, 0x0001}}, {{0x0000, 0x0002}}, {{0x0000, 0x0009}},
		{{0x0c06, 0x1610}}, {{0x201c, 0x2824}}, {{0x0c06, 0x1812}}, {{0x241e, 0x2c28}},
		{{0x0a06, 0x140e}}, {{0x1c18, 0x2420}}, {{0x0a06, 0x1610}}, {{0x201a, 0x2824}},
		{{0x0006, 0x0008}}, {{0x0002, 0x0005}}, {{0x0024, 0x0010}}, {{0x0026, 0x0012}},
		{{0x004e, 0x0050}}, {{0x0012, 0x0186}}, {{0x0187, 0x000a}}, {{0x0017, 0x0015}},
		{{0x004e, 0x000d}}, {{0x006e, 0x0002}}, {{0x0001, 0x0060}}, {{0x0007, 0x0000}},
		{{0x0011, 0x0007}}, {{0x0000, 0x005a}}, {{0x002a, 0x0060}}, {{0x005e, 0x0028}},
		{{0x005c, 0x0062}}, {{0x0020, 0x0064}}, {{0x0066, 0x000c}}, {{0x00d9, 0x00af}},
		{{0x00ad, 0x0000}}, {{0x0015, 0x0016}}, {{0x00d0, 0x00d1}}, {{0x00d2, 0x00d3}},
		{{0x00d4, 0x0005}}, {{0x000b, 0x0007}}, {{0x008b, 0x0001}},
	}
};

const phy_init_config* lp4x_pre_train_table[] = {
	&training_lpddr4x_table_0,
	&training_lpddr4x_table_1,
	&training_lpddr4x_table_2,
	&training_lpddr4x_table_3,
	&training_lpddr4x_table_4,
	&training_lpddr4x_table_5,
	&training_lpddr4x_table_6,
	&training_lpddr4x_table_7,
	&training_lpddr4x_table_8,
	&training_lpddr4x_table_9,
	&lp4x_training_fw_table,
	&training_lpddr4x_table_10,
	&training_lpddr4x_table_11,
	&training_lpddr4x_table_12,
	&training_lpddr4x_table_13,
	&training_lpddr4x_table_14,
	&training_lpddr4x_table_15,
	&training_lpddr4x_table_16,
	&training_lpddr4x_table_17,
	&training_lpddr4x_table_18,
	&training_lpddr4x_table_19,
	&training_lpddr4x_table_20,
	&training_lpddr4x_table_21,
	&training_lpddr4x_table_22,
	&training_lpddr4x_table_23,
	&training_lpddr4x_table_24,
	&training_lpddr4x_table_25,
	&training_lpddr4x_table_26,
	&training_lpddr4x_table_27,
	&training_lpddr4x_table_28,
	&training_lpddr4x_table_29,
	&training_lpddr4x_table_30,
	&training_lpddr4x_table_31,
	&training_lpddr4x_table_32,
	&training_lpddr4x_table_33,
	&training_lpddr4x_table_34,
	&training_lpddr4x_table_35,
	&training_lpddr4x_table_36,
	&training_lpddr4x_table_37,
	&training_lpddr4x_table_38,
	&training_lpddr4x_table_39,
	&training_lpddr4x_table_40,
	&training_lpddr4x_table_41,
	&training_lpddr4x_table_42,
	NULL,
};

const ddr_phy_reg_config phy_override_seq_lp4x_16g[] = {
	{0x300ae, 0x0},
	{0x300ad, 0x0},
	{0x300ac, 0x0},
	{0x310ae, 0x0},
	{0x310ad, 0x0},
	{0x310ac, 0x0},
	{0x100a3, 0x703},
	{0x110a3, 0x703},
	{0x120a3, 0x703},
	{0x130a3, 0x703},
	{0x2002c, 0x826},
	{0x2002d, 0x826},
	{0x20030, 0xa24},
	{0x5800e, 0xf},
	{0x58012, 0x310},
	{0x5801a, 0x33},
	{0x5801e, 0xae},
	{0x58020, 0x33},
	{0x58024, 0x86},
	{0x5802c, 0x3},
	{0x58033, 0x333f},
	{0x58037, 0xae00},
	{0x58039, 0x333f},
	{0x5803d, 0x8600},
	{0x5804a, 0x2600},
	{0x5804b, 0x26},
	{0, 0}
};

const ddr_phy_reg_config phy_override_seq_lp4x_8g[] = {
	{0x300ae, 0x0},
	{0x300ad, 0x0},
	{0x300ac, 0x0},
	{0x310ae, 0x0},
	{0x310ad, 0x0},
	{0x310ac, 0x0},
	{0x100a3, 0x703},
	{0x110a3, 0x70f},
	{0x120a3, 0x703},
	{0x130a3, 0x70f},
	{0x58012, 0x310},
	{0x5802c, 0x3},
	{0, 0}
};
