#ifndef LPDDR4_INIT_ZEBU_IMG_H
#define LPDDR4_INIT_ZEBU_IMG_H

static const unsigned char lpddr4_init_zebu_img[] = {
	0x1d, 0x71, 0x22, 0xec, 0x00, 0x10, 0x23, 0x34, 0xa4, 0xfe, 0x0c, 0xe4,
	0x10, 0xe8, 0x14, 0xec, 0x18, 0xf0, 0x1c, 0xf4, 0x23, 0x38, 0x04, 0x03,
	0x23, 0x3c, 0x14, 0x03, 0x01, 0x00, 0x62, 0x64, 0x25, 0x61, 0x82, 0x80,
	0x79, 0x71, 0x06, 0xf4, 0x22, 0xf0, 0x00, 0x18, 0xaa, 0x87, 0x2e, 0x87,
	0x23, 0x2e, 0xf4, 0xfc, 0xba, 0x87, 0x23, 0x2c, 0xf4, 0xfc, 0x83, 0x27,
	0xc4, 0xfd, 0x3e, 0x85, 0xef, 0x00, 0x20, 0x5a, 0xaa, 0x87, 0x23, 0x26,
	0xf4, 0xfe, 0x83, 0x27, 0xc4, 0xfd, 0x3e, 0x85, 0xef, 0x00, 0x90, 0x5e,
	0x83, 0x27, 0xc4, 0xfd, 0x3e, 0x85, 0xef, 0x00, 0xb0, 0x5b, 0x83, 0x27,
	0xc4, 0xfe, 0x9b, 0x87, 0x07, 0x2c, 0x81, 0x27, 0x82, 0x17, 0x81, 0x93,
	0x23, 0xa0, 0x07, 0x00, 0x83, 0x27, 0xc4, 0xfe, 0x9b, 0x87, 0x47, 0x2c,
	0x81, 0x27, 0x82, 0x17, 0x81, 0x93, 0x3e, 0x87, 0x93, 0x07, 0x80, 0x0b,
	0x1c, 0xc3, 0x83, 0x27, 0xc4, 0xfd, 0x3e, 0x85, 0xef, 0x10, 0x60, 0x10,
	0x17, 0x45, 0x00, 0x00, 0x13, 0x05, 0x05, 0x68, 0xef, 0xf0, 0x9f, 0xf6,
	0x03, 0x27, 0x84, 0xfd, 0x83, 0x27, 0xc4, 0xfe, 0xba, 0x85, 0x3e, 0x85,
	0xef, 0x00, 0xe0, 0x4b, 0x03, 0x27, 0x84, 0xfd, 0x83, 0x27, 0xc4, 0xfe,
	0xba, 0x85, 0x3e, 0x85, 0xef, 0x00, 0x90, 0x62, 0x01, 0x00, 0xa2, 0x70,
	0x02, 0x74, 0x45, 0x61, 0x82, 0x80, 0x79, 0x71, 0x06, 0xf4, 0x22, 0xf0,
	0x00, 0x18, 0xaa, 0x87, 0x2e, 0x87, 0x23, 0x2e, 0xf4, 0xfc, 0xba, 0x87,
	0x23, 0x2c, 0xf4, 0xfc, 0x83, 0x27, 0xc4, 0xfd, 0x3e, 0x85, 0xef, 0x00,
	0x00, 0x50, 0xaa, 0x87, 0x23, 0x24, 0xf4, 0xfe, 0x85, 0x67, 0x23, 0x22,
	0xf4, 0xfe, 0x17, 0x45, 0x00, 0x00, 0x13, 0x05, 0x65, 0x63, 0xef, 0xf0,
	0x7f, 0xf0, 0x83, 0x27, 0xc4, 0xfd, 0x03, 0x27, 0x84, 0xfd, 0xba, 0x85,
	0x3e, 0x85, 0xef, 0xf0, 0xbf, 0xf1, 0x17, 0x45, 0x00, 0x00, 0x13, 0x05,
	0x25, 0x63, 0xef, 0xf0, 0xbf, 0xee, 0x83, 0x27, 0xc4, 0xfd, 0x3e, 0x85,
	0xef, 0x00, 0x10, 0x7d, 0x17, 0x45, 0x00, 0x00, 0x13, 0x05, 0x45, 0x63,
	0xef, 0xf0, 0x5f, 0xed, 0x83, 0x27, 0x84, 0xfe, 0x3e, 0x87, 0x83, 0x27,
	0x44, 0xfe, 0xb9, 0x9f, 0x81, 0x27, 0x9b, 0x87, 0x07, 0x3d, 0x81, 0x27,
	0x82, 0x17, 0x81, 0x93, 0x3e, 0x87, 0xb7, 0x07, 0x00, 0x13, 0x85, 0x07,
	0x1c, 0xc3, 0x83, 0x27, 0x84, 0xfe, 0x3e, 0x87, 0x83, 0x27, 0x44, 0xfe,
	0xb9, 0x9f, 0x81, 0x27, 0x9b, 0x87, 0xc7, 0x3f, 0x81, 0x27, 0x82, 0x17,
	0x81, 0x93, 0x9c, 0x43, 0x23, 0x26, 0xf4, 0xfe, 0x05, 0xa0, 0x83, 0x27,
	0x84, 0xfe, 0x3e, 0x87, 0x83, 0x27, 0x44, 0xfe, 0xb9, 0x9f, 0x81, 0x27,
	0x9b, 0x87, 0xc7, 0x3f, 0x81, 0x27, 0x82, 0x17, 0x81, 0x93, 0x9c, 0x43,
	0x23, 0x26, 0xf4, 0xfe, 0x83, 0x27, 0xc4, 0xfe, 0xe3, 0xdf, 0x07, 0xfc,
	0x83, 0x27, 0x84, 0xfe, 0x3e, 0x87, 0x83, 0x27, 0x44, 0xfe, 0xb9, 0x9f,
	0x81, 0x27, 0x9b, 0x87, 0x07, 0x3d, 0x81, 0x27, 0x82, 0x17, 0x81, 0x93,
	0x3e, 0x87, 0xb7, 0x07, 0x00, 0x13, 0x93, 0x87, 0x07, 0x10, 0x1c, 0xc3,
	0x83, 0x27, 0x84, 0xfe, 0x3e, 0x87, 0x83, 0x27, 0x44, 0xfe, 0xb9, 0x9f,
	0x81, 0x27, 0x9b, 0x87, 0x07, 0x3d, 0x81, 0x27, 0x82, 0x17, 0x81, 0x93,
	0x23, 0xa0, 0x07, 0x00, 0x83, 0x27, 0x84, 0xfe, 0x9b, 0x87, 0x07, 0x08,
	0x81, 0x27, 0x82, 0x17, 0x81, 0x93, 0x23, 0xa0, 0x07, 0x00, 0x83, 0x27,
	0x84, 0xfe, 0x3e, 0x87, 0x85, 0x67, 0x9b, 0x87, 0x07, 0xa0, 0xb9, 0x9f,
	0x81, 0x27, 0x82, 0x17, 0x81, 0x93, 0x23, 0xa0, 0x07, 0x00, 0x83, 0x27,
	0x84, 0xfe, 0x3e, 0x87, 0x85, 0x67, 0x9b, 0x87, 0x07, 0xac, 0xb9, 0x9f,
	0x81, 0x27, 0x82, 0x17, 0x81, 0x93, 0x23, 0xa0, 0x07, 0x00, 0x83, 0x27,
	0x84, 0xfe, 0x3e, 0x87, 0x85, 0x67, 0x9b, 0x87, 0xc7, 0xac, 0xb9, 0x9f,
	0x81, 0x27, 0x82, 0x17, 0x81, 0x93, 0x3e, 0x87, 0xfd, 0x57, 0x1c, 0xc3,
	0x17, 0x45, 0x00, 0x00, 0x13, 0x05, 0xc5, 0x53, 0xef, 0xf0, 0x5f, 0xdc,
	0x83, 0x27, 0x84, 0xfe, 0x9b, 0x87, 0x07, 0x02, 0x81, 0x27, 0x82, 0x17,
	0x81, 0x93, 0x3e, 0x87, 0xb7, 0x07, 0x00, 0x13, 0x85, 0x07, 0x1c, 0xc3,
	0x83, 0x27, 0x84, 0xfe, 0xa1, 0x27, 0x81, 0x27, 0x82, 0x17, 0x81, 0x93,
	0x9c, 0x43, 0x23, 0x26, 0xf4, 0xfe, 0x11, 0xa8, 0x83, 0x27, 0x84, 0xfe,
	0xa1, 0x27, 0x81, 0x27, 0x82, 0x17, 0x81, 0x93, 0x9c, 0x43, 0x23, 0x26,
	0xf4, 0xfe, 0x83, 0x27, 0xc4, 0xfe, 0xc5, 0x8b, 0x81, 0x27, 0x3e, 0x87,
	0xc5, 0x47, 0xe3, 0x11, 0xf7, 0xfe, 0x17, 0x45, 0x00, 0x00, 0x13, 0x05,
	0xa5, 0x4f, 0xef, 0xf0, 0xbf, 0xd6, 0x83, 0x27, 0x84, 0xfe, 0x9b, 0x87,
	0x47, 0x02, 0x81, 0x27, 0x82, 0x17, 0x81, 0x93, 0x3e, 0x87, 0xb7, 0x07,
	0x02, 0x13, 0x85, 0x07, 0x1c, 0xc3, 0x83, 0x27, 0x84, 0xfe, 0x9b, 0x87,
	0x47, 0x02, 0x81, 0x27, 0x82, 0x17, 0x81, 0x93, 0x3e, 0x87, 0xb7, 0x07,
	0x02, 0x13, 0x89, 0x07, 0x1c, 0xc3, 0x83, 0x27, 0x84, 0xfe, 0x9b, 0x87,
	0x47, 0x02, 0x81, 0x27, 0x82, 0x17, 0x81, 0x93, 0x3e, 0x87, 0xb7, 0x07,
	0x02, 0x13, 0xb5, 0x07, 0x1c, 0xc3, 0x83, 0x27, 0x84, 0xfe, 0x9b, 0x87,
	0x47, 0x02, 0x81, 0x27, 0x82, 0x17, 0x81, 0x93, 0x3e, 0x87, 0xb7, 0x07,
	0x02, 0x13, 0x8d, 0x07, 0x1c, 0xc3, 0x83, 0x27, 0x84, 0xfe, 0x9b, 0x87,
	0x47, 0x02, 0x81, 0x27, 0x82, 0x17, 0x81, 0x93, 0x3e, 0x87, 0xb7, 0x07,
	0x02, 0x13, 0xd9, 0x07, 0x1c, 0xc3, 0x17, 0x45, 0x00, 0x00, 0x13, 0x05,
	0xe5, 0x48, 0xef, 0xf0, 0x7f, 0xce, 0x83, 0x27, 0x84, 0xfe, 0x9b, 0x87,
	0x47, 0x02, 0x81, 0x27, 0x82, 0x17, 0x81, 0x93, 0x3e, 0x87, 0xb7, 0x07,
	0x02, 0x13, 0xb1, 0x07, 0x1c, 0xc3, 0x83, 0x27, 0x84, 0xfe, 0x9b, 0x87,
	0x47, 0x02, 0x81, 0x27, 0x82, 0x17, 0x81, 0x93, 0x3e, 0x87, 0xb7, 0x07,
	0x02, 0x13, 0xb9, 0x07, 0x1c, 0xc3, 0x83, 0x27, 0x84, 0xfe, 0x9b, 0x87,
	0x47, 0x02, 0x81, 0x27, 0x82, 0x17, 0x81, 0x93, 0x3e, 0x87, 0xb7, 0x07,
	0x02, 0x13, 0xad, 0x07, 0x1c, 0xc3, 0x83, 0x27, 0x84, 0xfe, 0x9b, 0x87,
	0x47, 0x02, 0x81, 0x27, 0x82, 0x17, 0x81, 0x93, 0x3e, 0x87, 0xb7, 0x07,
	0x02, 0x13, 0xdd, 0x07, 0x1c, 0xc3, 0x83, 0x27, 0x84, 0xfe, 0x9b, 0x87,
	0x87, 0x14, 0x81, 0x27, 0x82, 0x17, 0x81, 0x93, 0x3e, 0x87, 0xb7, 0x37,
	0x0c, 0x80, 0x93, 0x87, 0x07, 0x03, 0x1c, 0xc3, 0xb7, 0x17, 0x0a, 0x35,
	0x93, 0x87, 0xb7, 0xae, 0x8a, 0x07, 0x9c, 0x43, 0x81, 0x27, 0xbe, 0x85,
	0x17, 0x45, 0x00, 0x00, 0x13, 0x05, 0x05, 0x41, 0xef, 0xf0, 0x1f, 0xc5,
	0xb7, 0x87, 0x42, 0x0d, 0x93, 0x87, 0xb7, 0x28, 0x92, 0x07, 0x9c, 0x43,
	0x81, 0x27, 0xbe, 0x85, 0x17, 0x45, 0x00, 0x00, 0x13, 0x05, 0x45, 0x41,
	0xef, 0xf0, 0x5f, 0xc3, 0x83, 0x27, 0xc4, 0xfd, 0x3e, 0x85, 0xef, 0x30,
	0x70, 0x3c, 0x83, 0x27, 0x84, 0xfe, 0x9b, 0x87, 0x87, 0x14, 0x81, 0x27,
	0x82, 0x17, 0x81, 0x93, 0x3e, 0x87, 0xb7, 0x87, 0xac, 0x80, 0x93, 0x87,
	0x07, 0x63, 0x1c, 0xc3, 0x83, 0x27, 0x84, 0xfe, 0x3e, 0x87, 0x85, 0x67,
	0x9b, 0x87, 0x87, 0x0c, 0xb9, 0x9f, 0x81, 0x27, 0x82, 0x17, 0x81, 0x93,
	0x3e, 0x87, 0xb7, 0x07, 0x03, 0x00, 0xfd, 0x17, 0x1c, 0xc3, 0x83, 0x27,
	0x84, 0xfe, 0x9b, 0x87, 0x87, 0x2c, 0x81, 0x27, 0x82, 0x17, 0x81, 0x93,
	0x9c, 0x43, 0x81, 0x27, 0x03, 0x27, 0x84, 0xfe, 0x1b, 0x07, 0x87, 0x2c,
	0x01, 0x27, 0x02, 0x17, 0x01, 0x93, 0xbe, 0x86, 0xb7, 0x07, 0x00, 0x02,
	0xd5, 0x8f, 0x81, 0x27, 0x1c, 0xc3, 0x83, 0x27, 0x84, 0xfe, 0x9b, 0x87,
	0x47, 0x02, 0x81, 0x27, 0x82, 0x17, 0x81, 0x93, 0x3e, 0x87, 0xb7, 0x07,
	0x02, 0x13, 0xb5, 0x07, 0x1c, 0xc3, 0x81, 0x47, 0x3e, 0x85, 0xa2, 0x70,
	0x02, 0x74, 0x45, 0x61, 0x82, 0x80, 0x01, 0x11, 0x06, 0xec, 0x22, 0xe8,
	0x00, 0x10, 0x23, 0x26, 0x04, 0xfe, 0x17, 0x45, 0x00, 0x00, 0x13, 0x05,
	0x25, 0x39, 0xef, 0xf0, 0xbf, 0xb8, 0x01, 0x45, 0xef, 0x00, 0x00, 0x41,
	0x23, 0x26, 0x04, 0xfe, 0x2d, 0xa0, 0x83, 0x27, 0xc4, 0xfe, 0x89, 0x45,
	0x3e, 0x85, 0xef, 0xf0, 0x9f, 0xc3, 0x83, 0x27, 0xc4, 0xfe, 0xbe, 0x85,
	0x17, 0x45, 0x00, 0x00, 0x13, 0x05, 0x85, 0x37, 0xef, 0xf0, 0x1f, 0xb6,
	0x83, 0x27, 0xc4, 0xfe, 0x85, 0x27, 0x23, 0x26, 0xf4, 0xfe, 0x83, 0x27,
	0xc4, 0xfe, 0x81, 0x27, 0xe9, 0xdb, 0x81, 0x47, 0x3e, 0x85, 0xe2, 0x60,
	0x42, 0x64, 0x05, 0x61, 0x82, 0x80, 0x1d, 0x71, 0x22, 0xec, 0x00, 0x10,
	0x23, 0x34, 0xa4, 0xfe, 0x0c, 0xe4, 0x10, 0xe8, 0x14, 0xec, 0x18, 0xf0,
	0x1c, 0xf4, 0x23, 0x38, 0x04, 0x03, 0x23, 0x3c, 0x14, 0x03, 0x01, 0x00,
	0x62, 0x64, 0x25, 0x61, 0x82, 0x80, 0x5d, 0x71, 0xa2, 0xe4, 0x80, 0x08,
	0x23, 0x34, 0xa4, 0xfc, 0x23, 0x30, 0xb4, 0xfc, 0x23, 0x3c, 0xc4, 0xfa,
	0x83, 0x37, 0x84, 0xfc, 0x23, 0x34, 0xf4, 0xfe, 0x83, 0x37, 0x04, 0xfc,
	0x23, 0x30, 0xf4, 0xfe, 0x03, 0x37, 0x04, 0xfc, 0x83, 0x37, 0x84, 0xfb,
	0xba, 0x97, 0x23, 0x3c, 0xf4, 0xfc, 0x0d, 0xa0, 0x03, 0x37, 0x04, 0xfe,
	0x93, 0x07, 0x17, 0x00, 0x23, 0x30, 0xf4, 0xfe, 0x83, 0x37, 0x84, 0xfe,
	0x93, 0x86, 0x17, 0x00, 0x23, 0x34, 0xd4, 0xfe, 0x03, 0x47, 0x07, 0x00,
	0x23, 0x80, 0xe7, 0x00, 0x03, 0x37, 0x04, 0xfe, 0x83, 0x37, 0x84, 0xfd,
	0xe3, 0x6c, 0xf7, 0xfc, 0x83, 0x37, 0x84, 0xfc, 0x3e, 0x85, 0x26, 0x64,
	0x61, 0x61, 0x82, 0x80, 0x01, 0x11, 0x22, 0xec, 0x00, 0x10, 0xaa, 0x87,
	0x23, 0x26, 0xf4, 0xfe, 0x89, 0x47, 0x3e, 0x85, 0x62, 0x64, 0x05, 0x61,
	0x82, 0x80, 0x79, 0x71, 0x22, 0xf4, 0x00, 0x18, 0xaa, 0x87, 0x2e, 0x87,
	0x23, 0x2e, 0xf4, 0xfc, 0xba, 0x87, 0x23, 0x2c, 0xf4, 0xfc, 0x83, 0x27,
	0xc4, 0xfd, 0x9b, 0x87, 0x47, 0x30, 0x81, 0x27, 0x82, 0x17, 0x81, 0x93,
	0x9c, 0x43, 0x23, 0x26, 0xf4, 0xfe, 0x83, 0x27, 0xc4, 0xfe, 0x3e, 0x87,
	0xb7, 0x07, 0x00, 0x10, 0xfd, 0x17, 0xf9, 0x8f, 0x23, 0x26, 0xf4, 0xfe,
	0x83, 0x27, 0x84, 0xfd, 0x9b, 0x97, 0xc7, 0x01, 0x1b, 0x87, 0x07, 0x00,
	0x83, 0x27, 0x84, 0xfd, 0x9b, 0x97, 0xe7, 0x01, 0x81, 0x27, 0xd9, 0x8f,
	0x81, 0x27, 0x03, 0x27, 0xc4, 0xfe, 0xd9, 0x8f, 0x23, 0x26, 0xf4, 0xfe,
	0x83, 0x27, 0xc4, 0xfd, 0x9b, 0x87, 0x47, 0x30, 0x81, 0x27, 0x82, 0x17,
	0x81, 0x93, 0x3e, 0x87, 0x83, 0x27, 0xc4, 0xfe, 0x1c, 0xc3, 0x01, 0x00,
	0x22, 0x74, 0x45, 0x61, 0x82, 0x80, 0x79, 0x71, 0x22, 0xf4, 0x00, 0x18,
	0xaa, 0x87, 0x23, 0x2e, 0xf4, 0xfc, 0x83, 0x27, 0xc4, 0xfd, 0x81, 0x27,
	0x91, 0xe7, 0xb7, 0x07, 0x00, 0xf0, 0x23, 0x26, 0xf4, 0xfe, 0x31, 0xa0,
	0xb7, 0x07, 0x00, 0xf0, 0x23, 0x26, 0xf4, 0xfe, 0x01, 0x00, 0x83, 0x27,
	0xc4, 0xfe, 0x3e, 0x85, 0x22, 0x74, 0x45, 0x61, 0x82, 0x80, 0x79, 0x71,
	0x06, 0xf4, 0x22, 0xf0, 0x00, 0x18, 0xaa, 0x87, 0x23, 0x2e, 0xf4, 0xfc,
	0x01, 0x45, 0xef, 0xf0, 0xdf, 0xfb, 0xaa, 0x87, 0x23, 0x24, 0xf4, 0xfe,
	0xb7, 0x07, 0x85, 0x1a, 0x93, 0x87, 0x37, 0x51, 0x8e, 0x07, 0x9c, 0x43,
	0x1b, 0x87, 0x07, 0x00, 0xb7, 0x07, 0x85, 0x1a, 0x93, 0x87, 0x37, 0x51,
	0x8e, 0x07, 0x13, 0x67, 0x07, 0x01, 0x01, 0x27, 0x98, 0xc3, 0x83, 0x27,
	0x84, 0xfe, 0x9b, 0x87, 0x87, 0x14, 0x81, 0x27, 0x82, 0x17, 0x81, 0x93,
	0x3e, 0x87, 0xb7, 0x07, 0xac, 0x80, 0x1c, 0xc3, 0x83, 0x27, 0xc4, 0xfd,
	0x1b, 0x87, 0x07, 0x00, 0x91, 0x47, 0x63, 0xe4, 0xe7, 0x12, 0x83, 0x67,
	0xc4, 0xfd, 0x13, 0x97, 0x27, 0x00, 0x97, 0x47, 0x00, 0x00, 0x93, 0x87,
	0xa7, 0x26, 0xba, 0x97, 0x9c, 0x43, 0x1b, 0x87, 0x07, 0x00, 0x97, 0x47,
	0x00, 0x00, 0x93, 0x87, 0xa7, 0x25, 0xba, 0x97, 0x82, 0x87, 0x17, 0x45,
	0x00, 0x00, 0x13, 0x05, 0xe5, 0x18, 0xef, 0xf0, 0x1f, 0xe2, 0xb7, 0x17,
	0x0a, 0x35, 0x93, 0x87, 0xd7, 0xae, 0x8a, 0x07, 0x0d, 0x67, 0x13, 0x07,
	0x07, 0x35, 0x98, 0xc3, 0xb7, 0x87, 0x42, 0x0d, 0x93, 0x87, 0xb7, 0x28,
	0x92, 0x07, 0x37, 0x07, 0x20, 0x40, 0x13, 0x07, 0x07, 0x20, 0x98, 0xc3,
	0xf1, 0xa8, 0x17, 0x45, 0x00, 0x00, 0x13, 0x05, 0x25, 0x17, 0xef, 0xf0,
	0xdf, 0xde, 0xb7, 0x17, 0x0a, 0x35, 0x93, 0x87, 0xd7, 0xae, 0x8a, 0x07,
	0x0d, 0x67, 0x13, 0x07, 0x47, 0x30, 0x98, 0xc3, 0xb7, 0x87, 0x42, 0x0d,
	0x93, 0x87, 0xb7, 0x28, 0x92, 0x07, 0x37, 0x07, 0x20, 0x40, 0x13, 0x07,
	0x87, 0x20, 0x98, 0xc3, 0x65, 0xa0, 0x17, 0x45, 0x00, 0x00, 0x13, 0x05,
	0x65, 0x15, 0xef, 0xf0, 0x9f, 0xdb, 0xb7, 0x17, 0x0a, 0x35, 0x93, 0x87,
	0xd7, 0xae, 0x8a, 0x07, 0x0d, 0x67, 0x13, 0x07, 0x07, 0x34, 0x98, 0xc3,
	0xb7, 0x87, 0x42, 0x0d, 0x93, 0x87, 0xb7, 0x28, 0x92, 0x07, 0x37, 0x07,
	0x20, 0x40, 0x13, 0x07, 0x07, 0x21, 0x98, 0xc3, 0x95, 0xa8, 0x17, 0x45,
	0x00, 0x00, 0x13, 0x05, 0xa5, 0x13, 0xef, 0xf0, 0x5f, 0xd8, 0xb7, 0x17,
	0x0a, 0x35, 0x93, 0x87, 0xd7, 0xae, 0x8a, 0x07, 0x0d, 0x67, 0x13, 0x07,
	0x07, 0x30, 0x98, 0xc3, 0xb7, 0x87, 0x42, 0x0d, 0x93, 0x87, 0xb7, 0x28,
	0x92, 0x07, 0x37, 0x07, 0x20, 0x40, 0x13, 0x07, 0x87, 0x21, 0x98, 0xc3,
	0x81, 0xa0, 0x17, 0x45, 0x00, 0x00, 0x13, 0x05, 0xe5, 0x11, 0xef, 0xf0,
	0x1f, 0xd5, 0xb7, 0x17, 0x0a, 0x35, 0x93, 0x87, 0xd7, 0xae, 0x8a, 0x07,
	0x0d, 0x67, 0x13, 0x07, 0x27, 0x30, 0x98, 0xc3, 0xb7, 0x87, 0x42, 0x0d,
	0x93, 0x87, 0xb7, 0x28, 0x92, 0x07, 0x37, 0x07, 0x61, 0x40, 0x98, 0xc3,
	0x01, 0xa8, 0x17, 0x45, 0x00, 0x00, 0x13, 0x05, 0x65, 0x10, 0xef, 0xf0,
	0x1f, 0xd2, 0x01, 0x00, 0xb7, 0x17, 0x0a, 0x35, 0x93, 0x87, 0x17, 0xa0,
	0x8a, 0x07, 0x37, 0x07, 0x40, 0x00, 0x98, 0xc3, 0xb7, 0x17, 0x0a, 0x35,
	0x93, 0x87, 0x17, 0xa0, 0x8a, 0x07, 0x9c, 0x43, 0x23, 0x26, 0xf4, 0xfe,
	0x09, 0xa8, 0xb7, 0x17, 0x0a, 0x35, 0x93, 0x87, 0x17, 0xa0, 0x8a, 0x07,
	0x9c, 0x43, 0x23, 0x26, 0xf4, 0xfe, 0x83, 0x27, 0xc4, 0xfe, 0x3e, 0x87,
	0xb7, 0x07, 0x40, 0x00, 0xf9, 0x8f, 0x81, 0x27, 0xed, 0xf3, 0x17, 0x45,
	0x00, 0x00, 0x13, 0x05, 0x65, 0x0c, 0xef, 0xf0, 0x1f, 0xcd, 0xb7, 0x17,
	0x0a, 0x35, 0x93, 0x87, 0xd7, 0xae, 0x8a, 0x07, 0x9c, 0x43, 0x81, 0x27,
	0x3e, 0x86, 0xb7, 0x37, 0x28, 0xd4, 0x93, 0x85, 0x47, 0xbb, 0x17, 0x45,
	0x00, 0x00, 0x13, 0x05, 0x25, 0x0c, 0xef, 0xf0, 0xdf, 0xca, 0x01, 0x00,
	0xa2, 0x70, 0x02, 0x74, 0x45, 0x61, 0x82, 0x80, 0x01, 0x11, 0x22, 0xec,
	0x00, 0x10, 0xaa, 0x87, 0x23, 0x26, 0xf4, 0xfe, 0x83, 0x27, 0xc4, 0xfe,
	0x1b, 0x87, 0x07, 0x00, 0x85, 0x47, 0x63, 0x14, 0xf7, 0x02, 0xb7, 0x87,
	0x42, 0x0d, 0x93, 0x87, 0xb7, 0x28, 0x92, 0x07, 0x9c, 0x43, 0x1b, 0x87,
	0x07, 0x00, 0xb7, 0x87, 0x42, 0x0d, 0x93, 0x87, 0xb7, 0x28, 0x92, 0x07,
	0x13, 0x67, 0x07, 0x20, 0x01, 0x27, 0x98, 0xc3, 0x15, 0xa0, 0xb7, 0x87,
	0x42, 0x0d, 0x93, 0x87, 0xb7, 0x28, 0x92, 0x07, 0x9c, 0x43, 0x1b, 0x87,
	0x07, 0x00, 0xb7, 0x87, 0x42, 0x0d, 0x93, 0x87, 0xb7, 0x28, 0x92, 0x07,
	0x13, 0x77, 0xf7, 0xdf, 0x01, 0x27, 0x98, 0xc3, 0x01, 0x00, 0x62, 0x64,
	0x05, 0x61, 0x82, 0x80, 0x79, 0x71, 0x06, 0xf4, 0x22, 0xf0, 0x00, 0x18,
	0xaa, 0x87, 0x23, 0x2e, 0xf4, 0xfc, 0x23, 0x24, 0x04, 0xfe, 0x05, 0x45,
	0xef, 0xf0, 0x5f, 0xf8, 0xb7, 0x07, 0x85, 0x1a, 0x93, 0x87, 0x37, 0x57,
	0x8e, 0x07, 0x9c, 0x43, 0x1b, 0x87, 0x07, 0x00, 0xb7, 0x07, 0x85, 0x1a,
	0x93, 0x87, 0x37, 0x57, 0x8e, 0x07, 0xba, 0x86, 0x41, 0x77, 0x13, 0x07,
	0xf7, 0x0f, 0x75, 0x8f, 0x01, 0x27, 0x98, 0xc3, 0xb7, 0x17, 0x0a, 0x35,
	0x93, 0x87, 0x97, 0xae, 0x8a, 0x07, 0x9c, 0x43, 0x1b, 0x87, 0x07, 0x00,
	0xb7, 0x17, 0x0a, 0x35, 0x93, 0x87, 0x97, 0xae, 0x8a, 0x07, 0xba, 0x86,
	0x41, 0x77, 0x13, 0x07, 0xf7, 0x0f, 0x75, 0x8f, 0x01, 0x27, 0x98, 0xc3,
	0xb7, 0x17, 0x0a, 0x35, 0x93, 0x87, 0x97, 0xae, 0x8a, 0x07, 0x9c, 0x43,
	0x1b, 0x87, 0x07, 0x00, 0xb7, 0x17, 0x0a, 0x35, 0x93, 0x87, 0x97, 0xae,
	0x8a, 0x07, 0xba, 0x86, 0x05, 0x67, 0x13, 0x07, 0x07, 0xf0, 0x55, 0x8f,
	0x01, 0x27, 0x98, 0xc3, 0x23, 0x26, 0x04, 0xfe, 0x91, 0xa0, 0xb7, 0x07,
	0x85, 0x1a, 0x93, 0x87, 0x77, 0x57, 0x8e, 0x07, 0x9c, 0x43, 0x23, 0x22,
	0xf4, 0xfe, 0x83, 0x27, 0x44, 0xfe, 0x9b, 0xd7, 0x87, 0x01, 0x81, 0x27,
	0x8d, 0x8b, 0x23, 0x22, 0xf4, 0xfe, 0x03, 0x27, 0x44, 0xfe, 0x83, 0x27,
	0xc4, 0xfe, 0x3a, 0x86, 0xbe, 0x85, 0x17, 0x45, 0x00, 0x00, 0x13, 0x05,
	0x25, 0xfb, 0xef, 0xf0, 0xdf, 0xb6, 0x83, 0x27, 0xc4, 0xfe, 0x85, 0x27,
	0x23, 0x26, 0xf4, 0xfe, 0x83, 0x27, 0xc4, 0xfe, 0x1b, 0x87, 0x07, 0x00,
	0x8d, 0x47, 0xe3, 0xda, 0xe7, 0xfa, 0xb7, 0x07, 0x85, 0x1a, 0x93, 0x87,
	0x37, 0x57, 0x8e, 0x07, 0x9c, 0x43, 0x1b, 0x87, 0x07, 0x00, 0xb7, 0x07,
	0x85, 0x1a, 0x93, 0x87, 0x37, 0x57, 0x8e, 0x07, 0xba, 0x86, 0x05, 0x67,
	0x13, 0x07, 0x07, 0xc0, 0x55, 0x8f, 0x01, 0x27, 0x98, 0xc3, 0xb7, 0x87,
	0x42, 0x0d, 0x93, 0x87, 0xb7, 0x28, 0x92, 0x07, 0x9c, 0x43, 0x23, 0x24,
	0xf4, 0xfe, 0x83, 0x27, 0x84, 0xfe, 0x3e, 0x87, 0xb7, 0x07, 0x00, 0x80,
	0x93, 0xc7, 0xf7, 0xbf, 0xf9, 0x8f, 0x23, 0x24, 0xf4, 0xfe, 0x83, 0x27,
	0x84, 0xfe, 0x3e, 0x87, 0x85, 0x67, 0x93, 0x87, 0x07, 0x80, 0xd9, 0x8f,
	0x23, 0x24, 0xf4, 0xfe, 0xb7, 0x87, 0x42, 0x0d, 0x93, 0x87, 0xb7, 0x28,
	0x92, 0x07, 0x03, 0x27, 0x84, 0xfe, 0x98, 0xc3, 0xb7, 0x07, 0x85, 0x1a,
	0x93, 0x87, 0xd7, 0x51, 0x8e, 0x07, 0x05, 0x67, 0x0d, 0x07, 0x98, 0xc3,
	0x01, 0x00, 0xa2, 0x70, 0x02, 0x74, 0x45, 0x61, 0x82, 0x80, 0x79, 0x71,
	0x06, 0xf4, 0x22, 0xf0, 0x00, 0x18, 0xaa, 0x87, 0x2e, 0x87, 0x23, 0x2e,
	0xf4, 0xfc, 0xba, 0x87, 0x23, 0x2c, 0xf4, 0xfc, 0x83, 0x27, 0xc4, 0xfd,
	0x3e, 0x85, 0xef, 0xf0, 0xdf, 0xbc, 0xaa, 0x87, 0x23, 0x26, 0xf4, 0xfe,
	0x83, 0x27, 0x84, 0xfd, 0x1b, 0x87, 0x07, 0x00, 0x85, 0x67, 0x63, 0x0c,
	0xf7, 0x06, 0x83, 0x27, 0x84, 0xfd, 0x1b, 0x87, 0x07, 0x00, 0x85, 0x67,
	0x63, 0xcf, 0xe7, 0x3a, 0x83, 0x27, 0x84, 0xfd, 0x1b, 0x87, 0x07, 0x00,
	0x85, 0x67, 0x93, 0x87, 0x07, 0xc0, 0x63, 0x07, 0xf7, 0x0e, 0x83, 0x27,
	0x84, 0xfd, 0x1b, 0x87, 0x07, 0x00, 0x85, 0x67, 0x93, 0x87, 0x07, 0xc0,
	0x63, 0xcd, 0xe7, 0x38, 0x83, 0x27, 0x84, 0xfd, 0x9b, 0x87, 0x07, 0x80,
	0x81, 0x27, 0x63, 0x81, 0x07, 0x20, 0x83, 0x27, 0x84, 0xfd, 0x1b, 0x87,
	0x07, 0x00, 0x85, 0x67, 0x93, 0x87, 0x07, 0x80, 0x63, 0xcd, 0xe7, 0x36,
	0x83, 0x27, 0x84, 0xfd, 0x1b, 0x87, 0x07, 0x00, 0x93, 0x07, 0x00, 0x20,
	0x63, 0x0f, 0xf7, 0x2c, 0x83, 0x27, 0x84, 0xfd, 0x1b, 0x87, 0x07, 0x00,
	0x93, 0x07, 0x00, 0x40, 0x63, 0x0c, 0xf7, 0x22, 0x99, 0xae, 0x83, 0x27,
	0xc4, 0xfe, 0x9b, 0x87, 0x07, 0x20, 0x81, 0x27, 0x82, 0x17, 0x81, 0x93,
	0x3e, 0x87, 0xb7, 0x07, 0x0f, 0x00, 0x85, 0x07, 0x1c, 0xc3, 0x83, 0x27,
	0xc4, 0xfe, 0x9b, 0x87, 0x47, 0x20, 0x81, 0x27, 0x82, 0x17, 0x81, 0x93,
	0x23, 0xa0, 0x07, 0x00, 0x83, 0x27, 0xc4, 0xfe, 0x9b, 0x87, 0x87, 0x20,
	0x81, 0x27, 0x82, 0x17, 0x81, 0x93, 0x3e, 0x87, 0xb7, 0x07, 0x0f, 0x80,
	0x85, 0x07, 0x1c, 0xc3, 0x83, 0x27, 0xc4, 0xfe, 0x9b, 0x87, 0xc7, 0x20,
	0x81, 0x27, 0x82, 0x17, 0x81, 0x93, 0x23, 0xa0, 0x07, 0x00, 0x83, 0x27,
	0xc4, 0xfe, 0x9b, 0x87, 0x07, 0x22, 0x81, 0x27, 0x82, 0x17, 0x81, 0x93,
	0x3e, 0x87, 0xb7, 0x07, 0x02, 0x05, 0x93, 0x87, 0x27, 0x63, 0x1c, 0xc3,
	0x83, 0x27, 0xc4, 0xfe, 0x9b, 0x87, 0x47, 0x22, 0x81, 0x27, 0x82, 0x17,
	0x81, 0x93, 0x3e, 0x87, 0xb7, 0x07, 0x02, 0x05, 0x93, 0x87, 0x27, 0x63,
	0x1c, 0xc3, 0x17, 0x45, 0x00, 0x00, 0x13, 0x05, 0xe5, 0xdf, 0xef, 0xf0,
	0x1f, 0x99, 0xc1, 0xa4, 0x83, 0x27, 0xc4, 0xfe, 0x3e, 0x85, 0xef, 0xf0,
	0x3f, 0xa1, 0xaa, 0x87, 0x81, 0x27, 0x3e, 0x87, 0x85, 0x47, 0x63, 0x16,
	0xf7, 0x08, 0x83, 0x27, 0xc4, 0xfe, 0x9b, 0x87, 0x07, 0x20, 0x81, 0x27,
	0x82, 0x17, 0x81, 0x93, 0x3e, 0x87, 0xb7, 0x07, 0x03, 0x00, 0x85, 0x07,
	0x1c, 0xc3, 0x83, 0x27, 0xc4, 0xfe, 0x9b, 0x87, 0x47, 0x20, 0x81, 0x27,
	0x82, 0x17, 0x81, 0x93, 0x23, 0xa0, 0x07, 0x00, 0x83, 0x27, 0xc4, 0xfe,
	0x9b, 0x87, 0x87, 0x20, 0x81, 0x27, 0x82, 0x17, 0x81, 0x93, 0x23, 0xa0,
	0x07, 0x00, 0x83, 0x27, 0xc4, 0xfe, 0x9b, 0x87, 0xc7, 0x20, 0x81, 0x27,
	0x82, 0x17, 0x81, 0x93, 0x23, 0xa0, 0x07, 0x00, 0x83, 0x27, 0xc4, 0xfe,
	0x9b, 0x87, 0x07, 0x22, 0x81, 0x27, 0x82, 0x17, 0x81, 0x93, 0x3e, 0x87,
	0xb7, 0x07, 0x03, 0x05, 0x93, 0x87, 0x27, 0x73, 0x1c, 0xc3, 0x83, 0x27,
	0xc4, 0xfe, 0x9b, 0x87, 0x47, 0x22, 0x81, 0x27, 0x82, 0x17, 0x81, 0x93,
	0x23, 0xa0, 0x07, 0x00, 0x17, 0x45, 0x00, 0x00, 0x13, 0x05, 0x05, 0xd7,
	0xef, 0xf0, 0x3f, 0x8f, 0x0d, 0xa4, 0x83, 0x27, 0xc4, 0xfe, 0x9b, 0x87,
	0x07, 0x20, 0x81, 0x27, 0x82, 0x17, 0x81, 0x93, 0x3e, 0x87, 0xb7, 0x07,
	0x02, 0x00, 0x85, 0x07, 0x1c, 0xc3, 0x83, 0x27, 0xc4, 0xfe, 0x9b, 0x87,
	0x47, 0x20, 0x81, 0x27, 0x82, 0x17, 0x81, 0x93, 0x23, 0xa0, 0x07, 0x00,
	0x83, 0x27, 0xc4, 0xfe, 0x9b, 0x87, 0x87, 0x20, 0x81, 0x27, 0x82, 0x17,
	0x81, 0x93, 0x3e, 0x87, 0xb7, 0x07, 0x02, 0x60, 0x85, 0x07, 0x1c, 0xc3,
	0x83, 0x27, 0xc4, 0xfe, 0x9b, 0x87, 0xc7, 0x20, 0x81, 0x27, 0x82, 0x17,
	0x81, 0x93, 0x23, 0xa0, 0x07, 0x00, 0x83, 0x27, 0xc4, 0xfe, 0x9b, 0x87,
	0x07, 0x22, 0x81, 0x27, 0x82, 0x17, 0x81, 0x93, 0x3e, 0x87, 0xb7, 0x07,
	0x03, 0x05, 0x93, 0x87, 0x27, 0x63, 0x1c, 0xc3, 0x83, 0x27, 0xc4, 0xfe,
	0x9b, 0x87, 0x47, 0x22, 0x81, 0x27, 0x82, 0x17, 0x81, 0x93, 0x3e, 0x87,
	0xb7, 0x07, 0x03, 0x05, 0x93, 0x87, 0x27, 0x63, 0x1c, 0xc3, 0x17, 0x45,
	0x00, 0x00, 0x13, 0x05, 0x25, 0xcf, 0xef, 0xf0, 0xdf, 0x85, 0x71, 0xa2,
	0x83, 0x27, 0xc4, 0xfe, 0x3e, 0x85, 0xef, 0xf0, 0xff, 0x8d, 0xaa, 0x87,
	0x81, 0x27, 0x3e, 0x87, 0x85, 0x47, 0x63, 0x1b, 0xf7, 0x16, 0x83, 0x27,
	0xc4, 0xfe, 0x9b, 0x87, 0x07, 0x20, 0x81, 0x27, 0x82, 0x17, 0x81, 0x93,
	0x3e, 0x87, 0xb7, 0x07, 0x0f, 0x00, 0x85, 0x07, 0x1c, 0xc3, 0x83, 0x27,
	0xc4, 0xfe, 0x9b, 0x87, 0x47, 0x20, 0x81, 0x27, 0x82, 0x17, 0x81, 0x93,
	0x23, 0xa0, 0x07, 0x00, 0x83, 0x27, 0xc4, 0xfe, 0x9b, 0x87, 0x07, 0x22,
	0x81, 0x27, 0x82, 0x17, 0x81, 0x93, 0x3e, 0x87, 0xb7, 0x07, 0x03, 0x05,
	0x93, 0x87, 0x27, 0x63, 0x1c, 0xc3, 0x17, 0x45, 0x00, 0x00, 0x13, 0x05,
	0x25, 0xca, 0xef, 0xf0, 0x4f, 0xff, 0x0d, 0xa2, 0x83, 0x27, 0xc4, 0xfe,
	0x9b, 0x87, 0x07, 0x20, 0x81, 0x27, 0x82, 0x17, 0x81, 0x93, 0x3e, 0x87,
	0xb7, 0x07, 0x0d, 0x00, 0x85, 0x07, 0x1c, 0xc3, 0x83, 0x27, 0xc4, 0xfe,
	0x9b, 0x87, 0x47, 0x20, 0x81, 0x27, 0x82, 0x17, 0x81, 0x93, 0x23, 0xa0,
	0x07, 0x00, 0x83, 0x27, 0xc4, 0xfe, 0x9b, 0x87, 0x87, 0x20, 0x81, 0x27,
	0x82, 0x17, 0x81, 0x93, 0x3e, 0x87, 0xb7, 0x07, 0x0d, 0x20, 0x85, 0x07,
	0x1c, 0xc3, 0x83, 0x27, 0xc4, 0xfe, 0x9b, 0x87, 0xc7, 0x20, 0x81, 0x27,
	0x82, 0x17, 0x81, 0x93, 0x23, 0xa0, 0x07, 0x00, 0x83, 0x27, 0xc4, 0xfe,
	0x9b, 0x87, 0x07, 0x22, 0x81, 0x27, 0x82, 0x17, 0x81, 0x93, 0x3e, 0x87,
	0xb7, 0x07, 0x02, 0x05, 0x93, 0x87, 0x27, 0x63, 0x1c, 0xc3, 0x83, 0x27,
	0xc4, 0xfe, 0x9b, 0x87, 0x47, 0x22, 0x81, 0x27, 0x82, 0x17, 0x81, 0x93,
	0x3e, 0x87, 0xb7, 0x07, 0x02, 0x05, 0x93, 0x87, 0x27, 0x63, 0x1c, 0xc3,
	0x17, 0x45, 0x00, 0x00, 0x13, 0x05, 0xc5, 0xc1, 0xef, 0xf0, 0xef, 0xf5,
	0x79, 0xa0, 0x83, 0x27, 0xc4, 0xfe, 0x9b, 0x87, 0x07, 0x20, 0x81, 0x27,
	0x82, 0x17, 0x81, 0x93, 0x3e, 0x87, 0xb7, 0x07, 0x0c, 0x00, 0x85, 0x07,
	0x1c, 0xc3, 0x83, 0x27, 0xc4, 0xfe, 0x9b, 0x87, 0x47, 0x20, 0x81, 0x27,
	0x82, 0x17, 0x81, 0x93, 0x23, 0xa0, 0x07, 0x00, 0x83, 0x27, 0xc4, 0xfe,
	0x9b, 0x87, 0x87, 0x20, 0x81, 0x27, 0x82, 0x17, 0x81, 0x93, 0x3e, 0x87,
	0xb7, 0x07, 0x0c, 0x10, 0x85, 0x07, 0x1c, 0xc3, 0x83, 0x27, 0xc4, 0xfe,
	0x9b, 0x87, 0xc7, 0x20, 0x81, 0x27, 0x82, 0x17, 0x81, 0x93, 0x23, 0xa0,
	0x07, 0x00, 0x83, 0x27, 0xc4, 0xfe, 0x9b, 0x87, 0x07, 0x22, 0x81, 0x27,
	0x82, 0x17, 0x81, 0x93, 0x3e, 0x87, 0xb7, 0x07, 0x03, 0x05, 0x93, 0x87,
	0x27, 0x63, 0x1c, 0xc3, 0x83, 0x27, 0xc4, 0xfe, 0x9b, 0x87, 0x47, 0x22,
	0x81, 0x27, 0x82, 0x17, 0x81, 0x93, 0x3e, 0x87, 0xb7, 0x07, 0x03, 0x05,
	0x93, 0x87, 0x27, 0x53, 0x1c, 0xc3, 0x11, 0xa0, 0x01, 0x00, 0x83, 0x27,
	0xc4, 0xfe, 0x9b, 0x87, 0x87, 0x04, 0x81, 0x27, 0x82, 0x17, 0x81, 0x93,
	0x3e, 0x87, 0x85, 0x47, 0x1c, 0xc3, 0x01, 0x00, 0xa2, 0x70, 0x02, 0x74,
	0x45, 0x61, 0x82, 0x80, 0x01, 0x11, 0x06, 0xec, 0x22, 0xe8, 0x00, 0x10,
	0xaa, 0x87, 0x23, 0x26, 0xf4, 0xfe, 0x83, 0x27, 0xc4, 0xfe, 0x85, 0x65,
	0x3e, 0x85, 0xef, 0xf0, 0x1f, 0xbd, 0x01, 0x00, 0xe2, 0x60, 0x42, 0x64,
	0x05, 0x61, 0x82, 0x80, 0x79, 0x71, 0x06, 0xf4, 0x22, 0xf0, 0x00, 0x18,
	0xaa, 0x87, 0x23, 0x2e, 0xf4, 0xfc, 0x83, 0x27, 0xc4, 0xfd, 0x3e, 0x85,
	0xef, 0xf0, 0x6f, 0xf9, 0xaa, 0x87, 0x23, 0x26, 0xf4, 0xfe, 0x83, 0x27,
	0xc4, 0xfe, 0x9b, 0x87, 0x47, 0x04, 0x81, 0x27, 0x82, 0x17, 0x81, 0x93,
	0x3e, 0x87, 0xb7, 0x07, 0x04, 0x00, 0x93, 0x87, 0x07, 0x30, 0x1c, 0xc3,
	0x83, 0x27, 0xc4, 0xfe, 0x9b, 0x87, 0x07, 0x05, 0x81, 0x27, 0x82, 0x17,
	0x81, 0x93, 0x3e, 0x87, 0xb7, 0x07, 0x10, 0x00, 0x93, 0x87, 0xf7, 0x2f,
	0x1c, 0xc3, 0x83, 0x27, 0xc4, 0xfe, 0x9b, 0x87, 0x87, 0x05, 0x81, 0x27,
	0x82, 0x17, 0x81, 0x93, 0x3e, 0x87, 0xb7, 0x17, 0x35, 0x10, 0x93, 0x87,
	0x57, 0x03, 0x1c, 0xc3, 0x83, 0x27, 0xc4, 0xfe, 0x9b, 0x87, 0x47, 0x06,
	0x81, 0x27, 0x82, 0x17, 0x81, 0x93, 0x3e, 0x87, 0xb7, 0x17, 0x0d, 0x10,
	0x93, 0x87, 0x37, 0x80, 0x1c, 0xc3, 0x83, 0x27, 0xc4, 0xfe, 0x9b, 0x87,
	0x07, 0x18, 0x81, 0x27, 0x82, 0x17, 0x81, 0x93, 0x3e, 0x87, 0xc1, 0x67,
	0x93, 0x87, 0x07, 0x20, 0x1c, 0xc3, 0x01, 0x00, 0xa2, 0x70, 0x02, 0x74,
	0x45, 0x61, 0x82, 0x80, 0x79, 0x71, 0x06, 0xf4, 0x22, 0xf0, 0x00, 0x18,
	0xaa, 0x87, 0x2e, 0x87, 0x23, 0x2e, 0xf4, 0xfc, 0xba, 0x87, 0x23, 0x2c,
	0xf4, 0xfc, 0x85, 0x67, 0x23, 0x26, 0xf4, 0xfe, 0x83, 0x27, 0x84, 0xfd,
	0x1b, 0x87, 0x07, 0x00, 0x8d, 0x47, 0x63, 0x04, 0xf7, 0x04, 0x83, 0x27,
	0x84, 0xfd, 0x1b, 0x87, 0x07, 0x00, 0x8d, 0x47, 0x63, 0xef, 0xe7, 0x1a,
	0x83, 0x27, 0x84, 0xfd, 0x1b, 0x87, 0x07, 0x00, 0x89, 0x47, 0x63, 0x07,
	0xf7, 0x08, 0x83, 0x27, 0x84, 0xfd, 0x1b, 0x87, 0x07, 0x00, 0x89, 0x47,
	0x63, 0xe1, 0xe7, 0x1a, 0x83, 0x27, 0x84, 0xfd, 0x81, 0x27, 0x63, 0x8d,
	0x07, 0x12, 0x83, 0x27, 0x84, 0xfd, 0x1b, 0x87, 0x07, 0x00, 0x85, 0x47,
	0x63, 0x05, 0xf7, 0x0c, 0x59, 0xa2, 0x83, 0x27, 0xc4, 0xfd, 0x9b, 0x87,
	0x07, 0x38, 0x81, 0x27, 0x82, 0x17, 0x81, 0x93, 0x3e, 0x87, 0x93, 0x07,
	0x90, 0x3e, 0x1c, 0xc3, 0x83, 0x27, 0xc4, 0xfd, 0x9b, 0x87, 0x47, 0x38,
	0x81, 0x27, 0x82, 0x17, 0x81, 0x93, 0x3e, 0x87, 0x93, 0x07, 0x60, 0x08,
	0x1c, 0xc3, 0x83, 0x27, 0xc4, 0xfd, 0x9b, 0x87, 0x87, 0x38, 0x81, 0x27,
	0x82, 0x17, 0x81, 0x93, 0x3e, 0x87, 0xb7, 0x07, 0xa1, 0x00, 0x1c, 0xc3,
	0x83, 0x27, 0xc4, 0xfd, 0x3e, 0x87, 0x83, 0x27, 0xc4, 0xfe, 0xb9, 0x9f,
	0x81, 0x27, 0x9b, 0x87, 0x07, 0x3e, 0x81, 0x27, 0x82, 0x17, 0x81, 0x93,
	0x3e, 0x87, 0xb1, 0x47, 0x1c, 0xc3, 0x25, 0xaa, 0x83, 0x27, 0xc4, 0xfd,
	0x9b, 0x87, 0x07, 0x38, 0x81, 0x27, 0x82, 0x17, 0x81, 0x93, 0x3e, 0x87,
	0x93, 0x07, 0x80, 0x25, 0x1c, 0xc3, 0x83, 0x27, 0xc4, 0xfd, 0x9b, 0x87,
	0x47, 0x38, 0x81, 0x27, 0x82, 0x17, 0x81, 0x93, 0x3e, 0x87, 0x93, 0x07,
	0x00, 0x05, 0x1c, 0xc3, 0x83, 0x27, 0xc4, 0xfd, 0x9b, 0x87, 0x87, 0x38,
	0x81, 0x27, 0x82, 0x17, 0x81, 0x93, 0x3e, 0x87, 0x93, 0x07, 0x00, 0x06,
	0x1c, 0xc3, 0x83, 0x27, 0xc4, 0xfd, 0x3e, 0x87, 0x83, 0x27, 0xc4, 0xfe,
	0xb9, 0x9f, 0x81, 0x27, 0x9b, 0x87, 0x07, 0x3e, 0x81, 0x27, 0x82, 0x17,
	0x81, 0x93, 0x3e, 0x87, 0xa1, 0x47, 0x1c, 0xc3, 0xd9, 0xa8, 0x83, 0x27,
	0xc4, 0xfd, 0x9b, 0x87, 0x07, 0x38, 0x81, 0x27, 0x82, 0x17, 0x81, 0x93,
	0x3e, 0x87, 0x93, 0x07, 0x00, 0x19, 0x1c, 0xc3, 0x83, 0x27, 0xc4, 0xfd,
	0x9b, 0x87, 0x47, 0x38, 0x81, 0x27, 0x82, 0x17, 0x81, 0x93, 0x3e, 0x87,
	0x93, 0x07, 0x60, 0x03, 0x1c, 0xc3, 0x83, 0x27, 0xc4, 0xfd, 0x9b, 0x87,
	0x87, 0x38, 0x81, 0x27, 0x82, 0x17, 0x81, 0x93, 0x3e, 0x87, 0x93, 0x07,
	0x00, 0x04, 0x1c, 0xc3, 0x83, 0x27, 0xc4, 0xfd, 0x3e, 0x87, 0x83, 0x27,
	0xc4, 0xfe, 0xb9, 0x9f, 0x81, 0x27, 0x9b, 0x87, 0x07, 0x3e, 0x81, 0x27,
	0x82, 0x17, 0x81, 0x93, 0x3e, 0x87, 0x91, 0x47, 0x1c, 0xc3, 0x95, 0xa8,
	0x83, 0x27, 0xc4, 0xfd, 0x9b, 0x87, 0x07, 0x38, 0x81, 0x27, 0x82, 0x17,
	0x81, 0x93, 0x3e, 0x87, 0x93, 0x07, 0x80, 0x0c, 0x1c, 0xc3, 0x83, 0x27,
	0xc4, 0xfd, 0x9b, 0x87, 0x47, 0x38, 0x81, 0x27, 0x82, 0x17, 0x81, 0x93,
	0x3e, 0x87, 0xed, 0x47, 0x1c, 0xc3, 0x83, 0x27, 0xc4, 0xfd, 0x9b, 0x87,
	0x87, 0x38, 0x81, 0x27, 0x82, 0x17, 0x81, 0x93, 0x3e, 0x87, 0x93, 0x07,
	0x00, 0x02, 0x1c, 0xc3, 0x83, 0x27, 0xc4, 0xfd, 0x3e, 0x87, 0x83, 0x27,
	0xc4, 0xfe, 0xb9, 0x9f, 0x81, 0x27, 0x9b, 0x87, 0x07, 0x3e, 0x81, 0x27,
	0x82, 0x17, 0x81, 0x93, 0x23, 0xa0, 0x07, 0x00, 0x19, 0xa8, 0x83, 0x27,
	0x84, 0xfd, 0xbe, 0x85, 0x17, 0x45, 0x00, 0x00, 0x13, 0x05, 0x05, 0x8b,
	0xef, 0xf0, 0x2f, 0xbe, 0x01, 0x00, 0x01, 0x00, 0xa2, 0x70, 0x02, 0x74,
	0x45, 0x61, 0x82, 0x80, 0x79, 0x71, 0x06, 0xf4, 0x22, 0xf0, 0x00, 0x18,
	0xaa, 0x87, 0x23, 0x2e, 0xf4, 0xfc, 0x83, 0x27, 0xc4, 0xfd, 0x3e, 0x85,
	0xef, 0xf0, 0xef, 0xcd, 0xaa, 0x87, 0x23, 0x26, 0xf4, 0xfe, 0x83, 0x27,
	0xc4, 0xfe, 0x3e, 0x87, 0xb7, 0x07, 0x04, 0x00, 0xb9, 0x9f, 0x23, 0x24,
	0xf4, 0xfe, 0x83, 0x27, 0x84, 0xfe, 0x3e, 0x87, 0x8d, 0x67, 0x9b, 0x87,
	0x47, 0x06, 0xb9, 0x9f, 0x81, 0x27, 0x82, 0x17, 0x81, 0x93, 0x3e, 0x87,
	0x93, 0x07, 0xc0, 0x08, 0x1c, 0xc3, 0x83, 0x27, 0x84, 0xfe, 0x3e, 0x87,
	0x89, 0x67, 0x9b, 0x87, 0x47, 0x06, 0xb9, 0x9f, 0x81, 0x27, 0x82, 0x17,
	0x81, 0x93, 0x3e, 0x87, 0x93, 0x07, 0xc0, 0x08, 0x1c, 0xc3, 0x83, 0x27,
	0x84, 0xfe, 0x3e, 0x87, 0x85, 0x67, 0x9b, 0x87, 0x47, 0x06, 0xb9, 0x9f,
	0x81, 0x27, 0x82, 0x17, 0x81, 0x93, 0x3e, 0x87, 0x93, 0x07, 0xc0, 0x08,
	0x1c, 0xc3, 0x83, 0x27, 0x84, 0xfe, 0x9b, 0x87, 0x47, 0x06, 0x81, 0x27,
	0x82, 0x17, 0x81, 0x93, 0x3e, 0x87, 0x93, 0x07, 0xc0, 0x08, 0x1c, 0xc3,
	0x01, 0x00, 0xa2, 0x70, 0x02, 0x74, 0x45, 0x61, 0x82, 0x80, 0x79, 0x71,
	0x06, 0xf4, 0x22, 0xf0, 0x00, 0x18, 0xaa, 0x87, 0x23, 0x2e, 0xf4, 0xfc,
	0x83, 0x27, 0xc4, 0xfd, 0x3e, 0x85, 0xef, 0xf0, 0xcf, 0xc3, 0xaa, 0x87,
	0x23, 0x26, 0xf4, 0xfe, 0x85, 0x67, 0x23, 0x24, 0xf4, 0xfe, 0x83, 0x27,
	0xc4, 0xfe, 0x9b, 0x87, 0x47, 0x30, 0x81, 0x27, 0x82, 0x17, 0x81, 0x93,
	0x3e, 0x87, 0xb7, 0x07, 0x80, 0xc0, 0x93, 0x87, 0x07, 0x40, 0x1c, 0xc3,
	0x83, 0x27, 0xc4, 0xfe, 0x9b, 0x87, 0x07, 0x30, 0x81, 0x27, 0x82, 0x17,
	0x81, 0x93, 0x3e, 0x87, 0x85, 0x67, 0x93, 0x87, 0x87, 0xc1, 0x1c, 0xc3,
	0x83, 0x27, 0xc4, 0xfe, 0x9b, 0x87, 0xc7, 0x30, 0x81, 0x27, 0x82, 0x17,
	0x81, 0x93, 0x3e, 0x87, 0x93, 0x07, 0x00, 0x05, 0x1c, 0xc3, 0x83, 0x27,
	0xc4, 0xfe, 0x9b, 0x87, 0x07, 0x31, 0x81, 0x27, 0x82, 0x17, 0x81, 0x93,
	0x3e, 0x87, 0xb7, 0x07, 0x10, 0x10, 0x1c, 0xc3, 0x83, 0x27, 0xc4, 0xfe,
	0x9b, 0x87, 0x47, 0x31, 0x81, 0x27, 0x82, 0x17, 0x81, 0x93, 0x3e, 0x87,
	0xb7, 0x07, 0x10, 0x10, 0x1c, 0xc3, 0x83, 0x27, 0xc4, 0xfe, 0x9b, 0x87,
	0x07, 0x38, 0x81, 0x27, 0x82, 0x17, 0x81, 0x93, 0x3e, 0x87, 0x93, 0x07,
	0x90, 0x3e, 0x1c, 0xc3, 0x83, 0x27, 0xc4, 0xfe, 0x9b, 0x87, 0x47, 0x38,
	0x81, 0x27, 0x82, 0x17, 0x81, 0x93, 0x3e, 0x87, 0x93, 0x07, 0x60, 0x08,
	0x1c, 0xc3, 0x83, 0x27, 0xc4, 0xfe, 0x9b, 0x87, 0x87, 0x38, 0x81, 0x27,
	0x82, 0x17, 0x81, 0x93, 0x3e, 0x87, 0xb7, 0x07, 0xa1, 0x00, 0x1c, 0xc3,
	0x83, 0x27, 0xc4, 0xfe, 0x9b, 0x87, 0xc7, 0x38, 0x81, 0x27, 0x82, 0x17,
	0x81, 0x93, 0x3e, 0x87, 0xb7, 0x07, 0x43, 0x00, 0x93, 0x87, 0x87, 0x02,
	0x1c, 0xc3, 0x83, 0x27, 0xc4, 0xfe, 0x9b, 0x87, 0x07, 0x39, 0x81, 0x27,
	0x82, 0x17, 0x81, 0x93, 0x3e, 0x87, 0xb7, 0x07, 0x35, 0x05, 0x93, 0x87,
	0x87, 0x02, 0x1c, 0xc3, 0x83, 0x27, 0xc4, 0xfe, 0x9b, 0x87, 0x47, 0x39,
	0x81, 0x27, 0x82, 0x17, 0x81, 0x93, 0x3e, 0x87, 0xb7, 0x07, 0xbb, 0x80,
	0x93, 0x87, 0x67, 0x17, 0x1c, 0xc3, 0x83, 0x27, 0xc4, 0xfe, 0x9b, 0x87,
	0xc7, 0x3f, 0x81, 0x27, 0x82, 0x17, 0x81, 0x93, 0x3e, 0x87, 0xb7, 0x07,
	0x0d, 0x00, 0x93, 0x87, 0x67, 0x06, 0x1c, 0xc3, 0x83, 0x27, 0xc4, 0xfe,
	0x9b, 0x87, 0x87, 0x39, 0x81, 0x27, 0x82, 0x17, 0x81, 0x93, 0x3e, 0x87,
	0xb7, 0x07, 0x80, 0x01, 0x93, 0x87, 0x07, 0x18, 0x1c, 0xc3, 0x83, 0x27,
	0xc4, 0xfe, 0x9b, 0x87, 0xc7, 0x39, 0x81, 0x27, 0x82, 0x17, 0x81, 0x93,
	0x3e, 0x87, 0xb7, 0x17, 0x14, 0x00, 0x93, 0x87, 0x47, 0x41, 0x1c, 0xc3,
	0x83, 0x27, 0xc4, 0xfe, 0x9b, 0x87, 0x07, 0x3a, 0x81, 0x27, 0x82, 0x17,
	0x81, 0x93, 0x3e, 0x87, 0xb7, 0x17, 0x14, 0x07, 0x93, 0x87, 0xa7, 0xa0,
	0x1c, 0xc3, 0x83, 0x27, 0xc4, 0xfe, 0x9b, 0x87, 0x47, 0x3a, 0x81, 0x27,
	0x82, 0x17, 0x81, 0x93, 0x3e, 0x87, 0x8d, 0x47, 0x1c, 0xc3, 0x83, 0x27,
	0xc4, 0xfe, 0x9b, 0x87, 0x87, 0x3a, 0x81, 0x27, 0x82, 0x17, 0x81, 0x93,
	0x3e, 0x87, 0x93, 0x07, 0x30, 0x21, 0x1c, 0xc3, 0x83, 0x27, 0xc4, 0xfe,
	0x9b, 0x87, 0xc7, 0x3a, 0x81, 0x27, 0x82, 0x17, 0x81, 0x93, 0x3e, 0x87,
	0xb7, 0x27, 0x54, 0x28, 0x93, 0x87, 0x87, 0x83, 0x1c, 0xc3, 0x83, 0x27,
	0xc4, 0xfe, 0x9b, 0x87, 0x07, 0x3b, 0x81, 0x27, 0x82, 0x17, 0x81, 0x93,
	0x3e, 0x87, 0xb7, 0x17, 0x18, 0x1c, 0x93, 0x87, 0x87, 0xa1, 0x1c, 0xc3,
	0x83, 0x27, 0xc4, 0xfe, 0x9b, 0x87, 0x47, 0x3b, 0x81, 0x27, 0x82, 0x17,
	0x81, 0x93, 0x3e, 0x87, 0xb7, 0x17, 0x00, 0x08, 0x93, 0x87, 0x07, 0xe0,
	0x1c, 0xc3, 0x83, 0x27, 0xc4, 0xfe, 0x9b, 0x87, 0x87, 0x3b, 0x81, 0x27,
	0x82, 0x17, 0x81, 0x93, 0x3e, 0x87, 0x85, 0x67, 0x93, 0x87, 0x07, 0xa0,
	0x1c, 0xc3, 0x83, 0x27, 0xc4, 0xfe, 0x9b, 0x87, 0xc7, 0x3b, 0x81, 0x27,
	0x82, 0x17, 0x81, 0x93, 0x3e, 0x87, 0xb7, 0x07, 0x02, 0x02, 0x93, 0x87,
	0x47, 0x70, 0x1c, 0xc3, 0x83, 0x27, 0xc4, 0xfe, 0x9b, 0x87, 0x07, 0x3c,
	0x81, 0x27, 0x82, 0x17, 0x81, 0x93, 0x3e, 0x87, 0x91, 0x47, 0x1c, 0xc3,
	0x83, 0x27, 0xc4, 0xfe, 0x9b, 0x87, 0x47, 0x3c, 0x81, 0x27, 0x82, 0x17,
	0x81, 0x93, 0x3e, 0x87, 0x91, 0x47, 0x1c, 0xc3, 0x83, 0x27, 0xc4, 0xfe,
	0x9b, 0x87, 0x07, 0x40, 0x81, 0x27, 0x82, 0x17, 0x81, 0x93, 0x3e, 0x87,
	0xb7, 0x27, 0x00, 0x80, 0x93, 0x87, 0x47, 0xb0, 0x1c, 0xc3, 0x83, 0x27,
	0xc4, 0xfe, 0x9b, 0x87, 0x87, 0x3d, 0x81, 0x27, 0x82, 0x17, 0x81, 0x93,
	0x3e, 0x87, 0xa1, 0x67, 0x93, 0x87, 0x07, 0x19, 0x1c, 0xc3, 0x83, 0x27,
	0xc4, 0xfe, 0x9b, 0x87, 0xc7, 0x34, 0x81, 0x27, 0x82, 0x17, 0x81, 0x93,
	0x3e, 0x87, 0xb7, 0x27, 0x07, 0x00, 0x93, 0x87, 0xa7, 0x04, 0x1c, 0xc3,
	0x83, 0x27, 0xc4, 0xfe, 0x3e, 0x87, 0x83, 0x27, 0x84, 0xfe, 0xb9, 0x9f,
	0x81, 0x27, 0x9b, 0x87, 0x47, 0x3e, 0x81, 0x27, 0x82, 0x17, 0x81, 0x93,
	0x3e, 0x87, 0xb7, 0x17, 0x00, 0x13, 0x93, 0x87, 0x07, 0xa0, 0x1c, 0xc3,
	0x83, 0x27, 0xc4, 0xfe, 0x3e, 0x87, 0x83, 0x27, 0x84, 0xfe, 0xb9, 0x9f,
	0x81, 0x27, 0x9b, 0x87, 0xc7, 0x3e, 0x81, 0x27, 0x82, 0x17, 0x81, 0x93,
	0x3e, 0x87, 0x93, 0x07, 0x00, 0x48, 0x1c, 0xc3, 0x83, 0x27, 0xc4, 0xfe,
	0x9b, 0x87, 0x47, 0x30, 0x81, 0x27, 0x82, 0x17, 0x81, 0x93, 0x3e, 0x87,
	0xb7, 0x07, 0x80, 0x80, 0x93, 0x87, 0x07, 0x40, 0x1c, 0xc3, 0x83, 0x27,
	0xc4, 0xfe, 0x9b, 0x87, 0x07, 0x30, 0x81, 0x27, 0x82, 0x17, 0x81, 0x93,
	0x3e, 0x87, 0x85, 0x67, 0x93, 0x87, 0xe7, 0x80, 0x1c, 0xc3, 0x83, 0x27,
	0xc4, 0xfe, 0x9b, 0x87, 0xc7, 0x30, 0x81, 0x27, 0x82, 0x17, 0x81, 0x93,
	0x3e, 0x87, 0x93, 0x07, 0x40, 0x05, 0x1c, 0xc3, 0x83, 0x27, 0xc4, 0xfe,
	0x9b, 0x87, 0x07, 0x31, 0x81, 0x27, 0x82, 0x17, 0x81, 0x93, 0x23, 0xa0,
	0x07, 0x00, 0x83, 0x27, 0xc4, 0xfe, 0x9b, 0x87, 0x47, 0x31, 0x81, 0x27,
	0x82, 0x17, 0x81, 0x93, 0x23, 0xa0, 0x07, 0x00, 0x83, 0x27, 0xc4, 0xfe,
	0x9b, 0x87, 0xc7, 0x38, 0x81, 0x27, 0x82, 0x17, 0x81, 0x93, 0x3e, 0x87,
	0xb7, 0x07, 0x28, 0x00, 0xe1, 0x07, 0x1c, 0xc3, 0x83, 0x27, 0xc4, 0xfe,
	0x9b, 0x87, 0x07, 0x39, 0x81, 0x27, 0x82, 0x17, 0x81, 0x93, 0x3e, 0x87,
	0xb7, 0x07, 0x20, 0x03, 0xe1, 0x07, 0x1c, 0xc3, 0x83, 0x27, 0xc4, 0xfe,
	0x9b, 0x87, 0x47, 0x39, 0x81, 0x27, 0x82, 0x17, 0x81, 0x93, 0x3e, 0x87,
	0xb7, 0x07, 0x70, 0x80, 0x93, 0x87, 0x07, 0x0e, 0x1c, 0xc3, 0x83, 0x27,
	0xc4, 0xfe, 0x9b, 0x87, 0xc7, 0x3f, 0x81, 0x27, 0x82, 0x17, 0x81, 0x93,
	0x3e, 0x87, 0xb7, 0x07, 0x0d, 0x00, 0x93, 0x87, 0x67, 0x06, 0x1c, 0xc3,
	0x83, 0x27, 0xc4, 0xfe, 0x9b, 0x87, 0x87, 0x39, 0x81, 0x27, 0x82, 0x17,
	0x81, 0x93, 0x3e, 0x87, 0xb7, 0x07, 0xe6, 0x00, 0x93, 0x87, 0x67, 0x0e,
	0x1c, 0xc3, 0x83, 0x27, 0xc4, 0xfe, 0x9b, 0x87, 0xc7, 0x39, 0x81, 0x27,
	0x82, 0x17, 0x81, 0x93, 0x3e, 0x87, 0xb7, 0x17, 0x0c, 0x00, 0x93, 0x87,
	0xc7, 0xc0, 0x1c, 0xc3, 0x83, 0x27, 0xc4, 0xfe, 0x9b, 0x87, 0x07, 0x3a,
	0x81, 0x27, 0x82, 0x17, 0x81, 0x93, 0x3e, 0x87, 0xb7, 0x07, 0x0c, 0x05,
	0x93, 0x87, 0x67, 0x60, 0x1c, 0xc3, 0x83, 0x27, 0xc4, 0xfe, 0x9b, 0x87,
	0x47, 0x3a, 0x81, 0x27, 0x82, 0x17, 0x81, 0x93, 0x3e, 0x87, 0x8d, 0x47,
	0x1c, 0xc3, 0x83, 0x27, 0xc4, 0xfe, 0x9b, 0x87, 0x87, 0x3a, 0x81, 0x27,
	0x82, 0x17, 0x81, 0x93, 0x3e, 0x87, 0x93, 0x07, 0xc0, 0x20, 0x1c, 0xc3,
	0x83, 0x27, 0xc4, 0xfe, 0x9b, 0x87, 0xc7, 0x3a, 0x81, 0x27, 0x82, 0x17,
	0x81, 0x93, 0x3e, 0x87, 0xb7, 0x17, 0x33, 0x18, 0x93, 0x87, 0x27, 0xf2,
	0x1c, 0xc3, 0x83, 0x27, 0xc4, 0xfe, 0x9b, 0x87, 0x07, 0x3b, 0x81, 0x27,
	0x82, 0x17, 0x81, 0x93, 0x3e, 0x87, 0xb7, 0x17, 0x0f, 0x11, 0x93, 0x87,
	0xf7, 0x80, 0x1c, 0xc3, 0x83, 0x27, 0xc4, 0xfe, 0x9b, 0x87, 0x47, 0x3b,
	0x81, 0x27, 0x82, 0x17, 0x81, 0x93, 0x3e, 0x87, 0xb7, 0x17, 0x00, 0x08,
	0x93, 0x87, 0x07, 0x80, 0x1c, 0xc3, 0x83, 0x27, 0xc4, 0xfe, 0x9b, 0x87,
	0x87, 0x3b, 0x81, 0x27, 0x82, 0x17, 0x81, 0x93, 0x3e, 0x87, 0x93, 0x07,
	0x00, 0x60, 0x1c, 0xc3, 0x83, 0x27, 0xc4, 0xfe, 0x9b, 0x87, 0xc7, 0x3b,
	0x81, 0x27, 0x82, 0x17, 0x81, 0x93, 0x3e, 0x87, 0xb7, 0x07, 0x02, 0x02,
	0x93, 0x87, 0x47, 0x70, 0x1c, 0xc3, 0x83, 0x27, 0xc4, 0xfe, 0x9b, 0x87,
	0x07, 0x3c, 0x81, 0x27, 0x82, 0x17, 0x81, 0x93, 0x3e, 0x87, 0x8d, 0x47,
	0x1c, 0xc3, 0x83, 0x27, 0xc4, 0xfe, 0x9b, 0x87, 0x47, 0x3c, 0x81, 0x27,
	0x82, 0x17, 0x81, 0x93, 0x3e, 0x87, 0x8d, 0x47, 0x1c, 0xc3, 0x83, 0x27,
	0xc4, 0xfe, 0x9b, 0x87, 0x07, 0x40, 0x81, 0x27, 0x82, 0x17, 0x81, 0x93,
	0x3e, 0x87, 0xb7, 0x17, 0x00, 0x80, 0x93, 0x87, 0x07, 0x50, 0x1c, 0xc3,
	0x83, 0x27, 0xc4, 0xfe, 0x9b, 0x87, 0xc7, 0x16, 0x81, 0x27, 0x82, 0x17,
	0x81, 0x93, 0x3e, 0x87, 0x89, 0x67, 0xc1, 0x07, 0x1c, 0xc3, 0x83, 0x27,
	0xc4, 0xfe, 0x9b, 0x87, 0x87, 0x3d, 0x81, 0x27, 0x82, 0x17, 0x81, 0x93,
	0x3e, 0x87, 0xa1, 0x67, 0x93, 0x87, 0x07, 0x19, 0x1c, 0xc3, 0x83, 0x27,
	0xc4, 0xfe, 0x9b, 0x87, 0xc7, 0x34, 0x81, 0x27, 0x82, 0x17, 0x81, 0x93,
	0x3e, 0x87, 0xb7, 0x17, 0x03, 0x00, 0x93, 0x87, 0x87, 0x84, 0x1c, 0xc3,
	0x83, 0x27, 0xc4, 0xfe, 0x3e, 0x87, 0x83, 0x27, 0x84, 0xfe, 0xb9, 0x9f,
	0x81, 0x27, 0x9b, 0x87, 0x47, 0x3e, 0x81, 0x27, 0x82, 0x17, 0x81, 0x93,
	0x3e, 0x87, 0xb7, 0x07, 0x00, 0x0a, 0x93, 0x87, 0x07, 0x60, 0x1c, 0xc3,
	0x83, 0x27, 0xc4, 0xfe, 0x3e, 0x87, 0x83, 0x27, 0x84, 0xfe, 0xb9, 0x9f,
	0x81, 0x27, 0x9b, 0x87, 0xc7, 0x3e, 0x81, 0x27, 0x82, 0x17, 0x81, 0x93,
	0x3e, 0x87, 0x93, 0x07, 0x00, 0x48, 0x1c, 0xc3, 0x83, 0x27, 0xc4, 0xfe,
	0x9b, 0x87, 0x47, 0x30, 0x81, 0x27, 0x82, 0x17, 0x81, 0x93, 0x3e, 0x87,
	0xb7, 0x07, 0x80, 0x40, 0x93, 0x87, 0x07, 0x40, 0x1c, 0xc3, 0x83, 0x27,
	0xc4, 0xfe, 0x9b, 0x87, 0x07, 0x30, 0x81, 0x27, 0x82, 0x17, 0x81, 0x93,
	0x3e, 0x87, 0x93, 0x07, 0xa0, 0x60, 0x1c, 0xc3, 0x83, 0x27, 0xc4, 0xfe,
	0x9b, 0x87, 0xc7, 0x30, 0x81, 0x27, 0x82, 0x17, 0x81, 0x93, 0x3e, 0x87,
	0x93, 0x07, 0x00, 0x05, 0x1c, 0xc3, 0x83, 0x27, 0xc4, 0xfe, 0x9b, 0x87,
	0x07, 0x31, 0x81, 0x27, 0x82, 0x17, 0x81, 0x93, 0x23, 0xa0, 0x07, 0x00,
	0x83, 0x27, 0xc4, 0xfe, 0x9b, 0x87, 0x47, 0x31, 0x81, 0x27, 0x82, 0x17,
	0x81, 0x93, 0x23, 0xa0, 0x07, 0x00, 0x83, 0x27, 0xc4, 0xfe, 0x9b, 0x87,
	0xc7, 0x38, 0x81, 0x27, 0x82, 0x17, 0x81, 0x93, 0x3e, 0x87, 0xb7, 0x07,
	0x1b, 0x00, 0x1c, 0xc3, 0x83, 0x27, 0xc4, 0xfe, 0x9b, 0x87, 0x07, 0x39,
	0x81, 0x27, 0x82, 0x17, 0x81, 0x93, 0x3e, 0x87, 0xb7, 0x07, 0x15, 0x02,
	0xc1, 0x07, 0x1c, 0xc3, 0x83, 0x27, 0xc4, 0xfe, 0x9b, 0x87, 0x47, 0x39,
	0x81, 0x27, 0x82, 0x17, 0x81, 0x93, 0x3e, 0x87, 0xb7, 0x07, 0x60, 0x00,
	0x93, 0x87, 0x67, 0x06, 0x1c, 0xc3, 0x83, 0x27, 0xc4, 0xfe, 0x9b, 0x87,
	0x87, 0x39, 0x81, 0x27, 0x82, 0x17, 0x81, 0x93, 0x3e, 0x87, 0xb7, 0x07,
	0x64, 0x00, 0x93, 0x87, 0x47, 0x06, 0x1c, 0xc3, 0x83, 0x27, 0xc4, 0xfe,
	0x9b, 0x87, 0xc7, 0x39, 0x81, 0x27, 0x82, 0x17, 0x81, 0x93, 0x3e, 0x87,
	0xb7, 0x17, 0x08, 0x00, 0x93, 0x87, 0x87, 0x80, 0x1c, 0xc3, 0x83, 0x27,
	0xc4, 0xfe, 0x9b, 0x87, 0x07, 0x3a, 0x81, 0x27, 0x82, 0x17, 0x81, 0x93,
	0x3e, 0x87, 0xb7, 0x07, 0x08, 0x05, 0x93, 0x87, 0x57, 0x50, 0x1c, 0xc3,
	0x83, 0x27, 0xc4, 0xfe, 0x9b, 0x87, 0x47, 0x3a, 0x81, 0x27, 0x82, 0x17,
	0x81, 0x93, 0x3e, 0x87, 0x8d, 0x47, 0x1c, 0xc3, 0x83, 0x27, 0xc4, 0xfe,
	0x9b, 0x87, 0x87, 0x3a, 0x81, 0x27, 0x82, 0x17, 0x81, 0x93, 0x3e, 0x87,
	0x93, 0x07, 0xa0, 0x20, 0x1c, 0xc3, 0x83, 0x27, 0xc4, 0xfe, 0x9b, 0x87,
	0xc7, 0x3a, 0x81, 0x27, 0x82, 0x17, 0x81, 0x93, 0x3e, 0x87, 0xb7, 0x17,
	0x22, 0x16, 0x93, 0x87, 0x77, 0xa1, 0x1c, 0xc3, 0x83, 0x27, 0xc4, 0xfe,
	0x9b, 0x87, 0x07, 0x3b, 0x81, 0x27, 0x82, 0x17, 0x81, 0x93, 0x3e, 0x87,
	0xb7, 0x17, 0x0a, 0x0c, 0x93, 0x87, 0xa7, 0x80, 0x1c, 0xc3, 0x83, 0x27,
	0xc4, 0xfe, 0x9b, 0x87, 0x47, 0x3b, 0x81, 0x27, 0x82, 0x17, 0x81, 0x93,
	0x3e, 0x87, 0xb7, 0x17, 0x00, 0x08, 0x93, 0x87, 0x07, 0x80, 0x1c, 0xc3,
	0x83, 0x27, 0xc4, 0xfe, 0x9b, 0x87, 0x87, 0x3b, 0x81, 0x27, 0x82, 0x17,
	0x81, 0x93, 0x3e, 0x87, 0x93, 0x07, 0x00, 0x60, 0x1c, 0xc3, 0x83, 0x27,
	0xc4, 0xfe, 0x9b, 0x87, 0xc7, 0x3b, 0x81, 0x27, 0x82, 0x17, 0x81, 0x93,
	0x3e, 0x87, 0xb7, 0x07, 0x02, 0x00, 0x93, 0x87, 0x37, 0x70, 0x1c, 0xc3,
	0x83, 0x27, 0xc4, 0xfe, 0x9b, 0x87, 0x07, 0x3c, 0x81, 0x27, 0x82, 0x17,
	0x81, 0x93, 0x3e, 0x87, 0x89, 0x47, 0x1c, 0xc3, 0x83, 0x27, 0xc4, 0xfe,
	0x9b, 0x87, 0x47, 0x3c, 0x81, 0x27, 0x82, 0x17, 0x81, 0x93, 0x3e, 0x87,
	0x89, 0x47, 0x1c, 0xc3, 0x83, 0x27, 0xc4, 0xfe, 0x9b, 0x87, 0x07, 0x40,
	0x81, 0x27, 0x82, 0x17, 0x81, 0x93, 0x3e, 0x87, 0xb7, 0x17, 0x00, 0x80,
	0x93, 0x87, 0x07, 0x20, 0x1c, 0xc3, 0x83, 0x27, 0xc4, 0xfe, 0x9b, 0x87,
	0x87, 0x3d, 0x81, 0x27, 0x82, 0x17, 0x81, 0x93, 0x3e, 0x87, 0xa1, 0x67,
	0x93, 0x87, 0x07, 0x19, 0x1c, 0xc3, 0x83, 0x27, 0xc4, 0xfe, 0x9b, 0x87,
	0xc7, 0x34, 0x81, 0x27, 0x82, 0x17, 0x81, 0x93, 0x3e, 0x87, 0xa5, 0x67,
	0x93, 0x87, 0x87, 0x80, 0x1c, 0xc3, 0x83, 0x27, 0xc4, 0xfe, 0x3e, 0x87,
	0x83, 0x27, 0x84, 0xfe, 0xb9, 0x9f, 0x81, 0x27, 0x9b, 0x87, 0x47, 0x3e,
	0x81, 0x27, 0x82, 0x17, 0x81, 0x93, 0x3e, 0x87, 0xb7, 0x07, 0x00, 0x07,
	0x93, 0x87, 0x07, 0x40, 0x1c, 0xc3, 0x83, 0x27, 0xc4, 0xfe, 0x3e, 0x87,
	0x83, 0x27, 0x84, 0xfe, 0xb9, 0x9f, 0x81, 0x27, 0x9b, 0x87, 0xc7, 0x3e,
	0x81, 0x27, 0x82, 0x17, 0x81, 0x93, 0x3e, 0x87, 0x93, 0x07, 0x00, 0x48,
	0x1c, 0xc3, 0x83, 0x27, 0xc4, 0xfe, 0x9b, 0x87, 0x47, 0x30, 0x81, 0x27,
	0x82, 0x17, 0x81, 0x93, 0x3e, 0x87, 0xb7, 0x07, 0x80, 0x00, 0x93, 0x87,
	0x07, 0x40, 0x1c, 0xc3, 0x83, 0x27, 0xc4, 0xfe, 0x9b, 0x87, 0x07, 0x30,
	0x81, 0x27, 0x82, 0x17, 0x81, 0x93, 0x3e, 0x87, 0x93, 0x07, 0x60, 0x40,
	0x1c, 0xc3, 0x83, 0x27, 0xc4, 0xfe, 0x9b, 0x87, 0xc7, 0x30, 0x81, 0x27,
	0x82, 0x17, 0x81, 0x93, 0x3e, 0x87, 0xc1, 0x47, 0x1c, 0xc3, 0x83, 0x27,
	0xc4, 0xfe, 0x9b, 0x87, 0xc7, 0x38, 0x81, 0x27, 0x82, 0x17, 0x81, 0x93,
	0x3e, 0x87, 0xb7, 0x07, 0x0e, 0x00, 0x1c, 0xc3, 0x83, 0x27, 0xc4, 0xfe,
	0x9b, 0x87, 0x07, 0x39, 0x81, 0x27, 0x82, 0x17, 0x81, 0x93, 0x3e, 0x87,
	0xb7, 0x07, 0x0b, 0x01, 0xa5, 0x07, 0x1c, 0xc3, 0x83, 0x27, 0xc4, 0xfe,
	0x9b, 0x87, 0x47, 0x39, 0x81, 0x27, 0x82, 0x17, 0x81, 0x93, 0x3e, 0x87,
	0xb7, 0x07, 0x31, 0x00, 0x93, 0x87, 0x67, 0x06, 0x1c, 0xc3, 0x83, 0x27,
	0xc4, 0xfe, 0x9b, 0x87, 0x87, 0x39, 0x81, 0x27, 0x82, 0x17, 0x81, 0x93,
	0x3e, 0x87, 0xb7, 0x07, 0x33, 0x00, 0x93, 0x87, 0x37, 0x03, 0x1c, 0xc3,
	0x83, 0x27, 0xc4, 0xfe, 0x9b, 0x87, 0xc7, 0x39, 0x81, 0x27, 0x82, 0x17,
	0x81, 0x93, 0x3e, 0x87, 0x93, 0x07, 0x50, 0x50, 0x1c, 0xc3, 0x83, 0x27,
	0xc4, 0xfe, 0x9b, 0x87, 0x07, 0x3a, 0x81, 0x27, 0x82, 0x17, 0x81, 0x93,
	0x3e, 0x87, 0xb7, 0x07, 0x05, 0x05, 0x93, 0x87, 0x57, 0x50, 0x1c, 0xc3,
	0x83, 0x27, 0xc4, 0xfe, 0x9b, 0x87, 0x47, 0x3a, 0x81, 0x27, 0x82, 0x17,
	0x81, 0x93, 0x3e, 0x87, 0x8d, 0x47, 0x1c, 0xc3, 0x83, 0x27, 0xc4, 0xfe,
	0x9b, 0x87, 0x87, 0x3a, 0x81, 0x27, 0x82, 0x17, 0x81, 0x93, 0x3e, 0x87,
	0x93, 0x07, 0xa0, 0x20, 0x1c, 0xc3, 0x83, 0x27, 0xc4, 0xfe, 0x9b, 0x87,
	0xc7, 0x3a, 0x81, 0x27, 0x82, 0x17, 0x81, 0x93, 0x3e, 0x87, 0xb7, 0x07,
	0x11, 0x0b, 0x93, 0x87, 0xc7, 0x50, 0x1c, 0xc3, 0x83, 0x27, 0xc4, 0xfe,
	0x9b, 0x87, 0x07, 0x3b, 0x81, 0x27, 0x82, 0x17, 0x81, 0x93, 0x3e, 0x87,
	0xb7, 0x17, 0x06, 0x06, 0x93, 0x87, 0x57, 0x80, 0x1c, 0xc3, 0x83, 0x27,
	0xc4, 0xfe, 0x9b, 0x87, 0x47, 0x3b, 0x81, 0x27, 0x82, 0x17, 0x81, 0x93,
	0x3e, 0x87, 0xb7, 0x17, 0x00, 0x08, 0x93, 0x87, 0x07, 0x80, 0x1c, 0xc3,
	0x83, 0x27, 0xc4, 0xfe, 0x9b, 0x87, 0x87, 0x3b, 0x81, 0x27, 0x82, 0x17,
	0x81, 0x93, 0x3e, 0x87, 0x93, 0x07, 0x00, 0x40, 0x1c, 0xc3, 0x83, 0x27,
	0xc4, 0xfe, 0x9b, 0x87, 0xc7, 0x3b, 0x81, 0x27, 0x82, 0x17, 0x81, 0x93,
	0x3e, 0x87, 0xb7, 0x07, 0x02, 0x00, 0x93, 0x87, 0x37, 0x30, 0x1c, 0xc3,
	0x83, 0x27, 0xc4, 0xfe, 0x9b, 0x87, 0x07, 0x3c, 0x81, 0x27, 0x82, 0x17,
	0x81, 0x93, 0x3e, 0x87, 0x89, 0x47, 0x1c, 0xc3, 0x83, 0x27, 0xc4, 0xfe,
	0x9b, 0x87, 0x47, 0x3c, 0x81, 0x27, 0x82, 0x17, 0x81, 0x93, 0x3e, 0x87,
	0x85, 0x47, 0x1c, 0xc3, 0x83, 0x27, 0xc4, 0xfe, 0x9b, 0x87, 0x87, 0x3c,
	0x81, 0x27, 0x82, 0x17, 0x81, 0x93, 0x3e, 0x87, 0x85, 0x67, 0x93, 0x87,
	0xa7, 0xa0, 0x1c, 0xc3, 0x83, 0x27, 0xc4, 0xfe, 0x9b, 0x87, 0x07, 0x40,
	0x81, 0x27, 0x82, 0x17, 0x81, 0x93, 0x3e, 0x87, 0xb7, 0x17, 0x00, 0x80,
	0x93, 0x87, 0x07, 0x20, 0x1c, 0xc3, 0x83, 0x27, 0xc4, 0xfe, 0x3e, 0x87,
	0x83, 0x27, 0x84, 0xfe, 0xb9, 0x9f, 0x81, 0x27, 0x9b, 0x87, 0x47, 0x3e,
	0x81, 0x27, 0x82, 0x17, 0x81, 0x93, 0x3e, 0x87, 0xb7, 0x07, 0x00, 0x04,
	0x93, 0x87, 0x07, 0x20, 0x1c, 0xc3, 0x01, 0x00, 0xa2, 0x70, 0x02, 0x74,
	0x45, 0x61, 0x82, 0x80, 0x11, 0x71, 0x86, 0xfd, 0xa2, 0xf9, 0x00, 0x02,
	0xaa, 0x87, 0x23, 0x30, 0xb4, 0xf0, 0x23, 0x26, 0xf4, 0xf0, 0x85, 0x67,
	0x23, 0x24, 0xf4, 0xfe, 0x93, 0x07, 0x00, 0x30, 0x23, 0x2c, 0xf4, 0xf6,
	0x93, 0x07, 0xc0, 0x30, 0x23, 0x2e, 0xf4, 0xf6, 0x93, 0x07, 0x00, 0x31,
	0x23, 0x20, 0xf4, 0xf8, 0x93, 0x07, 0x40, 0x31, 0x23, 0x22, 0xf4, 0xf8,
	0x93, 0x07, 0xc0, 0x38, 0x23, 0x24, 0xf4, 0xf8, 0x93, 0x07, 0x00, 0x39,
	0x23, 0x26, 0xf4, 0xf8, 0x93, 0x07, 0x40, 0x39, 0x23, 0x28, 0xf4, 0xf8,
	0x93, 0x07, 0xc0, 0x3f, 0x23, 0x2a, 0xf4, 0xf8, 0x93, 0x07, 0x80, 0x39,
	0x23, 0x2c, 0xf4, 0xf8, 0x93, 0x07, 0xc0, 0x39, 0x23, 0x2e, 0xf4, 0xf8,
	0x93, 0x07, 0x00, 0x3a, 0x23, 0x20, 0xf4, 0xfa, 0x93, 0x07, 0x40, 0x3a,
	0x23, 0x22, 0xf4, 0xfa, 0x93, 0x07, 0x80, 0x3a, 0x23, 0x24, 0xf4, 0xfa,
	0x93, 0x07, 0xc0, 0x3a, 0x23, 0x26, 0xf4, 0xfa, 0x93, 0x07, 0x00, 0x3b,
	0x23, 0x28, 0xf4, 0xfa, 0x93, 0x07, 0x40, 0x3b, 0x23, 0x2a, 0xf4, 0xfa,
	0x93, 0x07, 0x80, 0x3b, 0x23, 0x2c, 0xf4, 0xfa, 0x93, 0x07, 0xc0, 0x3b,
	0x23, 0x2e, 0xf4, 0xfa, 0x93, 0x07, 0x00, 0x3c, 0x23, 0x20, 0xf4, 0xfc,
	0x93, 0x07, 0x40, 0x3c, 0x23, 0x22, 0xf4, 0xfc, 0x93, 0x07, 0x00, 0x40,
	0x23, 0x24, 0xf4, 0xfc, 0x93, 0x07, 0x80, 0x3d, 0x23, 0x26, 0xf4, 0xfc,
	0x93, 0x07, 0xc0, 0x34, 0x23, 0x28, 0xf4, 0xfc, 0x83, 0x27, 0x84, 0xfe,
	0x9b, 0x87, 0x47, 0x3e, 0x81, 0x27, 0x23, 0x2a, 0xf4, 0xfc, 0x83, 0x27,
	0x84, 0xfe, 0x9b, 0x87, 0xc7, 0x3e, 0x81, 0x27, 0x23, 0x2c, 0xf4, 0xfc,
	0x93, 0x07, 0x04, 0xf1, 0x13, 0x07, 0x84, 0xf7, 0x93, 0x06, 0x40, 0x06,
	0x36, 0x86, 0xba, 0x85, 0x3e, 0x85, 0xef, 0xe0, 0xdf, 0x86, 0xe5, 0x47,
	0x23, 0x22, 0xf4, 0xfe, 0x23, 0x26, 0x04, 0xfe, 0x71, 0xa0, 0x83, 0x67,
	0xc4, 0xfe, 0x8a, 0x07, 0xc1, 0x17, 0xa2, 0x97, 0x83, 0xa7, 0x07, 0xf2,
	0x81, 0x27, 0x03, 0x27, 0xc4, 0xf0, 0xb9, 0x9f, 0x81, 0x27, 0x82, 0x17,
	0x81, 0x93, 0x9c, 0x43, 0x23, 0x20, 0xf4, 0xfe, 0x83, 0x27, 0xc4, 0xf0,
	0x9b, 0x87, 0x47, 0x07, 0x81, 0x27, 0x82, 0x17, 0x81, 0x93, 0x3e, 0x87,
	0x83, 0x27, 0x04, 0xfe, 0x1c, 0xc3, 0x83, 0x27, 0xc4, 0xf0, 0x9b, 0x87,
	0x87, 0x07, 0x81, 0x27, 0x82, 0x17, 0x81, 0x93, 0x3e, 0x87, 0x83, 0x67,
	0xc4, 0xfe, 0x8a, 0x07, 0xc1, 0x17, 0xa2, 0x97, 0x83, 0xa7, 0x07, 0xf2,
	0x81, 0x27, 0x1c, 0xc3, 0x83, 0x37, 0x04, 0xf0, 0x9c, 0x43, 0x81, 0x27,
	0x1b, 0x87, 0x17, 0x00, 0x9b, 0x06, 0x07, 0x00, 0x03, 0x37, 0x04, 0xf0,
	0x14, 0xc3, 0x03, 0x27, 0xc4, 0xf0, 0x1b, 0x07, 0x07, 0x07, 0x01, 0x27,
	0x02, 0x17, 0x01, 0x93, 0x1c, 0xc3, 0x83, 0x27, 0xc4, 0xfe, 0x85, 0x27,
	0x23, 0x26, 0xf4, 0xfe, 0x83, 0x27, 0xc4, 0xfe, 0x3e, 0x87, 0x83, 0x27,
	0x44, 0xfe, 0x01, 0x27, 0x81, 0x27, 0xe3, 0x64, 0xf7, 0xf6, 0x01, 0x00,
	0x01, 0x00, 0xee, 0x70, 0x4e, 0x74, 0x11, 0x61, 0x82, 0x80, 0x71, 0x71,
	0x06, 0xf5, 0x22, 0xf1, 0x00, 0x19, 0xaa, 0x87, 0x23, 0x2e, 0xf4, 0xf4,
	0x93, 0x07, 0x00, 0x20, 0x23, 0x2a, 0xf4, 0xfc, 0x23, 0x26, 0x04, 0xfe,
	0x93, 0x07, 0x40, 0x30, 0x23, 0x28, 0xf4, 0xfc, 0x17, 0x37, 0x00, 0x00,
	0x13, 0x07, 0xc7, 0xce, 0x93, 0x07, 0x04, 0xf6, 0xba, 0x86, 0x13, 0x07,
	0x00, 0x07, 0x3a, 0x86, 0xb6, 0x85, 0x3e, 0x85, 0xef, 0xe0, 0xaf, 0xf7,
	0x83, 0x27, 0xc4, 0xf5, 0x9b, 0x87, 0x47, 0x04, 0x81, 0x27, 0x82, 0x17,
	0x81, 0x93, 0x9c, 0x43, 0x23, 0x24, 0xf4, 0xfe, 0x83, 0x27, 0x84, 0xfe,
	0x3e, 0x87, 0x85, 0x67, 0x91, 0x07, 0xd9, 0x8f, 0x23, 0x22, 0xf4, 0xfe,
	0x83, 0x27, 0xc4, 0xf5, 0x9b, 0x87, 0x47, 0x07, 0x81, 0x27, 0x82, 0x17,
	0x81, 0x93, 0x3e, 0x87, 0x83, 0x27, 0x44, 0xfe, 0x1c, 0xc3, 0x83, 0x27,
	0xc4, 0xf5, 0x9b, 0x87, 0x87, 0x07, 0x81, 0x27, 0x82, 0x17, 0x81, 0x93,
	0x3e, 0x87, 0xc1, 0x67, 0x93, 0x87, 0x47, 0x04, 0x1c, 0xc3, 0x83, 0x27,
	0x44, 0xfd, 0x81, 0x27, 0x1b, 0x87, 0x17, 0x00, 0x01, 0x27, 0x23, 0x2a,
	0xe4, 0xfc, 0x03, 0x27, 0xc4, 0xf5, 0x1b, 0x07, 0x07, 0x07, 0x01, 0x27,
	0x02, 0x17, 0x01, 0x93, 0x1c, 0xc3, 0xf1, 0x47, 0x23, 0x20, 0xf4, 0xfe,
	0x23, 0x26, 0x04, 0xfe, 0x79, 0xa0, 0x83, 0x67, 0xc4, 0xfe, 0x8a, 0x07,
	0xc1, 0x17, 0xa2, 0x97, 0x83, 0xa7, 0x07, 0xf7, 0x81, 0x27, 0x03, 0x27,
	0xc4, 0xf5, 0xb9, 0x9f, 0x81, 0x27, 0x82, 0x17, 0x81, 0x93, 0x9c, 0x43,
	0x23, 0x22, 0xf4, 0xfe, 0x83, 0x27, 0xc4, 0xf5, 0x9b, 0x87, 0x47, 0x07,
	0x81, 0x27, 0x82, 0x17, 0x81, 0x93, 0x3e, 0x87, 0x83, 0x27, 0x44, 0xfe,
	0x1c, 0xc3, 0x83, 0x67, 0xc4, 0xfe, 0x8a, 0x07, 0xc1, 0x17, 0xa2, 0x97,
	0x83, 0xa7, 0x07, 0xf7, 0x81, 0x27, 0x03, 0x27, 0xc4, 0xf5, 0x1b, 0x07,
	0x87, 0x07, 0x01, 0x27, 0x02, 0x17, 0x01, 0x93, 0xbe, 0x86, 0xc1, 0x67,
	0xfd, 0x17, 0xf5, 0x8f, 0x81, 0x27, 0x1c, 0xc3, 0x83, 0x27, 0x44, 0xfd,
	0x81, 0x27, 0x1b, 0x87, 0x17, 0x00, 0x01, 0x27, 0x23, 0x2a, 0xe4, 0xfc,
	0x03, 0x27, 0xc4, 0xf5, 0x1b, 0x07, 0x07, 0x07, 0x01, 0x27, 0x02, 0x17,
	0x01, 0x93, 0x1c, 0xc3, 0x83, 0x27, 0xc4, 0xfe, 0x85, 0x27, 0x23, 0x26,
	0xf4, 0xfe, 0x83, 0x27, 0xc4, 0xfe, 0x3e, 0x87, 0x83, 0x27, 0x04, 0xfe,
	0x01, 0x27, 0x81, 0x27, 0xe3, 0x63, 0xf7, 0xf6, 0x83, 0x27, 0x04, 0xfd,
	0x81, 0x27, 0x03, 0x27, 0xc4, 0xf5, 0xb9, 0x9f, 0x81, 0x27, 0x82, 0x17,
	0x81, 0x93, 0x9c, 0x43, 0x23, 0x2e, 0xf4, 0xfc, 0x83, 0x27, 0xc4, 0xfd,
	0x23, 0x22, 0xf4, 0xfe, 0x83, 0x27, 0x44, 0xfe, 0x3e, 0x87, 0xb7, 0x07,
	0x00, 0x10, 0xfd, 0x17, 0xf9, 0x8f, 0x23, 0x22, 0xf4, 0xfe, 0x83, 0x27,
	0x44, 0xfe, 0x23, 0x2c, 0xf4, 0xfc, 0x83, 0x27, 0x04, 0xfd, 0x81, 0x27,
	0x03, 0x27, 0xc4, 0xf5, 0xb9, 0x9f, 0x81, 0x27, 0x82, 0x17, 0x81, 0x93,
	0x3e, 0x87, 0x83, 0x27, 0x84, 0xfd, 0x1c, 0xc3, 0x83, 0x27, 0xc4, 0xf5,
	0x9b, 0x87, 0x47, 0x07, 0x81, 0x27, 0x82, 0x17, 0x81, 0x93, 0x3e, 0x87,
	0x83, 0x27, 0x84, 0xfd, 0x1c, 0xc3, 0x83, 0x27, 0xc4, 0xf5, 0x9b, 0x87,
	0x87, 0x07, 0x81, 0x27, 0x82, 0x17, 0x81, 0x93, 0x3e, 0x87, 0x83, 0x27,
	0x04, 0xfd, 0x81, 0x27, 0x1c, 0xc3, 0x83, 0x27, 0x44, 0xfd, 0x81, 0x27,
	0x1b, 0x87, 0x17, 0x00, 0x01, 0x27, 0x23, 0x2a, 0xe4, 0xfc, 0x03, 0x27,
	0xc4, 0xf5, 0x1b, 0x07, 0x07, 0x07, 0x01, 0x27, 0x02, 0x17, 0x01, 0x93,
	0x1c, 0xc3, 0x13, 0x07, 0x44, 0xfd, 0x83, 0x27, 0xc4, 0xf5, 0xba, 0x85,
	0x3e, 0x85, 0xef, 0xf0, 0x3f, 0xc4, 0x83, 0x27, 0x44, 0xfe, 0x3e, 0x87,
	0xb7, 0x07, 0x00, 0x50, 0xd9, 0x8f, 0x23, 0x2c, 0xf4, 0xfc, 0x83, 0x27,
	0x04, 0xfd, 0x81, 0x27, 0x03, 0x27, 0xc4, 0xf5, 0xb9, 0x9f, 0x81, 0x27,
	0x82, 0x17, 0x81, 0x93, 0x3e, 0x87, 0x83, 0x27, 0x84, 0xfd, 0x1c, 0xc3,
	0x83, 0x27, 0x84, 0xfd, 0x3e, 0x87, 0xb7, 0x07, 0x00, 0xd0, 0xfd, 0x17,
	0xf9, 0x8f, 0x23, 0x2c, 0xf4, 0xfc, 0x83, 0x27, 0xc4, 0xf5, 0x9b, 0x87,
	0x47, 0x07, 0x81, 0x27, 0x82, 0x17, 0x81, 0x93, 0x3e, 0x87, 0x83, 0x27,
	0x84, 0xfd, 0x1c, 0xc3, 0x83, 0x27, 0xc4, 0xf5, 0x9b, 0x87, 0x87, 0x07,
	0x81, 0x27, 0x82, 0x17, 0x81, 0x93, 0x3e, 0x87, 0x83, 0x27, 0x04, 0xfd,
	0x81, 0x27, 0x1c, 0xc3, 0x83, 0x27, 0x44, 0xfd, 0x81, 0x27, 0x1b, 0x87,
	0x17, 0x00, 0x01, 0x27, 0x23, 0x2a, 0xe4, 0xfc, 0x03, 0x27, 0xc4, 0xf5,
	0x1b, 0x07, 0x07, 0x07, 0x01, 0x27, 0x02, 0x17, 0x01, 0x93, 0x1c, 0xc3,
	0x13, 0x07, 0x44, 0xfd, 0x83, 0x27, 0xc4, 0xf5, 0xba, 0x85, 0x3e, 0x85,
	0xef, 0xf0, 0x9f, 0xba, 0x83, 0x27, 0x44, 0xfe, 0x3e, 0x87, 0xb7, 0x07,
	0x00, 0xa0, 0xd9, 0x8f, 0x23, 0x2c, 0xf4, 0xfc, 0x83, 0x27, 0x04, 0xfd,
	0x81, 0x27, 0x03, 0x27, 0xc4, 0xf5, 0xb9, 0x9f, 0x81, 0x27, 0x82, 0x17,
	0x81, 0x93, 0x3e, 0x87, 0x83, 0x27, 0x84, 0xfd, 0x1c, 0xc3, 0x83, 0x27,
	0x84, 0xfd, 0x3e, 0x87, 0xb7, 0x07, 0x00, 0xd0, 0xfd, 0x17, 0xf9, 0x8f,
	0x23, 0x2c, 0xf4, 0xfc, 0x83, 0x27, 0xc4, 0xf5, 0x9b, 0x87, 0x47, 0x07,
	0x81, 0x27, 0x82, 0x17, 0x81, 0x93, 0x3e, 0x87, 0x83, 0x27, 0x84, 0xfd,
	0x1c, 0xc3, 0x83, 0x27, 0xc4, 0xf5, 0x9b, 0x87, 0x87, 0x07, 0x81, 0x27,
	0x82, 0x17, 0x81, 0x93, 0x3e, 0x87, 0x83, 0x27, 0x04, 0xfd, 0x81, 0x27,
	0x1c, 0xc3, 0x83, 0x27, 0x44, 0xfd, 0x81, 0x27, 0x1b, 0x87, 0x17, 0x00,
	0x01, 0x27, 0x23, 0x2a, 0xe4, 0xfc, 0x03, 0x27, 0xc4, 0xf5, 0x1b, 0x07,
	0x07, 0x07, 0x01, 0x27, 0x02, 0x17, 0x01, 0x93, 0x1c, 0xc3, 0x13, 0x07,
	0x44, 0xfd, 0x83, 0x27, 0xc4, 0xf5, 0xba, 0x85, 0x3e, 0x85, 0xef, 0xf0,
	0xff, 0xb0, 0x83, 0x27, 0x44, 0xfe, 0x3e, 0x87, 0xb7, 0x07, 0x00, 0xf0,
	0xd9, 0x8f, 0x23, 0x2c, 0xf4, 0xfc, 0x83, 0x27, 0x04, 0xfd, 0x81, 0x27,
	0x03, 0x27, 0xc4, 0xf5, 0xb9, 0x9f, 0x81, 0x27, 0x82, 0x17, 0x81, 0x93,
	0x3e, 0x87, 0x83, 0x27, 0x84, 0xfd, 0x1c, 0xc3, 0x83, 0x27, 0x84, 0xfd,
	0x3e, 0x87, 0xb7, 0x07, 0x00, 0xd0, 0xfd, 0x17, 0xf9, 0x8f, 0x23, 0x2c,
	0xf4, 0xfc, 0x83, 0x27, 0xc4, 0xf5, 0x9b, 0x87, 0x47, 0x07, 0x81, 0x27,
	0x82, 0x17, 0x81, 0x93, 0x3e, 0x87, 0x83, 0x27, 0x84, 0xfd, 0x1c, 0xc3,
	0x83, 0x27, 0xc4, 0xf5, 0x9b, 0x87, 0x87, 0x07, 0x81, 0x27, 0x82, 0x17,
	0x81, 0x93, 0x3e, 0x87, 0x83, 0x27, 0x04, 0xfd, 0x81, 0x27, 0x1c, 0xc3,
	0x83, 0x27, 0x44, 0xfd, 0x81, 0x27, 0x1b, 0x87, 0x17, 0x00, 0x01, 0x27,
	0x23, 0x2a, 0xe4, 0xfc, 0x03, 0x27, 0xc4, 0xf5, 0x1b, 0x07, 0x07, 0x07,
	0x01, 0x27, 0x02, 0x17, 0x01, 0x93, 0x1c, 0xc3, 0x13, 0x07, 0x44, 0xfd,
	0x83, 0x27, 0xc4, 0xf5, 0xba, 0x85, 0x3e, 0x85, 0xef, 0xf0, 0x5f, 0xa7,
	0x83, 0x27, 0x44, 0xfd, 0xbe, 0x85, 0x17, 0x35, 0x00, 0x00, 0x13, 0x05,
	0x65, 0x88, 0xef, 0xe0, 0x8f, 0xba, 0x83, 0x27, 0xc4, 0xf5, 0x9b, 0x87,
	0x47, 0x07, 0x81, 0x27, 0x82, 0x17, 0x81, 0x93, 0x3e, 0x87, 0xb7, 0x07,
	0x00, 0x13, 0xa1, 0x07, 0x1c, 0xc3, 0x83, 0x27, 0xc4, 0xf5, 0x9b, 0x87,
	0x87, 0x07, 0x81, 0x27, 0x82, 0x17, 0x81, 0x93, 0x3e, 0x87, 0x93, 0x07,
	0x00, 0x02, 0x1c, 0xc3, 0x83, 0x27, 0x44, 0xfd, 0x81, 0x27, 0x1b, 0x87,
	0x17, 0x00, 0x01, 0x27, 0x23, 0x2a, 0xe4, 0xfc, 0x03, 0x27, 0xc4, 0xf5,
	0x1b, 0x07, 0x07, 0x07, 0x01, 0x27, 0x02, 0x17, 0x01, 0x93, 0x1c, 0xc3,
	0x83, 0x27, 0xc4, 0xf5, 0x9b, 0x87, 0x47, 0x07, 0x81, 0x27, 0x82, 0x17,
	0x81, 0x93, 0x3e, 0x87, 0xb7, 0x07, 0x00, 0x13, 0x91, 0x07, 0x1c, 0xc3,
	0x83, 0x27, 0xc4, 0xf5, 0x9b, 0x87, 0x87, 0x07, 0x81, 0x27, 0x82, 0x17,
	0x81, 0x93, 0x3e, 0x87, 0x93, 0x07, 0x00, 0x02, 0x1c, 0xc3, 0x83, 0x27,
	0x44, 0xfd, 0x81, 0x27, 0x1b, 0x87, 0x17, 0x00, 0x01, 0x27, 0x23, 0x2a,
	0xe4, 0xfc, 0x03, 0x27, 0xc4, 0xf5, 0x1b, 0x07, 0x07, 0x07, 0x01, 0x27,
	0x02, 0x17, 0x01, 0x93, 0x1c, 0xc3, 0x97, 0x37, 0x00, 0x00, 0x83, 0xb7,
	0xe7, 0x8f, 0x9c, 0x43, 0x3e, 0x87, 0x85, 0x47, 0x63, 0x08, 0xf7, 0x04,
	0x83, 0x27, 0xc4, 0xf5, 0x9b, 0x87, 0x47, 0x07, 0x81, 0x27, 0x82, 0x17,
	0x81, 0x93, 0x3e, 0x87, 0xb7, 0x07, 0x02, 0x13, 0x1c, 0xc3, 0x83, 0x27,
	0xc4, 0xf5, 0x9b, 0x87, 0x87, 0x07, 0x81, 0x27, 0x82, 0x17, 0x81, 0x93,
	0x3e, 0x87, 0x93, 0x07, 0x80, 0x02, 0x1c, 0xc3, 0x83, 0x27, 0x44, 0xfd,
	0x81, 0x27, 0x1b, 0x87, 0x17, 0x00, 0x01, 0x27, 0x23, 0x2a, 0xe4, 0xfc,
	0x03, 0x27, 0xc4, 0xf5, 0x1b, 0x07, 0x07, 0x07, 0x01, 0x27, 0x02, 0x17,
	0x01, 0x93, 0x1c, 0xc3, 0x83, 0x27, 0xc4, 0xf5, 0x9b, 0x87, 0x47, 0x07,
	0x81, 0x27, 0x82, 0x17, 0x81, 0x93, 0x3e, 0x87, 0xb7, 0x07, 0x00, 0x13,
	0x85, 0x07, 0x1c, 0xc3, 0x83, 0x27, 0xc4, 0xf5, 0x9b, 0x87, 0x87, 0x07,
	0x81, 0x27, 0x82, 0x17, 0x81, 0x93, 0x3e, 0x87, 0x85, 0x67, 0x93, 0x87,
	0x07, 0x3d, 0x1c, 0xc3, 0x83, 0x27, 0x44, 0xfd, 0x81, 0x27, 0x1b, 0x87,
	0x17, 0x00, 0x01, 0x27, 0x23, 0x2a, 0xe4, 0xfc, 0x03, 0x27, 0xc4, 0xf5,
	0x1b, 0x07, 0x07, 0x07, 0x01, 0x27, 0x02, 0x17, 0x01, 0x93, 0x1c, 0xc3,
	0x83, 0x27, 0xc4, 0xf5, 0x9b, 0x87, 0x47, 0x07, 0x81, 0x27, 0x82, 0x17,
	0x81, 0x93, 0x3e, 0x87, 0xa1, 0x67, 0x1c, 0xc3, 0x83, 0x27, 0xc4, 0xf5,
	0x9b, 0x87, 0x87, 0x07, 0x81, 0x27, 0x82, 0x17, 0x81, 0x93, 0x3e, 0x87,
	0x8d, 0x67, 0x93, 0x87, 0xc7, 0x3f, 0x1c, 0xc3, 0x83, 0x27, 0x44, 0xfd,
	0x81, 0x27, 0x1b, 0x87, 0x17, 0x00, 0x01, 0x27, 0x23, 0x2a, 0xe4, 0xfc,
	0x03, 0x27, 0xc4, 0xf5, 0x1b, 0x07, 0x07, 0x07, 0x01, 0x27, 0x02, 0x17,
	0x01, 0x93, 0x1c, 0xc3, 0x83, 0x27, 0xc4, 0xf5, 0x9b, 0x87, 0x47, 0x07,
	0x81, 0x27, 0x82, 0x17, 0x81, 0x93, 0x3e, 0x87, 0xa1, 0x67, 0x1c, 0xc3,
	0x83, 0x27, 0xc4, 0xf5, 0x9b, 0x87, 0x87, 0x07, 0x81, 0x27, 0x82, 0x17,
	0x81, 0x93, 0x3e, 0x87, 0x8d, 0x67, 0x93, 0x87, 0xc7, 0x3f, 0x1c, 0xc3,
	0x83, 0x27, 0x44, 0xfd, 0x81, 0x27, 0x1b, 0x87, 0x17, 0x00, 0x01, 0x27,
	0x23, 0x2a, 0xe4, 0xfc, 0x03, 0x27, 0xc4, 0xf5, 0x1b, 0x07, 0x07, 0x07,
	0x01, 0x27, 0x02, 0x17, 0x01, 0x93, 0x1c, 0xc3, 0x83, 0x27, 0xc4, 0xf5,
	0x9b, 0x87, 0x47, 0x07, 0x81, 0x27, 0x82, 0x17, 0x81, 0x93, 0x3e, 0x87,
	0xb7, 0x07, 0x00, 0x10, 0x93, 0x87, 0x07, 0x10, 0x1c, 0xc3, 0x83, 0x27,
	0xc4, 0xf5, 0x9b, 0x87, 0x87, 0x07, 0x81, 0x27, 0x82, 0x17, 0x81, 0x93,
	0x3e, 0x87, 0x85, 0x67, 0x93, 0x87, 0x07, 0x3d, 0x1c, 0xc3, 0x83, 0x27,
	0x44, 0xfd, 0x81, 0x27, 0x1b, 0x87, 0x17, 0x00, 0x01, 0x27, 0x23, 0x2a,
	0xe4, 0xfc, 0x03, 0x27, 0xc4, 0xf5, 0x1b, 0x07, 0x07, 0x07, 0x01, 0x27,
	0x02, 0x17, 0x01, 0x93, 0x1c, 0xc3, 0x83, 0x27, 0xc4, 0xf5, 0x9b, 0x87,
	0x47, 0x07, 0x81, 0x27, 0x82, 0x17, 0x81, 0x93, 0x3e, 0x87, 0xa1, 0x67,
	0x1c, 0xc3, 0x83, 0x27, 0xc4, 0xf5, 0x9b, 0x87, 0x87, 0x07, 0x81, 0x27,
	0x82, 0x17, 0x81, 0x93, 0x3e, 0x87, 0x8d, 0x67, 0x93, 0x87, 0xc7, 0x3f,
	0x1c, 0xc3, 0x83, 0x27, 0x44, 0xfd, 0x81, 0x27, 0x1b, 0x87, 0x17, 0x00,
	0x01, 0x27, 0x23, 0x2a, 0xe4, 0xfc, 0x03, 0x27, 0xc4, 0xf5, 0x1b, 0x07,
	0x07, 0x07, 0x01, 0x27, 0x02, 0x17, 0x01, 0x93, 0x1c, 0xc3, 0x83, 0x27,
	0xc4, 0xf5, 0x9b, 0x87, 0x47, 0x07, 0x81, 0x27, 0x82, 0x17, 0x81, 0x93,
	0x3e, 0x87, 0xa1, 0x67, 0x1c, 0xc3, 0x83, 0x27, 0xc4, 0xf5, 0x9b, 0x87,
	0x87, 0x07, 0x81, 0x27, 0x82, 0x17, 0x81, 0x93, 0x3e, 0x87, 0x8d, 0x67,
	0x93, 0x87, 0xc7, 0x3f, 0x1c, 0xc3, 0x83, 0x27, 0x44, 0xfd, 0x81, 0x27,
	0x1b, 0x87, 0x17, 0x00, 0x01, 0x27, 0x23, 0x2a, 0xe4, 0xfc, 0x03, 0x27,
	0xc4, 0xf5, 0x1b, 0x07, 0x07, 0x07, 0x01, 0x27, 0x02, 0x17, 0x01, 0x93,
	0x1c, 0xc3, 0x97, 0x27, 0x00, 0x00, 0x83, 0xb7, 0xe7, 0x6c, 0x9c, 0x43,
	0x3e, 0x87, 0x85, 0x47, 0x63, 0x00, 0xf7, 0x0a, 0x83, 0x27, 0xc4, 0xf5,
	0x9b, 0x87, 0x47, 0x07, 0x81, 0x27, 0x82, 0x17, 0x81, 0x93, 0x3e, 0x87,
	0xb7, 0x07, 0x02, 0x13, 0xb5, 0x07, 0x1c, 0xc3, 0x83, 0x27, 0xc4, 0xf5,
	0x9b, 0x87, 0x87, 0x07, 0x81, 0x27, 0x82, 0x17, 0x81, 0x93, 0x3e, 0x87,
	0x93, 0x07, 0x40, 0x02, 0x1c, 0xc3, 0x83, 0x27, 0x44, 0xfd, 0x81, 0x27,
	0x1b, 0x87, 0x17, 0x00, 0x01, 0x27, 0x23, 0x2a, 0xe4, 0xfc, 0x03, 0x27,
	0xc4, 0xf5, 0x1b, 0x07, 0x07, 0x07, 0x01, 0x27, 0x02, 0x17, 0x01, 0x93,
	0x1c, 0xc3, 0x83, 0x27, 0xc4, 0xf5, 0x9b, 0x87, 0x47, 0x07, 0x81, 0x27,
	0x82, 0x17, 0x81, 0x93, 0x3e, 0x87, 0xb7, 0x07, 0x02, 0x13, 0x8d, 0x07,
	0x1c, 0xc3, 0x83, 0x27, 0xc4, 0xf5, 0x9b, 0x87, 0x87, 0x07, 0x81, 0x27,
	0x82, 0x17, 0x81, 0x93, 0x3e, 0x87, 0x93, 0x07, 0x40, 0x02, 0x1c, 0xc3,
	0x83, 0x27, 0x44, 0xfd, 0x81, 0x27, 0x1b, 0x87, 0x17, 0x00, 0x01, 0x27,
	0x23, 0x2a, 0xe4, 0xfc, 0x03, 0x27, 0xc4, 0xf5, 0x1b, 0x07, 0x07, 0x07,
	0x01, 0x27, 0x02, 0x17, 0x01, 0x93, 0x1c, 0xc3, 0x83, 0x27, 0x84, 0xfe,
	0xbe, 0x85, 0x17, 0x25, 0x00, 0x00, 0x13, 0x05, 0xa5, 0x50, 0xef, 0xe0,
	0xcf, 0x81, 0xb7, 0x07, 0x02, 0x00, 0x93, 0x85, 0x47, 0x04, 0x17, 0x25,
	0x00, 0x00, 0x13, 0x05, 0xe5, 0x51, 0xef, 0xe0, 0x8f, 0x80, 0x83, 0x27,
	0x44, 0xfd, 0xbe, 0x85, 0x17, 0x25, 0x00, 0x00, 0x13, 0x05, 0x45, 0x53,
	0xef, 0xd0, 0x7f, 0xff, 0x83, 0x27, 0xc4, 0xf5, 0x9b, 0x87, 0x47, 0x07,
	0x81, 0x27, 0x82, 0x17, 0x81, 0x93, 0x3e, 0x87, 0x83, 0x27, 0x84, 0xfe,
	0x1c, 0xc3, 0x83, 0x27, 0xc4, 0xf5, 0x9b, 0x87, 0x87, 0x07, 0x81, 0x27,
	0x82, 0x17, 0x81, 0x93, 0x3e, 0x87, 0xb7, 0x07, 0x02, 0x00, 0x93, 0x87,
	0x47, 0x04, 0x1c, 0xc3, 0x83, 0x27, 0x44, 0xfd, 0x81, 0x27, 0x1b, 0x87,
	0x17, 0x00, 0x01, 0x27, 0x23, 0x2a, 0xe4, 0xfc, 0x03, 0x27, 0xc4, 0xf5,
	0x1b, 0x07, 0x07, 0x07, 0x01, 0x27, 0x02, 0x17, 0x01, 0x93, 0x1c, 0xc3,
	0x17, 0x25, 0x00, 0x00, 0x13, 0x05, 0x05, 0x50, 0xef, 0xd0, 0xbf, 0xf9,
	0x83, 0x27, 0x04, 0xfd, 0x81, 0x27, 0x03, 0x27, 0xc4, 0xf5, 0xb9, 0x9f,
	0x81, 0x27, 0x82, 0x17, 0x81, 0x93, 0x3e, 0x87, 0x83, 0x27, 0xc4, 0xfd,
	0x1c, 0xc3, 0x01, 0x00, 0xaa, 0x70, 0x0a, 0x74, 0x4d, 0x61, 0x82, 0x80,
	0x01, 0x11, 0x22, 0xec, 0x00, 0x10, 0xaa, 0x87, 0x23, 0x26, 0xf4, 0xfe,
	0x83, 0x27, 0xc4, 0xfe, 0x9b, 0x87, 0x47, 0x07, 0x81, 0x27, 0x82, 0x17,
	0x81, 0x93, 0x3e, 0x87, 0xb7, 0x07, 0x04, 0x00, 0x93, 0x87, 0x37, 0x40,
	0x1c, 0xc3, 0x83, 0x27, 0xc4, 0xfe, 0x9b, 0x87, 0x47, 0x07, 0x81, 0x27,
	0x82, 0x17, 0x81, 0x93, 0x3e, 0x87, 0xb7, 0x07, 0x00, 0x13, 0xa1, 0x07,
	0x1c, 0xc3, 0x83, 0x27, 0xc4, 0xfe, 0x9b, 0x87, 0x87, 0x07, 0x81, 0x27,
	0x82, 0x17, 0x81, 0x93, 0x3e, 0x87, 0x93, 0x07, 0x00, 0x02, 0x1c, 0xc3,
	0x83, 0x27, 0xc4, 0xfe, 0x9b, 0x87, 0x07, 0x07, 0x81, 0x27, 0x82, 0x17,
	0x81, 0x93, 0x3e, 0x87, 0x85, 0x47, 0x1c, 0xc3, 0x83, 0x27, 0xc4, 0xfe,
	0x9b, 0x87, 0x47, 0x07, 0x81, 0x27, 0x82, 0x17, 0x81, 0x93, 0x3e, 0x87,
	0xb7, 0x07, 0x01, 0x13, 0x1c, 0xc3, 0x83, 0x27, 0xc4, 0xfe, 0x9b, 0x87,
	0x87, 0x07, 0x81, 0x27, 0x82, 0x17, 0x81, 0x93, 0x3e, 0x87, 0x93, 0x07,
	0x80, 0x02, 0x1c, 0xc3, 0x83, 0x27, 0xc4, 0xfe, 0x9b, 0x87, 0x07, 0x07,
	0x81, 0x27, 0x82, 0x17, 0x81, 0x93, 0x3e, 0x87, 0x89, 0x47, 0x1c, 0xc3,
	0x83, 0x27, 0xc4, 0xfe, 0x9b, 0x87, 0x47, 0x07, 0x81, 0x27, 0x82, 0x17,
	0x81, 0x93, 0x3e, 0x87, 0xb7, 0x07, 0x02, 0x13, 0xb5, 0x07, 0x1c, 0xc3,
	0x83, 0x27, 0xc4, 0xfe, 0x9b, 0x87, 0x87, 0x07, 0x81, 0x27, 0x82, 0x17,
	0x81, 0x93, 0x3e, 0x87, 0x93, 0x07, 0x40, 0x02, 0x1c, 0xc3, 0x83, 0x27,
	0xc4, 0xfe, 0x9b, 0x87, 0x07, 0x07, 0x81, 0x27, 0x82, 0x17, 0x81, 0x93,
	0x3e, 0x87, 0x8d, 0x47, 0x1c, 0xc3, 0x83, 0x27, 0xc4, 0xfe, 0x9b, 0x87,
	0x47, 0x07, 0x81, 0x27, 0x82, 0x17, 0x81, 0x93, 0x3e, 0x87, 0xb7, 0x07,
	0x02, 0x13, 0x85, 0x07, 0x1c, 0xc3, 0x83, 0x27, 0xc4, 0xfe, 0x9b, 0x87,
	0x87, 0x07, 0x81, 0x27, 0x82, 0x17, 0x81, 0x93, 0x3e, 0x87, 0x93, 0x07,
	0x40, 0x02, 0x1c, 0xc3, 0x83, 0x27, 0xc4, 0xfe, 0x9b, 0x87, 0x07, 0x07,
	0x81, 0x27, 0x82, 0x17, 0x81, 0x93, 0x3e, 0x87, 0x91, 0x47, 0x1c, 0xc3,
	0x83, 0x27, 0xc4, 0xfe, 0x9b, 0x87, 0x47, 0x07, 0x81, 0x27, 0x82, 0x17,
	0x81, 0x93, 0x3e, 0x87, 0xb7, 0x07, 0x02, 0x13, 0x89, 0x07, 0x1c, 0xc3,
	0x83, 0x27, 0xc4, 0xfe, 0x9b, 0x87, 0x87, 0x07, 0x81, 0x27, 0x82, 0x17,
	0x81, 0x93, 0x3e, 0x87, 0x93, 0x07, 0x40, 0x02, 0x1c, 0xc3, 0x83, 0x27,
	0xc4, 0xfe, 0x9b, 0x87, 0x07, 0x07, 0x81, 0x27, 0x82, 0x17, 0x81, 0x93,
	0x3e, 0x87, 0x95, 0x47, 0x1c, 0xc3, 0x83, 0x27, 0xc4, 0xfe, 0x9b, 0x87,
	0x47, 0x07, 0x81, 0x27, 0x82, 0x17, 0x81, 0x93, 0x3e, 0x87, 0xb7, 0x07,
	0x02, 0x13, 0x8d, 0x07, 0x1c, 0xc3, 0x83, 0x27, 0xc4, 0xfe, 0x9b, 0x87,
	0x87, 0x07, 0x81, 0x27, 0x82, 0x17, 0x81, 0x93, 0x3e, 0x87, 0x93, 0x07,
	0x40, 0x02, 0x1c, 0xc3, 0x83, 0x27, 0xc4, 0xfe, 0x9b, 0x87, 0x07, 0x07,
	0x81, 0x27, 0x82, 0x17, 0x81, 0x93, 0x3e, 0x87, 0x99, 0x47, 0x1c, 0xc3,
	0x83, 0x27, 0xc4, 0xfe, 0x9b, 0x87, 0x47, 0x07, 0x81, 0x27, 0x82, 0x17,
	0x81, 0x93, 0x3e, 0x87, 0xb7, 0x07, 0x02, 0x13, 0xad, 0x07, 0x1c, 0xc3,
	0x83, 0x27, 0xc4, 0xfe, 0x9b, 0x87, 0x87, 0x07, 0x81, 0x27, 0x82, 0x17,
	0x81, 0x93, 0x3e, 0x87, 0x93, 0x07, 0x40, 0x02, 0x1c, 0xc3, 0x83, 0x27,
	0xc4, 0xfe, 0x9b, 0x87, 0x07, 0x07, 0x81, 0x27, 0x82, 0x17, 0x81, 0x93,
	0x3e, 0x87, 0x9d, 0x47, 0x1c, 0xc3, 0x83, 0x27, 0xc4, 0xfe, 0x9b, 0x87,
	0x47, 0x07, 0x81, 0x27, 0x82, 0x17, 0x81, 0x93, 0x3e, 0x87, 0xb7, 0x07,
	0x02, 0x13, 0xb1, 0x07, 0x1c, 0xc3, 0x83, 0x27, 0xc4, 0xfe, 0x9b, 0x87,
	0x87, 0x07, 0x81, 0x27, 0x82, 0x17, 0x81, 0x93, 0x3e, 0x87, 0x93, 0x07,
	0x40, 0x02, 0x1c, 0xc3, 0x83, 0x27, 0xc4, 0xfe, 0x9b, 0x87, 0x07, 0x07,
	0x81, 0x27, 0x82, 0x17, 0x81, 0x93, 0x3e, 0x87, 0xa1, 0x47, 0x1c, 0xc3,
	0x83, 0x27, 0xc4, 0xfe, 0x9b, 0x87, 0x47, 0x07, 0x81, 0x27, 0x82, 0x17,
	0x81, 0x93, 0x3e, 0x87, 0xb7, 0x07, 0x02, 0x13, 0xb9, 0x07, 0x1c, 0xc3,
	0x83, 0x27, 0xc4, 0xfe, 0x9b, 0x87, 0x87, 0x07, 0x81, 0x27, 0x82, 0x17,
	0x81, 0x93, 0x3e, 0x87, 0x93, 0x07, 0x40, 0x02, 0x1c, 0xc3, 0x83, 0x27,
	0xc4, 0xfe, 0x9b, 0x87, 0x07, 0x07, 0x81, 0x27, 0x82, 0x17, 0x81, 0x93,
	0x3e, 0x87, 0xa5, 0x47, 0x1c, 0xc3, 0x83, 0x27, 0xc4, 0xfe, 0x9b, 0x87,
	0x47, 0x07, 0x81, 0x27, 0x82, 0x17, 0x81, 0x93, 0x3e, 0x87, 0xb7, 0x07,
	0x02, 0x13, 0xd9, 0x07, 0x1c, 0xc3, 0x83, 0x27, 0xc4, 0xfe, 0x9b, 0x87,
	0x87, 0x07, 0x81, 0x27, 0x82, 0x17, 0x81, 0x93, 0x3e, 0x87, 0x93, 0x07,
	0x40, 0x02, 0x1c, 0xc3, 0x83, 0x27, 0xc4, 0xfe, 0x9b, 0x87, 0x07, 0x07,
	0x81, 0x27, 0x82, 0x17, 0x81, 0x93, 0x3e, 0x87, 0xa9, 0x47, 0x1c, 0xc3,
	0x83, 0x27, 0xc4, 0xfe, 0x9b, 0x87, 0x47, 0x07, 0x81, 0x27, 0x82, 0x17,
	0x81, 0x93, 0x3e, 0x87, 0xb7, 0x87, 0x00, 0x13, 0x1c, 0xc3, 0x83, 0x27,
	0xc4, 0xfe, 0x9b, 0x87, 0x87, 0x07, 0x81, 0x27, 0x82, 0x17, 0x81, 0x93,
	0x3e, 0x87, 0x93, 0x07, 0x80, 0x02, 0x1c, 0xc3, 0x83, 0x27, 0xc4, 0xfe,
	0x9b, 0x87, 0x07, 0x07, 0x81, 0x27, 0x82, 0x17, 0x81, 0x93, 0x3e, 0x87,
	0xad, 0x47, 0x1c, 0xc3, 0x83, 0x27, 0xc4, 0xfe, 0x9b, 0x87, 0x47, 0x07,
	0x81, 0x27, 0x82, 0x17, 0x81, 0x93, 0x3e, 0x87, 0xb7, 0x07, 0x02, 0x13,
	0xb5, 0x07, 0x1c, 0xc3, 0x83, 0x27, 0xc4, 0xfe, 0x9b, 0x87, 0x87, 0x07,
	0x81, 0x27, 0x82, 0x17, 0x81, 0x93, 0x3e, 0x87, 0x93, 0x07, 0x40, 0x02,
	0x1c, 0xc3, 0x83, 0x27, 0xc4, 0xfe, 0x9b, 0x87, 0x07, 0x07, 0x81, 0x27,
	0x82, 0x17, 0x81, 0x93, 0x3e, 0x87, 0xb1, 0x47, 0x1c, 0xc3, 0x83, 0x27,
	0xc4, 0xfe, 0x9b, 0x87, 0x47, 0x07, 0x81, 0x27, 0x82, 0x17, 0x81, 0x93,
	0x3e, 0x87, 0xb7, 0x07, 0x00, 0x13, 0xc1, 0x07, 0x1c, 0xc3, 0x83, 0x27,
	0xc4, 0xfe, 0x9b, 0x87, 0x87, 0x07, 0x81, 0x27, 0x82, 0x17, 0x81, 0x93,
	0x3e, 0x87, 0x93, 0x07, 0x00, 0x02, 0x1c, 0xc3, 0x83, 0x27, 0xc4, 0xfe,
	0x9b, 0x87, 0x07, 0x07, 0x81, 0x27, 0x82, 0x17, 0x81, 0x93, 0x3e, 0x87,
	0xb5, 0x47, 0x1c, 0xc3, 0x83, 0x27, 0xc4, 0xfe, 0x9b, 0x87, 0x47, 0x07,
	0x81, 0x27, 0x82, 0x17, 0x81, 0x93, 0x3e, 0x87, 0x89, 0x47, 0x1c, 0xc3,
	0x83, 0x27, 0xc4, 0xfe, 0x9b, 0x87, 0x87, 0x07, 0x81, 0x27, 0x82, 0x17,
	0x81, 0x93, 0x3e, 0x87, 0x89, 0x67, 0xa1, 0x07, 0x1c, 0xc3, 0x83, 0x27,
	0xc4, 0xfe, 0x9b, 0x87, 0x07, 0x07, 0x81, 0x27, 0x82, 0x17, 0x81, 0x93,
	0x3e, 0x87, 0xb9, 0x47, 0x1c, 0xc3, 0x83, 0x27, 0xc4, 0xfe, 0x9b, 0x87,
	0x47, 0x07, 0x81, 0x27, 0x82, 0x17, 0x81, 0x93, 0x3e, 0x87, 0x89, 0x47,
	0x1c, 0xc3, 0x83, 0x27, 0xc4, 0xfe, 0x9b, 0x87, 0x87, 0x07, 0x81, 0x27,
	0x82, 0x17, 0x81, 0x93, 0x3e, 0x87, 0x89, 0x67, 0xa1, 0x07, 0x1c, 0xc3,
	0x83, 0x27, 0xc4, 0xfe, 0x9b, 0x87, 0x07, 0x07, 0x81, 0x27, 0x82, 0x17,
	0x81, 0x93, 0x3e, 0x87, 0xbd, 0x47, 0x1c, 0xc3, 0x83, 0x27, 0xc4, 0xfe,
	0x9b, 0x87, 0x47, 0x07, 0x81, 0x27, 0x82, 0x17, 0x81, 0x93, 0x3e, 0x87,
	0xb7, 0x07, 0x00, 0x13, 0x85, 0x07, 0x1c, 0xc3, 0x83, 0x27, 0xc4, 0xfe,
	0x9b, 0x87, 0x87, 0x07, 0x81, 0x27, 0x82, 0x17, 0x81, 0x93, 0x3e, 0x87,
	0x85, 0x67, 0x93, 0x87, 0x07, 0x3d, 0x1c, 0xc3, 0x83, 0x27, 0xc4, 0xfe,
	0x9b, 0x87, 0x07, 0x07, 0x81, 0x27, 0x82, 0x17, 0x81, 0x93, 0x3e, 0x87,
	0xc1, 0x47, 0x1c, 0xc3, 0x83, 0x27, 0xc4, 0xfe, 0x9b, 0x87, 0x47, 0x07,
	0x81, 0x27, 0x82, 0x17, 0x81, 0x93, 0x3e, 0x87, 0xa1, 0x67, 0x1c, 0xc3,
	0x83, 0x27, 0xc4, 0xfe, 0x9b, 0x87, 0x87, 0x07, 0x81, 0x27, 0x82, 0x17,
	0x81, 0x93, 0x3e, 0x87, 0x8d, 0x67, 0x93, 0x87, 0xc7, 0x3f, 0x1c, 0xc3,
	0x83, 0x27, 0xc4, 0xfe, 0x9b, 0x87, 0x07, 0x07, 0x81, 0x27, 0x82, 0x17,
	0x81, 0x93, 0x3e, 0x87, 0xc5, 0x47, 0x1c, 0xc3, 0x83, 0x27, 0xc4, 0xfe,
	0x9b, 0x87, 0x47, 0x07, 0x81, 0x27, 0x82, 0x17, 0x81, 0x93, 0x23, 0xa0,
	0x07, 0x00, 0x83, 0x27, 0xc4, 0xfe, 0x9b, 0x87, 0x87, 0x07, 0x81, 0x27,
	0x82, 0x17, 0x81, 0x93, 0x3e, 0x87, 0x8d, 0x67, 0x93, 0x87, 0xc7, 0x3f,
	0x1c, 0xc3, 0x83, 0x27, 0xc4, 0xfe, 0x9b, 0x87, 0x07, 0x07, 0x81, 0x27,
	0x82, 0x17, 0x81, 0x93, 0x3e, 0x87, 0xc9, 0x47, 0x1c, 0xc3, 0x83, 0x27,
	0xc4, 0xfe, 0x9b, 0x87, 0x47, 0x07, 0x81, 0x27, 0x82, 0x17, 0x81, 0x93,
	0x3e, 0x87, 0xb7, 0x07, 0x04, 0x00, 0x93, 0x87, 0x37, 0x30, 0x1c, 0xc3,
	0x83, 0x27, 0xc4, 0xfe, 0x9b, 0x87, 0x87, 0x07, 0x81, 0x27, 0x82, 0x17,
	0x81, 0x93, 0x3e, 0x87, 0xc1, 0x67, 0x93, 0x87, 0x47, 0x04, 0x1c, 0xc3,
	0x83, 0x27, 0xc4, 0xfe, 0x9b, 0x87, 0x07, 0x07, 0x81, 0x27, 0x82, 0x17,
	0x81, 0x93, 0x3e, 0x87, 0xcd, 0x47, 0x1c, 0xc3, 0x83, 0x27, 0xc4, 0xfe,
	0x9b, 0x87, 0x47, 0x07, 0x81, 0x27, 0x82, 0x17, 0x81, 0x93, 0x3e, 0x87,
	0xb7, 0x07, 0x00, 0x10, 0x93, 0x87, 0x07, 0x10, 0x1c, 0xc3, 0x83, 0x27,
	0xc4, 0xfe, 0x9b, 0x87, 0x87, 0x07, 0x81, 0x27, 0x82, 0x17, 0x81, 0x93,
	0x3e, 0x87, 0x85, 0x67, 0x93, 0x87, 0x07, 0x3d, 0x1c, 0xc3, 0x83, 0x27,
	0xc4, 0xfe, 0x9b, 0x87, 0x07, 0x07, 0x81, 0x27, 0x82, 0x17, 0x81, 0x93,
	0x3e, 0x87, 0xd1, 0x47, 0x1c, 0xc3, 0x83, 0x27, 0xc4, 0xfe, 0x9b, 0x87,
	0x47, 0x07, 0x81, 0x27, 0x82, 0x17, 0x81, 0x93, 0x3e, 0x87, 0xa1, 0x67,
	0x1c, 0xc3, 0x83, 0x27, 0xc4, 0xfe, 0x9b, 0x87, 0x87, 0x07, 0x81, 0x27,
	0x82, 0x17, 0x81, 0x93, 0x3e, 0x87, 0x8d, 0x67, 0x93, 0x87, 0xc7, 0x3f,
	0x1c, 0xc3, 0x83, 0x27, 0xc4, 0xfe, 0x9b, 0x87, 0x07, 0x07, 0x81, 0x27,
	0x82, 0x17, 0x81, 0x93, 0x3e, 0x87, 0xd5, 0x47, 0x1c, 0xc3, 0x83, 0x27,
	0xc4, 0xfe, 0x9b, 0x87, 0x47, 0x07, 0x81, 0x27, 0x82, 0x17, 0x81, 0x93,
	0x3e, 0x87, 0xa1, 0x67, 0x1c, 0xc3, 0x83, 0x27, 0xc4, 0xfe, 0x9b, 0x87,
	0x87, 0x07, 0x81, 0x27, 0x82, 0x17, 0x81, 0x93, 0x3e, 0x87, 0x8d, 0x67,
	0x93, 0x87, 0xc7, 0x3f, 0x1c, 0xc3, 0x83, 0x27, 0xc4, 0xfe, 0x9b, 0x87,
	0x07, 0x07, 0x81, 0x27, 0x82, 0x17, 0x81, 0x93, 0x3e, 0x87, 0xd9, 0x47,
	0x1c, 0xc3, 0x83, 0x27, 0xc4, 0xfe, 0x9b, 0x87, 0x47, 0x07, 0x81, 0x27,
	0x82, 0x17, 0x81, 0x93, 0x3e, 0x87, 0xb7, 0x07, 0x00, 0x13, 0x91, 0x07,
	0x1c, 0xc3, 0x83, 0x27, 0xc4, 0xfe, 0x9b, 0x87, 0x87, 0x07, 0x81, 0x27,
	0x82, 0x17, 0x81, 0x93, 0x3e, 0x87, 0x93, 0x07, 0x00, 0x02, 0x1c, 0xc3,
	0x83, 0x27, 0xc4, 0xfe, 0x9b, 0x87, 0x07, 0x07, 0x81, 0x27, 0x82, 0x17,
	0x81, 0x93, 0x3e, 0x87, 0xdd, 0x47, 0x1c, 0xc3, 0x83, 0x27, 0xc4, 0xfe,
	0x9b, 0x87, 0x47, 0x07, 0x81, 0x27, 0x82, 0x17, 0x81, 0x93, 0x3e, 0x87,
	0xb7, 0x07, 0x02, 0x13, 0xb5, 0x07, 0x1c, 0xc3, 0x83, 0x27, 0xc4, 0xfe,
	0x9b, 0x87, 0x87, 0x07, 0x81, 0x27, 0x82, 0x17, 0x81, 0x93, 0x3e, 0x87,
	0x93, 0x07, 0x40, 0x02, 0x1c, 0xc3, 0x83, 0x27, 0xc4, 0xfe, 0x9b, 0x87,
	0x07, 0x07, 0x81, 0x27, 0x82, 0x17, 0x81, 0x93, 0x3e, 0x87, 0xe1, 0x47,
	0x1c, 0xc3, 0x83, 0x27, 0xc4, 0xfe, 0x9b, 0x87, 0x47, 0x07, 0x81, 0x27,
	0x82, 0x17, 0x81, 0x93, 0x3e, 0x87, 0x89, 0x47, 0x1c, 0xc3, 0x83, 0x27,
	0xc4, 0xfe, 0x9b, 0x87, 0x87, 0x07, 0x81, 0x27, 0x82, 0x17, 0x81, 0x93,
	0x3e, 0x87, 0x89, 0x67, 0xa1, 0x07, 0x1c, 0xc3, 0x83, 0x27, 0xc4, 0xfe,
	0x9b, 0x87, 0x07, 0x07, 0x81, 0x27, 0x82, 0x17, 0x81, 0x93, 0x3e, 0x87,
	0xe5, 0x47, 0x1c, 0xc3, 0x83, 0x27, 0xc4, 0xfe, 0x9b, 0x87, 0x47, 0x07,
	0x81, 0x27, 0x82, 0x17, 0x81, 0x93, 0x23, 0xa0, 0x07, 0x00, 0x83, 0x27,
	0xc4, 0xfe, 0x9b, 0x87, 0x87, 0x07, 0x81, 0x27, 0x82, 0x17, 0x81, 0x93,
	0x3e, 0x87, 0x89, 0x67, 0xa1, 0x07, 0x1c, 0xc3, 0x83, 0x27, 0xc4, 0xfe,
	0x9b, 0x87, 0x07, 0x07, 0x81, 0x27, 0x82, 0x17, 0x81, 0x93, 0x3e, 0x87,
	0xe9, 0x47, 0x1c, 0xc3, 0x83, 0x27, 0xc4, 0xfe, 0x9b, 0x87, 0x47, 0x07,
	0x81, 0x27, 0x82, 0x17, 0x81, 0x93, 0x3e, 0x87, 0xb7, 0x07, 0x04, 0x00,
	0x93, 0x87, 0x07, 0x38, 0x1c, 0xc3, 0x83, 0x27, 0xc4, 0xfe, 0x9b, 0x87,
	0x87, 0x07, 0x81, 0x27, 0x82, 0x17, 0x81, 0x93, 0x3e, 0x87, 0xb7, 0x07,
	0x02, 0x00, 0x93, 0x87, 0x47, 0x04, 0x1c, 0xc3, 0x83, 0x27, 0xc4, 0xfe,
	0x9b, 0x87, 0x07, 0x07, 0x81, 0x27, 0x82, 0x17, 0x81, 0x93, 0x3e, 0x87,
	0xed, 0x47, 0x1c, 0xc3, 0x83, 0x27, 0xc4, 0xfe, 0x9b, 0x87, 0x47, 0x07,
	0x81, 0x27, 0x82, 0x17, 0x81, 0x93, 0x3e, 0x87, 0xb7, 0x07, 0x04, 0x00,
	0x93, 0x87, 0x37, 0x30, 0x1c, 0xc3, 0x83, 0x27, 0xc4, 0xfe, 0x9b, 0x87,
	0x87, 0x07, 0x81, 0x27, 0x82, 0x17, 0x81, 0x93, 0x3e, 0x87, 0x93, 0x07,
	0x40, 0x04, 0x1c, 0xc3, 0x83, 0x27, 0xc4, 0xfe, 0x9b, 0x87, 0x07, 0x07,
	0x81, 0x27, 0x82, 0x17, 0x81, 0x93, 0x3e, 0x87, 0x93, 0x07, 0x00, 0x06,
	0x1c, 0xc3, 0x83, 0x27, 0xc4, 0xfe, 0x9b, 0x87, 0x47, 0x07, 0x81, 0x27,
	0x82, 0x17, 0x81, 0x93, 0x3e, 0x87, 0xb7, 0x07, 0x00, 0x13, 0xa1, 0x07,
	0x1c, 0xc3, 0x83, 0x27, 0xc4, 0xfe, 0x9b, 0x87, 0x87, 0x07, 0x81, 0x27,
	0x82, 0x17, 0x81, 0x93, 0x3e, 0x87, 0x93, 0x07, 0x00, 0x02, 0x1c, 0xc3,
	0x83, 0x27, 0xc4, 0xfe, 0x9b, 0x87, 0x07, 0x07, 0x81, 0x27, 0x82, 0x17,
	0x81, 0x93, 0x3e, 0x87, 0x93, 0x07, 0x10, 0x06, 0x1c, 0xc3, 0x83, 0x27,
	0xc4, 0xfe, 0x9b, 0x87, 0x47, 0x07, 0x81, 0x27, 0x82, 0x17, 0x81, 0x93,
	0x3e, 0x87, 0xb7, 0x07, 0x01, 0x13, 0x1c, 0xc3, 0x83, 0x27, 0xc4, 0xfe,
	0x9b, 0x87, 0x87, 0x07, 0x81, 0x27, 0x82, 0x17, 0x81, 0x93, 0x3e, 0x87,
	0x93, 0x07, 0x80, 0x02, 0x1c, 0xc3, 0x83, 0x27, 0xc4, 0xfe, 0x9b, 0x87,
	0x07, 0x07, 0x81, 0x27, 0x82, 0x17, 0x81, 0x93, 0x3e, 0x87, 0x93, 0x07,
	0x20, 0x06, 0x1c, 0xc3, 0x83, 0x27, 0xc4, 0xfe, 0x9b, 0x87, 0x47, 0x07,
	0x81, 0x27, 0x82, 0x17, 0x81, 0x93, 0x3e, 0x87, 0xb7, 0x07, 0x02, 0x13,
	0xb5, 0x07, 0x1c, 0xc3, 0x83, 0x27, 0xc4, 0xfe, 0x9b, 0x87, 0x87, 0x07,
	0x81, 0x27, 0x82, 0x17, 0x81, 0x93, 0x3e, 0x87, 0x93, 0x07, 0x40, 0x02,
	0x1c, 0xc3, 0x83, 0x27, 0xc4, 0xfe, 0x9b, 0x87, 0x07, 0x07, 0x81, 0x27,
	0x82, 0x17, 0x81, 0x93, 0x3e, 0x87, 0x93, 0x07, 0x30, 0x06, 0x1c, 0xc3,
	0x83, 0x27, 0xc4, 0xfe, 0x9b, 0x87, 0x47, 0x07, 0x81, 0x27, 0x82, 0x17,
	0x81, 0x93, 0x3e, 0x87, 0xb7, 0x07, 0x02, 0x13, 0x85, 0x07, 0x1c, 0xc3,
	0x83, 0x27, 0xc4, 0xfe, 0x9b, 0x87, 0x87, 0x07, 0x81, 0x27, 0x82, 0x17,
	0x81, 0x93, 0x3e, 0x87, 0x93, 0x07, 0x40, 0x02, 0x1c, 0xc3, 0x83, 0x27,
	0xc4, 0xfe, 0x9b, 0x87, 0x07, 0x07, 0x81, 0x27, 0x82, 0x17, 0x81, 0x93,
	0x3e, 0x87, 0x93, 0x07, 0x40, 0x06, 0x1c, 0xc3, 0x83, 0x27, 0xc4, 0xfe,
	0x9b, 0x87, 0x47, 0x07, 0x81, 0x27, 0x82, 0x17, 0x81, 0x93, 0x3e, 0x87,
	0xb7, 0x07, 0x02, 0x13, 0x89, 0x07, 0x1c, 0xc3, 0x83, 0x27, 0xc4, 0xfe,
	0x9b, 0x87, 0x87, 0x07, 0x81, 0x27, 0x82, 0x17, 0x81, 0x93, 0x3e, 0x87,
	0x93, 0x07, 0x40, 0x02, 0x1c, 0xc3, 0x83, 0x27, 0xc4, 0xfe, 0x9b, 0x87,
	0x07, 0x07, 0x81, 0x27, 0x82, 0x17, 0x81, 0x93, 0x3e, 0x87, 0x93, 0x07,
	0x50, 0x06, 0x1c, 0xc3, 0x83, 0x27, 0xc4, 0xfe, 0x9b, 0x87, 0x47, 0x07,
	0x81, 0x27, 0x82, 0x17, 0x81, 0x93, 0x3e, 0x87, 0xb7, 0x07, 0x02, 0x13,
	0x8d, 0x07, 0x1c, 0xc3, 0x83, 0x27, 0xc4, 0xfe, 0x9b, 0x87, 0x87, 0x07,
	0x81, 0x27, 0x82, 0x17, 0x81, 0x93, 0x3e, 0x87, 0x93, 0x07, 0x40, 0x02,
	0x1c, 0xc3, 0x83, 0x27, 0xc4, 0xfe, 0x9b, 0x87, 0x07, 0x07, 0x81, 0x27,
	0x82, 0x17, 0x81, 0x93, 0x3e, 0x87, 0x93, 0x07, 0x60, 0x06, 0x1c, 0xc3,
	0x83, 0x27, 0xc4, 0xfe, 0x9b, 0x87, 0x47, 0x07, 0x81, 0x27, 0x82, 0x17,
	0x81, 0x93, 0x3e, 0x87, 0xb7, 0x07, 0x02, 0x13, 0xad, 0x07, 0x1c, 0xc3,
	0x83, 0x27, 0xc4, 0xfe, 0x9b, 0x87, 0x87, 0x07, 0x81, 0x27, 0x82, 0x17,
	0x81, 0x93, 0x3e, 0x87, 0x93, 0x07, 0x40, 0x02, 0x1c, 0xc3, 0x83, 0x27,
	0xc4, 0xfe, 0x9b, 0x87, 0x07, 0x07, 0x81, 0x27, 0x82, 0x17, 0x81, 0x93,
	0x3e, 0x87, 0x93, 0x07, 0x70, 0x06, 0x1c, 0xc3, 0x83, 0x27, 0xc4, 0xfe,
	0x9b, 0x87, 0x47, 0x07, 0x81, 0x27, 0x82, 0x17, 0x81, 0x93, 0x3e, 0x87,
	0xb7, 0x07, 0x02, 0x13, 0xb1, 0x07, 0x1c, 0xc3, 0x83, 0x27, 0xc4, 0xfe,
	0x9b, 0x87, 0x87, 0x07, 0x81, 0x27, 0x82, 0x17, 0x81, 0x93, 0x3e, 0x87,
	0x93, 0x07, 0x40, 0x02, 0x1c, 0xc3, 0x83, 0x27, 0xc4, 0xfe, 0x9b, 0x87,
	0x07, 0x07, 0x81, 0x27, 0x82, 0x17, 0x81, 0x93, 0x3e, 0x87, 0x93, 0x07,
	0x80, 0x06, 0x1c, 0xc3, 0x83, 0x27, 0xc4, 0xfe, 0x9b, 0x87, 0x47, 0x07,
	0x81, 0x27, 0x82, 0x17, 0x81, 0x93, 0x3e, 0x87, 0xb7, 0x07, 0x02, 0x13,
	0xb9, 0x07, 0x1c, 0xc3, 0x83, 0x27, 0xc4, 0xfe, 0x9b, 0x87, 0x87, 0x07,
	0x81, 0x27, 0x82, 0x17, 0x81, 0x93, 0x3e, 0x87, 0x93, 0x07, 0x40, 0x02,
	0x1c, 0xc3, 0x83, 0x27, 0xc4, 0xfe, 0x9b, 0x87, 0x07, 0x07, 0x81, 0x27,
	0x82, 0x17, 0x81, 0x93, 0x3e, 0x87, 0x93, 0x07, 0x90, 0x06, 0x1c, 0xc3,
	0x83, 0x27, 0xc4, 0xfe, 0x9b, 0x87, 0x47, 0x07, 0x81, 0x27, 0x82, 0x17,
	0x81, 0x93, 0x3e, 0x87, 0xb7, 0x07, 0x02, 0x13, 0xd9, 0x07, 0x1c, 0xc3,
	0x83, 0x27, 0xc4, 0xfe, 0x9b, 0x87, 0x87, 0x07, 0x81, 0x27, 0x82, 0x17,
	0x81, 0x93, 0x3e, 0x87, 0x93, 0x07, 0x40, 0x02, 0x1c, 0xc3, 0x83, 0x27,
	0xc4, 0xfe, 0x9b, 0x87, 0x07, 0x07, 0x81, 0x27, 0x82, 0x17, 0x81, 0x93,
	0x3e, 0x87, 0x93, 0x07, 0xa0, 0x06, 0x1c, 0xc3, 0x83, 0x27, 0xc4, 0xfe,
	0x9b, 0x87, 0x47, 0x07, 0x81, 0x27, 0x82, 0x17, 0x81, 0x93, 0x3e, 0x87,
	0xb7, 0x87, 0x00, 0x13, 0x1c, 0xc3, 0x83, 0x27, 0xc4, 0xfe, 0x9b, 0x87,
	0x87, 0x07, 0x81, 0x27, 0x82, 0x17, 0x81, 0x93, 0x3e, 0x87, 0x93, 0x07,
	0x80, 0x02, 0x1c, 0xc3, 0x83, 0x27, 0xc4, 0xfe, 0x9b, 0x87, 0x07, 0x07,
	0x81, 0x27, 0x82, 0x17, 0x81, 0x93, 0x3e, 0x87, 0x93, 0x07, 0xb0, 0x06,
	0x1c, 0xc3, 0x83, 0x27, 0xc4, 0xfe, 0x9b, 0x87, 0x47, 0x07, 0x81, 0x27,
	0x82, 0x17, 0x81, 0x93, 0x3e, 0x87, 0xb7, 0x07, 0x02, 0x13, 0xb5, 0x07,
	0x1c, 0xc3, 0x83, 0x27, 0xc4, 0xfe, 0x9b, 0x87, 0x87, 0x07, 0x81, 0x27,
	0x82, 0x17, 0x81, 0x93, 0x3e, 0x87, 0x93, 0x07, 0x40, 0x02, 0x1c, 0xc3,
	0x83, 0x27, 0xc4, 0xfe, 0x9b, 0x87, 0x07, 0x07, 0x81, 0x27, 0x82, 0x17,
	0x81, 0x93, 0x3e, 0x87, 0x93, 0x07, 0xc0, 0x06, 0x1c, 0xc3, 0x83, 0x27,
	0xc4, 0xfe, 0x9b, 0x87, 0x47, 0x07, 0x81, 0x27, 0x82, 0x17, 0x81, 0x93,
	0x3e, 0x87, 0xb7, 0x07, 0x00, 0x13, 0xc1, 0x07, 0x1c, 0xc3, 0x83, 0x27,
	0xc4, 0xfe, 0x9b, 0x87, 0x87, 0x07, 0x81, 0x27, 0x82, 0x17, 0x81, 0x93,
	0x3e, 0x87, 0x93, 0x07, 0x00, 0x02, 0x1c, 0xc3, 0x83, 0x27, 0xc4, 0xfe,
	0x9b, 0x87, 0x07, 0x07, 0x81, 0x27, 0x82, 0x17, 0x81, 0x93, 0x3e, 0x87,
	0x93, 0x07, 0xd0, 0x06, 0x1c, 0xc3, 0x83, 0x27, 0xc4, 0xfe, 0x9b, 0x87,
	0x47, 0x07, 0x81, 0x27, 0x82, 0x17, 0x81, 0x93, 0x3e, 0x87, 0x89, 0x47,
	0x1c, 0xc3, 0x83, 0x27, 0xc4, 0xfe, 0x9b, 0x87, 0x87, 0x07, 0x81, 0x27,
	0x82, 0x17, 0x81, 0x93, 0x3e, 0x87, 0x89, 0x67, 0xa1, 0x07, 0x1c, 0xc3,
	0x83, 0x27, 0xc4, 0xfe, 0x9b, 0x87, 0x07, 0x07, 0x81, 0x27, 0x82, 0x17,
	0x81, 0x93, 0x3e, 0x87, 0x93, 0x07, 0xe0, 0x06, 0x1c, 0xc3, 0x83, 0x27,
	0xc4, 0xfe, 0x9b, 0x87, 0x47, 0x07, 0x81, 0x27, 0x82, 0x17, 0x81, 0x93,
	0x3e, 0x87, 0x89, 0x47, 0x1c, 0xc3, 0x83, 0x27, 0xc4, 0xfe, 0x9b, 0x87,
	0x87, 0x07, 0x81, 0x27, 0x82, 0x17, 0x81, 0x93, 0x3e, 0x87, 0x89, 0x67,
	0xa1, 0x07, 0x1c, 0xc3, 0x83, 0x27, 0xc4, 0xfe, 0x9b, 0x87, 0x07, 0x07,
	0x81, 0x27, 0x82, 0x17, 0x81, 0x93, 0x3e, 0x87, 0x93, 0x07, 0xf0, 0x06,
	0x1c, 0xc3, 0x83, 0x27, 0xc4, 0xfe, 0x9b, 0x87, 0x47, 0x07, 0x81, 0x27,
	0x82, 0x17, 0x81, 0x93, 0x3e, 0x87, 0xb7, 0x07, 0x00, 0x13, 0x85, 0x07,
	0x1c, 0xc3, 0x83, 0x27, 0xc4, 0xfe, 0x9b, 0x87, 0x87, 0x07, 0x81, 0x27,
	0x82, 0x17, 0x81, 0x93, 0x3e, 0x87, 0x85, 0x67, 0x93, 0x87, 0x07, 0x3d,
	0x1c, 0xc3, 0x83, 0x27, 0xc4, 0xfe, 0x9b, 0x87, 0x07, 0x07, 0x81, 0x27,
	0x82, 0x17, 0x81, 0x93, 0x3e, 0x87, 0x93, 0x07, 0x00, 0x07, 0x1c, 0xc3,
	0x83, 0x27, 0xc4, 0xfe, 0x9b, 0x87, 0x47, 0x07, 0x81, 0x27, 0x82, 0x17,
	0x81, 0x93, 0x3e, 0x87, 0xa1, 0x67, 0x1c, 0xc3, 0x83, 0x27, 0xc4, 0xfe,
	0x9b, 0x87, 0x87, 0x07, 0x81, 0x27, 0x82, 0x17, 0x81, 0x93, 0x3e, 0x87,
	0x8d, 0x67, 0x93, 0x87, 0xc7, 0x3f, 0x1c, 0xc3, 0x83, 0x27, 0xc4, 0xfe,
	0x9b, 0x87, 0x07, 0x07, 0x81, 0x27, 0x82, 0x17, 0x81, 0x93, 0x3e, 0x87,
	0x93, 0x07, 0x10, 0x07, 0x1c, 0xc3, 0x83, 0x27, 0xc4, 0xfe, 0x9b, 0x87,
	0x47, 0x07, 0x81, 0x27, 0x82, 0x17, 0x81, 0x93, 0x23, 0xa0, 0x07, 0x00,
	0x83, 0x27, 0xc4, 0xfe, 0x9b, 0x87, 0x87, 0x07, 0x81, 0x27, 0x82, 0x17,
	0x81, 0x93, 0x3e, 0x87, 0x8d, 0x67, 0x93, 0x87, 0xc7, 0x3f, 0x1c, 0xc3,
	0x83, 0x27, 0xc4, 0xfe, 0x9b, 0x87, 0x07, 0x07, 0x81, 0x27, 0x82, 0x17,
	0x81, 0x93, 0x3e, 0x87, 0x93, 0x07, 0x20, 0x07, 0x1c, 0xc3, 0x83, 0x27,
	0xc4, 0xfe, 0x9b, 0x87, 0x47, 0x07, 0x81, 0x27, 0x82, 0x17, 0x81, 0x93,
	0x3e, 0x87, 0xb7, 0x07, 0x04, 0x00, 0x93, 0x87, 0x37, 0x30, 0x1c, 0xc3,
	0x83, 0x27, 0xc4, 0xfe, 0x9b, 0x87, 0x87, 0x07, 0x81, 0x27, 0x82, 0x17,
	0x81, 0x93, 0x3e, 0x87, 0xc1, 0x67, 0x93, 0x87, 0x47, 0x04, 0x1c, 0xc3,
	0x83, 0x27, 0xc4, 0xfe, 0x9b, 0x87, 0x07, 0x07, 0x81, 0x27, 0x82, 0x17,
	0x81, 0x93, 0x3e, 0x87, 0x93, 0x07, 0x30, 0x07, 0x1c, 0xc3, 0x83, 0x27,
	0xc4, 0xfe, 0x9b, 0x87, 0x47, 0x07, 0x81, 0x27, 0x82, 0x17, 0x81, 0x93,
	0x3e, 0x87, 0xb7, 0x07, 0x00, 0x10, 0x93, 0x87, 0x07, 0x10, 0x1c, 0xc3,
	0x83, 0x27, 0xc4, 0xfe, 0x9b, 0x87, 0x87, 0x07, 0x81, 0x27, 0x82, 0x17,
	0x81, 0x93, 0x3e, 0x87, 0x85, 0x67, 0x93, 0x87, 0x07, 0x3d, 0x1c, 0xc3,
	0x83, 0x27, 0xc4, 0xfe, 0x9b, 0x87, 0x07, 0x07, 0x81, 0x27, 0x82, 0x17,
	0x81, 0x93, 0x3e, 0x87, 0x93, 0x07, 0x40, 0x07, 0x1c, 0xc3, 0x83, 0x27,
	0xc4, 0xfe, 0x9b, 0x87, 0x47, 0x07, 0x81, 0x27, 0x82, 0x17, 0x81, 0x93,
	0x3e, 0x87, 0xa1, 0x67, 0x1c, 0xc3, 0x83, 0x27, 0xc4, 0xfe, 0x9b, 0x87,
	0x87, 0x07, 0x81, 0x27, 0x82, 0x17, 0x81, 0x93, 0x3e, 0x87, 0x8d, 0x67,
	0x93, 0x87, 0xc7, 0x3f, 0x1c, 0xc3, 0x83, 0x27, 0xc4, 0xfe, 0x9b, 0x87,
	0x07, 0x07, 0x81, 0x27, 0x82, 0x17, 0x81, 0x93, 0x3e, 0x87, 0x93, 0x07,
	0x50, 0x07, 0x1c, 0xc3, 0x83, 0x27, 0xc4, 0xfe, 0x9b, 0x87, 0x47, 0x07,
	0x81, 0x27, 0x82, 0x17, 0x81, 0x93, 0x3e, 0x87, 0xa1, 0x67, 0x1c, 0xc3,
	0x83, 0x27, 0xc4, 0xfe, 0x9b, 0x87, 0x87, 0x07, 0x81, 0x27, 0x82, 0x17,
	0x81, 0x93, 0x3e, 0x87, 0x8d, 0x67, 0x93, 0x87, 0xc7, 0x3f, 0x1c, 0xc3,
	0x83, 0x27, 0xc4, 0xfe, 0x9b, 0x87, 0x07, 0x07, 0x81, 0x27, 0x82, 0x17,
	0x81, 0x93, 0x3e, 0x87, 0x93, 0x07, 0x60, 0x07, 0x1c, 0xc3, 0x83, 0x27,
	0xc4, 0xfe, 0x9b, 0x87, 0x47, 0x07, 0x81, 0x27, 0x82, 0x17, 0x81, 0x93,
	0x3e, 0x87, 0xb7, 0x07, 0x00, 0x13, 0x91, 0x07, 0x1c, 0xc3, 0x83, 0x27,
	0xc4, 0xfe, 0x9b, 0x87, 0x87, 0x07, 0x81, 0x27, 0x82, 0x17, 0x81, 0x93,
	0x3e, 0x87, 0x93, 0x07, 0x00, 0x02, 0x1c, 0xc3, 0x83, 0x27, 0xc4, 0xfe,
	0x9b, 0x87, 0x07, 0x07, 0x81, 0x27, 0x82, 0x17, 0x81, 0x93, 0x3e, 0x87,
	0x93, 0x07, 0x70, 0x07, 0x1c, 0xc3, 0x83, 0x27, 0xc4, 0xfe, 0x9b, 0x87,
	0x47, 0x07, 0x81, 0x27, 0x82, 0x17, 0x81, 0x93, 0x3e, 0x87, 0xb7, 0x07,
	0x02, 0x13, 0xb5, 0x07, 0x1c, 0xc3, 0x83, 0x27, 0xc4, 0xfe, 0x9b, 0x87,
	0x87, 0x07, 0x81, 0x27, 0x82, 0x17, 0x81, 0x93, 0x3e, 0x87, 0x93, 0x07,
	0x40, 0x02, 0x1c, 0xc3, 0x83, 0x27, 0xc4, 0xfe, 0x9b, 0x87, 0x07, 0x07,
	0x81, 0x27, 0x82, 0x17, 0x81, 0x93, 0x3e, 0x87, 0x93, 0x07, 0x80, 0x07,
	0x1c, 0xc3, 0x83, 0x27, 0xc4, 0xfe, 0x9b, 0x87, 0x47, 0x07, 0x81, 0x27,
	0x82, 0x17, 0x81, 0x93, 0x3e, 0x87, 0x89, 0x47, 0x1c, 0xc3, 0x83, 0x27,
	0xc4, 0xfe, 0x9b, 0x87, 0x87, 0x07, 0x81, 0x27, 0x82, 0x17, 0x81, 0x93,
	0x3e, 0x87, 0x89, 0x67, 0xa1, 0x07, 0x1c, 0xc3, 0x83, 0x27, 0xc4, 0xfe,
	0x9b, 0x87, 0x07, 0x07, 0x81, 0x27, 0x82, 0x17, 0x81, 0x93, 0x3e, 0x87,
	0x93, 0x07, 0x90, 0x07, 0x1c, 0xc3, 0x83, 0x27, 0xc4, 0xfe, 0x9b, 0x87,
	0x47, 0x07, 0x81, 0x27, 0x82, 0x17, 0x81, 0x93, 0x23, 0xa0, 0x07, 0x00,
	0x83, 0x27, 0xc4, 0xfe, 0x9b, 0x87, 0x87, 0x07, 0x81, 0x27, 0x82, 0x17,
	0x81, 0x93, 0x3e, 0x87, 0x89, 0x67, 0xa1, 0x07, 0x1c, 0xc3, 0x83, 0x27,
	0xc4, 0xfe, 0x9b, 0x87, 0x07, 0x07, 0x81, 0x27, 0x82, 0x17, 0x81, 0x93,
	0x3e, 0x87, 0x93, 0x07, 0xa0, 0x07, 0x1c, 0xc3, 0x83, 0x27, 0xc4, 0xfe,
	0x9b, 0x87, 0x47, 0x07, 0x81, 0x27, 0x82, 0x17, 0x81, 0x93, 0x3e, 0x87,
	0xb7, 0x07, 0x04, 0x00, 0x93, 0x87, 0x07, 0x38, 0x1c, 0xc3, 0x83, 0x27,
	0xc4, 0xfe, 0x9b, 0x87, 0x87, 0x07, 0x81, 0x27, 0x82, 0x17, 0x81, 0x93,
	0x3e, 0x87, 0xb7, 0x07, 0x02, 0x00, 0x93, 0x87, 0x47, 0x04, 0x1c, 0xc3,
	0x83, 0x27, 0xc4, 0xfe, 0x9b, 0x87, 0x07, 0x07, 0x81, 0x27, 0x82, 0x17,
	0x81, 0x93, 0x3e, 0x87, 0x93, 0x07, 0xb0, 0x07, 0x1c, 0xc3, 0x83, 0x27,
	0xc4, 0xfe, 0x9b, 0x87, 0x47, 0x07, 0x81, 0x27, 0x82, 0x17, 0x81, 0x93,
	0x3e, 0x87, 0xb7, 0x07, 0x04, 0x00, 0x93, 0x87, 0x37, 0x30, 0x1c, 0xc3,
	0x83, 0x27, 0xc4, 0xfe, 0x9b, 0x87, 0x87, 0x07, 0x81, 0x27, 0x82, 0x17,
	0x81, 0x93, 0x3e, 0x87, 0x93, 0x07, 0x40, 0x04, 0x1c, 0xc3, 0x83, 0x27,
	0xc4, 0xfe, 0x9b, 0x87, 0x07, 0x07, 0x81, 0x27, 0x82, 0x17, 0x81, 0x93,
	0x3e, 0x87, 0x93, 0x07, 0x00, 0x0c, 0x1c, 0xc3, 0x83, 0x27, 0xc4, 0xfe,
	0x9b, 0x87, 0x47, 0x07, 0x81, 0x27, 0x82, 0x17, 0x81, 0x93, 0x3e, 0x87,
	0xb7, 0x07, 0x00, 0x13, 0xc1, 0x07, 0x1c, 0xc3, 0x83, 0x27, 0xc4, 0xfe,
	0x9b, 0x87, 0x87, 0x07, 0x81, 0x27, 0x82, 0x17, 0x81, 0x93, 0x3e, 0x87,
	0x93, 0x07, 0x00, 0x02, 0x1c, 0xc3, 0x83, 0x27, 0xc4, 0xfe, 0x9b, 0x87,
	0x07, 0x07, 0x81, 0x27, 0x82, 0x17, 0x81, 0x93, 0x3e, 0x87, 0x93, 0x07,
	0x10, 0x0c, 0x1c, 0xc3, 0x83, 0x27, 0xc4, 0xfe, 0x9b, 0x87, 0x47, 0x07,
	0x81, 0x27, 0x82, 0x17, 0x81, 0x93, 0x3e, 0x87, 0x89, 0x47, 0x1c, 0xc3,
	0x83, 0x27, 0xc4, 0xfe, 0x9b, 0x87, 0x87, 0x07, 0x81, 0x27, 0x82, 0x17,
	0x81, 0x93, 0x3e, 0x87, 0x89, 0x67, 0xa1, 0x07, 0x1c, 0xc3, 0x83, 0x27,
	0xc4, 0xfe, 0x9b, 0x87, 0x07, 0x07, 0x81, 0x27, 0x82, 0x17, 0x81, 0x93,
	0x3e, 0x87, 0x93, 0x07, 0x20, 0x0c, 0x1c, 0xc3, 0x83, 0x27, 0xc4, 0xfe,
	0x9b, 0x87, 0x47, 0x07, 0x81, 0x27, 0x82, 0x17, 0x81, 0x93, 0x3e, 0x87,
	0x89, 0x47, 0x1c, 0xc3, 0x83, 0x27, 0xc4, 0xfe, 0x9b, 0x87, 0x87, 0x07,
	0x81, 0x27, 0x82, 0x17, 0x81, 0x93, 0x3e, 0x87, 0x89, 0x67, 0xa1, 0x07,
	0x1c, 0xc3, 0x83, 0x27, 0xc4, 0xfe, 0x9b, 0x87, 0x07, 0x07, 0x81, 0x27,
	0x82, 0x17, 0x81, 0x93, 0x3e, 0x87, 0x93, 0x07, 0x30, 0x0c, 0x1c, 0xc3,
	0x83, 0x27, 0xc4, 0xfe, 0x9b, 0x87, 0x47, 0x07, 0x81, 0x27, 0x82, 0x17,
	0x81, 0x93, 0x3e, 0x87, 0xb7, 0x07, 0x00, 0x13, 0x85, 0x07, 0x1c, 0xc3,
	0x83, 0x27, 0xc4, 0xfe, 0x9b, 0x87, 0x87, 0x07, 0x81, 0x27, 0x82, 0x17,
	0x81, 0x93, 0x3e, 0x87, 0x85, 0x67, 0x93, 0x87, 0x07, 0x3d, 0x1c, 0xc3,
	0x83, 0x27, 0xc4, 0xfe, 0x9b, 0x87, 0x07, 0x07, 0x81, 0x27, 0x82, 0x17,
	0x81, 0x93, 0x3e, 0x87, 0x93, 0x07, 0x40, 0x0c, 0x1c, 0xc3, 0x83, 0x27,
	0xc4, 0xfe, 0x9b, 0x87, 0x47, 0x07, 0x81, 0x27, 0x82, 0x17, 0x81, 0x93,
	0x3e, 0x87, 0xa1, 0x67, 0x1c, 0xc3, 0x83, 0x27, 0xc4, 0xfe, 0x9b, 0x87,
	0x87, 0x07, 0x81, 0x27, 0x82, 0x17, 0x81, 0x93, 0x3e, 0x87, 0x8d, 0x67,
	0x93, 0x87, 0xc7, 0x3f, 0x1c, 0xc3, 0x83, 0x27, 0xc4, 0xfe, 0x9b, 0x87,
	0x07, 0x07, 0x81, 0x27, 0x82, 0x17, 0x81, 0x93, 0x3e, 0x87, 0x93, 0x07,
	0x50, 0x0c, 0x1c, 0xc3, 0x83, 0x27, 0xc4, 0xfe, 0x9b, 0x87, 0x47, 0x07,
	0x81, 0x27, 0x82, 0x17, 0x81, 0x93, 0x23, 0xa0, 0x07, 0x00, 0x83, 0x27,
	0xc4, 0xfe, 0x9b, 0x87, 0x87, 0x07, 0x81, 0x27, 0x82, 0x17, 0x81, 0x93,
	0x3e, 0x87, 0x8d, 0x67, 0x93, 0x87, 0xc7, 0x3f, 0x1c, 0xc3, 0x83, 0x27,
	0xc4, 0xfe, 0x9b, 0x87, 0x07, 0x07, 0x81, 0x27, 0x82, 0x17, 0x81, 0x93,
	0x3e, 0x87, 0x93, 0x07, 0x60, 0x0c, 0x1c, 0xc3, 0x83, 0x27, 0xc4, 0xfe,
	0x9b, 0x87, 0x47, 0x07, 0x81, 0x27, 0x82, 0x17, 0x81, 0x93, 0x3e, 0x87,
	0xb7, 0x07, 0x04, 0x00, 0x93, 0x87, 0x37, 0x30, 0x1c, 0xc3, 0x83, 0x27,
	0xc4, 0xfe, 0x9b, 0x87, 0x87, 0x07, 0x81, 0x27, 0x82, 0x17, 0x81, 0x93,
	0x3e, 0x87, 0xc1, 0x67, 0x93, 0x87, 0x47, 0x04, 0x1c, 0xc3, 0x83, 0x27,
	0xc4, 0xfe, 0x9b, 0x87, 0x07, 0x07, 0x81, 0x27, 0x82, 0x17, 0x81, 0x93,
	0x3e, 0x87, 0x93, 0x07, 0x70, 0x0c, 0x1c, 0xc3, 0x83, 0x27, 0xc4, 0xfe,
	0x9b, 0x87, 0x47, 0x07, 0x81, 0x27, 0x82, 0x17, 0x81, 0x93, 0x3e, 0x87,
	0xb7, 0x07, 0x00, 0x10, 0x93, 0x87, 0x07, 0x10, 0x1c, 0xc3, 0x83, 0x27,
	0xc4, 0xfe, 0x9b, 0x87, 0x87, 0x07, 0x81, 0x27, 0x82, 0x17, 0x81, 0x93,
	0x3e, 0x87, 0x85, 0x67, 0x93, 0x87, 0x07, 0x3d, 0x1c, 0xc3, 0x83, 0x27,
	0xc4, 0xfe, 0x9b, 0x87, 0x07, 0x07, 0x81, 0x27, 0x82, 0x17, 0x81, 0x93,
	0x3e, 0x87, 0x93, 0x07, 0x80, 0x0c, 0x1c, 0xc3, 0x83, 0x27, 0xc4, 0xfe,
	0x9b, 0x87, 0x47, 0x07, 0x81, 0x27, 0x82, 0x17, 0x81, 0x93, 0x3e, 0x87,
	0xa1, 0x67, 0x1c, 0xc3, 0x83, 0x27, 0xc4, 0xfe, 0x9b, 0x87, 0x87, 0x07,
	0x81, 0x27, 0x82, 0x17, 0x81, 0x93, 0x3e, 0x87, 0x8d, 0x67, 0x93, 0x87,
	0xc7, 0x3f, 0x1c, 0xc3, 0x83, 0x27, 0xc4, 0xfe, 0x9b, 0x87, 0x07, 0x07,
	0x81, 0x27, 0x82, 0x17, 0x81, 0x93, 0x3e, 0x87, 0x93, 0x07, 0x90, 0x0c,
	0x1c, 0xc3, 0x83, 0x27, 0xc4, 0xfe, 0x9b, 0x87, 0x47, 0x07, 0x81, 0x27,
	0x82, 0x17, 0x81, 0x93, 0x3e, 0x87, 0xa1, 0x67, 0x1c, 0xc3, 0x83, 0x27,
	0xc4, 0xfe, 0x9b, 0x87, 0x87, 0x07, 0x81, 0x27, 0x82, 0x17, 0x81, 0x93,
	0x3e, 0x87, 0x8d, 0x67, 0x93, 0x87, 0xc7, 0x3f, 0x1c, 0xc3, 0x83, 0x27,
	0xc4, 0xfe, 0x9b, 0x87, 0x07, 0x07, 0x81, 0x27, 0x82, 0x17, 0x81, 0x93,
	0x3e, 0x87, 0x93, 0x07, 0xa0, 0x0c, 0x1c, 0xc3, 0x83, 0x27, 0xc4, 0xfe,
	0x9b, 0x87, 0x47, 0x07, 0x81, 0x27, 0x82, 0x17, 0x81, 0x93, 0x3e, 0x87,
	0xb7, 0x07, 0x02, 0x13, 0xb5, 0x07, 0x1c, 0xc3, 0x83, 0x27, 0xc4, 0xfe,
	0x9b, 0x87, 0x87, 0x07, 0x81, 0x27, 0x82, 0x17, 0x81, 0x93, 0x3e, 0x87,
	0x93, 0x07, 0x40, 0x02, 0x1c, 0xc3, 0x83, 0x27, 0xc4, 0xfe, 0x9b, 0x87,
	0x07, 0x07, 0x81, 0x27, 0x82, 0x17, 0x81, 0x93, 0x3e, 0x87, 0x93, 0x07,
	0xb0, 0x0c, 0x1c, 0xc3, 0x83, 0x27, 0xc4, 0xfe, 0x9b, 0x87, 0x47, 0x07,
	0x81, 0x27, 0x82, 0x17, 0x81, 0x93, 0x3e, 0x87, 0x89, 0x47, 0x1c, 0xc3,
	0x83, 0x27, 0xc4, 0xfe, 0x9b, 0x87, 0x87, 0x07, 0x81, 0x27, 0x82, 0x17,
	0x81, 0x93, 0x3e, 0x87, 0x89, 0x67, 0xa1, 0x07, 0x1c, 0xc3, 0x83, 0x27,
	0xc4, 0xfe, 0x9b, 0x87, 0x07, 0x07, 0x81, 0x27, 0x82, 0x17, 0x81, 0x93,
	0x3e, 0x87, 0x93, 0x07, 0xc0, 0x0c, 0x1c, 0xc3, 0x83, 0x27, 0xc4, 0xfe,
	0x9b, 0x87, 0x47, 0x07, 0x81, 0x27, 0x82, 0x17, 0x81, 0x93, 0x23, 0xa0,
	0x07, 0x00, 0x83, 0x27, 0xc4, 0xfe, 0x9b, 0x87, 0x87, 0x07, 0x81, 0x27,
	0x82, 0x17, 0x81, 0x93, 0x3e, 0x87, 0x89, 0x67, 0xa1, 0x07, 0x1c, 0xc3,
	0x83, 0x27, 0xc4, 0xfe, 0x9b, 0x87, 0x07, 0x07, 0x81, 0x27, 0x82, 0x17,
	0x81, 0x93, 0x3e, 0x87, 0x93, 0x07, 0xd0, 0x0c, 0x1c, 0xc3, 0x83, 0x27,
	0xc4, 0xfe, 0x9b, 0x87, 0x47, 0x07, 0x81, 0x27, 0x82, 0x17, 0x81, 0x93,
	0x3e, 0x87, 0xb7, 0x07, 0x04, 0x00, 0x93, 0x87, 0x07, 0x38, 0x1c, 0xc3,
	0x83, 0x27, 0xc4, 0xfe, 0x9b, 0x87, 0x87, 0x07, 0x81, 0x27, 0x82, 0x17,
	0x81, 0x93, 0x3e, 0x87, 0xb7, 0x07, 0x02, 0x00, 0x93, 0x87, 0x47, 0x04,
	0x1c, 0xc3, 0x83, 0x27, 0xc4, 0xfe, 0x9b, 0x87, 0x07, 0x07, 0x81, 0x27,
	0x82, 0x17, 0x81, 0x93, 0x3e, 0x87, 0x93, 0x07, 0xe0, 0x0c, 0x1c, 0xc3,
	0x83, 0x27, 0xc4, 0xfe, 0x9b, 0x87, 0x47, 0x07, 0x81, 0x27, 0x82, 0x17,
	0x81, 0x93, 0x3e, 0x87, 0xb7, 0x07, 0x04, 0x00, 0x93, 0x87, 0x37, 0x30,
	0x1c, 0xc3, 0x83, 0x27, 0xc4, 0xfe, 0x9b, 0x87, 0x87, 0x07, 0x81, 0x27,
	0x82, 0x17, 0x81, 0x93, 0x3e, 0x87, 0x93, 0x07, 0x40, 0x04, 0x1c, 0xc3,
	0x83, 0x27, 0xc4, 0xfe, 0x9b, 0x87, 0x07, 0x07, 0x81, 0x27, 0x82, 0x17,
	0x81, 0x93, 0x3e, 0x87, 0x93, 0x07, 0x00, 0x12, 0x1c, 0xc3, 0x83, 0x27,
	0xc4, 0xfe, 0x9b, 0x87, 0x47, 0x07, 0x81, 0x27, 0x82, 0x17, 0x81, 0x93,
	0x3e, 0x87, 0xb7, 0x07, 0x00, 0x13, 0xc1, 0x07, 0x1c, 0xc3, 0x83, 0x27,
	0xc4, 0xfe, 0x9b, 0x87, 0x87, 0x07, 0x81, 0x27, 0x82, 0x17, 0x81, 0x93,
	0x3e, 0x87, 0x93, 0x07, 0x00, 0x02, 0x1c, 0xc3, 0x83, 0x27, 0xc4, 0xfe,
	0x9b, 0x87, 0x07, 0x07, 0x81, 0x27, 0x82, 0x17, 0x81, 0x93, 0x3e, 0x87,
	0x93, 0x07, 0x10, 0x12, 0x1c, 0xc3, 0x83, 0x27, 0xc4, 0xfe, 0x9b, 0x87,
	0x47, 0x07, 0x81, 0x27, 0x82, 0x17, 0x81, 0x93, 0x3e, 0x87, 0x89, 0x47,
	0x1c, 0xc3, 0x83, 0x27, 0xc4, 0xfe, 0x9b, 0x87, 0x87, 0x07, 0x81, 0x27,
	0x82, 0x17, 0x81, 0x93, 0x3e, 0x87, 0x89, 0x67, 0xa1, 0x07, 0x1c, 0xc3,
	0x83, 0x27, 0xc4, 0xfe, 0x9b, 0x87, 0x07, 0x07, 0x81, 0x27, 0x82, 0x17,
	0x81, 0x93, 0x3e, 0x87, 0x93, 0x07, 0x20, 0x12, 0x1c, 0xc3, 0x83, 0x27,
	0xc4, 0xfe, 0x9b, 0x87, 0x47, 0x07, 0x81, 0x27, 0x82, 0x17, 0x81, 0x93,
	0x3e, 0x87, 0x89, 0x47, 0x1c, 0xc3, 0x83, 0x27, 0xc4, 0xfe, 0x9b, 0x87,
	0x87, 0x07, 0x81, 0x27, 0x82, 0x17, 0x81, 0x93, 0x3e, 0x87, 0x89, 0x67,
	0xa1, 0x07, 0x1c, 0xc3, 0x83, 0x27, 0xc4, 0xfe, 0x9b, 0x87, 0x07, 0x07,
	0x81, 0x27, 0x82, 0x17, 0x81, 0x93, 0x3e, 0x87, 0x93, 0x07, 0x30, 0x12,
	0x1c, 0xc3, 0x83, 0x27, 0xc4, 0xfe, 0x9b, 0x87, 0x47, 0x07, 0x81, 0x27,
	0x82, 0x17, 0x81, 0x93, 0x3e, 0x87, 0xb7, 0x07, 0x00, 0x13, 0x85, 0x07,
	0x1c, 0xc3, 0x83, 0x27, 0xc4, 0xfe, 0x9b, 0x87, 0x87, 0x07, 0x81, 0x27,
	0x82, 0x17, 0x81, 0x93, 0x3e, 0x87, 0x85, 0x67, 0x93, 0x87, 0x07, 0x3d,
	0x1c, 0xc3, 0x83, 0x27, 0xc4, 0xfe, 0x9b, 0x87, 0x07, 0x07, 0x81, 0x27,
	0x82, 0x17, 0x81, 0x93, 0x3e, 0x87, 0x93, 0x07, 0x40, 0x12, 0x1c, 0xc3,
	0x83, 0x27, 0xc4, 0xfe, 0x9b, 0x87, 0x47, 0x07, 0x81, 0x27, 0x82, 0x17,
	0x81, 0x93, 0x3e, 0x87, 0xa1, 0x67, 0x1c, 0xc3, 0x83, 0x27, 0xc4, 0xfe,
	0x9b, 0x87, 0x87, 0x07, 0x81, 0x27, 0x82, 0x17, 0x81, 0x93, 0x3e, 0x87,
	0x8d, 0x67, 0x93, 0x87, 0xc7, 0x3f, 0x1c, 0xc3, 0x83, 0x27, 0xc4, 0xfe,
	0x9b, 0x87, 0x07, 0x07, 0x81, 0x27, 0x82, 0x17, 0x81, 0x93, 0x3e, 0x87,
	0x93, 0x07, 0x50, 0x12, 0x1c, 0xc3, 0x83, 0x27, 0xc4, 0xfe, 0x9b, 0x87,
	0x47, 0x07, 0x81, 0x27, 0x82, 0x17, 0x81, 0x93, 0x23, 0xa0, 0x07, 0x00,
	0x83, 0x27, 0xc4, 0xfe, 0x9b, 0x87, 0x87, 0x07, 0x81, 0x27, 0x82, 0x17,
	0x81, 0x93, 0x3e, 0x87, 0x8d, 0x67, 0x93, 0x87, 0xc7, 0x3f, 0x1c, 0xc3,
	0x83, 0x27, 0xc4, 0xfe, 0x9b, 0x87, 0x07, 0x07, 0x81, 0x27, 0x82, 0x17,
	0x81, 0x93, 0x3e, 0x87, 0x93, 0x07, 0x60, 0x12, 0x1c, 0xc3, 0x83, 0x27,
	0xc4, 0xfe, 0x9b, 0x87, 0x47, 0x07, 0x81, 0x27, 0x82, 0x17, 0x81, 0x93,
	0x3e, 0x87, 0xb7, 0x07, 0x04, 0x00, 0x93, 0x87, 0x37, 0x30, 0x1c, 0xc3,
	0x83, 0x27, 0xc4, 0xfe, 0x9b, 0x87, 0x87, 0x07, 0x81, 0x27, 0x82, 0x17,
	0x81, 0x93, 0x3e, 0x87, 0xc1, 0x67, 0x93, 0x87, 0x47, 0x04, 0x1c, 0xc3,
	0x83, 0x27, 0xc4, 0xfe, 0x9b, 0x87, 0x07, 0x07, 0x81, 0x27, 0x82, 0x17,
	0x81, 0x93, 0x3e, 0x87, 0x93, 0x07, 0x70, 0x12, 0x1c, 0xc3, 0x83, 0x27,
	0xc4, 0xfe, 0x9b, 0x87, 0x47, 0x07, 0x81, 0x27, 0x82, 0x17, 0x81, 0x93,
	0x3e, 0x87, 0xb7, 0x07, 0x00, 0x10, 0x93, 0x87, 0x07, 0x10, 0x1c, 0xc3,
	0x83, 0x27, 0xc4, 0xfe, 0x9b, 0x87, 0x87, 0x07, 0x81, 0x27, 0x82, 0x17,
	0x81, 0x93, 0x3e, 0x87, 0x85, 0x67, 0x93, 0x87, 0x07, 0x3d, 0x1c, 0xc3,
	0x83, 0x27, 0xc4, 0xfe, 0x9b, 0x87, 0x07, 0x07, 0x81, 0x27, 0x82, 0x17,
	0x81, 0x93, 0x3e, 0x87, 0x93, 0x07, 0x80, 0x12, 0x1c, 0xc3, 0x83, 0x27,
	0xc4, 0xfe, 0x9b, 0x87, 0x47, 0x07, 0x81, 0x27, 0x82, 0x17, 0x81, 0x93,
	0x3e, 0x87, 0xa1, 0x67, 0x1c, 0xc3, 0x83, 0x27, 0xc4, 0xfe, 0x9b, 0x87,
	0x87, 0x07, 0x81, 0x27, 0x82, 0x17, 0x81, 0x93, 0x3e, 0x87, 0x8d, 0x67,
	0x93, 0x87, 0xc7, 0x3f, 0x1c, 0xc3, 0x83, 0x27, 0xc4, 0xfe, 0x9b, 0x87,
	0x07, 0x07, 0x81, 0x27, 0x82, 0x17, 0x81, 0x93, 0x3e, 0x87, 0x93, 0x07,
	0x90, 0x12, 0x1c, 0xc3, 0x83, 0x27, 0xc4, 0xfe, 0x9b, 0x87, 0x47, 0x07,
	0x81, 0x27, 0x82, 0x17, 0x81, 0x93, 0x3e, 0x87, 0xa1, 0x67, 0x1c, 0xc3,
	0x83, 0x27, 0xc4, 0xfe, 0x9b, 0x87, 0x87, 0x07, 0x81, 0x27, 0x82, 0x17,
	0x81, 0x93, 0x3e, 0x87, 0x8d, 0x67, 0x93, 0x87, 0xc7, 0x3f, 0x1c, 0xc3,
	0x83, 0x27, 0xc4, 0xfe, 0x9b, 0x87, 0x07, 0x07, 0x81, 0x27, 0x82, 0x17,
	0x81, 0x93, 0x3e, 0x87, 0x93, 0x07, 0xa0, 0x12, 0x1c, 0xc3, 0x83, 0x27,
	0xc4, 0xfe, 0x9b, 0x87, 0x47, 0x07, 0x81, 0x27, 0x82, 0x17, 0x81, 0x93,
	0x3e, 0x87, 0xb7, 0x07, 0x02, 0x13, 0xb5, 0x07, 0x1c, 0xc3, 0x83, 0x27,
	0xc4, 0xfe, 0x9b, 0x87, 0x87, 0x07, 0x81, 0x27, 0x82, 0x17, 0x81, 0x93,
	0x3e, 0x87, 0x93, 0x07, 0x40, 0x02, 0x1c, 0xc3, 0x83, 0x27, 0xc4, 0xfe,
	0x9b, 0x87, 0x07, 0x07, 0x81, 0x27, 0x82, 0x17, 0x81, 0x93, 0x3e, 0x87,
	0x93, 0x07, 0xb0, 0x12, 0x1c, 0xc3, 0x83, 0x27, 0xc4, 0xfe, 0x9b, 0x87,
	0x47, 0x07, 0x81, 0x27, 0x82, 0x17, 0x81, 0x93, 0x3e, 0x87, 0x89, 0x47,
	0x1c, 0xc3, 0x83, 0x27, 0xc4, 0xfe, 0x9b, 0x87, 0x87, 0x07, 0x81, 0x27,
	0x82, 0x17, 0x81, 0x93, 0x3e, 0x87, 0x89, 0x67, 0xa1, 0x07, 0x1c, 0xc3,
	0x83, 0x27, 0xc4, 0xfe, 0x9b, 0x87, 0x07, 0x07, 0x81, 0x27, 0x82, 0x17,
	0x81, 0x93, 0x3e, 0x87, 0x93, 0x07, 0xc0, 0x12, 0x1c, 0xc3, 0x83, 0x27,
	0xc4, 0xfe, 0x9b, 0x87, 0x47, 0x07, 0x81, 0x27, 0x82, 0x17, 0x81, 0x93,
	0x23, 0xa0, 0x07, 0x00, 0x83, 0x27, 0xc4, 0xfe, 0x9b, 0x87, 0x87, 0x07,
	0x81, 0x27, 0x82, 0x17, 0x81, 0x93, 0x3e, 0x87, 0x89, 0x67, 0xa1, 0x07,
	0x1c, 0xc3, 0x83, 0x27, 0xc4, 0xfe, 0x9b, 0x87, 0x07, 0x07, 0x81, 0x27,
	0x82, 0x17, 0x81, 0x93, 0x3e, 0x87, 0x93, 0x07, 0xd0, 0x12, 0x1c, 0xc3,
	0x83, 0x27, 0xc4, 0xfe, 0x9b, 0x87, 0x47, 0x07, 0x81, 0x27, 0x82, 0x17,
	0x81, 0x93, 0x3e, 0x87, 0xb7, 0x07, 0x04, 0x00, 0x93, 0x87, 0x07, 0x38,
	0x1c, 0xc3, 0x83, 0x27, 0xc4, 0xfe, 0x9b, 0x87, 0x87, 0x07, 0x81, 0x27,
	0x82, 0x17, 0x81, 0x93, 0x3e, 0x87, 0xb7, 0x07, 0x02, 0x00, 0x93, 0x87,
	0x47, 0x04, 0x1c, 0xc3, 0x83, 0x27, 0xc4, 0xfe, 0x9b, 0x87, 0x07, 0x07,
	0x81, 0x27, 0x82, 0x17, 0x81, 0x93, 0x3e, 0x87, 0x93, 0x07, 0xe0, 0x12,
	0x1c, 0xc3, 0x83, 0x27, 0xc4, 0xfe, 0x9b, 0x87, 0x47, 0x07, 0x81, 0x27,
	0x82, 0x17, 0x81, 0x93, 0x3e, 0x87, 0xb7, 0x17, 0x04, 0x00, 0x93, 0x87,
	0x37, 0xb4, 0x1c, 0xc3, 0x83, 0x27, 0xc4, 0xfe, 0x9b, 0x87, 0x87, 0x07,
	0x81, 0x27, 0x82, 0x17, 0x81, 0x93, 0x3e, 0x87, 0x93, 0x07, 0x40, 0x04,
	0x1c, 0xc3, 0x83, 0x27, 0xc4, 0xfe, 0x9b, 0x87, 0x07, 0x07, 0x81, 0x27,
	0x82, 0x17, 0x81, 0x93, 0x3e, 0x87, 0x93, 0x07, 0x00, 0x18, 0x1c, 0xc3,
	0x83, 0x27, 0xc4, 0xfe, 0x9b, 0x87, 0x47, 0x07, 0x81, 0x27, 0x82, 0x17,
	0x81, 0x93, 0x3e, 0x87, 0xb7, 0x07, 0x00, 0x13, 0xc1, 0x07, 0x1c, 0xc3,
	0x83, 0x27, 0xc4, 0xfe, 0x9b, 0x87, 0x87, 0x07, 0x81, 0x27, 0x82, 0x17,
	0x81, 0x93, 0x3e, 0x87, 0x93, 0x07, 0x00, 0x02, 0x1c, 0xc3, 0x83, 0x27,
	0xc4, 0xfe, 0x9b, 0x87, 0x07, 0x07, 0x81, 0x27, 0x82, 0x17, 0x81, 0x93,
	0x3e, 0x87, 0x93, 0x07, 0x10, 0x18, 0x1c, 0xc3, 0x83, 0x27, 0xc4, 0xfe,
	0x9b, 0x87, 0x47, 0x07, 0x81, 0x27, 0x82, 0x17, 0x81, 0x93, 0x3e, 0x87,
	0x89, 0x47, 0x1c, 0xc3, 0x83, 0x27, 0xc4, 0xfe, 0x9b, 0x87, 0x87, 0x07,
	0x81, 0x27, 0x82, 0x17, 0x81, 0x93, 0x3e, 0x87, 0x89, 0x67, 0xa1, 0x07,
	0x1c, 0xc3, 0x83, 0x27, 0xc4, 0xfe, 0x9b, 0x87, 0x07, 0x07, 0x81, 0x27,
	0x82, 0x17, 0x81, 0x93, 0x3e, 0x87, 0x93, 0x07, 0x20, 0x18, 0x1c, 0xc3,
	0x83, 0x27, 0xc4, 0xfe, 0x9b, 0x87, 0x47, 0x07, 0x81, 0x27, 0x82, 0x17,
	0x81, 0x93, 0x3e, 0x87, 0x89, 0x47, 0x1c, 0xc3, 0x83, 0x27, 0xc4, 0xfe,
	0x9b, 0x87, 0x87, 0x07, 0x81, 0x27, 0x82, 0x17, 0x81, 0x93, 0x3e, 0x87,
	0x89, 0x67, 0xa1, 0x07, 0x1c, 0xc3, 0x83, 0x27, 0xc4, 0xfe, 0x9b, 0x87,
	0x07, 0x07, 0x81, 0x27, 0x82, 0x17, 0x81, 0x93, 0x3e, 0x87, 0x93, 0x07,
	0x30, 0x18, 0x1c, 0xc3, 0x83, 0x27, 0xc4, 0xfe, 0x9b, 0x87, 0x47, 0x07,
	0x81, 0x27, 0x82, 0x17, 0x81, 0x93, 0x3e, 0x87, 0xb7, 0x07, 0x00, 0x13,
	0x85, 0x07, 0x1c, 0xc3, 0x83, 0x27, 0xc4, 0xfe, 0x9b, 0x87, 0x87, 0x07,
	0x81, 0x27, 0x82, 0x17, 0x81, 0x93, 0x3e, 0x87, 0x85, 0x67, 0x93, 0x87,
	0x07, 0x3d, 0x1c, 0xc3, 0x83, 0x27, 0xc4, 0xfe, 0x9b, 0x87, 0x07, 0x07,
	0x81, 0x27, 0x82, 0x17, 0x81, 0x93, 0x3e, 0x87, 0x93, 0x07, 0x40, 0x18,
	0x1c, 0xc3, 0x83, 0x27, 0xc4, 0xfe, 0x9b, 0x87, 0x47, 0x07, 0x81, 0x27,
	0x82, 0x17, 0x81, 0x93, 0x3e, 0x87, 0xa1, 0x67, 0x1c, 0xc3, 0x83, 0x27,
	0xc4, 0xfe, 0x9b, 0x87, 0x87, 0x07, 0x81, 0x27, 0x82, 0x17, 0x81, 0x93,
	0x3e, 0x87, 0x8d, 0x67, 0x93, 0x87, 0xc7, 0x3f, 0x1c, 0xc3, 0x83, 0x27,
	0xc4, 0xfe, 0x9b, 0x87, 0x07, 0x07, 0x81, 0x27, 0x82, 0x17, 0x81, 0x93,
	0x3e, 0x87, 0x93, 0x07, 0x50, 0x18, 0x1c, 0xc3, 0x83, 0x27, 0xc4, 0xfe,
	0x9b, 0x87, 0x47, 0x07, 0x81, 0x27, 0x82, 0x17, 0x81, 0x93, 0x23, 0xa0,
	0x07, 0x00, 0x83, 0x27, 0xc4, 0xfe, 0x9b, 0x87, 0x87, 0x07, 0x81, 0x27,
	0x82, 0x17, 0x81, 0x93, 0x3e, 0x87, 0x8d, 0x67, 0x93, 0x87, 0xc7, 0x3f,
	0x1c, 0xc3, 0x83, 0x27, 0xc4, 0xfe, 0x9b, 0x87, 0x07, 0x07, 0x81, 0x27,
	0x82, 0x17, 0x81, 0x93, 0x3e, 0x87, 0x93, 0x07, 0x60, 0x18, 0x1c, 0xc3,
	0x83, 0x27, 0xc4, 0xfe, 0x9b, 0x87, 0x47, 0x07, 0x81, 0x27, 0x82, 0x17,
	0x81, 0x93, 0x3e, 0x87, 0xb7, 0x17, 0x04, 0x00, 0x93, 0x87, 0x37, 0xb4,
	0x1c, 0xc3, 0x83, 0x27, 0xc4, 0xfe, 0x9b, 0x87, 0x87, 0x07, 0x81, 0x27,
	0x82, 0x17, 0x81, 0x93, 0x3e, 0x87, 0xc1, 0x67, 0x93, 0x87, 0x47, 0x04,
	0x1c, 0xc3, 0x83, 0x27, 0xc4, 0xfe, 0x9b, 0x87, 0x07, 0x07, 0x81, 0x27,
	0x82, 0x17, 0x81, 0x93, 0x3e, 0x87, 0x93, 0x07, 0x70, 0x18, 0x1c, 0xc3,
	0x83, 0x27, 0xc4, 0xfe, 0x9b, 0x87, 0x47, 0x07, 0x81, 0x27, 0x82, 0x17,
	0x81, 0x93, 0x3e, 0x87, 0xb7, 0x07, 0x00, 0x10, 0x93, 0x87, 0x07, 0x10,
	0x1c, 0xc3, 0x83, 0x27, 0xc4, 0xfe, 0x9b, 0x87, 0x87, 0x07, 0x81, 0x27,
	0x82, 0x17, 0x81, 0x93, 0x3e, 0x87, 0x85, 0x67, 0x93, 0x87, 0x07, 0x3d,
	0x1c, 0xc3, 0x83, 0x27, 0xc4, 0xfe, 0x9b, 0x87, 0x07, 0x07, 0x81, 0x27,
	0x82, 0x17, 0x81, 0x93, 0x3e, 0x87, 0x93, 0x07, 0x80, 0x18, 0x1c, 0xc3,
	0x83, 0x27, 0xc4, 0xfe, 0x9b, 0x87, 0x47, 0x07, 0x81, 0x27, 0x82, 0x17,
	0x81, 0x93, 0x3e, 0x87, 0xa1, 0x67, 0x1c, 0xc3, 0x83, 0x27, 0xc4, 0xfe,
	0x9b, 0x87, 0x87, 0x07, 0x81, 0x27, 0x82, 0x17, 0x81, 0x93, 0x3e, 0x87,
	0x8d, 0x67, 0x93, 0x87, 0xc7, 0x3f, 0x1c, 0xc3, 0x83, 0x27, 0xc4, 0xfe,
	0x9b, 0x87, 0x07, 0x07, 0x81, 0x27, 0x82, 0x17, 0x81, 0x93, 0x3e, 0x87,
	0x93, 0x07, 0x90, 0x18, 0x1c, 0xc3, 0x83, 0x27, 0xc4, 0xfe, 0x9b, 0x87,
	0x47, 0x07, 0x81, 0x27, 0x82, 0x17, 0x81, 0x93, 0x3e, 0x87, 0xa1, 0x67,
	0x1c, 0xc3, 0x83, 0x27, 0xc4, 0xfe, 0x9b, 0x87, 0x87, 0x07, 0x81, 0x27,
	0x82, 0x17, 0x81, 0x93, 0x3e, 0x87, 0x8d, 0x67, 0x93, 0x87, 0xc7, 0x3f,
	0x1c, 0xc3, 0x83, 0x27, 0xc4, 0xfe, 0x9b, 0x87, 0x07, 0x07, 0x81, 0x27,
	0x82, 0x17, 0x81, 0x93, 0x3e, 0x87, 0x93, 0x07, 0xa0, 0x18, 0x1c, 0xc3,
	0x83, 0x27, 0xc4, 0xfe, 0x9b, 0x87, 0x47, 0x07, 0x81, 0x27, 0x82, 0x17,
	0x81, 0x93, 0x3e, 0x87, 0xb7, 0x07, 0x02, 0x13, 0xb5, 0x07, 0x1c, 0xc3,
	0x83, 0x27, 0xc4, 0xfe, 0x9b, 0x87, 0x87, 0x07, 0x81, 0x27, 0x82, 0x17,
	0x81, 0x93, 0x3e, 0x87, 0x93, 0x07, 0x40, 0x02, 0x1c, 0xc3, 0x83, 0x27,
	0xc4, 0xfe, 0x9b, 0x87, 0x07, 0x07, 0x81, 0x27, 0x82, 0x17, 0x81, 0x93,
	0x3e, 0x87, 0x93, 0x07, 0xb0, 0x18, 0x1c, 0xc3, 0x83, 0x27, 0xc4, 0xfe,
	0x9b, 0x87, 0x47, 0x07, 0x81, 0x27, 0x82, 0x17, 0x81, 0x93, 0x3e, 0x87,
	0x89, 0x47, 0x1c, 0xc3, 0x83, 0x27, 0xc4, 0xfe, 0x9b, 0x87, 0x87, 0x07,
	0x81, 0x27, 0x82, 0x17, 0x81, 0x93, 0x3e, 0x87, 0x89, 0x67, 0xa1, 0x07,
	0x1c, 0xc3, 0x83, 0x27, 0xc4, 0xfe, 0x9b, 0x87, 0x07, 0x07, 0x81, 0x27,
	0x82, 0x17, 0x81, 0x93, 0x3e, 0x87, 0x93, 0x07, 0xc0, 0x18, 0x1c, 0xc3,
	0x83, 0x27, 0xc4, 0xfe, 0x9b, 0x87, 0x47, 0x07, 0x81, 0x27, 0x82, 0x17,
	0x81, 0x93, 0x23, 0xa0, 0x07, 0x00, 0x83, 0x27, 0xc4, 0xfe, 0x9b, 0x87,
	0x87, 0x07, 0x81, 0x27, 0x82, 0x17, 0x81, 0x93, 0x3e, 0x87, 0x89, 0x67,
	0xa1, 0x07, 0x1c, 0xc3, 0x83, 0x27, 0xc4, 0xfe, 0x9b, 0x87, 0x07, 0x07,
	0x81, 0x27, 0x82, 0x17, 0x81, 0x93, 0x3e, 0x87, 0x93, 0x07, 0xd0, 0x18,
	0x1c, 0xc3, 0x83, 0x27, 0xc4, 0xfe, 0x9b, 0x87, 0x47, 0x07, 0x81, 0x27,
	0x82, 0x17, 0x81, 0x93, 0x3e, 0x87, 0xb7, 0x17, 0x04, 0x00, 0x93, 0x87,
	0x07, 0xb0, 0x1c, 0xc3, 0x83, 0x27, 0xc4, 0xfe, 0x9b, 0x87, 0x87, 0x07,
	0x81, 0x27, 0x82, 0x17, 0x81, 0x93, 0x3e, 0x87, 0xb7, 0x07, 0x02, 0x00,
	0x93, 0x87, 0x47, 0x04, 0x1c, 0xc3, 0x83, 0x27, 0xc4, 0xfe, 0x9b, 0x87,
	0x07, 0x07, 0x81, 0x27, 0x82, 0x17, 0x81, 0x93, 0x3e, 0x87, 0x93, 0x07,
	0xe0, 0x18, 0x1c, 0xc3, 0x01, 0x00, 0x62, 0x64, 0x05, 0x61, 0x82, 0x80,
	0x79, 0x71, 0x06, 0xf4, 0x22, 0xf0, 0x00, 0x18, 0xaa, 0x87, 0x23, 0x2e,
	0xf4, 0xfc, 0x83, 0x27, 0xc4, 0xfd, 0x3e, 0x85, 0xef, 0xc0, 0x2f, 0xe3,
	0xaa, 0x87, 0x23, 0x26, 0xf4, 0xfe, 0x83, 0x27, 0xc4, 0xfe, 0x3e, 0x85,
	0xef, 0xe0, 0x0f, 0xd9, 0x83, 0x27, 0xc4, 0xfe, 0x3e, 0x85, 0xef, 0xd0,
	0x9f, 0xd6, 0x01, 0x00, 0xa2, 0x70, 0x02, 0x74, 0x45, 0x61, 0x82, 0x80,
	0x79, 0x71, 0x22, 0xf4, 0x00, 0x18, 0xaa, 0x87, 0x23, 0x2e, 0xf4, 0xfc,
	0x89, 0x47, 0x23, 0x26, 0xf4, 0xfe, 0x93, 0x07, 0x00, 0x14, 0x23, 0x24,
	0xf4, 0xfe, 0x83, 0x27, 0xc4, 0xfd, 0x9b, 0x87, 0x47, 0x04, 0x81, 0x27,
	0x82, 0x17, 0x81, 0x93, 0x9c, 0x43, 0x23, 0x22, 0xf4, 0xfe, 0x83, 0x27,
	0xc4, 0xfd, 0x9b, 0x87, 0x47, 0x07, 0x81, 0x27, 0x82, 0x17, 0x81, 0x93,
	0x3e, 0x87, 0x83, 0x27, 0x44, 0xfe, 0x93, 0xe7, 0xa7, 0x00, 0x81, 0x27,
	0x1c, 0xc3, 0x83, 0x27, 0xc4, 0xfd, 0x9b, 0x87, 0x87, 0x07, 0x81, 0x27,
	0x82, 0x17, 0x81, 0x93, 0x3e, 0x87, 0x93, 0x07, 0x40, 0x04, 0x1c, 0xc3,
	0x83, 0x27, 0x84, 0xfe, 0x1b, 0x87, 0x17, 0x00, 0x23, 0x24, 0xe4, 0xfe,
	0x03, 0x27, 0xc4, 0xfd, 0x1b, 0x07, 0x07, 0x07, 0x01, 0x27, 0x02, 0x17,
	0x01, 0x93, 0x1c, 0xc3, 0x83, 0x27, 0xc4, 0xfd, 0x9b, 0x87, 0x47, 0x07,
	0x81, 0x27, 0x82, 0x17, 0x81, 0x93, 0x3e, 0x87, 0xb7, 0x07, 0x00, 0x13,
	0x93, 0x87, 0x07, 0x04, 0x1c, 0xc3, 0x83, 0x27, 0xc4, 0xfd, 0x9b, 0x87,
	0x87, 0x07, 0x81, 0x27, 0x82, 0x17, 0x81, 0x93, 0x3e, 0x87, 0x93, 0x07,
	0x00, 0x02, 0x1c, 0xc3, 0x83, 0x27, 0x84, 0xfe, 0x1b, 0x87, 0x17, 0x00,
	0x23, 0x24, 0xe4, 0xfe, 0x03, 0x27, 0xc4, 0xfd, 0x1b, 0x07, 0x07, 0x07,
	0x01, 0x27, 0x02, 0x17, 0x01, 0x93, 0x1c, 0xc3, 0x83, 0x27, 0xc4, 0xfd,
	0x9b, 0x87, 0x47, 0x07, 0x81, 0x27, 0x82, 0x17, 0x81, 0x93, 0x3e, 0x87,
	0x91, 0x47, 0x1c, 0xc3, 0x83, 0x27, 0xc4, 0xfd, 0x9b, 0x87, 0x87, 0x07,
	0x81, 0x27, 0x82, 0x17, 0x81, 0x93, 0x3e, 0x87, 0x89, 0x67, 0xa1, 0x07,
	0x1c, 0xc3, 0x83, 0x27, 0x84, 0xfe, 0x1b, 0x87, 0x17, 0x00, 0x23, 0x24,
	0xe4, 0xfe, 0x03, 0x27, 0xc4, 0xfd, 0x1b, 0x07, 0x07, 0x07, 0x01, 0x27,
	0x02, 0x17, 0x01, 0x93, 0x1c, 0xc3, 0x83, 0x27, 0xc4, 0xfd, 0x9b, 0x87,
	0x47, 0x07, 0x81, 0x27, 0x82, 0x17, 0x81, 0x93, 0x3e, 0x87, 0x91, 0x47,
	0x1c, 0xc3, 0x83, 0x27, 0xc4, 0xfd, 0x9b, 0x87, 0x87, 0x07, 0x81, 0x27,
	0x82, 0x17, 0x81, 0x93, 0x3e, 0x87, 0x89, 0x67, 0xa1, 0x07, 0x1c, 0xc3,
	0x83, 0x27, 0x84, 0xfe, 0x1b, 0x87, 0x17, 0x00, 0x23, 0x24, 0xe4, 0xfe,
	0x03, 0x27, 0xc4, 0xfd, 0x1b, 0x07, 0x07, 0x07, 0x01, 0x27, 0x02, 0x17,
	0x01, 0x93, 0x1c, 0xc3, 0x83, 0x27, 0xc4, 0xfe, 0x1b, 0x87, 0x07, 0x00,
	0x89, 0x47, 0x63, 0x1f, 0xf7, 0x00, 0x83, 0x27, 0xc4, 0xfd, 0x9b, 0x87,
	0x47, 0x07, 0x81, 0x27, 0x82, 0x17, 0x81, 0x93, 0x3e, 0x87, 0xb7, 0x07,
	0x01, 0x11, 0x95, 0x07, 0x1c, 0xc3, 0x29, 0xa8, 0x83, 0x27, 0xc4, 0xfd,
	0x9b, 0x87, 0x47, 0x07, 0x81, 0x27, 0x82, 0x17, 0x81, 0x93, 0x3e, 0x87,
	0xb7, 0x07, 0x01, 0x11, 0x91, 0x07, 0x1c, 0xc3, 0x83, 0x27, 0xc4, 0xfd,
	0x9b, 0x87, 0x87, 0x07, 0x81, 0x27, 0x82, 0x17, 0x81, 0x93, 0x3e, 0x87,
	0x93, 0x07, 0x40, 0x02, 0x1c, 0xc3, 0x83, 0x27, 0x84, 0xfe, 0x1b, 0x87,
	0x17, 0x00, 0x23, 0x24, 0xe4, 0xfe, 0x03, 0x27, 0xc4, 0xfd, 0x1b, 0x07,
	0x07, 0x07, 0x01, 0x27, 0x02, 0x17, 0x01, 0x93, 0x1c, 0xc3, 0x83, 0x27,
	0xc4, 0xfd, 0x9b, 0x87, 0x47, 0x07, 0x81, 0x27, 0x82, 0x17, 0x81, 0x93,
	0x3e, 0x87, 0xb7, 0x07, 0x00, 0x80, 0x1c, 0xc3, 0x83, 0x27, 0xc4, 0xfd,
	0x9b, 0x87, 0x87, 0x07, 0x81, 0x27, 0x82, 0x17, 0x81, 0x93, 0x3e, 0x87,
	0x89, 0x67, 0x93, 0x87, 0x07, 0x37, 0x1c, 0xc3, 0x83, 0x27, 0x84, 0xfe,
	0x1b, 0x87, 0x17, 0x00, 0x23, 0x24, 0xe4, 0xfe, 0x03, 0x27, 0xc4, 0xfd,
	0x1b, 0x07, 0x07, 0x07, 0x01, 0x27, 0x02, 0x17, 0x01, 0x93, 0x1c, 0xc3,
	0x83, 0x27, 0xc4, 0xfd, 0x9b, 0x87, 0x47, 0x07, 0x81, 0x27, 0x82, 0x17,
	0x81, 0x93, 0x3e, 0x87, 0xb7, 0x07, 0x00, 0x80, 0x1c, 0xc3, 0x83, 0x27,
	0xc4, 0xfd, 0x9b, 0x87, 0x87, 0x07, 0x81, 0x27, 0x82, 0x17, 0x81, 0x93,
	0x3e, 0x87, 0x89, 0x67, 0x93, 0x87, 0x07, 0x37, 0x1c, 0xc3, 0x83, 0x27,
	0x84, 0xfe, 0x1b, 0x87, 0x17, 0x00, 0x23, 0x24, 0xe4, 0xfe, 0x03, 0x27,
	0xc4, 0xfd, 0x1b, 0x07, 0x07, 0x07, 0x01, 0x27, 0x02, 0x17, 0x01, 0x93,
	0x1c, 0xc3, 0x83, 0x27, 0xc4, 0xfd, 0x9b, 0x87, 0x47, 0x07, 0x81, 0x27,
	0x82, 0x17, 0x81, 0x93, 0x3e, 0x87, 0xb7, 0xa7, 0x04, 0x00, 0x8d, 0x07,
	0x1c, 0xc3, 0x83, 0x27, 0xc4, 0xfd, 0x9b, 0x87, 0x87, 0x07, 0x81, 0x27,
	0x82, 0x17, 0x81, 0x93, 0x3e, 0x87, 0x93, 0x07, 0x80, 0x37, 0x1c, 0xc3,
	0x83, 0x27, 0x84, 0xfe, 0x1b, 0x87, 0x17, 0x00, 0x23, 0x24, 0xe4, 0xfe,
	0x03, 0x27, 0xc4, 0xfd, 0x1b, 0x07, 0x07, 0x07, 0x01, 0x27, 0x02, 0x17,
	0x01, 0x93, 0x1c, 0xc3, 0x83, 0x27, 0xc4, 0xfe, 0x1b, 0x87, 0x07, 0x00,
	0x89, 0x47, 0x63, 0x1f, 0xf7, 0x00, 0x83, 0x27, 0xc4, 0xfd, 0x9b, 0x87,
	0x47, 0x07, 0x81, 0x27, 0x82, 0x17, 0x81, 0x93, 0x3e, 0x87, 0xb7, 0x07,
	0x05, 0x11, 0x95, 0x07, 0x1c, 0xc3, 0x29, 0xa8, 0x83, 0x27, 0xc4, 0xfd,
	0x9b, 0x87, 0x47, 0x07, 0x81, 0x27, 0x82, 0x17, 0x81, 0x93, 0x3e, 0x87,
	0xb7, 0x07, 0x05, 0x11, 0x91, 0x07, 0x1c, 0xc3, 0x83, 0x27, 0xc4, 0xfd,
	0x9b, 0x87, 0x87, 0x07, 0x81, 0x27, 0x82, 0x17, 0x81, 0x93, 0x3e, 0x87,
	0x93, 0x07, 0x40, 0x02, 0x1c, 0xc3, 0x83, 0x27, 0x84, 0xfe, 0x1b, 0x87,
	0x17, 0x00, 0x23, 0x24, 0xe4, 0xfe, 0x03, 0x27, 0xc4, 0xfd, 0x1b, 0x07,
	0x07, 0x07, 0x01, 0x27, 0x02, 0x17, 0x01, 0x93, 0x1c, 0xc3, 0x83, 0x27,
	0xc4, 0xfd, 0x9b, 0x87, 0x47, 0x07, 0x81, 0x27, 0x82, 0x17, 0x81, 0x93,
	0x3e, 0x87, 0xb7, 0x07, 0x00, 0x80, 0x1c, 0xc3, 0x83, 0x27, 0xc4, 0xfd,
	0x9b, 0x87, 0x87, 0x07, 0x81, 0x27, 0x82, 0x17, 0x81, 0x93, 0x3e, 0x87,
	0x89, 0x67, 0x93, 0x87, 0x07, 0x37, 0x1c, 0xc3, 0x83, 0x27, 0x84, 0xfe,
	0x1b, 0x87, 0x17, 0x00, 0x23, 0x24, 0xe4, 0xfe, 0x03, 0x27, 0xc4, 0xfd,
	0x1b, 0x07, 0x07, 0x07, 0x01, 0x27, 0x02, 0x17, 0x01, 0x93, 0x1c, 0xc3,
	0x83, 0x27, 0xc4, 0xfd, 0x9b, 0x87, 0x47, 0x07, 0x81, 0x27, 0x82, 0x17,
	0x81, 0x93, 0x3e, 0x87, 0xb7, 0x07, 0x00, 0x80, 0x1c, 0xc3, 0x83, 0x27,
	0xc4, 0xfd, 0x9b, 0x87, 0x87, 0x07, 0x81, 0x27, 0x82, 0x17, 0x81, 0x93,
	0x3e, 0x87, 0x89, 0x67, 0x93, 0x87, 0x07, 0x37, 0x1c, 0xc3, 0x83, 0x27,
	0x84, 0xfe, 0x1b, 0x87, 0x17, 0x00, 0x23, 0x24, 0xe4, 0xfe, 0x03, 0x27,
	0xc4, 0xfd, 0x1b, 0x07, 0x07, 0x07, 0x01, 0x27, 0x02, 0x17, 0x01, 0x93,
	0x1c, 0xc3, 0x83, 0x27, 0xc4, 0xfd, 0x9b, 0x87, 0x47, 0x07, 0x81, 0x27,
	0x82, 0x17, 0x81, 0x93, 0x3e, 0x87, 0xb7, 0x87, 0x04, 0x00, 0x8d, 0x07,
	0x1c, 0xc3, 0x83, 0x27, 0xc4, 0xfd, 0x9b, 0x87, 0x87, 0x07, 0x81, 0x27,
	0x82, 0x17, 0x81, 0x93, 0x3e, 0x87, 0x93, 0x07, 0x80, 0x37, 0x1c, 0xc3,
	0x83, 0x27, 0x84, 0xfe, 0x1b, 0x87, 0x17, 0x00, 0x23, 0x24, 0xe4, 0xfe,
	0x03, 0x27, 0xc4, 0xfd, 0x1b, 0x07, 0x07, 0x07, 0x01, 0x27, 0x02, 0x17,
	0x01, 0x93, 0x1c, 0xc3, 0x83, 0x27, 0xc4, 0xfe, 0x1b, 0x87, 0x07, 0x00,
	0x89, 0x47, 0x63, 0x1f, 0xf7, 0x00, 0x83, 0x27, 0xc4, 0xfd, 0x9b, 0x87,
	0x47, 0x07, 0x81, 0x27, 0x82, 0x17, 0x81, 0x93, 0x3e, 0x87, 0xb7, 0x07,
	0x01, 0x12, 0x95, 0x07, 0x1c, 0xc3, 0x29, 0xa8, 0x83, 0x27, 0xc4, 0xfd,
	0x9b, 0x87, 0x47, 0x07, 0x81, 0x27, 0x82, 0x17, 0x81, 0x93, 0x3e, 0x87,
	0xb7, 0x07, 0x01, 0x12, 0x91, 0x07, 0x1c, 0xc3, 0x83, 0x27, 0xc4, 0xfd,
	0x9b, 0x87, 0x87, 0x07, 0x81, 0x27, 0x82, 0x17, 0x81, 0x93, 0x3e, 0x87,
	0x93, 0x07, 0x40, 0x02, 0x1c, 0xc3, 0x83, 0x27, 0x84, 0xfe, 0x1b, 0x87,
	0x17, 0x00, 0x23, 0x24, 0xe4, 0xfe, 0x03, 0x27, 0xc4, 0xfd, 0x1b, 0x07,
	0x07, 0x07, 0x01, 0x27, 0x02, 0x17, 0x01, 0x93, 0x1c, 0xc3, 0x83, 0x27,
	0xc4, 0xfd, 0x9b, 0x87, 0x47, 0x07, 0x81, 0x27, 0x82, 0x17, 0x81, 0x93,
	0x3e, 0x87, 0xb7, 0x07, 0x00, 0x80, 0x1c, 0xc3, 0x83, 0x27, 0xc4, 0xfd,
	0x9b, 0x87, 0x87, 0x07, 0x81, 0x27, 0x82, 0x17, 0x81, 0x93, 0x3e, 0x87,
	0x89, 0x67, 0x93, 0x87, 0x07, 0x37, 0x1c, 0xc3, 0x83, 0x27, 0x84, 0xfe,
	0x1b, 0x87, 0x17, 0x00, 0x23, 0x24, 0xe4, 0xfe, 0x03, 0x27, 0xc4, 0xfd,
	0x1b, 0x07, 0x07, 0x07, 0x01, 0x27, 0x02, 0x17, 0x01, 0x93, 0x1c, 0xc3,
	0x83, 0x27, 0xc4, 0xfd, 0x9b, 0x87, 0x47, 0x07, 0x81, 0x27, 0x82, 0x17,
	0x81, 0x93, 0x3e, 0x87, 0xb7, 0x07, 0x00, 0x80, 0x1c, 0xc3, 0x83, 0x27,
	0xc4, 0xfd, 0x9b, 0x87, 0x87, 0x07, 0x81, 0x27, 0x82, 0x17, 0x81, 0x93,
	0x3e, 0x87, 0x89, 0x67, 0x93, 0x87, 0x07, 0x37, 0x1c, 0xc3, 0x83, 0x27,
	0x84, 0xfe, 0x1b, 0x87, 0x17, 0x00, 0x23, 0x24, 0xe4, 0xfe, 0x03, 0x27,
	0xc4, 0xfd, 0x1b, 0x07, 0x07, 0x07, 0x01, 0x27, 0x02, 0x17, 0x01, 0x93,
	0x1c, 0xc3, 0x83, 0x27, 0xc4, 0xfd, 0x9b, 0x87, 0x47, 0x07, 0x81, 0x27,
	0x82, 0x17, 0x81, 0x93, 0x3e, 0x87, 0xb7, 0x87, 0x04, 0x00, 0x8d, 0x07,
	0x1c, 0xc3, 0x83, 0x27, 0xc4, 0xfd, 0x9b, 0x87, 0x87, 0x07, 0x81, 0x27,
	0x82, 0x17, 0x81, 0x93, 0x3e, 0x87, 0x93, 0x07, 0x80, 0x37, 0x1c, 0xc3,
	0x83, 0x27, 0x84, 0xfe, 0x1b, 0x87, 0x17, 0x00, 0x23, 0x24, 0xe4, 0xfe,
	0x03, 0x27, 0xc4, 0xfd, 0x1b, 0x07, 0x07, 0x07, 0x01, 0x27, 0x02, 0x17,
	0x01, 0x93, 0x1c, 0xc3, 0x83, 0x27, 0xc4, 0xfe, 0x1b, 0x87, 0x07, 0x00,
	0x89, 0x47, 0x63, 0x1f, 0xf7, 0x00, 0x83, 0x27, 0xc4, 0xfd, 0x9b, 0x87,
	0x47, 0x07, 0x81, 0x27, 0x82, 0x17, 0x81, 0x93, 0x3e, 0x87, 0xb7, 0x07,
	0x05, 0x12, 0x95, 0x07, 0x1c, 0xc3, 0x29, 0xa8, 0x83, 0x27, 0xc4, 0xfd,
	0x9b, 0x87, 0x47, 0x07, 0x81, 0x27, 0x82, 0x17, 0x81, 0x93, 0x3e, 0x87,
	0xb7, 0x07, 0x05, 0x12, 0x91, 0x07, 0x1c, 0xc3, 0x83, 0x27, 0xc4, 0xfd,
	0x9b, 0x87, 0x87, 0x07, 0x81, 0x27, 0x82, 0x17, 0x81, 0x93, 0x3e, 0x87,
	0x93, 0x07, 0x40, 0x02, 0x1c, 0xc3, 0x83, 0x27, 0x84, 0xfe, 0x1b, 0x87,
	0x17, 0x00, 0x23, 0x24, 0xe4, 0xfe, 0x03, 0x27, 0xc4, 0xfd, 0x1b, 0x07,
	0x07, 0x07, 0x01, 0x27, 0x02, 0x17, 0x01, 0x93, 0x1c, 0xc3, 0x83, 0x27,
	0xc4, 0xfd, 0x9b, 0x87, 0x47, 0x07, 0x81, 0x27, 0x82, 0x17, 0x81, 0x93,
	0x3e, 0x87, 0xb7, 0x07, 0x00, 0x80, 0x1c, 0xc3, 0x83, 0x27, 0xc4, 0xfd,
	0x9b, 0x87, 0x87, 0x07, 0x81, 0x27, 0x82, 0x17, 0x81, 0x93, 0x3e, 0x87,
	0x89, 0x67, 0x93, 0x87, 0x07, 0x37, 0x1c, 0xc3, 0x83, 0x27, 0x84, 0xfe,
	0x1b, 0x87, 0x17, 0x00, 0x23, 0x24, 0xe4, 0xfe, 0x03, 0x27, 0xc4, 0xfd,
	0x1b, 0x07, 0x07, 0x07, 0x01, 0x27, 0x02, 0x17, 0x01, 0x93, 0x1c, 0xc3,
	0x83, 0x27, 0xc4, 0xfd, 0x9b, 0x87, 0x47, 0x07, 0x81, 0x27, 0x82, 0x17,
	0x81, 0x93, 0x3e, 0x87, 0xb7, 0x07, 0x00, 0x80, 0x1c, 0xc3, 0x83, 0x27,
	0xc4, 0xfd, 0x9b, 0x87, 0x87, 0x07, 0x81, 0x27, 0x82, 0x17, 0x81, 0x93,
	0x3e, 0x87, 0x89, 0x67, 0x93, 0x87, 0x07, 0x37, 0x1c, 0xc3, 0x83, 0x27,
	0x84, 0xfe, 0x1b, 0x87, 0x17, 0x00, 0x23, 0x24, 0xe4, 0xfe, 0x03, 0x27,
	0xc4, 0xfd, 0x1b, 0x07, 0x07, 0x07, 0x01, 0x27, 0x02, 0x17, 0x01, 0x93,
	0x1c, 0xc3, 0x83, 0x27, 0xc4, 0xfd, 0x9b, 0x87, 0x47, 0x07, 0x81, 0x27,
	0x82, 0x17, 0x81, 0x93, 0x3e, 0x87, 0xb7, 0xc7, 0x04, 0x00, 0x8d, 0x07,
	0x1c, 0xc3, 0x83, 0x27, 0xc4, 0xfd, 0x9b, 0x87, 0x87, 0x07, 0x81, 0x27,
	0x82, 0x17, 0x81, 0x93, 0x3e, 0x87, 0x93, 0x07, 0x80, 0x37, 0x1c, 0xc3,
	0x83, 0x27, 0x84, 0xfe, 0x1b, 0x87, 0x17, 0x00, 0x23, 0x24, 0xe4, 0xfe,
	0x03, 0x27, 0xc4, 0xfd, 0x1b, 0x07, 0x07, 0x07, 0x01, 0x27, 0x02, 0x17,
	0x01, 0x93, 0x1c, 0xc3, 0x83, 0x27, 0xc4, 0xfd, 0x9b, 0x87, 0x47, 0x07,
	0x81, 0x27, 0x82, 0x17, 0x81, 0x93, 0x3e, 0x87, 0x83, 0x27, 0x44, 0xfe,
	0x1c, 0xc3, 0x83, 0x27, 0xc4, 0xfd, 0x9b, 0x87, 0x87, 0x07, 0x81, 0x27,
	0x82, 0x17, 0x81, 0x93, 0x3e, 0x87, 0xb7, 0x07, 0x02, 0x00, 0x93, 0x87,
	0x47, 0x04, 0x1c, 0xc3, 0x83, 0x27, 0x84, 0xfe, 0x1b, 0x87, 0x17, 0x00,
	0x23, 0x24, 0xe4, 0xfe, 0x03, 0x27, 0xc4, 0xfd, 0x1b, 0x07, 0x07, 0x07,
	0x01, 0x27, 0x02, 0x17, 0x01, 0x93, 0x1c, 0xc3, 0x83, 0x27, 0xc4, 0xfd,
	0x9b, 0x87, 0xc7, 0x14, 0x81, 0x27, 0x82, 0x17, 0x81, 0x93, 0x3e, 0x87,
	0xb7, 0x57, 0x07, 0x00, 0x93, 0x87, 0x07, 0x30, 0x1c, 0xc3, 0x01, 0x00,
	0x22, 0x74, 0x45, 0x61, 0x82, 0x80, 0x79, 0x71, 0x06, 0xf4, 0x22, 0xf0,
	0x00, 0x18, 0xaa, 0x87, 0x23, 0x2e, 0xf4, 0xfc, 0x83, 0x27, 0xc4, 0xfd,
	0x3e, 0x85, 0xef, 0xb0, 0x5f, 0xef, 0xaa, 0x87, 0x23, 0x26, 0xf4, 0xfe,
	0x83, 0x27, 0xc4, 0xfe, 0x3e, 0x85, 0xef, 0xf0, 0xbf, 0x8d, 0x01, 0x00,
	0xa2, 0x70, 0x02, 0x74, 0x45, 0x61, 0x82, 0x80, 0x00, 0x00, 0x00, 0x00,
	0x49, 0x6e, 0x69, 0x74, 0x20, 0x74, 0x69, 0x6d, 0x69, 0x6e, 0x67, 0x20,
	0x65, 0x6e, 0x64, 0x2e, 0x2e, 0x2e, 0x2e, 0x2e, 0x2e, 0x0a, 0x00, 0x00,
	0x43, 0x6f, 0x6e, 0x66, 0x69, 0x67, 0x20, 0x44, 0x44, 0x52, 0x20, 0x4d,
	0x43, 0x20, 0x2e, 0x2e, 0x2e, 0x2e, 0x2e, 0x0a, 0x00, 0x00, 0x00, 0x00,
	0x43, 0x6f, 0x6e, 0x66, 0x69, 0x67, 0x20, 0x44, 0x44, 0x52, 0x20, 0x50,
	0x48, 0x59, 0x20, 0x2e, 0x2e, 0x2e, 0x2e, 0x2e, 0x0a, 0x00, 0x00, 0x00,
	0x44, 0x44, 0x52, 0x20, 0x50, 0x48, 0x59, 0x20, 0x69, 0x6e, 0x69, 0x74,
	0x20, 0x72, 0x65, 0x71, 0x20, 0x2e, 0x2e, 0x2e, 0x2e, 0x2e, 0x0a, 0x00,
	0x49, 0x6e, 0x69, 0x74, 0x20, 0x44, 0x52, 0x41, 0x4d, 0x20, 0x2e, 0x2e,
	0x2e, 0x2e, 0x2e, 0x0a, 0x00, 0x00, 0x00, 0x00, 0x00, 0x00, 0x00, 0x00,
	0x49, 0x6e, 0x69, 0x74, 0x20, 0x44, 0x52, 0x41, 0x4d, 0x20, 0x4d, 0x52,
	0x20, 0x52, 0x65, 0x67, 0x2e, 0x2e, 0x2e, 0x2e, 0x2e, 0x0a, 0x00, 0x00,
	0x5a, 0x51, 0x20, 0x63, 0x61, 0x6c, 0x69, 0x62, 0x72, 0x61, 0x74, 0x69,
	0x6f, 0x6e, 0x20, 0x2e, 0x2e, 0x2e, 0x2e, 0x2e, 0x0a, 0x00, 0x00, 0x00,
	0x72, 0x65, 0x67, 0x33, 0x32, 0x28, 0x41, 0x50, 0x4d, 0x55, 0x5f, 0x43,
	0x4b, 0x50, 0x48, 0x59, 0x5f, 0x46, 0x43, 0x5f, 0x43, 0x54, 0x52, 0x4c,
	0x29, 0x3d, 0x30, 0x78, 0x25, 0x78, 0x0a, 0x00, 0x72, 0x65, 0x67, 0x33,
	0x32, 0x28, 0x41, 0x50, 0x4d, 0x55, 0x5f, 0x4d, 0x43, 0x5f, 0x48, 0x57,
	0x5f, 0x53, 0x4c, 0x50, 0x5f, 0x54, 0x59, 0x50, 0x45, 0x29, 0x3d, 0x30,
	0x78, 0x25, 0x78, 0x0a, 0x00, 0x00, 0x00, 0x00, 0x00, 0x00, 0x00, 0x00,
	0x69, 0x6e, 0x69, 0x74, 0x20, 0x64, 0x64, 0x72, 0x20, 0x74, 0x6f, 0x70,
	0x0d, 0x0a, 0x00, 0x00, 0x69, 0x6e, 0x69, 0x74, 0x20, 0x64, 0x64, 0x72,
	0x25, 0x64, 0x20, 0x74, 0x6f, 0x70, 0x20, 0x64, 0x6f, 0x6e, 0x65, 0x0a,
	0x00, 0x00, 0x00, 0x00, 0x63, 0x68, 0x61, 0x6e, 0x67, 0x65, 0x20, 0x74,
	0x6f, 0x20, 0x31, 0x32, 0x30, 0x30, 0x20, 0x0a, 0x0d, 0x00, 0x00, 0x00,
	0x00, 0x00, 0x00, 0x00, 0x63, 0x68, 0x61, 0x6e, 0x67, 0x65, 0x20, 0x74,
	0x6f, 0x20, 0x31, 0x36, 0x30, 0x30, 0x20, 0x0a, 0x0d, 0x00, 0x00, 0x00,
	0x00, 0x00, 0x00, 0x00, 0x63, 0x68, 0x61, 0x6e, 0x67, 0x65, 0x20, 0x74,
	0x6f, 0x20, 0x32, 0x34, 0x30, 0x30, 0x20, 0x0a, 0x0d, 0x00, 0x00, 0x00,
	0x00, 0x00, 0x00, 0x00, 0x63, 0x68, 0x61, 0x6e, 0x67, 0x65, 0x20, 0x74,
	0x6f, 0x20, 0x33, 0x32, 0x30, 0x30, 0x20, 0x0a, 0x0d, 0x00, 0x00, 0x00,
	0x00, 0x00, 0x00, 0x00, 0x63, 0x68, 0x61, 0x6e, 0x67, 0x65, 0x20, 0x74,
	0x6f, 0x20, 0x65, 0x78, 0x74, 0x20, 0x63, 0x6c, 0x6f, 0x63, 0x6b, 0x0a,
	0x0d, 0x00, 0x00, 0x00, 0x6e, 0x6f, 0x20, 0x74, 0x68, 0x69, 0x73, 0x20,
	0x63, 0x61, 0x73, 0x65, 0x0a, 0x0d, 0x00, 0x00, 0x66, 0x72, 0x65, 0x71,
	0x75, 0x65, 0x6e, 0x63, 0x79, 0x20, 0x63, 0x68, 0x61, 0x6e, 0x67, 0x65,
	0x20, 0x64, 0x6f, 0x6e, 0x65, 0x21, 0x21, 0x21, 0x21, 0x20, 0x0a, 0x0d,
	0x00, 0x00, 0x00, 0x00, 0x41, 0x44, 0x44, 0x52, 0x5b, 0x30, 0x78, 0x25,
	0x78, 0x5d, 0x3d, 0x30, 0x78, 0x25, 0x78, 0x20, 0x21, 0x21, 0x21, 0x21,
	0x20, 0x0a, 0x0d, 0x00, 0xb2, 0xbd, 0xff, 0xff, 0xe6, 0xbd, 0xff, 0xff,
	0x1a, 0xbe, 0xff, 0xff, 0x4e, 0xbe, 0xff, 0xff, 0x82, 0xbe, 0xff, 0xff,
	0x00, 0x00, 0x00, 0x00, 0x25, 0x64, 0x20, 0x74, 0x69, 0x6d, 0x65, 0x73,
	0x20, 0x72, 0x65, 0x61, 0x64, 0x20, 0x64, 0x65, 0x76, 0x69, 0x63, 0x65,
	0x20, 0x74, 0x79, 0x70, 0x65, 0x20, 0x3d, 0x20, 0x30, 0x78, 0x25, 0x78,
	0x0a, 0x00, 0x00, 0x00, 0x00, 0x00, 0x00, 0x00, 0x6d, 0x61, 0x70, 0x20,
	0x64, 0x64, 0x72, 0x20, 0x34, 0x47, 0x42, 0x0a, 0x00, 0x00, 0x00, 0x00,
	0x6d, 0x61, 0x70, 0x20, 0x64, 0x64, 0x72, 0x20, 0x33, 0x47, 0x42, 0x20,
	0x63, 0x73, 0x20, 0x30, 0x0a, 0x00, 0x00, 0x00, 0x00, 0x00, 0x00, 0x00,
	0x6d, 0x61, 0x70, 0x20, 0x64, 0x64, 0x72, 0x20, 0x33, 0x47, 0x42, 0x20,
	0x63, 0x73, 0x20, 0x32, 0x0a, 0x00, 0x00, 0x00, 0x00, 0x00, 0x00, 0x00,
	0x63, 0x73, 0x3a, 0x30, 0x20, 0x6d, 0x61, 0x70, 0x20, 0x32, 0x47, 0x42,
	0x0a, 0x00, 0x00, 0x00, 0x6d, 0x61, 0x70, 0x20, 0x31, 0x47, 0x42, 0x0a,
	0x00, 0x00, 0x00, 0x00, 0x00, 0x00, 0x00, 0x00, 0x66, 0x70, 0x20, 0x65,
	0x72, 0x72, 0x6f, 0x72, 0x20, 0x25, 0x64, 0x0a, 0x00, 0x00, 0x00, 0x00,
	0x69, 0x64, 0x78, 0x20, 0x74, 0x6f, 0x20, 0x30, 0x78, 0x25, 0x78, 0x0a,
	0x00, 0x00, 0x00, 0x00, 0x52, 0x45, 0x47, 0x33, 0x32, 0x28, 0x64, 0x64,
	0x72, 0x63, 0x5f, 0x62, 0x61, 0x73, 0x65, 0x20, 0x2b, 0x20, 0x30, 0x78,
	0x30, 0x30, 0x37, 0x34, 0x29, 0x20, 0x3d, 0x20, 0x30, 0x78, 0x25, 0x78,
	0x0a, 0x00, 0x00, 0x00, 0x00, 0x00, 0x00, 0x00, 0x52, 0x45, 0x47, 0x33,
	0x32, 0x28, 0x64, 0x64, 0x72, 0x63, 0x5f, 0x62, 0x61, 0x73, 0x65, 0x20,
	0x2b, 0x20, 0x30, 0x78, 0x30, 0x30, 0x37, 0x38, 0x29, 0x20, 0x3d, 0x20,
	0x30, 0x78, 0x25, 0x78, 0x0a, 0x00, 0x00, 0x00, 0x00, 0x00, 0x00, 0x00,
	0x52, 0x45, 0x47, 0x33, 0x32, 0x28, 0x64, 0x64, 0x72, 0x63, 0x5f, 0x62,
	0x61, 0x73, 0x65, 0x20, 0x2b, 0x20, 0x30, 0x78, 0x30, 0x30, 0x37, 0x30,
	0x29, 0x20, 0x3d, 0x20, 0x30, 0x78, 0x25, 0x78, 0x0a, 0x00, 0x00, 0x00,
	0x00, 0x00, 0x00, 0x00, 0x2f, 0x2f, 0x4d, 0x43, 0x5f, 0x49, 0x4e, 0x49,
	0x54, 0x5f, 0x54, 0x41, 0x42, 0x4c, 0x45, 0x3a, 0x20, 0x74, 0x61, 0x62,
	0x6c, 0x65, 0x20, 0x64, 0x6f, 0x6e, 0x65, 0x21, 0x0a, 0x00, 0x00, 0x00,
	0x48, 0x00, 0x00, 0x00, 0x50, 0x00, 0x00, 0x00, 0x54, 0x00, 0x00, 0x00,
	0x58, 0x00, 0x00, 0x00, 0x60, 0x00, 0x00, 0x00, 0x64, 0x00, 0x00, 0x00,
	0x68, 0x00, 0x00, 0x00, 0x48, 0x01, 0x00, 0x00, 0x4c, 0x01, 0x00, 0x00,
	0x80, 0x01, 0x00, 0x00, 0x00, 0x02, 0x00, 0x00, 0x04, 0x02, 0x00, 0x00,
	0x08, 0x02, 0x00, 0x00, 0x0c, 0x02, 0x00, 0x00, 0x20, 0x02, 0x00, 0x00,
	0x24, 0x02, 0x00, 0x00, 0xc4, 0x02, 0x00, 0x00, 0xc0, 0x02, 0x00, 0x00,
	0xc8, 0x02, 0x00, 0x00, 0xcc, 0x02, 0x00, 0x00, 0x08, 0x03, 0x00, 0x00,
	0x80, 0x03, 0x00, 0x00, 0x84, 0x03, 0x00, 0x00, 0x88, 0x03, 0x00, 0x00,
	0x80, 0x00, 0x00, 0x00, 0x00, 0x0a, 0x00, 0x00, 0xc0, 0x0a, 0x00, 0x00,
	0xcc, 0x0a, 0x00, 0x00, 0x00, 0x00, 0x00, 0x00, 0x00, 0x00, 0x00, 0x00,
	0xd0, 0x4a, 0x00, 0x00, 0x00, 0x00, 0x00, 0x00, 0xff, 0xff, 0xff, 0xff,
	0xff, 0xff, 0xff, 0xff, 0x00, 0x00, 0x00, 0x00, 0x00, 0x00, 0x00, 0x00
};

#endif /* LPDDR4_INIT_ZEBU_IMG_H */
